hour,ts,block,price_quote,amount_stock,price_usd
1782086400,,,,,
1782090000,,,,,
1782093600,,,,,
1782097200,,,,,
1782100800,,,,,
1782104400,,,,,
1782108000,,,,,
1782111600,,,,,
1782115200,,,,,
1782118800,,,,,
1782122400,,,,,
1782126000,,,,,
1782129600,,,,,
1782133200,,,,,
1782136800,,,,,
1782140400,,,,,
1782144000,,,,,
1782147600,,,,,
1782151200,,,,,
1782154800,,,,,
1782158400,,,,,
1782162000,,,,,
1782165600,,,,,
1782169200,,,,,
1782172800,,,,,
1782176400,,,,,
1782180000,,,,,
1782183600,,,,,
1782187200,,,,,
1782190800,,,,,
1782194400,,,,,
1782198000,,,,,
1782201600,,,,,
1782205200,,,,,
1782208800,,,,,
1782212400,,,,,
1782216000,,,,,
1782219600,,,,,
1782223200,,,,,
1782226800,,,,,
1782230400,,,,,
1782234000,,,,,
1782237600,,,,,
1782241200,,,,,
1782244800,,,,,
1782248400,,,,,
1782252000,,,,,
1782255600,,,,,
1782259200,,,,,
1782262800,,,,,
1782266400,,,,,
1782270000,,,,,
1782273600,,,,,
1782277200,,,,,
1782280800,,,,,
1782284400,,,,,
1782288000,,,,,
1782291600,,,,,
1782295200,,,,,
1782298800,,,,,
1782302400,,,,,
1782306000,,,,,
1782309600,,,,,
1782313200,,,,,
1782316800,,,,,
1782320400,,,,,
1782324000,,,,,
1782327600,,,,,
1782331200,,,,,
1782334800,,,,,
1782338400,,,,,
1782342000,,,,,
1782345600,,,,,
1782349200,,,,,
1782352800,,,,,
1782356400,,,,,
1782360000,,,,,
1782363600,,,,,
1782367200,,,,,
1782370800,,,,,
1782374400,,,,,
1782378000,,,,,
1782381600,,,,,
1782385200,,,,,
1782388800,,,,,
1782392400,,,,,
1782396000,,,,,
1782399600,,,,,
1782403200,,,,,
1782406800,,,,,
1782410400,,,,,
1782414000,,,,,
1782417600,,,,,
1782421200,,,,,
1782424800,,,,,
1782428400,,,,,
1782432000,,,,,
1782435600,,,,,
1782439200,,,,,
1782442800,,,,,
1782446400,,,,,
1782450000,,,,,
1782453600,,,,,
1782457200,,,,,
1782460800,,,,,
1782464400,,,,,
1782468000,,,,,
1782471600,,,,,
1782475200,,,,,
1782478800,,,,,
1782482400,,,,,
1782486000,,,,,
1782489600,,,,,
1782493200,,,,,
1782496800,,,,,
1782500400,,,,,
1782504000,,,,,
1782507600,,,,,
1782511200,,,,,
1782514800,,,,,
1782518400,,,,,
1782522000,,,,,
1782525600,,,,,
1782529200,,,,,
1782532800,,,,,
1782536400,,,,,
1782540000,,,,,
1782543600,,,,,
1782547200,,,,,
1782550800,,,,,
1782554400,,,,,
1782558000,,,,,
1782561600,,,,,
1782565200,,,,,
1782568800,,,,,
1782572400,,,,,
1782576000,,,,,
1782579600,,,,,
1782583200,,,,,
1782586800,,,,,
1782590400,,,,,
1782594000,,,,,
1782597600,,,,,
1782601200,,,,,
1782604800,,,,,
1782608400,,,,,
1782612000,,,,,
1782615600,,,,,
1782619200,,,,,
1782622800,,,,,
1782626400,,,,,
1782630000,,,,,
1782633600,,,,,
1782637200,,,,,
1782640800,,,,,
1782644400,,,,,
1782648000,,,,,
1782651600,,,,,
1782655200,,,,,
1782658800,,,,,
1782662400,,,,,
1782666000,,,,,
1782669600,,,,,
1782673200,,,,,
1782676800,,,,,
1782680400,,,,,
1782684000,,,,,
1782687600,,,,,
1782691200,,,,,
1782694800,,,,,
1782698400,,,,,
1782702000,,,,,
1782705600,,,,,
1782709200,,,,,
1782712800,,,,,
1782716400,,,,,
1782720000,,,,,
1782723600,,,,,
1782727200,,,,,
1782730800,,,,,
1782734400,,,,,
1782738000,,,,,
1782741600,,,,,
1782745200,,,,,
1782748800,,,,,
1782752400,,,,,
1782756000,,,,,
1782759600,,,,,
1782763200,,,,,
1782766800,,,,,
1782770400,,,,,
1782774000,,,,,
1782777600,,,,,
1782781200,,,,,
1782784800,,,,,
1782788400,,,,,
1782792000,,,,,
1782795600,,,,,
1782799200,,,,,
1782802800,,,,,
1782806400,,,,,
1782810000,,,,,
1782813600,,,,,
1782817200,,,,,
1782820800,,,,,
1782824400,,,,,
1782828000,,,,,
1782831600,,,,,
1782835200,,,,,
1782838800,,,,,
1782842400,,,,,
1782846000,,,,,
1782849600,,,,,
1782853200,,,,,
1782856800,,,,,
1782860400,,,,,
1782864000,,,,,
1782867600,,,,,
1782871200,,,,,
1782874800,,,,,
1782878400,,,,,
1782882000,,,,,
1782885600,,,,,
1782889200,,,,,
1782892800,,,,,
1782896400,,,,,
1782900000,,,,,
1782903600,,,,,
1782907200,,,,,
1782910800,,,,,
1782914400,,,,,
1782918000,,,,,
1782921600,,,,,
1782925200,,,,,
1782928800,,,,,
1782932400,,,,,
1782936000,,,,,
1782939600,,,,,
1782943200,,,,,
1782946800,,,,,
1782950400,,,,,
1782954000,,,,,
1782957600,,,,,
1782961200,,,,,
1782964800,,,,,
1782968400,,,,,
1782972000,,,,,
1782975600,,,,,
1782979200,,,,,
1782982800,,,,,
1782986400,,,,,
1782990000,,,,,
1782993600,,,,,
1782997200,,,,,
1783000800,,,,,
1783004400,,,,,
1783008000,,,,,
1783011600,,,,,
1783015200,,,,,
1783018800,,,,,
1783022400,,,,,
1783026000,,,,,
1783029600,,,,,
1783033200,,,,,
1783036800,,,,,
1783040400,,,,,
1783044000,,,,,
1783047600,,,,,
1783051200,,,,,
1783054800,,,,,
1783058400,,,,,
1783062000,,,,,
1783065600,,,,,
1783069200,,,,,
1783072800,,,,,
1783076400,,,,,
1783080000,,,,,
1783083600,,,,,
1783087200,,,,,
1783090800,,,,,
1783094400,,,,,
1783098000,,,,,
1783101600,,,,,
1783105200,,,,,
1783108800,,,,,
1783112400,,,,,
1783116000,,,,,
1783119600,,,,,
1783123200,,,,,
1783126800,,,,,
1783130400,,,,,
1783134000,,,,,
1783137600,,,,,
1783141200,,,,,
1783144800,,,,,
1783148400,,,,,
1783152000,,,,,
1783155600,,,,,
1783159200,,,,,
1783162800,,,,,
1783166400,,,,,
1783170000,,,,,
1783173600,,,,,
1783177200,,,,,
1783180800,,,,,
1783184400,,,,,
1783188000,,,,,
1783191600,,,,,
1783195200,,,,,
1783198800,,,,,
1783202400,,,,,
1783206000,,,,,
1783209600,,,,,
1783213200,,,,,
1783216800,,,,,
1783220400,,,,,
1783224000,,,,,
1783227600,,,,,
1783231200,,,,,
1783234800,,,,,
1783238400,,,,,
1783242000,,,,,
1783245600,,,,,
1783249200,,,,,
1783252800,,,,,
1783256400,,,,,
1783260000,,,,,
1783263600,,,,,
1783267200,,,,,
1783270800,,,,,
1783274400,,,,,
1783278000,,,,,
1783281600,,,,,
1783285200,,,,,
1783288800,,,,,
1783292400,,,,,
1783296000,,,,,
1783299600,,,,,
1783303200,,,,,
1783306800,,,,,
1783310400,,,,,
1783314000,,,,,
1783317600,,,,,
1783321200,,,,,
1783324800,,,,,
1783328400,,,,,
1783332000,,,,,
1783335600,,,,,
1783339200,,,,,
1783342800,,,,,
1783346400,,,,,
1783350000,,,,,
1783353600,,,,,
1783357200,,,,,
1783360800,,,,,
1783364400,,,,,
1783368000,,,,,
1783371600,,,,,
1783375200,,,,,
1783378800,,,,,
1783382400,,,,,
1783386000,,,,,
1783389600,,,,,
1783393200,,,,,
1783396800,,,,,
1783400400,,,,,
1783404000,,,,,
1783407600,,,,,
1783411200,,,,,
1783414800,,,,,
1783418400,,,,,
1783422000,,,,,
1783425600,,,,,
1783429200,,,,,
1783432800,,,,,
1783436400,,,,,
1783440000,,,,,
1783443600,,,,,
1783447200,,,,,
1783450800,,,,,
1783454400,,,,,
1783458000,,,,,
1783461600,,,,,
1783465200,,,,,
1783468800,,,,,
1783472400,,,,,
1783476000,,,,,
1783479600,,,,,
1783483200,,,,,
1783486800,,,,,
1783490400,,,,,
1783494000,,,,,
1783497600,,,,,
1783501200,,,,,
1783504800,,,,,
1783508400,,,,,
1783512000,,,,,
1783515600,,,,,
1783519200,,,,,
1783522800,,,,,
1783526400,,,,,
1783530000,,,,,
1783533600,,,,,
1783537200,,,,,
1783540800,,,,,
1783544400,,,,,
1783548000,,,,,
1783551600,,,,,
1783555200,,,,,
1783558800,,,,,
1783562400,,,,,
1783566000,,,,,
1783569600,,,,,
1783573200,,,,,
1783576800,,,,,
1783580400,,,,,
1783584000,,,,,
1783587600,,,,,
1783591200,,,,,
1783594800,,,,,
1783598400,,,,,
1783602000,,,,,
1783605600,,,,,
1783609200,,,,,
1783612800,,,,,
1783616400,,,,,
1783620000,,,,,
1783623600,,,,,
1783627200,,,,,
1783630800,,,,,
1783634400,,,,,
1783638000,,,,,
1783641600,,,,,
1783645200,,,,,
1783648800,,,,,
1783652400,,,,,
1783656000,,,,,
1783659600,,,,,
1783663200,,,,,
1783666800,,,,,
1783670400,,,,,
1783674000,,,,,
1783677600,,,,,
1783681200,,,,,
1783684800,,,,,
1783688400,,,,,
1783692000,,,,,
1783695600,,,,,
1783699200,,,,,
1783702800,,,,,
1783706400,,,,,
1783710000,,,,,
1783713600,,,,,
1783717200,,,,,
1783720800,,,,,
1783724400,,,,,
1783728000,,,,,
1783731600,,,,,
1783735200,,,,,
1783738800,,,,,
1783742400,,,,,
1783746000,,,,,
1783749600,,,,,
1783753200,,,,,
1783756800,,,,,
1783760400,,,,,
1783764000,,,,,
1783767600,,,,,
1783771200,,,,,
1783774800,,,,,
1783778400,,,,,
1783782000,,,,,
1783785600,,,,,
1783789200,,,,,
1783792800,,,,,
1783796400,,,,,
1783800000,,,,,
1783803600,,,,,
1783807200,,,,,
1783810800,,,,,
1783814400,,,,,
1783818000,,,,,
1783821600,,,,,
1783825200,,,,,
1783828800,,,,,
1783832400,,,,,
1783836000,,,,,
1783839600,,,,,
1783843200,,,,,
1783846800,,,,,
1783850400,,,,,
1783854000,,,,,
1783857600,,,,,
1783861200,,,,,
1783864800,,,,,
1783868400,,,,,
1783872000,,,,,
1783875600,,,,,
1783879200,,,,,
1783882800,,,,,
1783886400,,,,,
1783890000,,,,,
1783893600,,,,,
1783897200,,,,,
1783900800,,,,,
1783904400,,,,,
1783908000,,,,,
1783911600,,,,,
1783915200,,,,,
1783918800,,,,,
1783922400,,,,,
1783926000,,,,,
1783929600,,,,,
1783933200,,,,,
1783936800,,,,,
1783940400,,,,,
1783944000,,,,,
1783947600,,,,,
1783951200,,,,,
1783954800,,,,,
1783958400,,,,,
1783962000,,,,,
1783965600,,,,,
1783969200,,,,,
1783972800,,,,,
1783976400,,,,,
1783980000,,,,,
1783983600,,,,,
1783987200,,,,,
1783990800,,,,,
1783994400,,,,,
1783998000,,,,,
1784001600,,,,,
1784005200,,,,,
1784008800,,,,,
1784012400,,,,,
1784016000,,,,,
1784019600,,,,,
1784023200,,,,,
1784026800,,,,,
1784030400,,,,,
1784034000,,,,,
1784037600,,,,,
1784041200,,,,,
1784044800,,,,,
1784048400,,,,,
1784052000,,,,,
1784055600,,,,,
1784059200,,,,,
1784062800,,,,,
1784066400,,,,,
1784070000,,,,,
1784073600,,,,,
1784077200,,,,,
1784080800,,,,,
1784084400,,,,,
1784088000,,,,,
1784091600,,,,,
1784095200,,,,,
1784098800,,,,,
1784102400,,,,,
1784106000,,,,,
1784109600,,,,,
1784113200,,,,,
1784116800,,,,,
1784120400,,,,,
1784124000,,,,,
1784127600,,,,,
1784131200,,,,,
1784134800,,,,,
1784138400,,,,,
1784142000,,,,,
1784145600,,,,,
1784149200,,,,,
1784152800,,,,,
1784156400,,,,,
1784160000,,,,,
1784163600,,,,,
1784167200,,,,,
1784170800,,,,,
1784174400,,,,,
1784178000,,,,,
1784181600,,,,,
1784185200,,,,,
1784188800,,,,,
1784192400,,,,,
1784196000,,,,,
1784199600,,,,,
1784203200,,,,,
1784206800,,,,,
1784210400,,,,,
1784214000,,,,,
1784217600,,,,,
1784221200,,,,,
1784224800,,,,,
1784228400,,,,,
1784232000,,,,,
1784235600,,,,,
1784239200,,,,,
1784242800,,,,,
1784246400,,,,,
1784250000,,,,,
1784253600,,,,,
1784257200,,,,,
1784260800,,,,,
1784264400,,,,,
1784268000,,,,,
1784271600,,,,,
1784275200,,,,,
1784278800,,,,,
1784282400,,,,,
1784286000,,,,,
1784289600,,,,,
1784293200,,,,,
1784296800,,,,,
1784300400,,,,,
1784304000,,,,,
1784307600,,,,,
1784311200,,,,,
1784314800,,,,,
1784318400,,,,,
1784322000,,,,,
1784325600,,,,,
1784329200,,,,,
1784332800,,,,,
1784336400,,,,,
1784340000,,,,,
1784343600,,,,,
1784347200,,,,,
1784350800,,,,,
1784354400,,,,,
1784358000,,,,,
1784361600,,,,,
1784365200,,,,,
1784368800,,,,,
1784372400,,,,,
1784376000,,,,,
1784379600,,,,,
1784383200,,,,,
1784386800,,,,,
1784390400,,,,,
1784394000,,,,,
1784397600,,,,,
1784401200,,,,,
1784404800,,,,,
1784408400,,,,,
1784412000,,,,,
1784415600,,,,,
1784419200,,,,,
1784422800,,,,,
1784426400,,,,,
1784430000,,,,,
1784433600,,,,,
1784437200,,,,,
1784440800,,,,,
1784444400,,,,,
1784448000,,,,,
1784451600,,,,,
1784455200,,,,,
1784458800,,,,,
1784462400,,,,,
1784466000,,,,,
1784469600,,,,,
1784473200,,,,,
1784476800,,,,,
1784480400,,,,,
1784484000,,,,,
1784487600,,,,,
1784491200,,,,,
1784494800,,,,,
1784498400,,,,,
1784502000,,,,,
1784505600,,,,,
1784509200,,,,,
1784512800,,,,,
1784516400,,,,,
1784520000,,,,,
1784523600,,,,,
1784527200,,,,,
1784530800,,,,,
1784534400,,,,,
1784538000,,,,,
1784541600,,,,,
1784545200,,,,,
1784548800,,,,,
1784552400,,,,,
1784556000,,,,,
1784559600,,,,,
1784563200,,,,,
1784566800,,,,,
1784570400,,,,,
1784574000,,,,,
1784577600,,,,,
1784581200,,,,,
1784584800,,,,,
1784588400,,,,,
1784592000,,,,,
1784595600,,,,,
1784599200,,,,,
1784602800,,,,,
1784606400,,,,,
1784610000,,,,,
1784613600,,,,,
1784617200,,,,,
1784620800,,,,,
1784624400,,,,,
1784628000,,,,,
1784631600,,,,,
1784635200,,,,,
1784638800,,,,,
1784642400,,,,,
1784646000,,,,,
1784649600,,,,,
1784653200,,,,,
1784656800,,,,,
1784660400,,,,,
1784664000,,,,,
1784667600,,,,,
1784671200,,,,,
1784674800,,,,,
1784678400,,,,,
1784682000,,,,,
1784685600,,,,,
1784689200,,,,,
1784692800,,,,,
1784696400,,,,,
1784700000,,,,,
1784703600,,,,,
1784707200,,,,,
1784710800,,,,,
1784714400,,,,,
1784718000,,,,,
1784721600,,,,,
1784725200,,,,,
1784728800,,,,,
1784732400,,,,,
1784736000,,,,,
1784739600,,,,,
1784743200,,,,,
1784746800,,,,,
1784750400,,,,,
1784754000,,,,,
1784757600,,,,,
1784761200,,,,,
1784764800,,,,,
1784768400,,,,,
1784772000,,,,,
1784775600,,,,,
1784779200,,,,,
1784782800,,,,,
1784786400,,,,,
1784790000,,,,,
1784793600,,,,,
1784797200,,,,,
1784800800,,,,,
1784804400,,,,,
1784808000,,,,,
1784811600,,,,,
1784815200,,,,,
1784818800,,,,,
1784822400,,,,,
1784826000,,,,,
1784829600,,,,,
1784833200,,,,,
1784836800,,,,,
1784840400,,,,,
1784844000,,,,,
1784847600,,,,,
1784851200,,,,,
1784854800,,,,,
1784858400,,,,,
1784862000,,,,,
1784865600,,,,,
1784869200,,,,,
1784872800,,,,,
1784876400,,,,,
1784880000,,,,,
1784883600,,,,,
1784887200,,,,,
1784890800,,,,,
1784894400,,,,,
1784898000,,,,,
1784901600,,,,,
1784905200,,,,,
1784908800,,,,,
1784912400,,,,,
1784916000,,,,,
1784919600,,,,,
1784923200,,,,,
1784926800,,,,,
1784930400,,,,,
1784934000,,,,,
1784937600,,,,,
1784941200,,,,,
1784944800,,,,,
1784948400,,,,,
1784952000,,,,,
1784955600,,,,,
1784959200,,,,,
1784962800,,,,,
1784966400,,,,,
1784970000,,,,,
1784973600,,,,,
1784977200,,,,,
1784980800,,,,,
1784984400,,,,,
1784988000,,,,,
1784991600,,,,,
1784995200,,,,,
1784998800,,,,,
1785002400,,,,,
1785006000,,,,,
1785009600,,,,,
1785013200,,,,,
1785016800,,,,,
1785020400,,,,,
1785024000,,,,,
1785027600,,,,,
1785031200,,,,,
1785034800,,,,,
1785038400,,,,,
1785042000,,,,,
1785045600,,,,,
1785049200,,,,,
1785052800,,,,,
1785056400,,,,,
1785060000,,,,,
1785063600,,,,,
1785067200,,,,,
1785070800,,,,,
1785074400,,,,,
1785078000,,,,,
1785081600,,,,,
1785085200,,,,,
1785088800,,,,,
1785092400,,,,,
1785096000,,,,,
1785099600,,,,,
1785103200,,,,,
1785106800,,,,,
1785110400,,,,,
1785114000,,,,,
1785117600,,,,,
1785121200,,,,,
1785124800,,,,,
1785128400,,,,,
1785132000,,,,,
1785135600,,,,,
1785139200,,,,,
1785142800,,,,,
1785146400,,,,,
1785150000,,,,,
1785153600,,,,,
1785157200,,,,,
1785160800,,,,,
1785164400,,,,,
1785168000,,,,,
1785171600,,,,,
1785175200,,,,,
1785178800,,,,,
1785182400,,,,,
1785186000,,,,,
1785189600,,,,,
1785193200,,,,,
1785196800,,,,,
1785200400,,,,,
1785204000,,,,,
1785207600,,,,,
1785211200,,,,,
1785214800,,,,,
1785218400,,,,,
1785222000,,,,,
1785225600,,,,,
1785229200,,,,,
1785232800,,,,,
1785236400,,,,,
1785240000,1785240009.0,21575020.0,0.1802473623347081,-0.0193305548693249,337.45150225653987
1785243600,1785243648.0,21611297.0,0.1792997407117859,0.6857183312188357,337.55132121274886
1785247200,1785247217.0,21646904.0,0.1802818929663643,-0.061628986319802,337.2533371721777
1785250800,1785250843.0,21683109.0,0.1784246720158046,0.0156364326847981,336.2571857715119
1785254400,1785254456.0,21719142.0,0.1771230261997453,0.1196025954994804,339.8284790338523
1785258000,1785258017.0,21754655.0,0.1767681792928053,-0.0220354900113054,339.14766927544576
1785261600,1785261602.0,21790424.0,0.1786972569482123,0.000424398503515,338.7308281975707
1785265200,,,,,
1785268800,,,,,
1785272400,,,,,
1785276000,1785276009.0,21934091.0,0.1763916526566138,-0.0092793218727046,338.61904750146897
1785279600,,,,,
1785283200,,,,,
1785286800,1785286817.0,22042140.0,0.1778117587562457,-0.0415664640506365,341.1584417010616
1785290400,1785290449.0,22078443.0,0.1788929202942053,-0.0587576677261089,341.3152919138503
1785294000,1785294034.0,22114201.0,0.1787349955291086,-0.0585754295833273,341.01398240864035
1785297600,,,,,
1785301200,,,,,
1785304800,,,,,
1785308400,1785308402.0,22257330.0,0.1779091964082479,0.0002030842558404,339.657501058763
1785312000,1785312015.0,22293307.0,0.1777065691906079,0.0414689782772533,341.0242374738523
1785315600,1785315602.0,22329016.0,0.1784136852379696,0.0006320979106048,342.38121438222083
1785319200,1785319204.0,22364889.0,0.1768606253291462,0.0088166332660916,339.40084582539146
1785322800,1785322840.0,22401097.0,0.1784892059427453,0.008573067216877,340.6454922819742
1785326400,1785326403.0,22436601.0,0.1782329305804318,0.0002182379105873,340.15639241459604
1785330000,,,,,
1785333600,1785333624.0,22508580.0,0.1798037167504209,0.0029850498168511,343.15719145534575
1785337200,,,,,
1785340800,1785340854.0,22580782.0,0.1802988605897808,-0.0002280073214505,340.31770534042306
1785344400,1785344402.0,22616167.0,0.180113117302078,0.0002037258750684,339.96711117001826
1785348000,1785348017.0,22652258.0,0.1787155074102529,0.4279350073600535,341.0946170006366
1785351600,1785351663.0,22688675.0,0.1786114735490721,-0.0581845184074318,344.00748417024835
1785355200,1785355212.0,22724134.0,0.1791367802806396,-0.0193257317337198,337.5295214047811
1785358800,,,,,
1785362400,1785362437.0,22796277.0,0.178799706064809,0.0713931328935405,338.8795285897198
1785366000,1785366043.0,22832320.0,0.1779938740523266,0.0211394480617738,339.28264431617623
1785369600,1785369615.0,22867949.0,0.178066495647729,0.0001356649141284,339.42107181573914
1785373200,1785373223.0,22903944.0,0.1792059517089953,0.0058071509044357,339.78955017529967
1785376800,1785376847.0,22940092.0,0.1764839937685184,0.0107912034151583,336.9646837080982
1785380400,,,,,
1785384000,1785384002.0,23011431.0,0.1773431738474313,0.0003750338658081,338.6051347051383
1785387600,1785387648.0,23047777.0,0.178122276871833,-0.1458160706005081,338.3668659273602
1785391200,1785391202.0,23083141.0,0.1773812377803033,0.1802054082448243,336.95916398612025
1785394800,1785394825.0,23119206.0,0.1779414735927431,0.3853715288042353,338.02340614248976
1785398400,,,,,
1785402000,,,,,
1785405600,1785405649.0,23227131.0,0.1770075686996164,0.003401172639958,339.9058640981864
1785409200,,,,,
1785412800,,,,,
1785416400,,,,,
1785420000,1785420024.0,23370352.0,0.1723804355510662,-0.1055543880688735,332.68114325321665
1785423600,1785423612.0,23406183.0,0.1732938036226759,-0.2089655629736265,332.5543616748893
1785427200,1785427214.0,23442128.0,0.1732093382905827,0.2196483288080136,332.39227097106317
1785430800,1785430815.0,23478009.0,0.1731331563042585,-0.0140030659648477,332.2460761775763
1785434400,1785434455.0,23514337.0,0.173723197621198,-0.168359932593252,333.3783775606302
1785438000,,,,,
1785441600,1785441651.0,23586144.0,0.1738248813617769,-0.0656083098092373,333.5735107433178
1785445200,1785445245.0,23622009.0,0.166019468117396,-0.0353288802435688,318.59476271637936
1785448800,,,,,
1785452400,1785452416.0,23693226.0,0.1630356833646256,-0.033112810637434,314.6132189023853
1785456000,1785456002.0,23729344.0,0.1634422145439764,0.0002753752552378,313.3919670729955
1785459600,1785459653.0,23765812.0,0.1636426856687405,0.2127283915844224,313.7763600543709
1785463200,1785463227.0,23801506.0,0.1652218981244914,0.0064493019743318,315.28303487707944
1785466800,,,,,
1785470400,,,,,
1785474000,,,,,
1785477600,1785477620.0,23945083.0,0.1640882480721789,0.0509518208544155,313.14074504359775
1785481200,1785481205.0,23980841.0,0.1644205286583376,-0.0031960275360373,313.7748586473184
1785484800,1785484807.0,24016753.0,0.1651525817374934,-0.0931641042179262,311.96203847036804
1785488400,,,,,
1785492000,1785492043.0,24088856.0,0.1643243834177854,-0.0459620237088537,310.3976279515879
1785495600,1785495612.0,24124434.0,0.1636204098239446,-0.0332910861716716,307.39039152804827
1785499200,1785499257.0,24160780.0,0.1637695623541606,0.0211339831081938,307.67060140351447
1785502800,,,,,
1785506400,1785506462.0,24232654.0,0.1628355671145862,-0.1647394808304473,304.2238593873718
1785510000,1785510034.0,24268368.0,0.163223907016851,-0.010550019843411,303.3554310254183
1785513600,,,,,
1785517200,1785517254.0,24340445.0,0.161652808659025,0.0028978861323299,300.4355081524017
1785520800,1785520834.0,24376271.0,0.1609118547129715,0.0048391437743855,300.5655823246115
1785524400,1785524455.0,24412453.0,0.1616820227179043,0.0081795049402174,302.0041711427152
1785528000,1785528004.0,24447884.0,0.1660523459736462,-0.059917920395457,310.167452565653
1785531600,1785531653.0,24484313.0,0.1651358067292125,-0.0090795099543308,308.45545842937275
1785535200,1785535252.0,24520218.0,0.1650255794929966,-0.0032577196237346,306.61434596361363
1785538800,1785538828.0,24555937.0,0.1654454539197135,-0.6041552060723754,307.3944645557142
1785542400,1785542456.0,24592129.0,0.1652981529169215,-0.0221598296052054,307.12078213163414
1785546000,1785546027.0,24627741.0,0.1651704752892037,-0.0605303639963786,306.88355956021735
1785549600,1785549637.0,24663767.0,0.1646998626192719,0.0653428778472885,306.00917029016205
1785553200,1785553259.0,24699887.0,0.1648529643913849,-0.006443754814434,307.87121329293336
1785556800,1785556816.0,24735353.0,0.1650259931682055,-0.0204462078639067,308.1943532476865
1785560400,1785560445.0,24771509.0,0.164897132722522,0.0751257417899573,307.95369987572855
1785564000,1785564006.0,24806996.0,0.1651796059171111,4.9774655338316e-05,308.4812327924822
1785567600,1785567602.0,24842834.0,0.1648350193541959,5.8826794380967e-05,307.83770003223856
1785571200,,,,,
1785574800,1785574838.0,24914918.0,0.1648557636988007,0.0537364188137733,307.87644114051056
1785578400,,,,,
1785582000,1785582054.0,24986799.0,0.1650460931385735,0.0069127395844232,308.2318909546194
1785585600,1785585648.0,25022602.0,0.1652733064217967,0.0101891873248977,308.65622320390867
1785589200,1785589227.0,25058219.0,0.1650390725785508,0.0088260818853649,308.218779705209
1785592800,1785592857.0,25094376.0,0.165217100475309,0.0526543276310969,308.55125576821024
1785596400,1785596402.0,25129722.0,0.164809855366868,0.0006807093651077,307.7907050186
1785600000,,,,,
1785603600,1785603654.0,25201993.0,0.1651427184306091,0.0821888339008269,308.41234355371955
1785607200,,,,,
1785610800,1785610851.0,25273874.0,0.1672585533744578,0.2357256,306.50611610503114
1785614400,1785614402.0,25309332.0,0.1673568173361452,0.0003757598414815,306.6861876448254
1785618000,1785618002.0,25345271.0,0.1674868371497604,8.645682225338e-05,306.9244526978458
1785621600,,,,,
1785625200,,,,,
1785628800,1785628854.0,25453492.0,0.1667808366892372,0.0253217233684011,307.1782199336514
1785632400,,,,,
1785636000,,,,,
1785639600,1785639602.0,25560658.0,0.1646415673734862,3.3259049453159e-05,308.1169850041433
1785643200,,,,,
1785646800,1785646803.0,25632407.0,0.1648137053754717,-0.0161542072928141,308.43913112448536
1785650400,1785650458.0,25668826.0,0.1649568844648079,-0.0134615031541314,308.70708234740977
1785654000,1785654008.0,25704182.0,0.1655536060007493,0.0466680051441239,309.82381151534963
1785657600,1785657615.0,25740120.0,0.1658365939078077,0.0680853308472936,310.35340669660576
1785661200,1785661248.0,25776316.0,0.1665014930326706,-0.0726435214463184,311.5977262020191
1785664800,1785664850.0,25812209.0,0.1662949964725937,0.0675842638784527,311.0254624878135
1785668400,1785668425.0,25847826.0,0.1662942222820795,0.1936744319234065,311.02401450099586
1785672000,1785672058.0,25884041.0,0.1673937946504018,0.0745698344051381,309.8725694313153
1785675600,1785675606.0,25919389.0,0.167452152004179,0.0053016556346254,309.98059818589326
1785679200,1785679224.0,25955442.0,0.1677155494917007,-0.252280476234673,310.4681888783114
1785682800,,,,,
1785686400,1785686433.0,26027350.0,0.1671446208520006,-0.0137305741843607,309.4113090524178
1785690000,1785690005.0,26062977.0,0.1667710311832587,-0.0160943391165019,310.32586711549595
1785693600,1785693602.0,26098843.0,0.1662449490643155,0.0004078771377924,309.34693876938763
1785697200,1785697206.0,26134810.0,0.1657272327737951,-0.0160849672839701,310.6968976610065
1785700800,1785700828.0,26170956.0,0.1653574366815756,0.1934271049227824,310.00362295475117
1785704400,1785704449.0,26207143.0,0.1650576409427718,-0.1126598658994289,309.4415813130768
1785708000,1785708055.0,26243166.0,0.1643197833467442,0.0665072750303344,311.28644724339404
1785711600,,,,,
1785715200,1785715204.0,26314567.0,0.1645853120262194,0.377328281403322,308.58863102316207
1785718800,,,,,
1785722400,1785722402.0,26386345.0,0.1653279874637391,5.3231677957453e-05,308.4086416942275
1785726000,,,,,
1785729600,1785729606.0,26458173.0,0.1664110109253051,-0.0161848397391407,308.0157784478706
1785733200,,,,,
1785736800,1785736851.0,26530391.0,0.1662293847951555,0.0473930588221557,309.24834868988614
1785740400,1785740445.0,26566235.0,0.1671847926034301,-0.0483810490729479,309.4022043339029
1785744000,1785744043.0,26602100.0,0.1673458714732794,-0.801209534105978,307.9063627585457
1785747600,1785747633.0,26637902.0,0.1676749454242797,-0.063139095527223,306.7931708933503
1785751200,1785751232.0,26673776.0,0.1667156173703478,0.1726606011223198,308.5584316383613
1785754800,,,,,
1785758400,,,,,
1785762000,1785762023.0,26781392.0,0.1688499709838474,-0.0003054366960138,310.60191596127686
1785765600,1785765654.0,26817625.0,0.1646332874895971,0.327986876216776,304.6061548461275
1785769200,1785769216.0,26853194.0,0.163300680689647,0.000986935480646,305.2343741997509
1785772800,1785772861.0,26889592.0,0.1633490641179551,-1.0566457992724492,303.7777389645737
1785776400,1785776447.0,26925449.0,0.1644597899518188,0.1132104408036056,307.53910003280436
1785780000,1785780006.0,26960995.0,0.163847347660434,-0.0163340920378363,306.3938355814166
1785783600,1785783627.0,26997162.0,0.1634903390045439,1.4494328786383e-05,305.7262309300394
1785787200,1785787203.0,27032855.0,0.1623915391200113,0.0004018536140204,303.6714798708029
1785790800,,,,,
1785794400,1785794451.0,27105142.0,0.1629861964853255,0.0172015371727955,304.7834865869138
1785798000,,,,,
1785801600,1785801629.0,27176748.0,0.1637481960416177,0.2426940205615191,304.5043523080582
1785805200,,,,,
1785808800,,,,,
1785812400,1785812424.0,27284460.0,0.1635275697900352,0.0576116071642261,304.38304360724726
1785816000,1785816050.0,27320629.0,0.1636503702383891,-0.0124601197098889,304.6116189739227
1785819600,1785819638.0,27356401.0,0.1630973031213842,-0.377364351812634,305.1702201293812
1785823200,,,,,
1785826800,,,,,
1785830400,1785830452.0,27464237.0,0.163120464553174,0.5057388537804195,303.6063334449496
1785834000,1785834051.0,27500121.0,0.1634325017370845,-0.0866039728209738,304.1871095331312
1785837600,,,,,
1785841200,1785841257.0,27571966.0,0.1622868792323424,0.3385647891413358,302.0860397651049
1785844800,1785844806.0,27607337.0,0.1617263270492092,-0.0165039242553231,302.74521518303766
1785848400,1785848431.0,27643495.0,0.1615115994809498,-0.2352498084930653,302.3432537643588
1785852000,1785852053.0,27679610.0,0.1641291076501806,-0.1336876135446972,305.6601889052983
1785855600,1785855636.0,27715383.0,0.1633757629360701,0.0022644106452405,306.02992646018646
1785859200,1785859243.0,27751379.0,0.1636367288115183,-0.6496545064051428,306.3274489925755
1785862800,1785862842.0,27787249.0,0.1647864349219395,0.0504531408820447,308.4796952667122
1785866400,,,,,
1785870000,1785870016.0,27858734.0,0.1646427805910423,-0.2618387708856414,308.21077480466136
1785873600,1785873617.0,27894553.0,0.1651658283833141,-0.0161402696221911,309.18991865012634
1785877200,1785877261.0,27930872.0,0.1655696847331154,-0.1076319486020376,309.9459364848301
1785880800,,,,,
1785884400,1785884423.0,28002275.0,0.1656010101755494,0.1588778262259016,310.0045776159445
1785888000,,,,,
1785891600,1785891644.0,28074307.0,0.1664662653657594,-0.5980390472308962,310.0267726171903
1785895200,1785895241.0,28110206.0,0.166119574087097,0.003201523159412,310.9401925649635
1785898800,1785898824.0,28145971.0,0.1660346830772019,-0.1783590043727327,310.7812948124929
1785902400,,,,,
1785906000,,,,,
1785909600,,,,,
1785913200,1785913228.0,28289556.0,0.1664486742942444,0.0342039554902703,311.5561975261244
1785916800,1785916812.0,28325279.0,0.166255620715462,0.2359431420152198,309.58791644667605
1785920400,1785920425.0,28361294.0,0.1667335466698087,-0.0239778135172228,312.2044144739047
1785924000,1785924056.0,28397494.0,0.1668440152960853,-0.0640556242502623,312.4112642259389
1785927600,1785927616.0,28432982.0,0.1667608024079116,0.3544742318661027,312.25545016483454
1785931200,1785931252.0,28469247.0,0.1647953626951195,0.0927376384617614,308.57521324208017
1785934800,1785934854.0,28505159.0,0.1644074769078083,-0.731553658866723,309.44999259781537
1785938400,1785938415.0,28540684.0,0.1640845411321178,4.6086723778101e-05,307.35725528706143
1785942000,1785942060.0,28577039.0,0.1657555282722829,0.0090452677367606,310.4872882412786
1785945600,,,,,
1785949200,1785949227.0,28648703.0,0.1632118529084645,0.007999067732695,308.99757628189224
1785952800,1785952833.0,28684852.0,0.1614156643816096,0.001195476034014,308.9204783821128
1785956400,1785956461.0,28721168.0,0.1612442289249955,-0.0647245621560267,308.68770459006686
1785960000,1785960051.0,28757153.0,0.1622931593623681,0.3759894677031496,310.6957884213203
1785963600,1785963615.0,28792814.0,0.1626681614361515,0.0109873918997967,311.41369646767004
1785967200,1785967237.0,28828983.0,0.1635496305246437,-0.0378580590656452,313.1011904723102
1785970800,1785970856.0,28865140.0,0.1642342989163556,-0.1585497680014612,312.59088982628504
1785974400,,,,,
1785978000,1785978046.0,28936960.0,0.1634044820030291,-0.1766812508651478,311.0114803543224
1785981600,1785981649.0,28972931.0,0.1641621012409755,-0.0572095471801462,312.4534743427997
1785985200,,,,,
1785988800,1785988809.0,29044418.0,0.165120204205695,-0.2830504331595176,312.6220826226424
1785992400,,,,,
1785996000,1785996020.0,29116391.0,0.1638763456238978,0.0012026123294907,313.596386620938
1785999600,,,,,
1786003200,1786003222.0,29188231.0,0.1639736721166104,-0.0317662330924414,313.7826321484482
1786006800,1786006825.0,29224151.0,0.1638905085355667,-0.0607122635851029,313.62348899441656
1786010400,,,,,
1786014000,,,,,
1786017600,,,,,
1786021200,1786021231.0,29367762.0,0.1651759751885361,-0.0191254656608239,314.41555756211454
1786024800,,,,,
1786028400,1786028450.0,29439807.0,0.1635594096242918,0.0458284570942968,313.2318287161224
1786032000,1786032014.0,29475412.0,0.1621743411277943,-0.0145279149525215,310.57929078478855
1786035600,1786035638.0,29511611.0,0.1628438353825858,0.034661996497225,311.8614359712073
1786039200,1786039229.0,29547500.0,0.1630547473518696,-0.0159641227339307,312.2653524562853
1786042800,1786042854.0,29583687.0,0.1640531823352382,0.0079236140957798,312.5912905066065
1786046400,1786046428.0,29619401.0,0.163673127844708,0.2794979132973613,311.86712458695433
1786050000,1786050058.0,29655666.0,0.1636741281392912,0.0009472691336569,311.86903057481874
1786053600,1786053646.0,29691492.0,0.1636635856381954,-0.2565653218777489,311.84894261324564
1786057200,,,,,
1786060800,,,,,
1786064400,1786064405.0,29799333.0,0.164194014428064,0.7727888484671548,312.85963571646175
1786068000,,,,,
1786071600,1786071654.0,29871660.0,0.164324946457725,-0.2376738979344529,313.1091170830392
1786075200,1786075252.0,29907531.0,0.1645576606249227,-0.0160112544047085,311.97744215662965
1786078800,,,,,
1786082400,1786082423.0,29978987.0,0.1643854514855486,0.0885934727191276,311.65095862122996
1786086000,1786086043.0,30015084.0,0.1640973241187628,-0.1162888044142768,312.71678986540104
1786089600,1786089611.0,30050638.0,0.164042994882411,-0.1411538491107403,312.6132557920759
1786093200,1786093207.0,30086471.0,0.1629697586070393,-0.0160516030484576,310.56801218677225
1786096800,1786096856.0,30122833.0,0.1630978329353808,-0.0034350806265573,312.42205387936866
1786100400,1786100443.0,30158582.0,0.16315024511047,0.0133430065850891,312.5224520213608
1786104000,,,,,
1786107600,1786107606.0,30230002.0,0.161502000090036,-0.0160137315049666,311.1948285816885
1786111200,1786111236.0,30266229.0,0.1621566581521423,-0.493336060378347,312.4562755192076
1786114800,,,,,
1786118400,1786118439.0,30338147.0,0.1628818764334796,0.0060537095736858,312.08308146768127
1786122000,1786122048.0,30374136.0,0.1633808863016675,-0.1224686415535654,313.0391886832711
1786125600,1786125652.0,30410161.0,0.1632960330178828,0.8680608860297292,311.22577869195646
1786129200,1786129258.0,30446154.0,0.1635672288852942,0.0230784443860712,311.74265067869914
1786132800,1786132806.0,30481560.0,0.1633386055175052,0.8515288185001461,312.8833663143682
1786136400,1786136409.0,30517549.0,0.1635544285104459,0.0037276235677587,313.29678618130885
1786140000,1786140004.0,30553524.0,0.1633880365361941,0.3642043229063574,312.97805393263656
1786143600,1786143631.0,30589790.0,0.1636921315068343,-0.2006279006248069,313.5605632407803
1786147200,1786147226.0,30625699.0,0.1637375076638555,-0.0707163353649554,313.64748356628587
1786150800,1786150861.0,30661992.0,0.1637776045243313,0.0062764859234077,313.7242911320451
1786154400,1786154454.0,30697936.0,0.163473287798873,-0.2201544496452479,313.141357041323
1786158000,1786158050.0,30733818.0,0.1637144194372384,9.2895152361307e-05,313.6032568995815
1786161600,,,,,
1786165200,,,,,
1786168800,1786168851.0,30841525.0,0.1633652306467441,0.0085137801466202,312.9343680970663
1786172400,,,,,
1786176000,,,,,
1786179600,1786179645.0,30949167.0,0.1631457735472504,-0.0247127976569642,312.51398691508166
1786183200,1786183235.0,30984966.0,0.1627474469785401,-0.114771142765648,311.7509722112664
1786186800,,,,,
1786190400,,,,,
1786194000,,,,,
1786197600,1786197633.0,31128578.0,0.1628199260261039,0.0540760305734113,311.8898094954294
1786201200,,,,,
1786204800,,,,,
1786208400,,,,,
1786212000,,,,,
1786215600,,,,,
1786219200,,,,,
1786222800,,,,,
1786226400,1786226450.0,31416484.0,0.1625200890564204,-0.0317872590170123,311.9907050142544
1786230000,1786230029.0,31452247.0,0.1627950192642496,-0.0104640117504768,312.5184900398986
1786233600,1786233606.0,31487951.0,0.1628665258344838,-0.008093895693042,312.6557615943879
1786237200,,,,,
1786240800,1786240811.0,31559861.0,0.1630447660037487,0.0196221121413291,312.9979302234705
1786244400,,,,,
1786248000,,,,,
1786251600,,,,,
1786255200,,,,,
1786258800,,,,,
1786262400,,,,,
1786266000,,,,,
1786269600,1786269611.0,31847110.0,0.1629645659559593,0.3480753703461184,312.84396975250803
1786273200,,,,,
1786276800,,,,,
1786280400,1786280458.0,31955333.0,0.16310758645874,-0.0116944885503581,313.1185269949579
1786284000,,,,,
1786287600,1786287658.0,32027188.0,0.1623898252587912,-0.0259532916615423,311.74063688854676
1786291200,,,,,
1786294800,1786294807.0,32098605.0,0.1625426865635776,0.0001974653760687,312.0340855725008
1786298400,1786298438.0,32134879.0,0.1628521137868218,-0.1082024348361409,312.6280947075626
1786302000,1786302021.0,32170649.0,0.16289782867907,0.0018593845073375,312.71585383657225
1786305600,1786305643.0,32206895.0,0.1629949524450689,0.1216897395348261,313.07891679093416
1786309200,1786309229.0,32242705.0,0.1629311134342031,0.2046355115020686,312.95629551910304
1786312800,1786312827.0,32278673.0,0.1625609611065387,0.0047058462245643,312.2453109882669
1786316400,1786316404.0,32314429.0,0.1628484646657082,-0.0157096892048341,312.9165818244516
1786320000,1786320026.0,32350624.0,0.163938316032278,-0.0384783272526116,312.80360299048266
1786323600,1786323610.0,32386451.0,0.1634811085319636,-0.0894616171939987,312.76439782208007
1786327200,,,,,
1786330800,,,,,
1786334400,,,,,
1786338000,,,,,
1786341600,1786341628.0,32566229.0,0.1630163218099959,0.0054593573665303,312.48626650008794
1786345200,,,,,
1786348800,1786348833.0,32638079.0,0.1627262567692426,0.0205937277735414,313.595432293743
1786352400,1786352461.0,32674281.0,0.1626254840304938,-0.3102553095292673,313.40122964200884
1786356000,,,,,
1786359600,,,,,
1786363200,1786363206.0,32781499.0,0.1613778015450545,-0.016130273513017,309.3604429396908
1786366800,1786366845.0,32817821.0,0.1623640100968568,-0.1231336020506263,309.6471420270352
1786370400,,,,,
1786374000,1786374035.0,32889601.0,0.1624604680050733,-0.5677244441974515,308.2717581764776
1786377600,1786377629.0,32925501.0,0.1637998576992,-0.4154583947312329,307.0821452229982
1786381200,1786381242.0,32961592.0,0.1636665675134974,-0.0060458944575366,306.8322607802541
1786384800,,,,,
1786388400,,,,,
1786392000,1786392011.0,33069159.0,0.1640701536083805,-0.2518220860109533,307.5888797757753
1786395600,,,,,
1786399200,,,,,
1786402800,,,,,
1786406400,,,,,
1786410000,,,,,
1786413600,,,,,
1786417200,,,,,
1786420800,1786420863.0,33357506.0,0.1645247148059411,0.0587686150755659,308.44106383529004
1786424400,,,,,
1786428000,,,,,
1786431600,1786431608.0,33464981.0,0.1645920111142999,0.1782342310241338,308.5672269164226
1786435200,1786435244.0,33501243.0,0.1646527755426567,0.0111849613366346,308.6811444208402
1786438800,,,,,
1786442400,,,,,
1786446000,,,,,
1786449600,1786449617.0,33644805.0,0.1634348576925187,0.0363684060782411,309.4851495722842
1786453200,1786453256.0,33681189.0,0.1634061166932946,-0.0061014032662912,309.43072475392347
1786456800,,,,,
1786460400,1786460455.0,33753153.0,0.1640550531136831,0.0057960616832629,307.4390412997693
1786464000,,,,,
1786467600,,,,,
1786471200,,,,,
1786474800,,,,,
1786478400,,,,,
1786482000,1786482017.0,33969164.0,0.1619849444175952,0.6442251992631997,304.60477359700457
1786485600,1786485619.0,34005245.0,0.1620699220696617,0.3688697928390665,304.7645699198146
1786489200,,,,,
1786492800,,,,,
1786496400,1786496410.0,34113890.0,0.1620199317366371,-0.012492489241499,304.6705655410265
1786500000,,,,,
1786503600,,,,,
1786507200,1786507202.0,34222384.0,0.1619976771933974,0.0012477037406984,304.62871695979317
1786510800,,,,,
1786514400,1786514426.0,34294754.0,0.1613549819355633,-0.0101760297116907,305.1295303266444
1786518000,,,,,
1786521600,,,,,
1786525200,1786525251.0,34403137.0,0.1612302061669384,-0.0880220391155723,304.8935737344155
1786528800,,,,,
1786532400,,,,,
1786536000,,,,,
1786539600,1786539605.0,34547488.0,0.1592749540208421,-0.0058244460426729,304.5018511959089
1786543200,1786543245.0,34583815.0,0.1598765941010489,-0.748411424172531,303.9909547896754
1786546800,1786546809.0,34619415.0,0.1606415251771124,-0.2220529984171952,303.94113189721327
1786550400,,,,,
1786554000,1786554061.0,34691759.0,0.1597888408468865,0.0681007652224376,302.3278140443472
1786557600,1786557618.0,34727332.0,0.159942692447656,-0.0345612886215586,302.6189083279113
1786561200,1786561203.0,34763125.0,0.1600619048169129,-0.0066253479396129,302.8444635970619
1786564800,1786564826.0,34799328.0,0.1606542683317839,0.0475899203003032,302.33848065895074
1786568400,1786568418.0,34835182.0,0.160414239075513,0.0213024012613499,301.88676480098945
1786572000,1786572059.0,34871518.0,0.1611154501064189,0.1202601082050722,303.20638786427185
1786575600,1786575656.0,34907435.0,0.1604747073897802,0.1555309562171015,302.0005613309752
1786579200,1786579258.0,34943408.0,0.1603403646699294,0.0205025450487435,301.74773907963356
1786582800,1786582859.0,34979354.0,0.1607395355467788,-0.2980196134589554,302.498946736194
1786586400,1786586454.0,35015268.0,0.1608428475205571,-0.0666206297906847,302.69337160588685
1786590000,1786590054.0,35051176.0,0.1607939008302191,1.795265713313639,301.070147972028
1786593600,1786593658.0,35087119.0,0.1601203472303012,-0.0244712220347344,301.31286821450846
1786597200,,,,,
1786600800,1786600836.0,35158663.0,0.1595636005773203,-0.095848638996865,301.815827000806
1786604400,1786604441.0,35194573.0,0.1596711550348746,-0.1122349098189585,302.0192671177056
1786608000,1786608017.0,35230210.0,0.1603533609102617,0.2547611906377879,303.3096649886473
1786611600,1786611658.0,35266444.0,0.1608045305046663,0.0255453087970711,304.16305588582037
1786615200,1786615241.0,35302119.0,0.1608580830120191,-0.1484345218804403,302.5675779235826
1786618800,1786618821.0,35337758.0,0.1613783078920385,-0.0403883770666427,303.5460999784009
1786622400,,,,,
1786626000,,,,,
1786629600,1786629658.0,35445824.0,0.1612657356501881,0.0523275860409075,304.8857745055326
1786633200,1786633212.0,35481287.0,0.1612030246485703,-0.0034679444330979,304.76721434009403
1786636800,1786636825.0,35517310.0,0.1613837563278742,-0.0423178881404124,303.58221170349066
1786640400,1786640464.0,35553590.0,0.1620071634962744,0.246993122706048,302.44226504402667
1786644000,1786644033.0,35589268.0,0.1618912230092998,0.3282579409739679,303.7409601749403
1786647600,1786647651.0,35625363.0,0.1611987327240402,0.0124797216430154,302.4417071317751
1786651200,1786651212.0,35660903.0,0.1617207828283101,0.0158618613198612,305.0144689501095
1786654800,1786654860.0,35697311.0,0.1617768104909968,0.0385093723500429,305.1201402650885
1786658400,1786658461.0,35733259.0,0.1615350775692342,-0.0240627079117401,304.6642184134273
1786662000,1786662053.0,35769135.0,0.16152626168481,-0.1577734379821461,304.6475911608322
1786665600,1786665610.0,35804658.0,0.1619279076733562,0.6604802408756834,305.40511802757027
1786669200,1786669215.0,35840675.0,0.1616065828496221,0.1301441049259752,304.7990813836851
1786672800,1786672816.0,35876650.0,0.1616985098417127,0.0259859416372802,304.97246084787224
1786676400,1786676418.0,35912563.0,0.1615834618200566,-0.0034658864390181,304.75547382483484
1786680000,1786680058.0,35948884.0,0.1619212529508165,-0.3257130725772683,305.3925668475305
1786683600,,,,,
1786687200,1786687205.0,36020217.0,0.1622985280231162,-0.0029814467439845,306.10412879901924
1786690800,1786690811.0,36056282.0,0.1632240811276484,-0.0030391601918816,306.22296546090746
1786694400,1786694410.0,36092187.0,0.1632034576793936,0.0934150220149754,306.18427402862005
1786698000,,,,,
1786701600,1786701640.0,36164309.0,0.1634661600663332,-0.2530845319489794,306.67712718733617
1786705200,1786705202.0,36199822.0,0.1628477005192899,0.995619086647215,305.51684179804306
1786708800,,,,,
1786712400,,,,,
1786716000,1786716033.0,36307879.0,0.1639793609113026,0.0069812160501426,306.07075672816455
1786719600,1786719634.0,36343830.0,0.1637653348116313,-0.1552141269238063,305.67127273260604
1786723200,1786723214.0,36379528.0,0.1624493586275154,0.0966625141053876,304.8945666462178
1786726800,1786726828.0,36415580.0,0.1621725455249351,-0.0709109648644044,304.3750274392534
1786730400,1786730427.0,36451501.0,0.1631107176280778,-0.0077224841100411,306.1358443439427
1786734000,1786734048.0,36487665.0,0.1634666687435408,-0.4838791836367181,306.8039144552269
1786737600,1786737624.0,36523396.0,0.1629620826790053,0.0495026759458929,305.85687747839876
1786741200,1786741227.0,36559351.0,0.1629540414586468,0.0012117392493948,305.8417852403178
1786744800,1786744855.0,36595621.0,0.1627148326529989,0.9950226168435856,305.39282400247623
1786748400,1786748421.0,36631297.0,0.1630006530580901,0.2025747313662742,305.9292686476579
1786752000,1786752020.0,36667196.0,0.1626825666895528,-0.0657999978957487,305.332265333452
1786755600,,,,,
1786759200,,,,,
1786762800,1786762856.0,36775304.0,0.1624428452579155,-0.0279713832983133,304.882341968827
1786766400,,,,,
1786770000,1786770026.0,36846803.0,0.1624558919186836,0.1064907734256637,304.90682871358655
1786773600,,,,,
1786777200,1786777241.0,36918673.0,0.16264654247937,-0.709822700389343,305.2646529646174
1786780800,,,,,
1786784400,1786784438.0,36990351.0,0.1630458378788885,-0.0030650975636959,306.01407419243014
1786788000,,,,,
1786791600,1786791632.0,37062027.0,0.1626871202519398,0.0873180962406128,305.34081172872504
1786795200,1786795253.0,37098118.0,0.1629278259858941,-0.0486443898287456,305.7925824901691
1786798800,,,,,
1786802400,1786802448.0,37169847.0,0.162449076173511,-0.0694697124875759,304.89403651983264
1786806000,,,,,
1786809600,1786809651.0,37241713.0,0.1623979659424696,-0.0511117453631615,305.68684257160606
1786813200,1786813236.0,37277488.0,0.1623909544547297,0.681141686859656,305.6736446258282
1786816800,,,,,
1786820400,1786820428.0,37349300.0,0.1624901856689668,-0.0097659812894472,305.8604306880098
1786824000,1786824045.0,37385366.0,0.1626063976289277,-0.0485626382982407,306.079180146498
1786827600,1786827646.0,37421257.0,0.1624470742849689,0.0001376170305064,305.7792807624135
1786831200,1786831247.0,37457158.0,0.1623672905132193,0.2667700464292904,305.6291012381008
1786834800,1786834829.0,37492887.0,0.1623945472274929,-0.3185631883467542,305.6804074159635
1786838400,,,,,
1786842000,1786842027.0,37564643.0,0.162487723158359,-0.2343315400627458,305.8557954261816
1786845600,1786845605.0,37600323.0,0.1628385551021464,-0.3128860581547014,306.5161775223935
1786849200,1786849239.0,37636531.0,0.1623204376281285,0.6595407203635311,305.5409085663167
1786852800,1786852825.0,37672246.0,0.1624033698951774,-0.1334683046229669,305.6970146032018
1786856400,1786856439.0,37708251.0,0.1624334723439583,0.0385851801772565,305.7536773973945
1786860000,1786860053.0,37744264.0,0.1629304254307441,0.0376520690313831,306.689107956048
1786863600,1786863626.0,37779825.0,0.1625579218771968,-0.0061582916812218,305.98793270135974
1786867200,1786867231.0,37815690.0,0.1625800821272349,-0.0161234491311552,306.02964564293154
1786870800,1786870826.0,37851466.0,0.1626879032813523,-0.1593597683740953,306.23260082142343
1786874400,1786874427.0,37887317.0,0.1627711571137711,-0.1154862918174632,306.3893121510044
1786878000,,,,,
1786881600,1786881608.0,37958814.0,0.1626163183350959,-0.0402639792199266,306.0978542064041
1786885200,1786885258.0,37995170.0,0.1625269533017972,-0.3430655068251287,305.929639569559
1786888800,1786888817.0,38030573.0,0.1626540728493773,-0.2993673487486699,306.16892072621255
1786892400,1786892403.0,38066324.0,0.1625863319241049,-0.1430055009757495,306.0414098338241
1786896000,1786896060.0,38102762.0,0.162572174532047,-0.1533974950650154,305.98409554766914
1786899600,1786899634.0,38138392.0,0.1620967993198944,0.0987540031446411,305.0893713751286
1786903200,,,,,
1786906800,1786906839.0,38210216.0,0.1621563596992183,0.7145656423486382,305.2014725317402
1786910400,,,,,
1786914000,,,,,
1786917600,1786917658.0,38318109.0,0.1630882302662554,-0.3452586091649474,305.20985284441144
1786921200,1786921243.0,38353830.0,0.16297644579819,-0.0487934711004772,305.00065490908014
1786924800,1786924857.0,38389844.0,0.1632408137073358,0.032025569239913,305.4954036136031
1786928400,1786928456.0,38425702.0,0.162640141922604,0.2116244910071505,304.37128235282006
1786932000,1786932003.0,38461050.0,0.1616141010564615,-0.0035848222155357,305.8912756818326
1786935600,1786935603.0,38496910.0,0.1606604443956218,-0.0040893244791128,305.64439440071646
1786939200,,,,,
1786942800,1786942842.0,38569016.0,0.1607659576864645,0.0042224430930728,305.8451254892066
1786946400,,,,,
1786950000,,,,,
1786953600,,,,,
1786957200,,,,,
1786960800,,,,,
1786964400,1786964441.0,38784140.0,0.1612620656824007,-0.0914124553817608,306.6769081701919
1786968000,1786968030.0,38819895.0,0.1616581438677798,0.0158007760529457,307.4301419376729
1786971600,,,,,
1786975200,1786975215.0,38891610.0,0.1607830096245091,0.0158007760529457,305.76587289321765
1786978800,1786978827.0,38927712.0,0.1596216080641813,-0.1992754411718195,303.5572007038955
1786982400,1786982443.0,38963814.0,0.1588638006347481,0.0013446603130514,303.67929005043743
1786986000,1786986013.0,38999431.0,0.1592651504640875,0.3360352335301055,304.4464983807724
1786989600,1786989640.0,39035619.0,0.1596463298148542,-0.0075325607016182,305.1751494275194
1786993200,1786993222.0,39071336.0,0.1603437581442532,0.0017685253435566,306.50833256355617
1786996800,,,,,
1787000400,,,,,
1787004000,1787004061.0,39179386.0,0.1602285829360424,-0.0735597493370614,306.2881670801602
1787007600,1787007623.0,39214933.0,0.1603225717319108,0.0037129445338448,304.9264290287344
1787011200,,,,,
1787014800,,,,,
1787018400,,,,,
1787022000,,,,,
1787025600,,,,,
1787029200,,,,,
1787032800,1787032859.0,39466577.0,0.1614187505546309,-0.309638745459768,305.50677695596386
1787036400,1787036457.0,39502431.0,0.160613016811834,0.2863668096251432,305.90501587974313
1787040000,,,,,
1787043600,1787043611.0,39573736.0,0.1615448413634607,-0.1507518540982654,306.09574697691426
1787047200,,,,,
1787050800,,,,,
1787054400,1787054442.0,39681687.0,0.1617148133453892,-0.0081084997615867,306.41781050017147
1787058000,1787058021.0,39717387.0,0.1619035797095328,-0.231083571262047,306.77548568650974
1787061600,1787061653.0,39753589.0,0.1620471174939055,0.0158086803931423,307.0474615970751
1787065200,1787065245.0,39789427.0,0.1625219057710256,0.1654438244197633,311.57841147464643
1787068800,1787068859.0,39825426.0,0.1617963755446481,-0.008633522830886,310.1555621003132
1787072400,1787072457.0,39861339.0,0.1620828610509458,-0.4504476816719682,310.70474049161055
1787076000,,,,,
1787079600,,,,,
1787083200,,,,,
1787086800,,,,,
1787090400,1787090461.0,40040972.0,0.1620150534076696,-0.1986681681835808,310.5747566298323
1787094000,,,,,
1787097600,,,,,
1787101200,,,,,
1787104800,,,,,
1787108400,,,,,
1787112000,,,,,
1787115600,,,,,
1787119200,1787119204.0,40327281.0,0.1628111929764647,0.0055016016198695,310.5190899265528
1787122800,1787122807.0,40363094.0,0.1621397461108589,0.2613110173333067,309.2384834410264
1787126400,,,,,
1787130000,1787130020.0,40434733.0,0.1608309679846087,-0.0769738797720572,309.9735294084624
1787133600,,,,,
1787137200,,,,,
1787140800,1787140823.0,40541965.0,0.161550357893362,0.173930783755932,309.78648389897205
1787144400,,,,,
1787148000,1787148027.0,40613754.0,0.1637632838663377,0.2445314993621744,315.6450945814462
1787151600,1787151606.0,40649460.0,0.1614180698120571,0.2541198493755054,318.17660213650555
1787155200,1787155211.0,40685403.0,0.1519532023215936,0.135766627589992,315.868160729943
1787158800,,,,,
1787162400,1787162432.0,40757438.0,0.1512490560174465,0.3753289917462709,316.33224672034385
1787166000,1787166051.0,40793610.0,0.1510654302290471,0.0127881592401773,315.9155809664947
1787169600,1787169599.0,40829034.0,0.1507850111879529,-0.3055493806853814,316.96999308394487
1787173200,1787173242.0,40865372.0,0.1427934173849838,-0.1720048709165817,315.98780236723434
1787176800,1787176830.0,40901181.0,0.1387399374214201,-0.2232488908007708,317.28066338306473
1787180400,,,,,
1787184000,1787184043.0,40973266.0,0.1409033868397094,0.0710162511006064,316.58839381103934
1787187600,1787187604.0,41008730.0,0.1402490506329139,-0.0213803738986962,316.92218220570186
1787191200,,,,,
1787194800,1787194850.0,41080933.0,0.1409971645595677,-0.0451616460337168,318.61270272690075
1787198400,1787198404.0,41116346.0,0.1405713643651411,-0.0010782332633343,315.74854503828334
1787202000,1787202026.0,41152443.0,0.1405117516721984,-0.021355966477026,315.6146442175331
1787205600,,,,,
1787209200,,,,,
1787212800,,,,,
1787216400,,,,,
1787220000,,,,,
1787223600,1787223650.0,41368123.0,0.138479734449257,-0.0456282254922555,315.6880962319377
1787227200,,,,,
1787230800,1787230843.0,41439856.0,0.1385735294545508,0.003085011209,316.4731976875616
1787234400,,,,,
1787238000,1787238058.0,41511840.0,0.1392356462831743,0.0001168247005264,317.5253058376659
1787241600,1787241621.0,41547380.0,0.1366940688643096,-0.399470675533032,317.9332608393671
1787245200,1787245243.0,41583526.0,0.13572564495662,-0.2941939427891211,318.42457837627666
1787248800,,,,,
1787252400,1787252458.0,41655507.0,0.1361731904410449,-0.0082560456798111,316.0800895397928
1787256000,1787256010.0,41690919.0,0.1341748541071798,-0.0321594555705987,311.44162637907135
1787259600,1787259613.0,41726794.0,0.1348124692513331,0.3360907152616067,312.9216346773506
1787263200,,,,,
1787266800,1787266803.0,41798485.0,0.1350492573435897,-0.0063956222669516,311.83277317914315
1787270400,,,,,
1787274000,1787274006.0,41870237.0,0.1336460017687487,0.0070114748894832,313.57398815882
1787277600,1787277636.0,41906473.0,0.1323732333876801,-0.1298399887834274,312.75479224221357
1787281200,,,,,
1787284800,1787284835.0,41978160.0,0.1332063209087391,-0.0001133508501597,312.64090976208144
1787288400,1787288455.0,42014242.0,0.1327361278139963,0.0222144639284367,311.5373465384942
1787292000,,,,,
1787295600,,,,,
1787299200,,,,,
1787302800,1787302843.0,42157504.0,0.1280422006581058,-0.1105492976786825,311.8429384367969
1787306400,1787306405.0,42193029.0,0.1298610244026811,0.1285544530480815,310.7709385446388
1787310000,,,,,
1787313600,,,,,
1787317200,1787317260.0,42301207.0,0.1307986476211629,-0.001718528438013,312.90204067586745
1787320800,1787320844.0,42336918.0,0.1289475617683355,0.0887529564046716,308.6192259094811
1787324400,1787324429.0,42372682.0,0.1292811310284573,0.0023199381778933,309.0097786843807
1787328000,1787328061.0,42408855.0,0.1301564829826554,0.0111072319642183,312.7174298529907
1787331600,1787331629.0,42444437.0,0.1292595403079213,-0.1015563520562092,310.4416668047564
1787335200,,,,,
1787338800,1787338805.0,42516034.0,0.1277015777164648,0.0111087704891752,307.8224821587172
1787342400,,,,,
1787346000,,,,,
1787349600,,,,,
1787353200,,,,,
1787356800,1787356826.0,42695728.0,0.1231533786501938,-0.376098346437848,310.2810153031185
1787360400,,,,,
1787364000,1787364034.0,42767627.0,0.1236288848326311,-0.1489546266700682,311.30851737085317
1787367600,,,,,
1787371200,,,,,
1787374800,,,,,
1787378400,1787378451.0,42911382.0,0.1266586785932705,0.1821327747548363,308.1157462056472
1787382000,,,,,
1787385600,1787385634.0,42982997.0,0.1270817779853549,5.02141491356e-07,310.27016095124395
1787389200,,,,,
1787392800,1787392845.0,43054848.0,0.127778529907492,-4.6994391431163e-05,308.49448192407124
1787396400,,,,,
1787400000,,,,,
1787403600,1787403612.0,43162146.0,0.1273893169113086,0.0007166989365288,309.0482111151494
1787407200,1787407218.0,43198058.0,0.1274788481281137,0.0940903761167156,309.2654150617868
1787410800,1787410860.0,43234353.0,0.1282057638996336,0.0011468067655725,309.44498962793824
1787414400,1787414448.0,43270141.0,0.1285183009945663,0.0005611308760232,310.19934758469526
1787418000,,,,,
1787421600,1787421654.0,43342008.0,0.1276503433918852,0.0083304239731637,309.7075225484699
1787425200,,,,,
1787428800,1787428817.0,43413550.0,0.1270318073116498,0.0011742456079328,309.79528319565026
1787432400,,,,,
1787436000,1787436013.0,43485291.0,0.1284338537973243,0.2274413049157568,309.8493147547916
1787439600,,,,,
1787443200,,,,,
1787446800,1787446803.0,43592861.0,0.1273805809498043,0.0046780475623993,308.85659152339605
1787450400,,,,,
1787454000,,,,,
1787457600,,,,,
1787461200,,,,,
1787464800,1787464840.0,43772662.0,0.1302604078102754,-0.0231357425246126,309.84350672203755
1787468400,1787468442.0,43808538.0,0.1295550281803395,-0.0038478020490309,309.709820504501
1787472000,,,,,
1787475600,1787475644.0,43880270.0,0.1284615993043347,-0.0439426431893678,310.6516156017933
1787479200,1787479213.0,43915825.0,0.1285845396097184,7.5962e-07,309.347094066802
1787482800,,,,,
1787486400,,,,,
1787490000,,,,,
1787493600,,,,,
1787497200,1787497243.0,44095396.0,0.1276789835409266,-0.3237959054809156,311.7566557639763
1787500800,1787500834.0,44131191.0,0.127351115405919,0.0019557491030489,310.3034668683619
1787504400,1787504457.0,44167302.0,0.1266434747640876,0.0033129524585091,310.1951887544183
1787508000,1787508006.0,44202694.0,0.1270828309768747,0.0116699129342769,309.51913064234674
1787511600,,,,,
1787515200,1787515259.0,44275028.0,0.126902251212868,-0.1647968157489275,310.7969988063205
1787518800,,,,,
1787522400,1787522444.0,44346783.0,0.1256909478045187,0.2713233263190946,311.44645729112176
1787526000,1787526037.0,44382802.0,0.126349277986256,-0.3642903335334617,311.1118377677204
1787529600,1787529654.0,44418891.0,0.126097576710266,0.079594983927345,310.4891966377969
1787533200,1787533247.0,44454719.0,0.1259608276281432,0.0349807519938992,310.1742073738284
1787536800,1787536850.0,44490664.0,0.1275454499858117,0.0101817798607308,310.6105542868423
1787540400,1787540441.0,44526467.0,0.126904418981842,0.2592153275,310.8151361980925
1787544000,,,,,
1787547600,,,,,
1787551200,,,,,
1787554800,1787554832.0,44669972.0,0.1261537754353632,0.0550597437545436,309.3694265756499
1787558400,1787558403.0,44705570.0,0.1261196848670904,-0.0064546953930333,309.51638688474753
1787562000,,,,,
1787565600,,,,,
1787569200,1787569221.0,44813449.0,0.1260416824852453,0.0005924407881021,311.447509482594
1787572800,,,,,
1787576400,1787576452.0,44885579.0,0.1238662237538701,-0.0526457114107728,311.5427017754341
1787580000,1787580044.0,44921428.0,0.125171330059931,-0.489628833039905,311.6266484435975
1787583600,,,,,
1787587200,1787587259.0,44993558.0,0.125397155275031,-0.1173900728898087,311.4840257600715
1787590800,1787590832.0,45029244.0,0.1265532692768629,-0.1253046083658716,314.22247010896467
1787594400,1787594419.0,45065062.0,0.1263138189792078,0.2932315141031352,310.94121208569317
1787598000,1787598054.0,45101363.0,0.1258016445194719,1.6019,311.2461988455686
1787601600,1787601634.0,45137125.0,0.1257420769040543,-0.1767264390870939,311.0988224424712
1787605200,,,,,
1787608800,1787608830.0,45209017.0,0.125338797863098,-0.5109040414192211,310.10106864480673
1787612400,,,,,
1787616000,,,,,
1787619600,1787619609.0,45316578.0,0.1246748222970211,-0.0101733963852893,311.7020142514202
1787623200,1787623235.0,45352734.0,0.1247812716861213,0.244467481877132,312.04541610633146
1787626800,1787626807.0,45388382.0,0.1238417247467149,0.0614341539557575,309.95833589195723
1787630400,,,,,
1787634000,1787634024.0,45460202.0,0.1240477321529721,0.0047382378691986,308.87724537996326
1787637600,1787637647.0,45496297.0,0.123210640047988,0.0142250754440041,308.38637462706964
1787641200,1787641237.0,45532103.0,0.1239248364463886,0.0289435507824316,310.1739510732977
1787644800,1787644823.0,45567872.0,0.1247749087449264,-0.1086781978633993,309.89545477273515
1787648400,1787648403.0,45603589.0,0.1248501950755171,0.0064485825879743,310.1016660266186
1787652000,,,,,
1787655600,1787655621.0,45675526.0,0.1248811778961153,-0.5518214778123642,310.02127056244314
1787659200,,,,,
1787662800,1787662854.0,45747633.0,0.1257699703246694,-0.1259379789594778,310.5519394834167
1787666400,1787666462.0,45783595.0,0.1264181586530712,-0.0072825493972118,310.0389444755406
1787670000,1787670061.0,45819501.0,0.1250384863200621,0.8210304686260554,309.92414334749554
1787673600,1787673667.0,45855503.0,0.124817741267079,0.4670444261224161,309.37699803682
1787677200,1787677207.0,45890962.0,0.1254039490371692,-0.059323183443324,310.8299902019987
1787680800,1787680851.0,45927354.0,0.1253797313265582,0.7592983460905055,309.10742821930296
1787684400,1787684442.0,45963100.0,0.1251593214685054,0.05331813250944,308.56403636755755
1787688000,,,,,
1787691600,1787691608.0,46034237.0,0.1268418021215324,-0.0064632892125531,309.41275911449145
1787695200,1787695203.0,46069992.0,0.1266562560991276,-0.0064585185398947,308.1422851699769
1787698800,1787698858.0,46106242.0,0.1264659515208504,0.1657948591510393,309.3330714045129
1787702400,,,,,
1787706000,1787706027.0,46177412.0,0.1263068099044668,-0.0684847904881695,308.9438143405189
1787709600,1787709616.0,46213038.0,0.1257590068891633,0.0604874839338021,309.2659712503987
1787713200,,,,,
1787716800,1787716850.0,46284847.0,0.1257672554993096,0.6596571731120223,309.28625619452686
1787720400,1787720441.0,46320474.0,0.1256868090547798,0.7957097116547563,308.9308333658668
1787724000,1787724028.0,46356085.0,0.1257249084570953,0.0106163211958592,309.0244794707889
1787727600,1787727644.0,46391983.0,0.1257742037010723,-0.3197935197933437,309.1456443003945
1787731200,1787731255.0,46427833.0,0.1256960632740578,-0.1816282768136945,308.9535796961715
1787734800,1787734807.0,46463089.0,0.1260031044655068,0.0023340343024873,309.70826900577634
1787738400,1787738450.0,46499273.0,0.1264035939594709,0.0054490769074646,309.11248225341035
1787742000,1787742056.0,46535069.0,0.1255473644237079,-0.4075028623077661,310.54768327026267
1787745600,1787745616.0,46570415.0,0.1257581992935122,-0.0064425009472312,309.4905889141954
1787749200,1787749205.0,46606010.0,0.1266644784880576,0.1047448306219906,311.72093956501783
1787752800,1787752825.0,46641810.0,0.1271342947660423,-0.0804667000457767,311.225300264739
1787756400,1787756449.0,46677653.0,0.1280381861709727,-3.8864656996774e-05,313.4950969303181
1787760000,1787760059.0,46713321.0,0.1278468616329248,-0.0131165313595736,312.93641405019423
1787763600,1787763630.0,46748616.0,0.1279075357167383,0.8134020427982901,313.084928686939
1787767200,1787767247.0,46784347.0,0.1272885281110765,0.3232854398540222,313.2360222530872
1787770800,,,,,
1787774400,1787774447.0,46855667.0,0.1269683630242005,0.0197714672682656,314.1146513873511
1787778000,1787778010.0,46890895.0,0.1269155301875099,0.0001337713335317,312.34834246382644
1787781600,1787781658.0,46926978.0,0.1247843609407727,0.302328920975431,312.15204962779205
1787785200,1787785253.0,46962594.0,0.1252383935386049,-0.7930812761261314,313.2130875993657
1787788800,1787788833.0,46998026.0,0.1245671381643967,-1.0071460335717837,311.5343215086892
1787792400,1787792458.0,47033899.0,0.124792601901134,-0.4120639092332755,312.0981916696667
1787796000,1787796056.0,47069604.0,0.1243501172285264,0.0017483554303622,310.8334667417386
1787799600,1787799654.0,47105283.0,0.1248023357414143,-0.0202972529982682,311.9638609160152
1787803200,1787803249.0,47140941.0,0.1249919951797596,0.0356940787419633,312.4379457181455
1787806800,,,,,
1787810400,1787810435.0,47212145.0,0.1245949824869056,0.0015620791010009,309.848621034119
1787814000,1787814036.0,47247879.0,0.1248163589799128,1.4579121437e-08,310.39915043521154
1787817600,1787817646.0,47283657.0,0.1244952411215524,7.89605e-07,309.6005795488369
1787821200,,,,,
1787824800,1787824859.0,47355097.0,0.1224821058024249,0.0677644825849452,310.9784700371815
1787828400,1787828439.0,47390554.0,0.1239977628701054,0.1448858614477948,310.357581215988
1787832000,1787831999.0,47425844.0,0.1241713239891288,-0.0129727960735614,310.79199235249916
1787835600,1787835619.0,47461720.0,0.1243478273669645,0.0010358531093115,311.2337677535515
1787839200,,,,,
1787842800,1787842835.0,47533185.0,0.1245787042359392,-0.3413625624914241,313.41040471778365
1787846400,1787846452.0,47569039.0,0.1247866105105879,-0.3490921504630109,315.61199240128184
1787850000,,,,,
1787853600,,,,,
1787857200,1787857241.0,47675928.0,0.1253073883833943,0.010946727303238,313.410995582033
1787860800,1787860802.0,47711217.0,0.1258033505340761,-0.0794665270365172,314.61782525015485
1787864400,1787864416.0,47747028.0,0.1253712704251362,0.1263030285385015,313.5372490681104
1787868000,,,,,
1787871600,,,,,
1787875200,1787875248.0,47854468.0,0.1253379354046373,0.001519837920639,315.03314050149373
1787878800,1787878825.0,47889942.0,0.1251622051237784,0.1138340986680224,314.59144771246326
1787882400,,,,,
1787886000,1787886037.0,47961365.0,0.1264834148003791,0.0563340774591998,314.82396834019056
1787889600,1787889651.0,47997041.0,0.1267548930214266,-0.3018147058812177,315.4996921179126
1787893200,1787893244.0,48032657.0,0.1269660773515044,0.0025068675632696,316.0253411838498
1787896800,1787896845.0,48068353.0,0.1264955137164283,-0.0021745754932331,314.85408318781094
1787900400,1787900449.0,48104097.0,0.1261708593823976,-0.0928535100605697,315.69041657118134
1787904000,1787904056.0,48139868.0,0.126407866773727,0.0013848723363899,316.2834295891276
1787907600,1787907658.0,48175575.0,0.1269985528061493,0.0008207615061695,316.10429718053695
1787911200,1787911256.0,48211269.0,0.1267288728055629,-0.0675787938843008,315.43305325558345
1787914800,1787914859.0,48247024.0,0.1258461512420072,0.0101075528720938,314.82896735416125
1787918400,1787918437.0,48282545.0,0.126417003601623,0.05555679,316.2570671181653
1787922000,1787922042.0,48318309.0,0.1267011991311227,0.0203318555254429,316.96803828570626
1787925600,1787925641.0,48353881.0,0.1259462022688904,-0.2731286244608685,316.6929850671476
1787929200,1787929224.0,48389331.0,0.1273243365835873,0.1764602593299025,318.8175923185709
1787932800,1787932856.0,48425064.0,0.1299751465955496,0.1648458904781059,322.02145346113116
1787936400,1787936455.0,48460632.0,0.1314566947115732,-0.1258362324844688,321.268221196833
1787940000,1787940058.0,48496321.0,0.1307242940712612,0.0033685635186399,319.47830055846066
1787943600,1787943656.0,48531998.0,0.1316103521629366,-0.0598934864525528,318.3695065046733
1787947200,1787947210.0,48567211.0,0.1314746593473444,-0.0381345478977382,319.69061187018514
1787950800,,,,,
1787954400,1787954461.0,48638982.0,0.132122103575841,0.1333710440215189,321.2649216465891
1787958000,1787958059.0,48674606.0,0.1312276506524338,0.1689680391847345,320.7387500656395
1787961600,1787961642.0,48710106.0,0.131150560051042,-0.3143096686025259,320.5503298431538
1787965200,,,,,
1787968800,1787968820.0,48781278.0,0.1310470902629679,0.0041050625461468,320.29743519533037
1787972400,1787972445.0,48817152.0,0.131851162510773,0.0001477119264729,322.2627003390807
1787976000,1787976037.0,48852705.0,0.1321552299755114,0.0634919795863562,323.0058837923464
1787979600,,,,,
1787983200,1787983251.0,48924081.0,0.1315730851726737,-0.1992867539931174,321.58304039393863
1787986800,1787986830.0,48959578.0,0.1320134673898811,-0.0507295593991757,321.0343948781523
1787990400,1787990457.0,48995496.0,0.1319958875505403,0.0029952434218825,320.9916436861988
1787994000,,,,,
1787997600,1787997635.0,49066654.0,0.1319875150057917,-0.0029489200640413,320.97128307534524
1788001200,,,,,
1788004800,,,,,
1788008400,1788008448.0,49173792.0,0.1317500557444953,1.4277918705241095,320.3938223679967
1788012000,1788012012.0,49209084.0,0.1315878432821388,0.1432514295360164,319.9993491318645
1788015600,1788015658.0,49245182.0,0.1311278614171935,0.0004541177422866,320.48584906541714
1788019200,1788019224.0,49280259.0,0.1311485996751714,0.0002848220040172,320.5365348475565
1788022800,1788022836.0,49316028.0,0.13088256191416,0.0739485454678289,319.8863195782787
1788026400,1788026400.0,49351348.0,0.1311484921496278,-0.3810972531766596,320.5362720474561
1788030000,,,,,
1788033600,1788033636.0,49422793.0,0.131128569538499,0.2443844746238746,322.09258711025086
1788037200,1788037260.0,49458751.0,0.1309224990146972,-0.3779415506370763,321.5864137540396
1788040800,1788040859.0,49494366.0,0.1310435217432645,-0.0334903632834871,321.88368324977625
1788044400,1788044457.0,49530024.0,0.1307202357268534,0.5533218074328458,321.0895921545337
1788048000,1788048055.0,49565640.0,0.1304978591050494,0.022724702136546,320.5433659455407
1788051600,1788051659.0,49601323.0,0.1304634270909593,-0.0334218255184909,320.4587902002494
1788055200,1788055238.0,49636779.0,0.1309129373890377,0.0007792531637678,321.5629274248858
1788058800,1788058851.0,49672582.0,0.1308847163995271,0.3285951434150499,321.4936078894537
1788062400,1788062424.0,49707861.0,0.1307280622103767,0.0966071394313921,321.1088164344512
1788066000,1788066056.0,49743781.0,0.1312886841996514,0.0928628997243476,322.48587856173515
1788069600,,,,,
1788073200,1788073251.0,49815032.0,0.1310046033841433,-0.0713857424652494,321.7880876444894
1788076800,1788076839.0,49850521.0,0.1312267301863381,-1.6916813996818352,322.33370021875334
1788080400,1788080447.0,49886244.0,0.1310161120814006,-0.0755270353134151,321.8163565876108
1788084000,1788084026.0,49921713.0,0.1311161874482873,0.0001342181722323,322.0621728421462
1788087600,1788087636.0,49957429.0,0.1305869886732015,0.0395036013955885,320.7622959109569
1788091200,1788091251.0,49993214.0,0.1309169285797062,0.0067090625237706,321.57273103162527
1788094800,1788094837.0,50028583.0,0.1304607980100997,0.0149182109834152,322.0589701327996
1788098400,1788098444.0,50064233.0,0.1300013260672052,-0.0338357081273466,320.92470556451093
1788102000,1788102039.0,50099589.0,0.130476880091907,0.012255116697633,322.09867078451606
1788105600,1788105665.0,50135395.0,0.1301598957354059,-0.0246734080259622,322.985273272623
1788109200,1788109264.0,50171004.0,0.1277153503898182,0.7677921599116521,322.20945657438534
1788112800,1788112861.0,50206623.0,0.1284782655806649,-0.0856938736890329,322.14926574376415
1788116400,1788116433.0,50241936.0,0.128007321841119,0.0113067675896766,320.96841091811984
1788120000,1788120033.0,50277415.0,0.1289175033036816,0.5338640655027576,323.25062019712067
1788123600,1788123629.0,50312800.0,0.1297704762620953,0.0160903254475175,323.4090334760245
1788127200,1788127255.0,50348491.0,0.1296632900033123,-0.0016319175970362,320.9600873459701
1788130800,1788130853.0,50384100.0,0.1302234998292886,-0.9263555673947363,320.68066094342396
1788134400,1788134464.0,50419725.0,0.133094495469097,-0.6210461465707745,321.65027205718536
1788138000,1788138053.0,50455258.0,0.1318286241464624,-1.5621191601760245,320.3246368387371
1788141600,1788141636.0,50490784.0,0.1326995108074938,-0.1827867437025509,320.7364699904104
1788145200,1788145260.0,50526683.0,0.1327055625572724,-0.0019179805659027,319.0102002821436
1788148800,1788148852.0,50562291.0,0.1322036340226436,0.5269034480131842,319.4012323956661
1788152400,1788152430.0,50597741.0,0.1322481956045072,-1.5776410929536524,319.50889225138764
1788156000,1788156024.0,50633378.0,0.1313540370537265,-0.2801578945355055,319.1598285284297
1788159600,,,,,
1788163200,1788163233.0,50704865.0,0.1308555339245265,0.1585624895427091,319.55060091235333
1788166800,1788166818.0,50740439.0,0.13060797714543,-0.0071264719879431,318.9460646336978
1788170400,1788170461.0,50776592.0,0.1306562547834363,0.0528964530418044,320.67879205282253
1788174000,1788174064.0,50812339.0,0.1302678317853411,0.9214237817802512,319.85181809581945
1788177600,1788177674.0,50848155.0,0.1306298483898514,0.0712670045250628,320.7406919455377
1788181200,1788181279.0,50883984.0,0.1302649776808202,-0.2430850707194338,319.8448102988251
1788184800,1788184864.0,50919642.0,0.130152380148942,-0.4374611883028361,317.8464290855328
1788188400,1788188440.0,50954989.0,0.127845821418668,-0.0954443028356675,315.949499309696
1788192000,1788192058.0,50990662.0,0.1278464824032322,-0.063045703652849,315.9977318077006
1788195600,1788195664.0,51026201.0,0.1273814464336881,0.0870769058485593,314.8483039249572
1788199200,1788199253.0,51061652.0,0.1274065430602523,-0.7264743557451505,314.91033517463444
1788202800,1788202861.0,51097294.0,0.1273093320534747,0.0001449949939232,316.6505690017339
1788206400,1788206455.0,51132871.0,0.1276013420580518,0.0708488207016981,317.37687187845233
1788210000,1788210059.0,51168466.0,0.1281258596612193,0.6871537884190646,316.9110113163199
1788213600,1788213628.0,51203781.0,0.1281032970647908,0.0777186079661226,316.8552041961102
1788217200,1788217259.0,51239624.0,0.1285109409233906,0.0104517461238453,317.8634848650348
1788220800,1788220857.0,51275234.0,0.128774345742149,-0.1152635224664506,318.5149996156014
1788224400,1788224428.0,51310585.0,0.1283784418403506,0.044283086722007,317.535756969076
1788228000,1788228062.0,51346550.0,0.1287659735787258,-0.0041647292591629,316.8194216085266
1788231600,1788231639.0,51382010.0,0.1286593995638,-0.069568510938253,316.5572039059078
1788235200,1788235244.0,51417772.0,0.1283771834623496,-0.007769047276003,317.5717102637443
1788238800,1788238859.0,51453549.0,0.1286551680751584,0.672210536222903,318.2593717822148
1788242400,1788242459.0,51489254.0,0.1277544509579546,-0.086061521380827,316.0312322666121
1788246000,1788246058.0,51524957.0,0.1283635378243601,-0.2006563538946629,317.53795450997956
1788249600,1788249638.0,51560457.0,0.1281152794555048,-0.9867551932563016,316.9238279755102
1788253200,,,,,
1788256800,1788256823.0,51631752.0,0.1289312642129705,-0.0589870788260207,315.5773195382351
1788260400,1788260458.0,51667753.0,0.1288239603206637,-0.0690530459930545,316.89797857161983
1788264000,1788264060.0,51703476.0,0.1289223051903064,0.2242919356774639,317.13990010791696
1788267600,1788267651.0,51739052.0,0.1296231779374788,-0.6646664482563321,317.1244010558213
1788271200,1788271259.0,51774769.0,0.132072858329276,0.0050830743433448,323.25345451347073
1788274800,1788274857.0,51810366.0,0.1326355625543577,-0.2067452467636855,324.6306949770146
1788278400,1788278454.0,51845849.0,0.1332227750158652,-0.1466310179746228,326.09415777469155
1788282000,1788282060.0,51881319.0,0.134313848016702,-0.014384527035435,326.9647400351206
1788285600,1788285659.0,51916876.0,0.13455889583094,-0.0068002568600324,325.8987342638179
1788289200,1788289249.0,51952411.0,0.1349279089516644,0.0035591456424683,324.1339019984869
1788292800,1788292857.0,51988207.0,0.1347005256799472,-0.3192051755205111,325.53194973554986
1788296400,1788296463.0,52023775.0,0.1343418860610037,0.7430673259622124,324.6652222018764
1788300000,1788300074.0,52059289.0,0.1350454134836918,-0.7335585587596115,326.30077942170067
1788303600,1788303657.0,52094791.0,0.135210291623155,-0.0306544719169345,326.6991629286158
1788307200,1788307260.0,52130419.0,0.1345820000787913,0.366464247433505,325.18106605037786
1788310800,1788310861.0,52166021.0,0.1353659490986421,-0.6584986361114064,327.075267190612
1788314400,1788314442.0,52201495.0,0.1356153416368787,-0.7302046804326171,324.21966059341196
1788318000,1788318060.0,52237344.0,0.1348662250664117,-0.3019256177680635,324.12098783521117
1788321600,1788321654.0,52272991.0,0.1347947006672708,0.9495976933044512,325.98076435869433
1788325200,1788325223.0,52308373.0,0.1346189213656704,-0.257808211766874,323.9155657799947
1788328800,1788328866.0,52344486.0,0.1344737970150601,-0.052839459066791,325.296832226098
1788332400,1788332456.0,52380185.0,0.1345012870139295,0.1583817752305621,325.36333149769297
1788336000,1788336056.0,52415887.0,0.1344542961620093,-0.1480121907769501,325.2496589784918
1788339600,1788339636.0,52451382.0,0.135607843849313,-0.2343822447891693,324.32381488997174
1788343200,1788343248.0,52487229.0,0.136824963772949,0.0652414918488812,325.2739863774317
1788346800,1788346839.0,52522873.0,0.1370640848612586,-0.0372852983994316,324.1601578149435
1788350400,1788350441.0,52558601.0,0.1371452673067833,0.3925421582109263,326.11017437382765
1788354000,1788354055.0,52594453.0,0.1375152935757979,0.0321774942349415,326.9900394503331
1788357600,1788357653.0,52630008.0,0.1358065978531037,-0.4901269777520315,325.65953787367005
1788361200,1788361262.0,52665659.0,0.1357899147981774,1.7926739675419647,323.98150851392154
1788364800,1788364828.0,52700916.0,0.1362932927950571,-1.7378543246672535,325.1825193770935
1788368400,1788368429.0,52736336.0,0.1365558982041231,0.9803550453205284,325.79694040242924
1788372000,1788372061.0,52770646.0,0.1364814540734016,0.6135050240304368,325.7802618548857
1788375600,1788375665.0,52805302.0,0.1360501935702072,-0.7330026083868775,324.75084609571024
1788379200,1788379260.0,52840081.0,0.1362728005371952,0.138729351532264,325.28220734540116
1788382800,1788382871.0,52874881.0,0.1363774138421417,0.0370187156315604,325.531918561554
1788386400,1788386457.0,52909635.0,0.1364518884084965,-0.0245117956484517,325.7096888226735
1788390000,1788390044.0,52944386.0,0.1368378593191472,0.0715999544074552,326.6309986460032
1788393600,1788393662.0,52979519.0,0.1360589303204991,-1.2297017904022434,324.7717006566261
1788397200,,,,,
1788400800,1788400848.0,53049547.0,0.1363606594994756,-0.2196829647231884,325.29881209858263
1788404400,1788404454.0,53084678.0,0.1351502755117076,-0.0752648668644399,324.25464935198687
1788408000,1788408061.0,53119798.0,0.1353123653426187,0.38301624,324.64353780291015
1788411600,1788411657.0,53154813.0,0.135004352778841,0.4699514613885661,323.9045492548987
1788415200,1788415253.0,53189966.0,0.1351928844405417,-0.0491647169398973,323.99963039279066
1788418800,1788418858.0,53225257.0,0.1348919531540788,0.4876271072836065,324.9270488085839
1788422400,1788422445.0,53260330.0,0.1356827380832982,0.0129980557964148,325.1541840249583
1788426000,1788426061.0,53295639.0,0.1355258752095998,0.2782324874415411,326.4432028134044
1788429600,1788429661.0,53330862.0,0.1359060500206066,0.0524487003783843,325.70365089449336
1788433200,1788433227.0,53365740.0,0.1355717377185357,-0.1622000412474084,324.9024596501969
1788436800,,,,,
1788440400,1788440427.0,53435906.0,0.1342521448835912,0.191876794489379,325.03088686612864
1788444000,1788444029.0,53470680.0,0.1345982906595642,-4.676079451667807,327.54382047707696
1788447600,1788447645.0,53505422.0,0.1319839359178862,-3.488020736604966,328.10573759183166
1788451200,1788451237.0,53540005.0,0.1312161149748686,-0.139443620443799,329.8177696866327
1788454800,1788454846.0,53574412.0,0.1322132054557001,-0.4093096779780112,330.4510414518677
1788458400,1788458483.0,53609140.0,0.1309866879460866,0.3618186639613945,327.3855081186899
1788462000,1788462111.0,53644483.0,0.130262704417608,-3.355989132268036,327.2162062230688
1788465600,1788465675.0,53679971.0,0.1309472864045529,-0.2078524049377586,328.7654235573188
1788469200,1788469276.0,53715313.0,0.1310519295160514,0.2122980262058899,329.0281478780648
1788472800,1788472853.0,53750519.0,0.1306955428741832,-0.0908545972490013,328.3918593866321
1788476400,1788476458.0,53786227.0,0.1314247619205276,-0.7830240633341131,328.29352486041245
1788480000,1788480027.0,53821557.0,0.1308805120432389,-0.6021515127880537,326.9340115692413
1788483600,1788483662.0,53857523.0,0.1311796580006663,-0.3394561103043915,329.40547532885756
1788487200,1788487259.0,53893189.0,0.1310622343542773,0.1647427608021002,327.3476420598544
1788490800,1788490812.0,53928398.0,0.1310860294512503,0.1878347523335764,327.4070738933271
1788494400,1788494448.0,53964257.0,0.1311471424653747,-0.2263553170495436,329.39399741314804
1788498000,1788498050.0,53999847.0,0.1310147301171408,0.0226549096204668,329.0614256782881
1788501600,1788501638.0,54035315.0,0.1309262592160238,-0.0220293854925256,328.8392189017938
1788505200,1788505241.0,54070886.0,0.1306283613228971,-0.6081612337235405,328.09100757218846
1788508800,1788508856.0,54106531.0,0.1307613092381738,1.139876928767051,328.42492445697536
1788512400,1788512464.0,54142150.0,0.129907484144934,0.2563815171172627,328.09037500927514
1788516000,1788516044.0,54177578.0,0.1297986719730729,0.102717891125011,327.94543064700684
1788519600,1788519651.0,54213276.0,0.1296186857579922,0.0067000822205968,327.49068287557037
1788523200,1788523234.0,54248679.0,0.1298411323393467,4.280296032393849,328.0527097346232
1788526800,1788526839.0,54284285.0,0.1336506117250014,0.1123317279181488,328.4115355997142
1788530400,1788530459.0,54320123.0,0.1320434350974443,-1.9630670688788547,324.2568225249726
1788534000,1788534062.0,54355707.0,0.1315947249509988,-0.1174167077197003,321.30432829334995
1788537600,1788537651.0,54391176.0,0.1311385559930992,-0.0190543404724999,321.97425460863343
1788541200,1788541242.0,54426667.0,0.1304822570530319,0.0214707531537073,320.3628950780334
1788544800,1788544824.0,54462101.0,0.1314611051837191,0.3665204872558431,322.76618444527065
1788548400,1788548455.0,54497907.0,0.1313692248299209,-0.3804304618654333,322.54059778844555
1788552000,1788552050.0,54533484.0,0.1305532183553387,-0.0050355091562325,320.5371208215096
1788555600,1788555653.0,54569131.0,0.1306031103309349,0.6064709214036667,320.65961669262765
1788559200,1788559250.0,54604709.0,0.130668931193397,-0.138571582457322,320.82122151562146
1788562800,1788562827.0,54640143.0,0.1307740501149241,0.6920236915699371,321.0793117938592
1788566400,1788566462.0,54676140.0,0.1303878263941914,-0.0449392922916035,320.13104685641673
1788570000,1788570054.0,54711774.0,0.1306887428677413,0.0061578848868614,320.86986357234724
1788573600,1788573644.0,54747380.0,0.1307368368614445,-0.3784499306025431,320.9879449989458
1788577200,,,,,
1788580800,,,,,
1788584400,1788584462.0,54854673.0,0.1311123603933632,0.0450165835016619,321.90993859847794
1788588000,1788588053.0,54890290.0,0.1309127377615395,0.199688053813559,321.41982074108876
1788591600,1788591611.0,54925630.0,0.1307163349954661,-0.0363563119907936,320.93760836860474
1788595200,1788595256.0,54961752.0,0.1305999633611904,2.297049371679532,320.6518901835923
1788598800,1788598852.0,54997430.0,0.1307744679694159,-0.0354754740624465,321.0803377193584
1788602400,1788602458.0,55033183.0,0.1305906915549058,-0.0400638748135215,320.6291258417498
1788606000,1788606037.0,55068656.0,0.1309601426077754,-0.0720826421698901,321.53621015773325
1788609600,1788609635.0,55104314.0,0.1309754887134536,-0.0755495011844299,321.5738882524741
1788613200,1788613256.0,55140254.0,0.1306748544694072,-0.0628312969016501,320.8357644726014
1788616800,1788616857.0,55175991.0,0.1308990985738893,0.07,321.38633350887176
1788620400,1788620452.0,55211699.0,0.1308547221856329,-3.820659608537204,321.2773796285818
1788624000,1788624043.0,55247271.0,0.1307629492852247,-0.0194136101242945,321.50186438972065
1788627600,1788627652.0,55283020.0,0.1300617273737078,-6.500810840797272,321.4609815743838
1788631200,1788631210.0,55318265.0,0.1296638770828468,3.4661174223827405,320.4776535223708
1788634800,1788634825.0,55354115.0,0.1297828764555593,-2.684154990750484,320.77177275276506
1788638400,1788638457.0,55390094.0,0.1299741818732152,0.2104473775162685,321.24460383522063
1788642000,1788642036.0,55425522.0,0.1298057302701415,-0.309386938102751,320.8282583140186
1788645600,1788645661.0,55461435.0,0.1294069317160814,-0.2294009172622316,321.52769152682924
1788649200,1788649258.0,55497112.0,0.129796220806128,0.0844038752393898,322.4949289135705
1788652800,1788652834.0,55532590.0,0.1296253467813959,0.9479769481600872,322.0703710480417
1788656400,1788656447.0,55568448.0,0.1291478536017261,-0.5503492849973861,320.88397957933836
1788660000,1788660019.0,55603842.0,0.1283450402971945,-0.3874679492342381,320.48561285612135
1788663600,1788663607.0,55639440.0,0.1285212064292542,0.1990012077617003,320.9255107334908
1788667200,,,,,
1788670800,1788670856.0,55711310.0,0.128537598049311,-0.2091763948534444,322.5920952003363
1788674400,1788674460.0,55747086.0,0.1280891386661499,1.0313107610348662,323.0882006973365
1788678000,,,,,
1788681600,1788681621.0,55818129.0,0.1289607294432079,-0.062135714811707,321.0216337504333
1788685200,1788685251.0,55854097.0,0.1290483750516897,-0.7668156385846261,321.23980975290596
1788688800,1788688860.0,55889888.0,0.1288874488864319,0.0003117310035735,322.44417525163095
1788692400,1788692455.0,55925530.0,0.1287761263449993,-0.1397090636605113,322.16567408360197
1788696000,1788696055.0,55961255.0,0.1287204286986664,-0.0768728630252769,322.02633249688864
1788699600,1788699660.0,55997021.0,0.1288372960318516,-0.7680717289805516,322.3187053476847
1788703200,1788703253.0,56032654.0,0.1290923312963825,0.1903543233122413,321.25068500852717
1788706800,1788706858.0,56068431.0,0.1300918437001543,-3.7357860033738706,322.5244885953395
1788710400,1788710445.0,56103989.0,0.1298514664203884,-0.0076202912053655,321.92854378418645
1788714000,1788714003.0,56139277.0,0.1295562366036153,-0.033375207702412,321.19660823031495
1788717600,1788717642.0,56175380.0,0.1291587604537999,-0.0200479662109995,321.85329835003307
1788721200,1788721234.0,56211016.0,0.1290265039080529,-0.0023681295557381,321.5237256185552
1788724800,1788724822.0,56246501.0,0.1293561396160854,0.0405449335007351,322.3451514321156
1788728400,1788728425.0,56282252.0,0.1288945189321956,0.8964849095566648,321.1948296175169
1788732000,1788732045.0,56318115.0,0.1283933049184081,-4.791789351764261,321.8261697802661
1788735600,1788735641.0,56353789.0,0.1281961087233046,0.0294585374539772,320.9915185933696
1788739200,1788739257.0,56389625.0,0.1280329886578282,-1.224294186148715,322.3345719150617
1788742800,1788742852.0,56425242.0,0.1277398561567607,0.134985443132428,321.5965844616992
1788746400,1788746440.0,56460818.0,0.1281487014767559,0.2157523516449328,320.9456862137928
1788750000,1788750002.0,56496108.0,0.1278085738175322,1.07744524990172,321.95610415916053
1788753600,1788753639.0,56532161.0,0.1284648814289653,0.0199231352979317,321.91900303539944
1788757200,1788757230.0,56567739.0,0.1283877661794738,-1.5627526432214918,320.0118024620315
1788760800,1788760857.0,56603670.0,0.1281335160966827,0.1187622901232258,321.1166860250575
1788764400,1788764452.0,56639313.0,0.1286340930076721,-0.7692904881550248,322.3711868274571
1788768000,1788768031.0,56674808.0,0.1291875936578284,0.9939404548688148,320.47452427512707
1788771600,1788771661.0,56710779.0,0.1290870776586237,-0.0510519309578017,321.8400698316816
1788775200,1788775259.0,56746454.0,0.1292290106782596,-0.0098487352914275,322.19393742075073
1788778800,1788778850.0,56782037.0,0.129086527463913,-0.3200634196437595,321.8386980855136
1788782400,1788782453.0,56817777.0,0.1288645882778289,-0.0077562104784945,321.2853590182478
1788786000,1788786045.0,56853392.0,0.1279661436352803,0.0205037279677869,320.6473649239855
1788789600,1788789660.0,56889217.0,0.1284393262371866,1.0930967842408432,321.83302817927245
1788793200,1788793238.0,56924701.0,0.1288086613979271,0.0039942637237591,319.25011235995674
1788796800,1788796858.0,56960544.0,0.129610946436754,0.0994049393561668,321.2385624067975
1788800400,1788800434.0,56995968.0,0.1292587797777342,-0.0556515262115713,320.3657232340172
1788804000,1788804054.0,57031857.0,0.1286268835133481,-0.0311270939048154,320.4073494444817
1788807600,1788807617.0,57067145.0,0.1288772119321388,-0.0193886442989745,321.03091322030025
1788811200,1788811229.0,57102968.0,0.1287399733214241,0.4480457172615882,320.68905420685394
1788814800,,,,,
1788818400,1788818460.0,57174604.0,0.128822141415093,0.6264691980746266,320.8937335116948
1788822000,1788822035.0,57210053.0,0.129135732440169,0.1323187369309315,320.06117359738596
1788825600,1788825651.0,57245864.0,0.1287859725116458,-0.1515305345077637,320.8045696667846
1788829200,1788829254.0,57281552.0,0.1282794260008326,-1.121712929205273,319.542767373814
1788832800,1788832856.0,57317265.0,0.1280316314408335,0.0341263566951822,320.526600366622
1788836400,1788836444.0,57352836.0,0.1286142665545484,-0.6828078558151135,320.304827855444
1788840000,1788840053.0,57388620.0,0.1287019447738855,0.0062398963021798,320.5231843232276
1788843600,1788843650.0,57424250.0,0.1289378967312873,-0.0775185016957868,319.3291068647541
1788847200,1788847260.0,57459999.0,0.1289799540817706,0.4695203133012006,319.43326659209106
1788850800,1788850856.0,57495643.0,0.129392554380943,-0.2196784012568059,318.69355529359717
1788854400,1788854446.0,57531203.0,0.1287499821641634,-0.0186630436623116,318.7012683500618
1788858000,1788858059.0,57567027.0,0.1287384897531956,1.4816249996808315,318.6728206105727
1788861600,1788861650.0,57602633.0,0.128132396277445,0.1906248571109426,318.89515127450744
1788865200,1788865213.0,57637946.0,0.1284700489987166,-0.0828281847938781,319.735499373477
1788868800,1788868858.0,57674066.0,0.1289485178151738,0.0133577569447367,319.1829521709919
1788872400,1788872455.0,57709717.0,0.1287554450276083,-0.0620094522423067,318.7050440619016
1788876000,1788876044.0,57745272.0,0.1290401255866363,-0.0006678519503312,317.5011949554518
1788879600,1788879650.0,57781034.0,0.1273504862996792,0.1149441148799883,315.63783362535514
1788883200,1788883242.0,57816614.0,0.1268284186685467,-2.6410848699791334,316.193216596442
1788886800,,,,,
1788890400,1788890456.0,57888143.0,0.1271085671617011,1.6171611764502571,316.89164880986135
1788894000,1788894049.0,57923761.0,0.1271480095046539,0.0007670070274064,315.1317953852908
1788897600,1788897615.0,57959091.0,0.1275803014739311,2.3090877114222628,316.0491358557248
1788901200,1788901251.0,57995170.0,0.1275105698088524,-0.6596599313997438,317.54977284056986
1788904800,1788904857.0,58030906.0,0.1274956695173893,0.182887169120161,317.51266545271596
1788908400,1788908458.0,58066617.0,0.1272168806288977,0.0499803473985745,316.8183751805942
1788912000,1788912048.0,58102186.0,0.1273531558440537,0.1088578098476127,317.1577522509145
1788915600,1788915621.0,58137606.0,0.1270356643146322,-0.0050560484435698,316.3670776958738
1788919200,1788919252.0,58173585.0,0.1271622124322887,-0.0784831240995912,316.6822305971231
1788922800,1788922844.0,58209177.0,0.1272608220472342,-0.1834675629039917,316.9278060099912
1788926400,1788926445.0,58244896.0,0.1274758596630987,7.7513708905466e-05,317.4633313877878
1788930000,1788930050.0,58280621.0,0.1267422455623952,0.0136479947876248,317.4723036502209
1788933600,1788933640.0,58316193.0,0.1274699498950655,-0.1915790098323689,317.6056346640618
1788937200,1788937242.0,58351917.0,0.1269334942171129,-0.1938343334914113,317.95861185027917
1788940800,1788940853.0,58387699.0,0.1264270839141653,0.343724480584168,316.69009310394665
1788944400,1788944426.0,58423128.0,0.1256996126380751,-0.2783127123272708,316.5279655723161
1788948000,1788948050.0,58459030.0,0.126912079096035,0.0579400783140776,316.29114662299855
1788951600,1788951659.0,58494780.0,0.1269556338905427,-0.1539881407060951,316.3996941780768
1788955200,,,,,
1788958800,1788958850.0,58566029.0,0.1257326562598053,-0.0949550767560045,314.93138541987247
1788962400,1788962434.0,58601521.0,0.1268876532915559,2.842137563057e-06,317.45305469336415
1788966000,1788966058.0,58637444.0,0.1250349825069599,0.3589938326257104,312.817962273775
1788969600,1788969660.0,58673140.0,0.125949227806797,-0.0630604509064622,313.60222921349913
1788973200,1788973259.0,58708815.0,0.1260502212829531,-0.1673512528359232,313.85369386961565
1788976800,1788976856.0,58744473.0,0.1257149083591688,-0.0314842087308199,313.0187949010871
1788980400,1788980457.0,58780159.0,0.1275750100163951,-0.0077954392630793,317.6502804324213
1788984000,1788984060.0,58815928.0,0.1278851371181455,0.1277158605382909,315.08866039569244
1788987600,1788987642.0,58851470.0,0.1279438122180852,0.0108333895109908,315.2332265200694
1788991200,1788991262.0,58887375.0,0.1287130328699578,2.3352631725831685,317.1284639980832
1788994800,1788994851.0,58922999.0,0.1293943551764348,0.9052177707670224,316.73150260087715
1788998400,1788998446.0,58958659.0,0.1285891115787848,-0.0362432246076213,316.34911648293144
1789002000,1789002061.0,58994501.0,0.1284731650557758,2.8477703549767655,316.0638700910494
1789005600,1789005614.0,59029732.0,0.1286152948990324,0.0948494802485465,316.5546132162448
1789009200,,,,,
1789012800,1789012844.0,59101380.0,0.1281399939605492,0.9555724805818028,317.0129860734251
1789016400,1789016453.0,59137135.0,0.1279769484442441,0.0171799764246429,316.6096182848666
1789020000,1789020058.0,59172838.0,0.1277660413497152,0.7079757701757488,316.08784295341735
1789023600,1789023635.0,59208279.0,0.1278755599773245,0.5248428705572447,316.3587874579081
1789027200,1789027257.0,59244147.0,0.1283280004794809,0.3884467574695343,317.47810633857944
1789030800,1789030859.0,59279823.0,0.1290400262248029,0.0728206188377603,319.2396282546424
1789034400,1789034460.0,59315534.0,0.1290933052951158,0.0018963503803946,319.37143844639496
1789038000,1789038019.0,59350810.0,0.1294816797679564,-1.1464234145766743,320.33226064986565
1789041600,1789041650.0,59386836.0,0.1289119191351745,0.0794115103051758,317.1040358494266
1789045200,1789045252.0,59422565.0,0.1311307384056798,-0.0106780114584639,317.31688547993014
1789048800,1789048853.0,59458289.0,0.1308592921445893,0.0045814000111122,318.3480999959002
1789052400,1789052457.0,59494031.0,0.1319333381614004,-0.0380293360931988,320.96098673215266
1789056000,1789056059.0,59529738.0,0.1310911131090114,0.3063712622757114,318.9120627252832
1789059600,1789059665.0,59565418.0,0.1319133401858397,-0.0008460587228621,322.58766948822506
1789063200,1789063243.0,59600960.0,0.1315551365776052,0.0492746650821911,325.1503600138433
1789066800,1789066845.0,59636831.0,0.1316033819610657,-0.1537964016375759,323.39163357708503
1789070400,1789070434.0,59672505.0,0.1323010904621081,0.0474711923160813,325.1061266892718
1789074000,1789074036.0,59708200.0,0.1322678868942848,2.2622340421406517,325.02453489520866
1789077600,1789077648.0,59743966.0,0.1324949813341244,-0.0265945228181667,325.58257862312547
1789081200,1789081209.0,59779300.0,0.1331310466526004,-0.0609011106684867,325.49433990470374
1789084800,1789084812.0,59815010.0,0.1334771604595751,-0.0064697850677905,326.34055938517633
1789088400,1789088438.0,59850882.0,0.1325177970794989,0.0168009955689735,325.6408739449861
1789092000,1789092004.0,59886055.0,0.1326274037914756,0.0033683462604021,325.9102145638685
1789095600,1789095653.0,59921891.0,0.1329829029359536,-0.0011995543289298,325.12559177400516
1789099200,1789099246.0,59957427.0,0.1330253114192178,-0.6323097339420046,325.229274901032
1789102800,1789102857.0,59992905.0,0.1324698922715822,-0.0598676061178343,325.66120129271997
1789106400,1789106454.0,60028366.0,0.1320670096159924,-0.045038477056959,324.67076303275377
1789110000,1789110046.0,60063743.0,0.1320063392846508,-0.0003126744918384,324.52161236426053
1789113600,1789113645.0,60099220.0,0.1322377677380873,-0.1299812495066684,326.7621688361685
1789117200,1789117258.0,60134757.0,0.1315387198502672,-0.0024872848611045,325.0348075244072
1789120800,1789120848.0,60170075.0,0.1320092704578288,0.0161896613741683,326.1975474867041
1789124400,1789124461.0,60205603.0,0.1325178584142394,-0.3954117769193234,327.45427849875387
1789128000,1789128050.0,60240908.0,0.1328612987853726,0.2292402848968141,326.5667731427319
1789131600,1789131651.0,60276193.0,0.1303120276634315,-0.0851464288214307,326.95876509000254
1789135200,1789135266.0,60311432.0,0.1265125431382893,0.7013105538518486,332.3611020785998
1789138800,1789138879.0,60346628.0,0.128628465066641,-0.0575270885302573,334.0682173438223
1789142400,1789142475.0,60381827.0,0.1299456043362737,1.0612987864849577,333.970899803766
1789146000,1789146047.0,60416998.0,0.1298651847416409,0.9332799296085452,335.31197691064443
1789149600,1789149647.0,60452481.0,0.1299569751388264,-0.0061917299579931,333.78474164477717
1789153200,1789153244.0,60487744.0,0.1311316292633463,0.1643003449583113,333.0706535301173
1789156800,1789156855.0,60523058.0,0.1309135093474196,1.8196397178727663,332.51663507283314
1789160400,1789160461.0,60558327.0,0.1315122589277498,0.0461732499471638,332.30860195945746
1789164000,1789164053.0,60593689.0,0.1326247442204361,-0.6566242580679784,333.4464846914115
1789167600,1789167628.0,60628924.0,0.1326051281081991,0.1205923857928928,333.3971656619409
1789171200,1789171255.0,60664266.0,0.1322744206679088,-0.0013202140334982,332.56569764234706
1789174800,,,,,
1789178400,1789178445.0,60734913.0,0.1324458274572068,0.0533266079510058,332.9966503403494
1789182000,1789182005.0,60769945.0,0.132445953721688,0.0005151285572017,332.9969677957959
1789185600,1789185653.0,60805866.0,0.1324746658390942,-0.00461254396712,333.0691560942422
1789189200,1789189261.0,60841391.0,0.1325273448004603,-0.0009360005368745,333.2016020762342
1789192800,1789192851.0,60876746.0,0.1326075463227561,-0.007433663573105,333.40324556164586
1789196400,1789196451.0,60912213.0,0.1322777948161926,0.5763131156154572,332.57418096037856
1789200000,1789200059.0,60947725.0,0.1320630818604156,-1.0865066690939225,332.03434745689185
1789203600,1789203661.0,60983268.0,0.1317604778202109,0.0115901213331586,332.9758431377417
1789207200,1789207253.0,61018782.0,0.1318154934209766,0.0011521723076324,333.1148747074032
1789210800,1789210798.0,61053825.0,0.1316620020247091,-0.0073763359997768,332.72698201050287
1789214400,1789214457.0,61089961.0,0.1314960114923832,-0.0287774297374699,332.3075023731452
1789218000,1789218033.0,61125319.0,0.1316327317227142,-0.0302509685035029,332.65301215514955
1789221600,1789221621.0,61160542.0,0.1312122981426449,-0.0025095508064882,333.5705285841947
1789225200,1789225241.0,61195653.0,0.1313929013266554,-0.0150347997347017,334.0296616106499
1789228800,1789228866.0,61230922.0,0.1315962608783771,0.3035130711011121,334.5466463302278
1789232400,1789232454.0,61266120.0,0.1318671897196383,0.0757824313635561,335.23540704905884
1789236000,1789236056.0,61301675.0,0.1321210466713091,0.882784441342764,334.20104634187976
1789239600,1789239625.0,61336768.0,0.1322867230081924,0.0296980535437179,334.6201257129222
1789243200,1789243247.0,61372394.0,0.1324122070004436,-0.0480458129376968,333.23056349825697
1789246800,1789246823.0,61407615.0,0.1322515896001633,-0.0728438234075841,332.82635131861366
1789250400,,,,,
1789254000,1789254039.0,61478655.0,0.1321589403893749,-0.0605031843087544,332.593188912986
1789257600,1789257656.0,61514293.0,0.1320736098251494,-1.93163039759326,332.37844472402776
1789261200,1789261265.0,61549833.0,0.1321294019758078,-0.0182183722482304,332.51885209449483
1789264800,1789264843.0,61585132.0,0.1321105568450441,0.3975372640807635,332.4714261532932
1789268400,1789268453.0,61620777.0,0.1322753312239725,-0.1052732913769584,332.8860998482963
1789272000,1789272005.0,61655868.0,0.1323459717542093,0.002074987842913,333.0638748754624
1789275600,1789275610.0,61691502.0,0.1323316291225679,-0.0059291204176035,333.02777999167347
1789279200,1789279251.0,61727468.0,0.1321667620529432,-0.1506450482356277,332.61287302986165
1789282800,1789282852.0,61763081.0,0.1325976451582026,1.9191689453944116,333.6972399717025
1789286400,1789286453.0,61798682.0,0.1323308575699629,-0.0047173383255284,333.0258382907143
1789290000,1789290016.0,61833839.0,0.1332767811596601,0.1632543307431206,331.7380061876722
1789293600,1789293651.0,61869685.0,0.1337258577654351,0.0047,330.83002161103775
1789297200,1789297230.0,61904994.0,0.1340740146968211,0.0879328080654806,331.691341680762
1789300800,1789300858.0,61940779.0,0.1335950580258211,-0.002336228203692,330.50643063614103
1789304400,1789304433.0,61976026.0,0.1338613007353795,-0.0739207149253305,331.1650996686589
1789308000,1789308053.0,62011701.0,0.1337301014818581,-4.680322011079481,330.84052031951035
1789311600,1789311626.0,62046772.0,0.1331450521238288,-0.4607756035261554,331.30559212652025
1789315200,1789315253.0,62082392.0,0.132959582903443,0.8185160080761443,330.84408800825975
1789318800,1789318853.0,62117840.0,0.1323679922603905,-0.047084359546616,331.2791479611756
1789322400,1789322421.0,62152934.0,0.1322622094706021,0.738190940307181,331.0144039556828
1789326000,1789326054.0,62188665.0,0.1320316198784471,-0.378521074676977,330.43730429349597
1789329600,1789329656.0,62224166.0,0.1321649493431715,0.7630045642905966,330.7709897314765
1789333200,1789333240.0,62259487.0,0.131882813108061,0.0075614517851388,330.0648835952399
1789336800,1789336858.0,62295165.0,0.1325355434624161,-0.0011093996331388,333.4103892003579
1789340400,1789340411.0,62330153.0,0.1337561360596871,-0.0017732427355132,332.3309217835597
1789344000,1789344032.0,62365815.0,0.1338022003911241,-0.0028914681624549,330.64994541529734
1789347600,1789347625.0,62401206.0,0.1329665881362621,-0.031831932973042,330.34397077834876
1789351200,1789351252.0,62436968.0,0.1327261977668398,-0.0521286282409113,329.7467417279165
1789354800,1789354823.0,62472164.0,0.1311526795325099,0.3245330803679476,329.2919830841039
1789358400,1789358441.0,62507829.0,0.1310369383445105,-0.0006417455252654,329.00138554956106
1789362000,1789362048.0,62543395.0,0.131145785469924,-0.0007655718604822,329.274673795811
1789365600,1789365607.0,62578473.0,0.1311581809344392,2.3725010699873477,329.3057957454807
1789369200,1789369246.0,62614376.0,0.1312364206941024,0.0005039963387626,329.33911009605697
1789372800,1789372851.0,62649917.0,0.130961098842114,-0.0101789412603407,330.3076444119753
1789376400,1789376446.0,62685393.0,0.1314366528778371,0.0145260174586598,331.5070779439105
1789380000,1789380058.0,62720999.0,0.1312768950313525,-0.0008053040837705,331.10413967892026
1789383600,1789383653.0,62756428.0,0.1323879975438683,-0.0248146660521474,333.9065417422366
1789387200,1789387243.0,62791827.0,0.1329262834501595,-0.0035953491977018,333.5034186022748
1789390800,1789390850.0,62827340.0,0.1331982931497566,0.1307837760860696,334.18587328583345
1789394400,1789394436.0,62862542.0,0.1334627666610172,0.3734005985200922,334.32195812475965
1789398000,1789398050.0,62898077.0,0.1331828853767754,0.0004582685954988,333.62086027304304
1789401600,1789401661.0,62933481.0,0.1335085911121863,0.0758100223628276,334.4367475947229
1789405200,1789405258.0,62968794.0,0.1323822718178826,0.0877349567368362,335.09792082988804
1789408800,1789408839.0,63003886.0,0.131919366469029,-3.3321851897829893,333.9261731493884
1789412400,1789412458.0,63039388.0,0.131832445395186,1.3050431434505303,335.42245074015085
1789416000,1789416058.0,63074787.0,0.1312515748243302,-0.0124985569060322,333.9445366359618
1789419600,1789419660.0,63110187.0,0.1297904689655971,-2.2760063365394925,334.0865985418787
1789423200,1789423245.0,63145479.0,0.1308270250584134,0.0007809055395549,333.4097065864531
1789426800,1789426856.0,63181080.0,0.1312989386338566,0.1249693515757437,332.8349315005085
1789430400,1789430399.0,63215952.0,0.1322378412851036,1.397726732667124,333.3284486721348
1789434000,,,,,
1789437600,1789437662.0,63287398.0,0.1319027911693683,-0.0062731582933089,330.70047584112007
1789441200,1789441228.0,63322538.0,0.1320982665709913,-1.8693756665223429,331.19056257665363
1789444800,1789444858.0,63358374.0,0.1326925159418464,0.5897921684740999,332.6804366571629
1789448400,1789448420.0,63393514.0,0.1328517649832366,0.4407480408968529,331.36816497364424
1789452000,1789452038.0,63429186.0,0.132585596613027,0.0065140670753889,330.69999402253484
1789455600,,,,,
1789459200,1789459232.0,63500079.0,0.133662014956719,0.122154323883,331.6800579594484
1789462800,,,,,
1789466400,1789466417.0,63570960.0,0.1337704889809264,-0.0747180926875423,330.18587999987903
1789470000,1789470041.0,63606684.0,0.1333983286961446,-0.0010886128934604,331.01936180711476
1789473600,1789473634.0,63642010.0,0.133831793410851,-0.0085951205972757,332.09497658153106
1789477200,1789477215.0,63677006.0,0.1336541935307445,-0.2991381926358105,331.6542739164791
1789480800,1789480854.0,63712210.0,0.1347118968520638,0.1630149093502321,330.32514600431807
1789484400,1789484459.0,63747005.0,0.1370945454656205,-0.0918808177142028,330.0880208993931
1789488000,1789488064.0,63782010.0,0.1361300722674552,-0.0004549626049792,329.77120674784334
1789491600,1789491609.0,63816617.0,0.1361857414472988,-0.0314598271281117,329.90606374387596
1789495200,1789495224.0,63851644.0,0.1355084313882193,0.0004592868937373,329.98877703227777
1789498800,1789498871.0,63886327.0,0.1375849716793625,-0.2064483079708625,329.8592715790522
1789502400,1789502439.0,63920877.0,0.1371526813936326,0.7461611780618274,330.49979673960723
1789506000,1789506079.0,63956368.0,0.1380287057810411,-0.0026346543985914,330.9332266034352
1789509600,1789509673.0,63991501.0,0.1387802634388598,-0.0009509126376348,332.73513729493294
1789513200,1789513252.0,64027134.0,0.1384075594343645,-0.003765555039881,331.76279570463305
1789516800,1789516853.0,64062903.0,0.1384120698469981,0.4927295149719992,331.7055335569336
1789520400,1789520456.0,64098684.0,0.1383263375697971,0.01064484,331.50007553016286
1789524000,1789524053.0,64134463.0,0.1387882318295861,-0.9857425122208228,332.6070084881018
1789527600,1789527660.0,64170271.0,0.1381112926733323,0.5006750364841823,330.9847188694367
1789531200,1789531256.0,64206048.0,0.1382036387892286,0.0043195844384661,332.88419456967546
1789534800,1789534837.0,64241671.0,0.138039539961701,-0.114694228980939,332.48893792875117
1789538400,1789538453.0,64277640.0,0.1378589378472074,0.0073555934748276,330.1643370718536
1789542000,1789542044.0,64313258.0,0.1379336573758946,-0.0702838464913601,330.27800457685834
1789545600,1789545622.0,64348794.0,0.1382710299336724,0.1614260603907454,331.0692405216885
1789549200,1789549260.0,64384950.0,0.1381021120391583,-2.0081355326391055,330.6647919609586
1789552800,1789552848.0,64420574.0,0.1377831747843015,0.0001521613935074,329.90114454479226
1789556400,1789556457.0,64456434.0,0.1378423036710313,1.0402410631313723,330.0427197947338
1789560000,1789560045.0,64492024.0,0.1370553583251856,-0.9076981189270492,331.5982177249168
1789563600,1789563661.0,64527953.0,0.1379795869959753,-0.0241833722980765,332.1645035490337
1789567200,1789567256.0,64563665.0,0.1395242496603533,0.6638569321132993,334.19063278261285
1789570800,1789570851.0,64599477.0,0.1397671291967451,1.0561932769469042,332.91941755050766
1789574400,1789574411.0,64634999.0,0.1391395350261905,-0.6791584582240788,333.16693451366297
1789578000,1789578048.0,64671054.0,0.1391612722566926,0.0001694275038732,333.21898389308507
1789581600,1789581657.0,64706699.0,0.1398857983161147,-1.2563395181900872,333.58369085468246
1789585200,1789585263.0,64742532.0,0.137992630990798,0.3314366062753507,331.151326620227
1789588800,1789588832.0,64778074.0,0.138197114346899,0.0672002610876438,331.8764729454533
1789592400,1789592440.0,64813981.0,0.1381727926571554,-0.0043217738277042,333.5061718780468
1789596000,1789596057.0,64849823.0,0.1384199929663203,-0.2139267327844765,332.4210671110339
1789599600,1789599661.0,64885521.0,0.1391614001165173,-1.2815722393586428,333.97250938137233
1789603200,1789603258.0,64921266.0,0.1379843225128438,0.0004032766448941,332.816278545069
1789606800,1789606859.0,64957056.0,0.1380798263712613,-0.0271843890893093,334.77551579034116
1789610400,1789610458.0,64992839.0,0.1374598163930092,4.7047137228158e-05,333.48438756025996
1789614000,1789614055.0,65028578.0,0.1373472524673533,1.0967711232406057,333.21130184842247
1789617600,1789617625.0,65064050.0,0.1371200320060669,-0.1466789370178195,332.66005364831864
1789621200,,,,,
1789624800,1789624862.0,65135937.0,0.1368386673486418,-0.0723123282905023,333.7027642581831
1789628400,,,,,
1789632000,1789632051.0,65207368.0,0.1367494874338977,0.5649401382288648,335.15384877224255
1789635600,,,,,
1789639200,1789639240.0,65278772.0,0.1371039922528712,0.000514819266229,334.29917009602667
1789642800,1789642860.0,65314677.0,0.1372500050803553,0.8386901560503549,334.6551915819749
1789646400,1789646461.0,65350466.0,0.1368432844308513,0.0804355241199153,333.815425934648
1789650000,1789650055.0,65386198.0,0.1358628222678499,1.5886411505008784,335.0368410468874
1789653600,1789653663.0,65422055.0,0.1348863503506754,-1.4662559543911104,330.7632712959223
1789657200,1789657241.0,65457661.0,0.1355112295743028,0.0005415005277285,334.03613401346917
1789660800,1789660861.0,65493647.0,0.1357966612670479,-1.8837523735575463,334.77318089723815
1789664400,1789664464.0,65529473.0,0.1361497810680561,2.2001544717156674,335.643710687281
1789668000,1789668060.0,65565276.0,0.1364807125523976,-0.1295626810665567,336.45954065422086
1789671600,1789671660.0,65601102.0,0.1371461411578415,-0.373626618710991,336.37414920159193
1789675200,1789675258.0,65636863.0,0.1376725667661039,0.0153,337.6652972032947
1789678800,1789678855.0,65672642.0,0.137590697748611,0.0028262301407164,337.46449956602504
1789682400,1789682435.0,65708198.0,0.1377717369479344,-2.5289493256331883,337.9085288776078
1789686000,1789686026.0,65743986.0,0.1375564013447149,6.9307725416004e-05,335.6901664454218
1789689600,1789689650.0,65779984.0,0.137359905853404,-0.2891122573230401,335.2106423844613
1789693200,1789693251.0,65815771.0,0.1374681225261692,0.441249766802555,335.4747324052644
1789696800,1789696847.0,65851405.0,0.136950884281743,6.5009184044212e-05,335.99432575823744
1789700400,1789700445.0,65887108.0,0.1366909578818673,-0.8562520025728063,335.35662417689286
1789704000,1789704032.0,65922711.0,0.1358034136659039,-0.0007359903787259,334.9817039146446
1789707600,1789707649.0,65958532.0,0.1356372636656081,-0.3757909629956768,336.3260332874769
1789711200,1789711252.0,65994119.0,0.1355910455793222,2.450272785861127,336.21143096355354
1789714800,1789714862.0,66029889.0,0.1356402238821043,0.1851140619130729,336.3333734375576
1789718400,1789718441.0,66065369.0,0.1354480202875322,1.928949762640182,337.5853242462532
1789722000,1789722016.0,66100832.0,0.1344162910639757,-6.316983958241358,335.0138828643173
1789725600,1789725630.0,66136730.0,0.1341326647238362,0.0331979187723451,336.0090317664459
1789729200,1789729250.0,66172627.0,0.1341763930041711,-0.0631598267953674,337.85520553053925
1789732800,1789732854.0,66208428.0,0.1346253313122431,-1.4618255184349764,337.2485712169871
1789736400,1789736455.0,66244275.0,0.1349068100843829,-0.1044597594378711,337.95370087428677
1789740000,1789740061.0,66280138.0,0.1310607694168856,0.482321738369072,335.0135545360527
1789743600,1789743656.0,66315872.0,0.1293934188961929,-0.4467660204786685,332.8863010571383
1789747200,1789747259.0,66351713.0,0.1297675933117479,-0.8146861946113377,335.41678681254035
1789750800,1789750849.0,66387365.0,0.1290851731021742,-0.3832897645778663,335.4782218110993
1789754400,1789754453.0,66423063.0,0.1289558462612435,0.0089234322795789,335.0983608617632
1789758000,1789758061.0,66458820.0,0.1286223597527354,0.0001597240658248,336.488042073783
1789761600,1789761659.0,66494502.0,0.1277053360264181,-0.6896830588587523,337.73239718441823
1789765200,1789765248.0,66530170.0,0.1275246367187228,1.4944856335274,335.3701048862048
1789768800,1789768815.0,66565540.0,0.1275997875637326,0.2869270087158675,335.56774000536075
1789772400,1789772434.0,66601510.0,0.1279102928613842,1.5424522843286983,336.3843209964583
1789776000,1789776033.0,66637253.0,0.1282737600248912,-1.1408341008603138,335.64455999577325
1789779600,1789779655.0,66673252.0,0.1277665961555212,0.3187407033331527,334.31750141615873
1789783200,1789783252.0,66708976.0,0.1283328420671933,0.010801725157846,335.91506409614055
1789786800,1789786820.0,66744361.0,0.1279758345668868,0.0074304987841103,334.98058625386324
1789790400,,,,,
1789794000,1789794023.0,66815739.0,0.1280680117880324,0.0001029042419831,335.2167200017837
1789797600,,,,,
1789801200,,,,,
1789804800,1789804842.0,66923124.0,0.1276323284352619,0.0001167382410094,335.7571893104528
1789808400,,,,,
1789812000,1789812001.0,66994042.0,0.127049635826532,-0.3649894057402778,335.39711801389876
1789815600,1789815644.0,67030194.0,0.1271490252909395,0.0001239767104842,335.65949531003463
1789819200,1789819254.0,67066061.0,0.1270042981761953,-0.418118238853281,335.27743158456326
1789822800,1789822799.0,67101278.0,0.1270354019758739,0.6888813529841944,335.35954220773516
1789826400,1789826444.0,67137468.0,0.1272117226779227,0.0001757597426055,335.82500954204613
1789830000,1789830061.0,67173283.0,0.127112826386955,1.0361737537256015,335.5639341697553
1789833600,1789833653.0,67208894.0,0.1270079425998461,0.4166004160226035,335.28705246368935
1789837200,1789837237.0,67244545.0,0.12666202317234,-0.1475378854410597,334.37386307675575
1789840800,1789840847.0,67280448.0,0.1268255008317622,0.0008547503949118,336.5599008459739
1789844400,1789844460.0,67316435.0,0.1272023319160291,0.0002893828871558,335.4585284448198
1789848000,1789848039.0,67352133.0,0.1273388111840845,1.195373123414074,335.81845214854025
1789851600,1789851657.0,67388198.0,0.127340736044033,0.0023620065909916,335.82352839734847
1789855200,1789855219.0,67423628.0,0.1276978767859442,-1.5276544695724064,335.0345344294425
1789858800,1789858832.0,67459398.0,0.1275808215417407,-0.0031235808316102,334.72742243798797
1789862400,1789862448.0,67495142.0,0.1275523127067485,-1.764254529599976,334.6526252330607
1789866000,,,,,
1789869600,1789869624.0,67566315.0,0.1280609133905288,-3.14711324666484,335.9870154170609
1789873200,1789873251.0,67602303.0,0.1300546298945821,0.0002596014349287,334.98111444571833
1789876800,1789876838.0,67637881.0,0.12944637330345,-1.5493783343425234,335.0869095088121
1789880400,,,,,
1789884000,1789884002.0,67708350.0,0.1297821279760675,0.0001482862882562,334.20776836828554
1789887600,,,,,
1789891200,1789891227.0,67779380.0,0.1297053223119557,0.0002537359522947,334.00998266388115
1789894800,1789894804.0,67814825.0,0.1298219419919851,0.0001217085735049,334.31029522323166
1789898400,1789898446.0,67850796.0,0.1295145891318807,0.3217257093940051,333.5188171123469
1789902000,1789902048.0,67886305.0,0.1298592060386586,0.0231480383931278,334.4062555382099
1789905600,1789905645.0,67922007.0,0.1295857792902165,5.0043823359212e-05,333.70214207640964
1789909200,1789909231.0,67957603.0,0.1295459474770093,1.6454664514729265,333.5995693908662
1789912800,,,,,
1789916400,1789916463.0,68029561.0,0.1290300019151741,3.3938611916414647,332.2709348746233
1789920000,1789920047.0,68065275.0,0.1280534142300454,-0.1122985416498234,333.62190384206167
1789923600,1789923636.0,68101100.0,0.1267994549332591,-0.8958692588213436,333.82784760976796
1789927200,1789927219.0,68136806.0,0.1273972608873237,0.0028976289048805,335.52666804861803
1789930800,1789930846.0,68172961.0,0.1272709767644753,9.322859183715e-05,335.1940730566092
1789934400,1789934431.0,68208682.0,0.1270528626491708,0.0219283343147247,334.6196250515833
1789938000,1789938027.0,68244487.0,0.1269558912503922,0.030048996831284,334.36423109647325
1789941600,1789941647.0,68280508.0,0.1269734329918721,-0.9761629632588804,334.64229185306874
1789945200,1789945238.0,68316062.0,0.12712387530069,-1.1414166451091765,335.03878707122755
1789948800,1789948867.0,68351867.0,0.1267951047313865,0.00043657402785,334.1723023727111
1789952400,1789952429.0,68387202.0,0.1246729849609881,0.0001154073669372,336.23761306195115
1789956000,1789956056.0,68423151.0,0.1265675715534084,-0.7981188040140731,335.1409902992259
1789959600,1789959642.0,68458613.0,0.1257183557147432,0.7806382800859637,334.6123718849051
1789963200,1789963251.0,68494590.0,0.1255916673683235,0.8064577719569336,334.27517778270203
1789966800,1789966842.0,68530257.0,0.1256352575733714,1.2495382685069998,334.3911976098713
1789970400,1789970448.0,68565997.0,0.1256271403002341,0.8561027155314124,334.3695926501002
1789974000,1789974051.0,68601634.0,0.1258606000688524,0.0002721385944762,335.08245138130786
1789977600,1789977646.0,68637279.0,0.1259081208610072,1.4177044075697374,333.3727900758163
1789981200,1789981239.0,68672985.0,0.1245284223423468,-1.2196381578516813,336.98115616981386
1789984800,1789984848.0,68708853.0,0.1234141645786075,-0.0881389176918974,336.03646651076076
1789988400,1789988433.0,68744486.0,0.123645141955421,-0.0832620081773741,334.9588452519099
1789992000,1789992064.0,68780542.0,0.1234166997886569,0.935304639876024,336.0942936224104
1789995600,1789995653.0,68816276.0,0.1230529765788614,-0.7008250136680768,336.88479192424296
1789999200,1789999239.0,68852032.0,0.1230449228004441,-0.7874412784701175,336.4484816991992
1790002800,1790002847.0,68888045.0,0.1230728834193514,-0.0117430979791384,336.5974579136925
1790006400,1790006453.0,68924028.0,0.1227025577605999,0.0005789183637844,339.22349118495447
1790010000,1790010050.0,68959997.0,0.12294984901008,0.3770121541397182,339.7768449503779
1790013600,1790013660.0,68996057.0,0.1234249031129164,-0.9972501753811784,337.63746220860077
1790017200,1790017252.0,69031905.0,0.1228779916614708,-0.0016829823833547,337.8566383983697
1790020800,1790020850.0,69067804.0,0.1226897001059258,-0.835084047746255,339.033355890709
1790024400,1790024448.0,69103603.0,0.1218533622018962,-0.9181485166222064,338.78194920453444
1790028000,1790028031.0,69139234.0,0.1223899159182816,0.8956951888202469,338.52646983437285
1790031600,1790031656.0,69175276.0,0.1220814754678159,0.2935856391232094,339.50957485226013
1790035200,1790035240.0,69210902.0,0.1221833458091228,-0.2040012554827399,338.03426504737166
1790038800,1790038857.0,69246907.0,0.1230694281837116,-2.8594673995768196,340.48571374753647
1790042400,1790042457.0,69282686.0,0.1233754274592599,6.6531171497677e-05,339.4285443491857
1790046000,1790046041.0,69318182.0,0.1236017034430352,1.6179726267411891,338.2323534207625
1790049600,,,,,
1790053200,1790053226.0,69389349.0,0.1243196723563792,-0.9558629023946374,340.19705381306096
1790056800,1790056803.0,69424632.0,0.1242264660641694,0.1771239679672201,339.90670761067867
1790060400,1790060454.0,69460439.0,0.1243828239066859,-0.0272557445536545,340.3345317381994
1790064000,1790064056.0,69495883.0,0.12449768400715,-0.8554689110738829,338.92585904394576
1790067600,1790067658.0,69531469.0,0.1238244998547414,-1.2166217316433627,340.73866582438774
1790071200,,,,,
1790074800,1790074838.0,69602392.0,0.1237881062684411,0.61733703,338.66669321817534
1790078400,1790078458.0,69638308.0,0.12396421734327,0.7068544587257662,339.1485081287457
1790082000,1790082041.0,69673895.0,0.1235236129197605,-0.0024274716445708,339.79335133487393
1790085600,1790085659.0,69709910.0,0.1238706265744202,-0.92821220261349,340.7479294101799
1790089200,1790089259.0,69745773.0,0.1250289766623619,0.0059547830095116,341.78046089399913
1790092800,1790092860.0,69781680.0,0.1246715776076654,0.8998589315828364,342.5613405083583
1790096400,1790096453.0,69817487.0,0.1247448809041496,0.0009286791153132,342.8481393258654
1790100000,1790100060.0,69853386.0,0.1239890865094324,-0.2628618148763805,340.7709182001279
1790103600,1790103657.0,69889227.0,0.123706702618119,0.4302686347155434,339.99481587824755
1790107200,1790107222.0,69924720.0,0.1235154055329836,0.0443160497907724,339.44379021853433
1790110800,1790110832.0,69960555.0,0.1236013560855363,0.0002824276090436,339.679998659125
1790114400,1790114418.0,69996282.0,0.1237313441845862,2.16169976630609,340.03723064030504
1790118000,1790118043.0,70032376.0,0.1235782461748763,0.7402816513696391,339.6164882360147
1790121600,1790121645.0,70068188.0,0.1236954719091792,0.0017004995561149,339.99699869577586
1790125200,1790125254.0,70104023.0,0.1231267049321311,1.103136373235688,340.17236967041674
1790128800,1790128859.0,70139879.0,0.123665531759902,-0.0018427858230464,339.94541691011216
1790132400,1790132462.0,70175648.0,0.1233820535447069,0.0865995743949709,339.1661608095802
1790136000,1790136048.0,70211331.0,0.1229170972108416,-0.3281768032081864,341.4255917515826
1790139600,1790139635.0,70246941.0,0.1225857027168309,-2.0955404386630794,340.505080579514
1790143200,,,,,
1790146800,1790146801.0,70317979.0,0.1236947767670143,-0.310562782209404,341.34800642782886
1790150400,1790150460.0,70354220.0,0.1241589700889696,0.896698195264198,340.9109504558033
1790154000,1790154026.0,70389544.0,0.1244488651911445,2.028846734281545,339.8300272001544
1790157600,1790157641.0,70425339.0,0.1244110320333354,0.5380123737447603,339.72671695278825
1790161200,1790161250.0,70461028.0,0.1243904814805154,0.1269209262437456,339.67059996921375
1790164800,1790164831.0,70496519.0,0.1248993730376906,0.9912027906487006,341.0602199665609
1790168400,1790168461.0,70532560.0,0.1262924776597543,-1.6947421156461957,342.81840475784986
1790172000,1790172050.0,70568240.0,0.1243481152419931,-0.2809648143202309,337.54047186208544
1790175600,1790175661.0,70604143.0,0.1264336213431043,1.391683030186293,338.5995105444331
1790179200,1790179266.0,70639993.0,0.1270697937568976,-0.0788985624479253,338.5272601897402
1790182800,,,,,
1790186400,1790186453.0,70711627.0,0.126642251754035,0.0128076138787505,337.26702494397847
1790190000,1790190060.0,70747479.0,0.1263433312815617,0.8635056406234686,336.47095556705574
1790193600,1790193641.0,70783107.0,0.1258056094343156,-0.0393268748515565,336.7275200436061
1790197200,1790197251.0,70819026.0,0.1261758360924197,-0.9210674235696288,337.7184576098878
1790200800,1790200845.0,70854670.0,0.1259634308726724,-1.2984461614849525,337.1499401708688
1790204400,1790204455.0,70890409.0,0.1254239865993518,0.0650656024325,337.90631594179507
1790208000,,,,,
1790211600,,,,,
1790215200,1790215212.0,70997068.0,0.1260268216223703,-0.1878186317811499,337.8164120701373
1790218800,1790218824.0,71032805.0,0.1254343459580823,0.8700572291373238,336.1076017119795
1790222400,,,,,
1790226000,1790226052.0,71104031.0,0.1254658298381128,0.3677329523684161,336.1919643427152
1790229600,,,,,
1790233200,1790233224.0,71174804.0,0.1252431213672172,-1.5962673225549218,335.559949920862
1790236800,1790236817.0,71210297.0,0.1247824187697086,1.582084406330439,336.20332734916104
1790240400,1790240459.0,71246410.0,0.125552064780408,-0.4257443732409937,334.6499135922745
1790244000,1790244001.0,71281487.0,0.1272273074510345,-2.2869149552360035,335.43467542464043
1790247600,1790247667.0,71317693.0,0.1271999997142254,0.338959,337.0758793364666
1790251200,1790251264.0,71353365.0,0.1273631051477627,-1.8077279383166096,337.5081034524859
1790254800,1790254861.0,71389040.0,0.127225764944225,1.302227251894838,337.1441563614503
1790258400,1790258448.0,71424717.0,0.1264372622755679,-0.7547627923173453,336.84164039320234
1790262000,1790262053.0,71460589.0,0.1266188256058711,0.5000047938593865,335.2753237958635
1790265600,1790265660.0,71496444.0,0.1258518440478756,-0.196564772440867,336.7667583640659
1790269200,1790269247.0,71532131.0,0.1261406496382802,0.9089805890803364,339.6457972023866
1790272800,1790272840.0,71567847.0,0.1264658579694265,-1.2249438616504127,338.7899759606466
1790276400,1790276452.0,71603819.0,0.1255214758812009,-0.007883158289081,337.80969948586556
1790280000,1790280041.0,71639629.0,0.1247986679634201,-0.0291255380482783,335.8644425186623
1790283600,1790283651.0,71675564.0,0.1250804649465753,0.7805224711684746,336.62282871136273
1790287200,1790287242.0,71711268.0,0.1251467694135054,-0.0900695164971129,336.8012706225256
1790290800,1790290850.0,71747176.0,0.1252352888654617,0.3268572498251653,335.28655616220146
1790294400,1790294409.0,71782430.0,0.1249991147747004,-1.2700470327243e-05,336.38389613634763
1790298000,,,,,
1790301600,1790301600.0,71853839.0,0.1249950166963568,1.4022177307792172,336.3728678377683
1790305200,1790305209.0,71889556.0,0.1256609733540417,-1.2277848273401042,336.4240113034154
1790308800,,,,,
1790312400,,,,,
1790316000,1790316012.0,71996205.0,0.1253028687785206,0.0485322329258602,335.4652810425612
1790319600,1790319632.0,72032039.0,0.1256199969525542,0.0141546090715351,336.3143078291445
1790323200,1790323261.0,72067854.0,0.1257307115323392,0.9328415516131818,336.6107168258829
1790326800,,,,,
1790330400,,,,,
1790334000,1790334016.0,72174328.0,0.1239552222647569,-0.8391789728503101,335.2517732417068
1790337600,1790337659.0,72210390.0,0.1237230720848302,3.937649081614059,336.2833080772343
1790341200,1790341261.0,72246146.0,0.1240823802410195,-0.596455120246462,337.06452338252507
1790344800,1790344862.0,72281962.0,0.1247235471554731,0.8530475460103779,335.03282475189445
1790348400,1790348456.0,72317787.0,0.1252452346581516,0.1627109027077566,336.52551652216084
1790352000,1790352058.0,72353611.0,0.1263004819633318,1.2881419646192822,339.3453979438995
1790355600,,,,,
1790359200,1790359254.0,72425265.0,0.1265898942395142,0.0008389329607053,340.1229937416691
1790362800,1790362856.0,72461124.0,0.1264458195725503,-1.1849589887706753,339.73589248572387
1790366400,1790366405.0,72496403.0,0.1266299269042455,0.2814512937477665,340.2305539055958
1790370000,1790370016.0,72532362.0,0.1270929145275047,-1.4211305077151972,341.4745136816449
1790373600,,,,,
1790377200,1790377228.0,72603966.0,0.1267444619432475,0.0020923583814751,340.53828779373686
1790380800,,,,,
1790384400,,,,,
1790388000,1790388064.0,72711149.0,0.1267587992910645,-1.350500945995166,340.57680952322505
1790391600,1790391613.0,72746181.0,0.1267514206690176,0.1472694022339888,340.55698456772313
1790395200,1790395206.0,72781701.0,0.1268581041333575,-0.0142474228614149,340.8436227665462
1790398800,,,,,
1790402400,,,,,
1790406000,,,,,
1790409600,,,,,
1790413200,,,,,
1790416800,1790416860.0,72995189.0,0.1269466895543853,0.0021052995843923,341.0816349616179
1790420400,1790420453.0,73030755.0,0.126692924783694,0.8794550226403096,340.3998172380769
1790424000,,,,,
1790427600,1790427654.0,73102144.0,0.1266108803392308,1.0690383077877228,340.17937940424866
1790431200,1790431233.0,73137741.0,0.126783934911255,0.0002066568376803,340.64434415890906
1790434800,1790434865.0,73173889.0,0.1266575442837535,1.0255793888078724,340.30475655703174
