hour,ts,block,price_quote,amount_stock,price_usd
1782086400,,,,,
1782090000,,,,,
1782093600,,,,,
1782097200,,,,,
1782100800,,,,,
1782104400,,,,,
1782108000,,,,,
1782111600,,,,,
1782115200,,,,,
1782118800,,,,,
1782122400,,,,,
1782126000,,,,,
1782129600,,,,,
1782133200,,,,,
1782136800,,,,,
1782140400,,,,,
1782144000,,,,,
1782147600,,,,,
1782151200,,,,,
1782154800,,,,,
1782158400,,,,,
1782162000,,,,,
1782165600,,,,,
1782169200,,,,,
1782172800,,,,,
1782176400,,,,,
1782180000,,,,,
1782183600,,,,,
1782187200,,,,,
1782190800,,,,,
1782194400,,,,,
1782198000,,,,,
1782201600,,,,,
1782205200,,,,,
1782208800,,,,,
1782212400,,,,,
1782216000,,,,,
1782219600,,,,,
1782223200,,,,,
1782226800,,,,,
1782230400,,,,,
1782234000,,,,,
1782237600,,,,,
1782241200,,,,,
1782244800,,,,,
1782248400,,,,,
1782252000,,,,,
1782255600,,,,,
1782259200,,,,,
1782262800,,,,,
1782266400,,,,,
1782270000,,,,,
1782273600,,,,,
1782277200,,,,,
1782280800,,,,,
1782284400,,,,,
1782288000,,,,,
1782291600,,,,,
1782295200,,,,,
1782298800,,,,,
1782302400,,,,,
1782306000,,,,,
1782309600,,,,,
1782313200,,,,,
1782316800,,,,,
1782320400,,,,,
1782324000,,,,,
1782327600,,,,,
1782331200,,,,,
1782334800,,,,,
1782338400,,,,,
1782342000,,,,,
1782345600,,,,,
1782349200,,,,,
1782352800,,,,,
1782356400,,,,,
1782360000,,,,,
1782363600,,,,,
1782367200,,,,,
1782370800,,,,,
1782374400,,,,,
1782378000,,,,,
1782381600,,,,,
1782385200,,,,,
1782388800,,,,,
1782392400,,,,,
1782396000,,,,,
1782399600,,,,,
1782403200,,,,,
1782406800,,,,,
1782410400,,,,,
1782414000,,,,,
1782417600,,,,,
1782421200,,,,,
1782424800,,,,,
1782428400,,,,,
1782432000,,,,,
1782435600,,,,,
1782439200,,,,,
1782442800,,,,,
1782446400,,,,,
1782450000,,,,,
1782453600,,,,,
1782457200,,,,,
1782460800,,,,,
1782464400,,,,,
1782468000,,,,,
1782471600,,,,,
1782475200,,,,,
1782478800,,,,,
1782482400,,,,,
1782486000,,,,,
1782489600,,,,,
1782493200,,,,,
1782496800,,,,,
1782500400,,,,,
1782504000,,,,,
1782507600,,,,,
1782511200,,,,,
1782514800,,,,,
1782518400,,,,,
1782522000,,,,,
1782525600,,,,,
1782529200,,,,,
1782532800,,,,,
1782536400,,,,,
1782540000,,,,,
1782543600,,,,,
1782547200,,,,,
1782550800,,,,,
1782554400,,,,,
1782558000,,,,,
1782561600,,,,,
1782565200,,,,,
1782568800,,,,,
1782572400,,,,,
1782576000,,,,,
1782579600,,,,,
1782583200,,,,,
1782586800,,,,,
1782590400,,,,,
1782594000,,,,,
1782597600,,,,,
1782601200,,,,,
1782604800,,,,,
1782608400,,,,,
1782612000,,,,,
1782615600,,,,,
1782619200,,,,,
1782622800,,,,,
1782626400,,,,,
1782630000,,,,,
1782633600,,,,,
1782637200,,,,,
1782640800,,,,,
1782644400,,,,,
1782648000,,,,,
1782651600,,,,,
1782655200,,,,,
1782658800,,,,,
1782662400,,,,,
1782666000,,,,,
1782669600,,,,,
1782673200,,,,,
1782676800,,,,,
1782680400,,,,,
1782684000,,,,,
1782687600,,,,,
1782691200,,,,,
1782694800,,,,,
1782698400,,,,,
1782702000,,,,,
1782705600,,,,,
1782709200,,,,,
1782712800,,,,,
1782716400,,,,,
1782720000,,,,,
1782723600,,,,,
1782727200,,,,,
1782730800,,,,,
1782734400,,,,,
1782738000,,,,,
1782741600,,,,,
1782745200,,,,,
1782748800,,,,,
1782752400,,,,,
1782756000,,,,,
1782759600,,,,,
1782763200,,,,,
1782766800,,,,,
1782770400,,,,,
1782774000,,,,,
1782777600,,,,,
1782781200,,,,,
1782784800,,,,,
1782788400,,,,,
1782792000,,,,,
1782795600,,,,,
1782799200,,,,,
1782802800,,,,,
1782806400,,,,,
1782810000,,,,,
1782813600,,,,,
1782817200,,,,,
1782820800,,,,,
1782824400,,,,,
1782828000,,,,,
1782831600,,,,,
1782835200,,,,,
1782838800,,,,,
1782842400,,,,,
1782846000,,,,,
1782849600,,,,,
1782853200,,,,,
1782856800,,,,,
1782860400,,,,,
1782864000,,,,,
1782867600,,,,,
1782871200,,,,,
1782874800,,,,,
1782878400,,,,,
1782882000,,,,,
1782885600,,,,,
1782889200,,,,,
1782892800,,,,,
1782896400,,,,,
1782900000,,,,,
1782903600,,,,,
1782907200,,,,,
1782910800,,,,,
1782914400,,,,,
1782918000,,,,,
1782921600,,,,,
1782925200,,,,,
1782928800,,,,,
1782932400,,,,,
1782936000,,,,,
1782939600,,,,,
1782943200,,,,,
1782946800,,,,,
1782950400,,,,,
1782954000,,,,,
1782957600,,,,,
1782961200,,,,,
1782964800,,,,,
1782968400,,,,,
1782972000,,,,,
1782975600,,,,,
1782979200,,,,,
1782982800,,,,,
1782986400,,,,,
1782990000,,,,,
1782993600,,,,,
1782997200,,,,,
1783000800,,,,,
1783004400,,,,,
1783008000,,,,,
1783011600,,,,,
1783015200,,,,,
1783018800,,,,,
1783022400,,,,,
1783026000,,,,,
1783029600,,,,,
1783033200,,,,,
1783036800,,,,,
1783040400,,,,,
1783044000,,,,,
1783047600,,,,,
1783051200,,,,,
1783054800,,,,,
1783058400,,,,,
1783062000,,,,,
1783065600,,,,,
1783069200,,,,,
1783072800,,,,,
1783076400,,,,,
1783080000,,,,,
1783083600,,,,,
1783087200,,,,,
1783090800,,,,,
1783094400,,,,,
1783098000,,,,,
1783101600,,,,,
1783105200,,,,,
1783108800,,,,,
1783112400,,,,,
1783116000,,,,,
1783119600,,,,,
1783123200,,,,,
1783126800,,,,,
1783130400,,,,,
1783134000,,,,,
1783137600,,,,,
1783141200,,,,,
1783144800,,,,,
1783148400,,,,,
1783152000,,,,,
1783155600,,,,,
1783159200,,,,,
1783162800,,,,,
1783166400,,,,,
1783170000,,,,,
1783173600,,,,,
1783177200,,,,,
1783180800,,,,,
1783184400,,,,,
1783188000,,,,,
1783191600,,,,,
1783195200,,,,,
1783198800,,,,,
1783202400,,,,,
1783206000,,,,,
1783209600,,,,,
1783213200,,,,,
1783216800,,,,,
1783220400,,,,,
1783224000,,,,,
1783227600,,,,,
1783231200,,,,,
1783234800,,,,,
1783238400,,,,,
1783242000,,,,,
1783245600,,,,,
1783249200,,,,,
1783252800,,,,,
1783256400,,,,,
1783260000,,,,,
1783263600,,,,,
1783267200,,,,,
1783270800,,,,,
1783274400,,,,,
1783278000,,,,,
1783281600,,,,,
1783285200,,,,,
1783288800,,,,,
1783292400,,,,,
1783296000,,,,,
1783299600,,,,,
1783303200,,,,,
1783306800,,,,,
1783310400,,,,,
1783314000,,,,,
1783317600,,,,,
1783321200,,,,,
1783324800,,,,,
1783328400,,,,,
1783332000,,,,,
1783335600,,,,,
1783339200,,,,,
1783342800,,,,,
1783346400,,,,,
1783350000,,,,,
1783353600,,,,,
1783357200,,,,,
1783360800,,,,,
1783364400,,,,,
1783368000,,,,,
1783371600,,,,,
1783375200,,,,,
1783378800,,,,,
1783382400,,,,,
1783386000,,,,,
1783389600,,,,,
1783393200,,,,,
1783396800,,,,,
1783400400,,,,,
1783404000,,,,,
1783407600,,,,,
1783411200,,,,,
1783414800,,,,,
1783418400,,,,,
1783422000,,,,,
1783425600,,,,,
1783429200,,,,,
1783432800,,,,,
1783436400,,,,,
1783440000,,,,,
1783443600,,,,,
1783447200,,,,,
1783450800,,,,,
1783454400,,,,,
1783458000,,,,,
1783461600,,,,,
1783465200,,,,,
1783468800,,,,,
1783472400,,,,,
1783476000,,,,,
1783479600,,,,,
1783483200,,,,,
1783486800,,,,,
1783490400,,,,,
1783494000,,,,,
1783497600,,,,,
1783501200,,,,,
1783504800,,,,,
1783508400,,,,,
1783512000,,,,,
1783515600,,,,,
1783519200,,,,,
1783522800,,,,,
1783526400,,,,,
1783530000,,,,,
1783533600,,,,,
1783537200,,,,,
1783540800,,,,,
1783544400,,,,,
1783548000,,,,,
1783551600,,,,,
1783555200,,,,,
1783558800,,,,,
1783562400,,,,,
1783566000,,,,,
1783569600,,,,,
1783573200,,,,,
1783576800,,,,,
1783580400,,,,,
1783584000,,,,,
1783587600,,,,,
1783591200,,,,,
1783594800,,,,,
1783598400,,,,,
1783602000,,,,,
1783605600,,,,,
1783609200,,,,,
1783612800,,,,,
1783616400,,,,,
1783620000,,,,,
1783623600,,,,,
1783627200,,,,,
1783630800,,,,,
1783634400,,,,,
1783638000,,,,,
1783641600,,,,,
1783645200,,,,,
1783648800,,,,,
1783652400,,,,,
1783656000,,,,,
1783659600,,,,,
1783663200,,,,,
1783666800,,,,,
1783670400,,,,,
1783674000,,,,,
1783677600,,,,,
1783681200,,,,,
1783684800,,,,,
1783688400,,,,,
1783692000,,,,,
1783695600,,,,,
1783699200,,,,,
1783702800,,,,,
1783706400,,,,,
1783710000,,,,,
1783713600,,,,,
1783717200,,,,,
1783720800,,,,,
1783724400,,,,,
1783728000,,,,,
1783731600,,,,,
1783735200,,,,,
1783738800,,,,,
1783742400,,,,,
1783746000,,,,,
1783749600,,,,,
1783753200,,,,,
1783756800,,,,,
1783760400,,,,,
1783764000,,,,,
1783767600,,,,,
1783771200,,,,,
1783774800,,,,,
1783778400,,,,,
1783782000,,,,,
1783785600,,,,,
1783789200,,,,,
1783792800,,,,,
1783796400,,,,,
1783800000,,,,,
1783803600,,,,,
1783807200,,,,,
1783810800,,,,,
1783814400,,,,,
1783818000,,,,,
1783821600,,,,,
1783825200,,,,,
1783828800,,,,,
1783832400,,,,,
1783836000,,,,,
1783839600,,,,,
1783843200,,,,,
1783846800,,,,,
1783850400,,,,,
1783854000,,,,,
1783857600,,,,,
1783861200,,,,,
1783864800,,,,,
1783868400,,,,,
1783872000,,,,,
1783875600,,,,,
1783879200,,,,,
1783882800,,,,,
1783886400,,,,,
1783890000,,,,,
1783893600,,,,,
1783897200,,,,,
1783900800,,,,,
1783904400,,,,,
1783908000,,,,,
1783911600,,,,,
1783915200,,,,,
1783918800,,,,,
1783922400,,,,,
1783926000,,,,,
1783929600,,,,,
1783933200,,,,,
1783936800,,,,,
1783940400,,,,,
1783944000,,,,,
1783947600,,,,,
1783951200,,,,,
1783954800,,,,,
1783958400,,,,,
1783962000,,,,,
1783965600,,,,,
1783969200,,,,,
1783972800,,,,,
1783976400,,,,,
1783980000,,,,,
1783983600,,,,,
1783987200,,,,,
1783990800,,,,,
1783994400,,,,,
1783998000,,,,,
1784001600,,,,,
1784005200,,,,,
1784008800,,,,,
1784012400,,,,,
1784016000,,,,,
1784019600,,,,,
1784023200,,,,,
1784026800,,,,,
1784030400,,,,,
1784034000,,,,,
1784037600,,,,,
1784041200,,,,,
1784044800,,,,,
1784048400,,,,,
1784052000,,,,,
1784055600,,,,,
1784059200,,,,,
1784062800,,,,,
1784066400,,,,,
1784070000,,,,,
1784073600,,,,,
1784077200,,,,,
1784080800,,,,,
1784084400,,,,,
1784088000,,,,,
1784091600,,,,,
1784095200,,,,,
1784098800,,,,,
1784102400,,,,,
1784106000,,,,,
1784109600,,,,,
1784113200,,,,,
1784116800,,,,,
1784120400,,,,,
1784124000,,,,,
1784127600,,,,,
1784131200,,,,,
1784134800,,,,,
1784138400,,,,,
1784142000,,,,,
1784145600,,,,,
1784149200,,,,,
1784152800,,,,,
1784156400,,,,,
1784160000,,,,,
1784163600,,,,,
1784167200,,,,,
1784170800,,,,,
1784174400,,,,,
1784178000,,,,,
1784181600,,,,,
1784185200,,,,,
1784188800,,,,,
1784192400,,,,,
1784196000,,,,,
1784199600,,,,,
1784203200,,,,,
1784206800,,,,,
1784210400,,,,,
1784214000,,,,,
1784217600,,,,,
1784221200,,,,,
1784224800,,,,,
1784228400,,,,,
1784232000,,,,,
1784235600,,,,,
1784239200,,,,,
1784242800,,,,,
1784246400,,,,,
1784250000,,,,,
1784253600,,,,,
1784257200,,,,,
1784260800,,,,,
1784264400,,,,,
1784268000,,,,,
1784271600,,,,,
1784275200,,,,,
1784278800,,,,,
1784282400,,,,,
1784286000,,,,,
1784289600,,,,,
1784293200,,,,,
1784296800,,,,,
1784300400,,,,,
1784304000,,,,,
1784307600,,,,,
1784311200,,,,,
1784314800,,,,,
1784318400,,,,,
1784322000,,,,,
1784325600,,,,,
1784329200,,,,,
1784332800,,,,,
1784336400,,,,,
1784340000,,,,,
1784343600,,,,,
1784347200,,,,,
1784350800,,,,,
1784354400,,,,,
1784358000,,,,,
1784361600,,,,,
1784365200,,,,,
1784368800,,,,,
1784372400,,,,,
1784376000,,,,,
1784379600,,,,,
1784383200,,,,,
1784386800,,,,,
1784390400,,,,,
1784394000,,,,,
1784397600,,,,,
1784401200,,,,,
1784404800,,,,,
1784408400,,,,,
1784412000,,,,,
1784415600,,,,,
1784419200,,,,,
1784422800,,,,,
1784426400,,,,,
1784430000,,,,,
1784433600,,,,,
1784437200,,,,,
1784440800,,,,,
1784444400,,,,,
1784448000,,,,,
1784451600,,,,,
1784455200,,,,,
1784458800,,,,,
1784462400,,,,,
1784466000,,,,,
1784469600,,,,,
1784473200,,,,,
1784476800,,,,,
1784480400,,,,,
1784484000,,,,,
1784487600,,,,,
1784491200,,,,,
1784494800,,,,,
1784498400,,,,,
1784502000,,,,,
1784505600,,,,,
1784509200,,,,,
1784512800,,,,,
1784516400,,,,,
1784520000,,,,,
1784523600,,,,,
1784527200,,,,,
1784530800,,,,,
1784534400,,,,,
1784538000,,,,,
1784541600,,,,,
1784545200,,,,,
1784548800,,,,,
1784552400,,,,,
1784556000,,,,,
1784559600,,,,,
1784563200,,,,,
1784566800,,,,,
1784570400,,,,,
1784574000,,,,,
1784577600,,,,,
1784581200,,,,,
1784584800,,,,,
1784588400,,,,,
1784592000,,,,,
1784595600,,,,,
1784599200,,,,,
1784602800,,,,,
1784606400,,,,,
1784610000,,,,,
1784613600,,,,,
1784617200,,,,,
1784620800,,,,,
1784624400,,,,,
1784628000,,,,,
1784631600,,,,,
1784635200,,,,,
1784638800,,,,,
1784642400,,,,,
1784646000,,,,,
1784649600,,,,,
1784653200,,,,,
1784656800,,,,,
1784660400,,,,,
1784664000,,,,,
1784667600,,,,,
1784671200,,,,,
1784674800,,,,,
1784678400,,,,,
1784682000,,,,,
1784685600,,,,,
1784689200,,,,,
1784692800,,,,,
1784696400,,,,,
1784700000,,,,,
1784703600,,,,,
1784707200,,,,,
1784710800,,,,,
1784714400,,,,,
1784718000,,,,,
1784721600,,,,,
1784725200,,,,,
1784728800,,,,,
1784732400,,,,,
1784736000,,,,,
1784739600,,,,,
1784743200,,,,,
1784746800,,,,,
1784750400,,,,,
1784754000,,,,,
1784757600,,,,,
1784761200,,,,,
1784764800,,,,,
1784768400,,,,,
1784772000,,,,,
1784775600,,,,,
1784779200,,,,,
1784782800,,,,,
1784786400,,,,,
1784790000,,,,,
1784793600,,,,,
1784797200,,,,,
1784800800,,,,,
1784804400,,,,,
1784808000,,,,,
1784811600,,,,,
1784815200,,,,,
1784818800,,,,,
1784822400,,,,,
1784826000,,,,,
1784829600,,,,,
1784833200,,,,,
1784836800,,,,,
1784840400,,,,,
1784844000,,,,,
1784847600,,,,,
1784851200,,,,,
1784854800,,,,,
1784858400,,,,,
1784862000,,,,,
1784865600,,,,,
1784869200,,,,,
1784872800,,,,,
1784876400,,,,,
1784880000,,,,,
1784883600,,,,,
1784887200,,,,,
1784890800,,,,,
1784894400,,,,,
1784898000,,,,,
1784901600,,,,,
1784905200,,,,,
1784908800,,,,,
1784912400,,,,,
1784916000,,,,,
1784919600,,,,,
1784923200,,,,,
1784926800,,,,,
1784930400,,,,,
1784934000,,,,,
1784937600,,,,,
1784941200,,,,,
1784944800,,,,,
1784948400,,,,,
1784952000,,,,,
1784955600,,,,,
1784959200,,,,,
1784962800,,,,,
1784966400,,,,,
1784970000,,,,,
1784973600,,,,,
1784977200,,,,,
1784980800,,,,,
1784984400,,,,,
1784988000,,,,,
1784991600,,,,,
1784995200,,,,,
1784998800,,,,,
1785002400,,,,,
1785006000,,,,,
1785009600,,,,,
1785013200,,,,,
1785016800,,,,,
1785020400,,,,,
1785024000,,,,,
1785027600,,,,,
1785031200,,,,,
1785034800,,,,,
1785038400,,,,,
1785042000,,,,,
1785045600,,,,,
1785049200,,,,,
1785052800,,,,,
1785056400,,,,,
1785060000,,,,,
1785063600,,,,,
1785067200,,,,,
1785070800,,,,,
1785074400,,,,,
1785078000,,,,,
1785081600,,,,,
1785085200,,,,,
1785088800,,,,,
1785092400,,,,,
1785096000,,,,,
1785099600,,,,,
1785103200,,,,,
1785106800,,,,,
1785110400,,,,,
1785114000,,,,,
1785117600,,,,,
1785121200,,,,,
1785124800,,,,,
1785128400,,,,,
1785132000,,,,,
1785135600,,,,,
1785139200,,,,,
1785142800,,,,,
1785146400,,,,,
1785150000,,,,,
1785153600,,,,,
1785157200,,,,,
1785160800,,,,,
1785164400,,,,,
1785168000,,,,,
1785171600,,,,,
1785175200,,,,,
1785178800,,,,,
1785182400,,,,,
1785186000,,,,,
1785189600,,,,,
1785193200,,,,,
1785196800,,,,,
1785200400,,,,,
1785204000,,,,,
1785207600,,,,,
1785211200,,,,,
1785214800,,,,,
1785218400,,,,,
1785222000,,,,,
1785225600,,,,,
1785229200,,,,,
1785232800,,,,,
1785236400,,,,,
1785240000,,,,,
1785243600,,,,,
1785247200,,,,,
1785250800,,,,,
1785254400,,,,,
1785258000,,,,,
1785261600,,,,,
1785265200,,,,,
1785268800,,,,,
1785272400,,,,,
1785276000,,,,,
1785279600,,,,,
1785283200,,,,,
1785286800,,,,,
1785290400,,,,,
1785294000,,,,,
1785297600,,,,,
1785301200,,,,,
1785304800,,,,,
1785308400,,,,,
1785312000,,,,,
1785315600,,,,,
1785319200,,,,,
1785322800,,,,,
1785326400,,,,,
1785330000,,,,,
1785333600,,,,,
1785337200,,,,,
1785340800,,,,,
1785344400,,,,,
1785348000,,,,,
1785351600,,,,,
1785355200,1785355202.0,22724032.0,338.6821690472423,0.000228013346817,338.6821690472423
1785358800,,,,,
1785362400,,,,,
1785366000,,,,,
1785369600,1785369630.0,22868094.0,339.73903609051064,0.0146993237509982,339.73903609051064
1785373200,,,,,
1785376800,,,,,
1785380400,,,,,
1785384000,,,,,
1785387600,,,,,
1785391200,,,,,
1785394800,,,,,
1785398400,,,,,
1785402000,,,,,
1785405600,,,,,
1785409200,,,,,
1785412800,,,,,
1785416400,,,,,
1785420000,,,,,
1785423600,1785423626.0,23406329.0,331.9610957110295,-0.0150653685589533,331.9610957110295
1785427200,1785427247.0,23442452.0,331.6015823505049,0.0150599119279771,331.6015823505049
1785430800,,,,,
1785434400,,,,,
1785438000,,,,,
1785441600,,,,,
1785445200,,,,,
1785448800,,,,,
1785452400,,,,,
1785456000,,,,,
1785459600,,,,,
1785463200,,,,,
1785466800,,,,,
1785470400,,,,,
1785474000,,,,,
1785477600,,,,,
1785481200,,,,,
1785484800,,,,,
1785488400,,,,,
1785492000,,,,,
1785495600,,,,,
1785499200,,,,,
1785502800,,,,,
1785506400,,,,,
1785510000,,,,,
1785513600,,,,,
1785517200,,,,,
1785520800,,,,,
1785524400,,,,,
1785528000,,,,,
1785531600,,,,,
1785535200,,,,,
1785538800,,,,,
1785542400,,,,,
1785546000,,,,,
1785549600,,,,,
1785553200,,,,,
1785556800,,,,,
1785560400,,,,,
1785564000,,,,,
1785567600,,,,,
1785571200,1785571257.0,24879230.0,307.5714339260423,-0.0424469325505697,307.5714339260423
1785574800,1785574803.0,24914575.0,307.6080466392738,-0.0064986979118687,307.6080466392738
1785578400,1785578420.0,24950610.0,308.0646108270566,0.0064992730376531,308.0646108270566
1785582000,1785582005.0,24986315.0,307.55512134715025,-0.0064998162350212,307.55512134715025
1785585600,1785585621.0,25022329.0,308.06010688789814,0.0483715615836628,308.06010688789814
1785589200,1785589227.0,25058219.0,307.5592880139453,-0.0088260818853649,307.5592880139453
1785592800,,,,,
1785596400,,,,,
1785600000,1785600034.0,25165924.0,307.8601580922369,0.1366823997187029,307.8601580922369
1785603600,,,,,
1785607200,1785607206.0,25237435.0,307.71397065547137,-0.0064964595987662,307.71397065547137
1785610800,1785610806.0,25273423.0,307.45732111934996,-0.0065018838122046,307.45732111934996
1785614400,1785614405.0,25309363.0,307.1512180299383,-0.0065083635928486,307.1512180299383
1785618000,,,,,
1785621600,1785621655.0,25381710.0,307.6473351883498,-0.1950825343451721,307.6473351883498
1785625200,1785625202.0,25417089.0,307.75320494004546,1.9194101568987e-05,307.75320494004546
1785628800,1785628839.0,25453341.0,307.5979504551343,-0.1044995138854051,307.5979504551343
1785632400,,,,,
1785636000,1785636044.0,25525185.0,308.30018732161597,-1.94615516025e-07,308.30018732161597
1785639600,,,,,
1785643200,,,,,
1785646800,1785646844.0,25632820.0,309.3065035245093,0.0753157164396778,309.3065035245093
1785650400,1785650402.0,25668268.0,309.6701522388405,0.0006877522787533,309.6701522388405
1785654000,,,,,
1785657600,,,,,
1785661200,,,,,
1785664800,1785664850.0,25812209.0,310.40310315523453,-0.0675842638784527,310.40310315523453
1785668400,,,,,
1785672000,1785672058.0,25884041.0,310.02430349492727,-0.0745698344051381,310.02430349492727
1785675600,1785675607.0,25919400.0,310.50440639162804,-0.0160958091989152,310.50440639162804
1785679200,1785679248.0,25955687.0,310.2433119790046,0.0877458143230641,310.2433119790046
1785682800,1785682806.0,25991184.0,310.3928800112325,-0.0161013053107805,310.3928800112325
1785686400,,,,,
1785690000,,,,,
1785693600,1785693649.0,26099310.0,310.4287673356318,-0.0160994438657282,310.4287673356318
1785697200,1785697202.0,26134768.0,310.7926021746852,1.1493488630189e-05,310.7926021746852
1785700800,,,,,
1785704400,1785704449.0,26207143.0,310.7547939712967,0.1126598658994289,310.7547939712967
1785708000,,,,,
1785711600,1785711606.0,26278667.0,310.1048817221969,-0.0161162591398912,310.1048817221969
1785715200,1785715204.0,26314568.0,309.9524569383376,0.2137868781190278,309.9524569383376
1785718800,1785718805.0,26350479.0,308.7394594028751,-0.0161875360976069,308.7394594028751
1785722400,,,,,
1785726000,1785726045.0,26422673.0,308.59635721003247,0.0062791351058202,308.59635721003247
1785729600,1785729614.0,26458255.0,309.11514397357433,0.0161944544807861,309.11514397357433
1785733200,1785733202.0,26494021.0,309.1874219956446,1.8527207857698e-05,309.1874219956446
1785736800,1785736806.0,26529937.0,308.77057315079577,-0.0161859048975898,308.77057315079577
1785740400,,,,,
1785744000,1785744047.0,26602146.0,308.4789128337998,-0.0162012086840123,308.4789128337998
1785747600,1785747606.0,26637628.0,308.1320887659145,-0.0162194446919254,308.1320887659145
1785751200,1785751259.0,26674046.0,308.3760978166302,-1.601939987429e-06,308.3760978166302
1785754800,1785754860.0,26709950.0,309.87020981638943,0.035020328036252,309.87020981638943
1785758400,1785758423.0,26745475.0,311.5878222730137,0.0024096350377121,311.5878222730137
1785762000,1785762058.0,26781743.0,310.9759121496383,-0.0502573075365676,310.9759121496383
1785765600,1785765658.0,26817657.0,305.11712330942777,0.0502573075365676,305.11712330942777
1785769200,1785769218.0,26853215.0,305.71931272148464,0.0161637018379556,305.71931272148464
1785772800,1785772805.0,26889036.0,303.5388202187882,-0.0164668739145608,303.5388202187882
1785776400,,,,,
1785780000,1785780038.0,26961308.0,306.1232328882173,0.0109863796850656,306.1232328882173
1785783600,1785783603.0,26996920.0,305.50695660297663,-0.0163607822235264,305.50695660297663
1785787200,1785787206.0,27032885.0,303.43217245643973,-0.0164726620354351,303.43217245643973
1785790800,1785790844.0,27069176.0,303.45590009717034,0.0011174504865274,303.45590009717034
1785794400,1785794408.0,27104716.0,303.9300069454065,-0.0164456777171091,303.9300069454065
1785798000,1785798005.0,27140607.0,303.9131776729459,-0.0164465884769332,303.9131776729459
1785801600,,,,,
1785805200,1785805206.0,27212433.0,304.63264253611374,-0.0164077425766196,304.63264253611374
1785808800,1785808807.0,27248371.0,304.5173548840387,-0.0164139549253322,304.5173548840387
1785812400,1785812453.0,27284751.0,305.0047830450725,0.0092151720045374,305.0047830450725
1785816000,1785816006.0,27320177.0,305.0676716683003,-0.0163843430439281,305.0676716683003
1785819600,,,,,
1785823200,,,,,
1785826800,1785826807.0,27427886.0,304.09542040955324,-0.0164367313026212,304.09542040955324
1785830400,,,,,
1785834000,1785834006.0,27499673.0,303.66005994032207,-0.0164602987790608,303.66005994032207
1785837600,1785837606.0,27535560.0,304.1811773983348,-0.0164320969518488,304.1811773983348
1785841200,1785841206.0,27571456.0,303.25902891493143,-0.016482067768899,303.25902891493143
1785844800,,,,,
1785848400,,,,,
1785852000,,,,,
1785855600,1785855656.0,27715583.0,305.433936038467,0.1186451949682839,305.433936038467
1785859200,,,,,
1785862800,,,,,
1785866400,,,,,
1785870000,1785870009.0,27858662.0,308.23639077149846,-0.0162139435420667,308.23639077149846
1785873600,1785873641.0,27894795.0,309.3005963209211,0.200034938532231,309.3005963209211
1785877200,1785877227.0,27930526.0,310.86959092769524,-0.0643153486271297,310.86959092769524
1785880800,1785880862.0,27966735.0,310.2689382942629,-0.0928419781029921,310.2689382942629
1785884400,,,,,
1785888000,1785888007.0,28038037.0,309.98798198975584,-0.0161223408429817,309.98798198975584
1785891600,1785891606.0,28073927.0,309.87293240865847,-0.0161283268824667,309.87293240865847
1785895200,,,,,
1785898800,,,,,
1785902400,,,,,
1785906000,1785906057.0,28218079.0,311.3585831147307,-9.034599416433e-06,311.3585831147307
1785909600,1785909606.0,28253465.0,311.07455227326943,-0.0160660248836106,311.07455227326943
1785913200,1785913205.0,28289336.0,310.9932310022894,-0.0160702260677501,310.9932310022894
1785916800,1785916824.0,28325403.0,311.17111638258075,0.0008108245388931,311.17111638258075
1785920400,1785920425.0,28361294.0,311.91203496041203,0.0239778135172228,311.91203496041203
1785924000,,,,,
1785927600,1785927648.0,28433300.0,311.38317350441486,0.2979783736860018,311.38317350441486
1785931200,,,,,
1785934800,1785934854.0,28505159.0,308.39911537717137,-0.7026984832510448,308.39911537717137
1785938400,1785938423.0,28540760.0,307.9272015294047,-4.8712812398e-08,307.9272015294047
1785942000,1785942056.0,28577003.0,310.8954032842335,-0.0643003610160361,310.8954032842335
1785945600,,,,,
1785949200,1785949216.0,28648590.0,309.1099183842278,-0.2043497650321961,309.1099183842278
1785952800,,,,,
1785956400,,,,,
1785960000,1785960051.0,28757153.0,310.8370822260205,-0.3759894677031496,310.8370822260205
1785963600,1785963608.0,28792750.0,311.5598572653828,-0.0160403940154839,311.5598572653828
1785967200,1785967233.0,28828950.0,312.03350410122226,-0.3203730895408437,312.03350410122226
1785970800,1785970830.0,28864881.0,312.8272643223745,0.0876406458046044,312.8272643223745
1785974400,1785974406.0,28900598.0,312.5267097507921,-0.0159907702210962,312.5267097507921
1785978000,1785978024.0,28936735.0,311.82586917069835,1.156196549649433,311.82586917069835
1785981600,,,,,
1785985200,,,,,
1785988800,,,,,
1785992400,1785992449.0,29080761.0,313.3715981614386,-0.1781843892451483,313.3715981614386
1785996000,1785996006.0,29116256.0,313.31978868972004,-0.0159502940119812,313.31978868972004
1785999600,1785999606.0,29152179.0,313.22193913552985,-0.0159552768552632,313.22193913552985
1786003200,1786003207.0,29188089.0,312.9974187545002,-0.0615218172417948,312.9974187545002
1786006800,1786006806.0,29223956.0,313.7755923897155,-0.0159271238411192,313.7755923897155
1786010400,1786010428.0,29260080.0,314.2480560131927,0.043271474045269,314.2480560131927
1786014000,1786014007.0,29295771.0,313.7588054401704,-0.0159279759892102,313.7588054401704
1786017600,1786017655.0,29332157.0,313.93646574615525,-0.1687548430135252,313.93646574615525
1786021200,,,,,
1786024800,1786024798.0,29403456.0,315.3920106761718,0.4125177288468005,315.3920106761718
1786028400,1786028432.0,29439631.0,313.1386405143884,0.0450051552273602,313.1386405143884
1786032000,,,,,
1786035600,1786035649.0,29511726.0,311.6677385525869,-0.0592720110690623,311.6677385525869
1786039200,1786039204.0,29547249.0,311.83675994269015,0.0031508332275641,311.83675994269015
1786042800,1786042854.0,29583687.0,312.2430579628202,-0.0079236140957798,312.2430579628202
1786046400,1786046407.0,29619194.0,312.5542597392227,-0.015989360714083,312.5542597392227
1786050000,1786050042.0,29655505.0,311.9849936319133,0.0320797683568232,311.9849936319133
1786053600,1786053618.0,29691210.0,311.8551550958439,-0.0439238238832413,311.8551550958439
1786057200,1786057206.0,29727029.0,311.7403430815354,-0.0160311071968815,311.7403430815354
1786060800,,,,,
1786064400,1786064406.0,29799345.0,312.310687232027,0.1518061872409929,312.310687232027
1786068000,1786068023.0,29835458.0,312.29166724262967,0.0105612560630786,312.29166724262967
1786071600,1786071658.0,29871703.0,312.43569660189513,0.0082005074034273,312.43569660189513
1786075200,,,,,
1786078800,,,,,
1786082400,,,,,
1786086000,1786086020.0,30014849.0,312.2117312850872,-1.3600286511268185,312.2117312850872
1786089600,1786089622.0,30050749.0,312.14545407715224,0.1104029073470385,312.14545407715224
1786093200,1786093240.0,30086802.0,311.3783063968723,0.0052985249300326,311.3783063968723
1786096800,,,,,
1786100400,1786100460.0,30158749.0,311.9912435413311,-0.0169013227240907,311.9912435413311
1786104000,,,,,
1786107600,,,,,
1786111200,1786111239.0,30266255.0,311.4442075433803,-0.387898514115795,311.4442075433803
1786114800,1786114806.0,30301894.0,314.0740361178575,-0.1242486158242142,314.0740361178575
1786118400,,,,,
1786122000,,,,,
1786125600,1786125652.0,30410161.0,312.3357418298392,0.62003375850605,312.3357418298392
1786129200,1786129245.0,30446016.0,312.3562569412615,-0.8374452113925447,312.3562569412615
1786132800,1786132845.0,30481973.0,313.06730101129244,-0.1127429055808999,313.06730101129244
1786136400,1786136434.0,30517794.0,312.74416846348964,-0.0393877111214993,312.74416846348964
1786140000,1786140007.0,30553546.0,313.15499493120024,-0.0159586876834508,313.15499493120024
1786143600,1786143650.0,30589984.0,313.3582552776474,-0.1157709957944086,313.3582552776474
1786147200,1786147253.0,30625970.0,313.4795085484286,-0.461619546656802,313.4795085484286
1786150800,1786150807.0,30661447.0,313.4840580533772,-0.0159419352179138,313.4840580533772
1786154400,1786154453.0,30697928.0,313.19656668436244,-0.0472786621922893,313.19656668436244
1786158000,1786158006.0,30733386.0,313.1435530098698,-0.0092152438246249,313.1435530098698
1786161600,1786161656.0,30769792.0,313.5243740308736,-0.085770712443099,313.5243740308736
1786165200,1786165247.0,30805587.0,312.54882856523017,-0.0172612538025651,312.54882856523017
1786168800,1786168803.0,30841050.0,312.77524386813275,-0.0159780631347668,312.77524386813275
1786172400,1786172456.0,30877509.0,312.36397769672647,0.4052319644462866,312.36397769672647
1786176000,1786176003.0,30912864.0,312.6439166231727,-0.0159847748084781,312.6439166231727
1786179600,1786179604.0,30948756.0,312.60521744342634,-0.0159867536631995,312.60521744342634
1786183200,,,,,
1786186800,1786186803.0,31020536.0,312.69795372286785,-0.0159820124797168,312.69795372286785
1786190400,,,,,
1786194000,1786194037.0,31092717.0,312.6293946819467,0.00433385,312.6293946819467
1786197600,1786197637.0,31128618.0,312.2767044564473,-0.0792660814449575,312.2767044564473
1786201200,1786201207.0,31164268.0,312.2120422427899,-0.0177739920653993,312.2120422427899
1786204800,1786204855.0,31200747.0,312.6272104161348,0.158121527079459,312.6272104161348
1786208400,1786208407.0,31236204.0,311.95098636285616,-0.0160202796144709,311.95098636285616
1786212000,1786212006.0,31272195.0,312.1141345794267,-0.016011904048521,312.1141345794267
1786215600,,,,,
1786219200,1786219205.0,31344086.0,312.2736620384357,-0.0160037242072529,312.2736620384357
1786222800,1786222818.0,31380218.0,312.16516822457555,0.0510258620969396,312.16516822457555
1786226400,1786226441.0,31416402.0,312.1031114149467,0.0095086303359431,312.1031114149467
1786230000,1786230006.0,31452025.0,312.0656657601318,-0.0157854610056455,312.0656657601318
1786233600,1786233648.0,31488361.0,312.2394668621191,0.0744903448115362,312.2394668621191
1786237200,1786237223.0,31524029.0,312.5153403645273,0.1626985907694206,312.5153403645273
1786240800,1786240847.0,31560227.0,312.2130102442499,0.0002908026654038,312.2130102442499
1786244400,1786244406.0,31595787.0,312.53273361927427,-0.0159904579893031,312.53273361927427
1786248000,,,,,
1786251600,,,,,
1786255200,,,,,
1786258800,1786258847.0,31739815.0,313.0613711542255,-0.0485716307051309,313.0613711542255
1786262400,1786262440.0,31775624.0,312.9039099573571,-0.0454775386267969,312.9039099573571
1786266000,1786266005.0,31811174.0,312.5696995783755,-0.0159885668748613,312.5696995783755
1786269600,1786269661.0,31847609.0,312.6121571295417,0.3070890435060781,312.6121571295417
1786273200,1786273206.0,31883003.0,312.6753883095353,-0.0159831624892548,312.6753883095353
1786276800,1786276806.0,31918900.0,312.6766870989489,-0.0159830960984769,312.6766870989489
1786280400,,,,,
1786284000,1786284040.0,31991079.0,312.7525213872303,0.0090883558984751,312.7525213872303
1786287600,1786287606.0,32026671.0,312.53787317476736,-0.015990195031771,312.53787317476736
1786291200,1786291221.0,32062771.0,312.6866900615713,-0.0159825847912087,312.6866900615713
1786294800,1786294806.0,32098594.0,312.60177782459425,-0.015986926169808,312.60177782459425
1786298400,1786298438.0,32134879.0,312.94936533756743,-0.437449592497081,312.94936533756743
1786302000,,,,,
1786305600,1786305643.0,32206895.0,312.7826066454112,-0.1216897395348261,312.7826066454112
1786309200,1786309229.0,32242705.0,312.77226647028357,0.5439531961997842,312.77226647028357
1786312800,1786312857.0,32278974.0,312.8504258913461,-0.1646210282602108,312.8504258913461
1786316400,,,,,
1786320000,1786320056.0,32350922.0,313.05224990941207,-0.7283870168189466,313.05224990941207
1786323600,,,,,
1786327200,1786327240.0,32422696.0,312.86224752747853,0.5395701833311513,312.86224752747853
1786330800,1786330811.0,32458336.0,313.0883102474749,0.3332803696940832,313.0883102474749
1786334400,1786334403.0,32494167.0,313.1519541970735,-0.0159588386377368,313.1519541970735
1786338000,1786338007.0,32530120.0,312.7383233080088,-0.0135489690334138,312.7383233080088
1786341600,,,,,
1786345200,,,,,
1786348800,,,,,
1786352400,1786352404.0,32673710.0,313.0123289927979,-0.0159659602842041,313.0123289927979
1786356000,,,,,
1786359600,1786359658.0,32746099.0,309.5961210122052,-0.1448656656648287,309.5961210122052
1786363200,,,,,
1786366800,1786366845.0,32817821.0,309.2432943326078,-0.2263762718001289,309.2432943326078
1786370400,1786370457.0,32853875.0,306.967310352129,-0.319321024630752,306.967310352129
1786374000,1786374047.0,32889724.0,306.8537837541026,0.0328975843194052,306.8537837541026
1786377600,1786377629.0,32925501.0,306.9940551336421,-0.542309639481521,306.9940551336421
1786381200,,,,,
1786384800,1786384828.0,32997452.0,306.52509802984076,-0.3040883245063606,306.52509802984076
1786388400,1786388431.0,33033428.0,306.87302561728023,-0.0042814301406698,306.87302561728023
1786392000,,,,,
1786395600,,,,,
1786399200,1786399233.0,33141376.0,307.59765069152115,-0.5197001633135413,307.59765069152115
1786402800,1786402812.0,33177170.0,307.6844077092596,-0.0162424314475593,307.6844077092596
1786406400,,,,,
1786410000,,,,,
1786413600,,,,,
1786417200,1786417208.0,33320997.0,309.06794671421113,-0.0161697220844229,309.06794671421113
1786420800,1786420863.0,33357506.0,308.82517328154654,-0.0587686150755659,308.82517328154654
1786424400,,,,,
1786428000,1786428033.0,33429233.0,308.81364978810217,-0.0026925596909046,308.81364978810217
1786431600,1786431620.0,33465095.0,308.3720957265128,-0.2271784215653826,308.3720957265128
1786435200,1786435215.0,33500956.0,308.7516007885165,-0.0045198675433115,308.7516007885165
1786438800,1786438815.0,33536835.0,308.62088629986033,-0.0060516448023655,308.62088629986033
1786442400,,,,,
1786446000,,,,,
1786449600,1786449643.0,33645068.0,309.1768003219769,-0.0041630835090989,309.1768003219769
1786453200,,,,,
1786456800,,,,,
1786460400,1786460432.0,33752924.0,306.8425975329225,-0.0172685431895599,306.8425975329225
1786464000,1786464023.0,33788890.0,306.893395762809,-0.0049018307522969,306.893395762809
1786467600,1786467606.0,33824735.0,306.33175350155216,-0.0163141741266143,306.33175350155216
1786471200,1786471233.0,33861126.0,306.40843025700343,-0.0526963188588514,306.40843025700343
1786474800,,,,,
1786478400,,,,,
1786482000,1786482003.0,33969027.0,304.9090505818306,-0.0163902962968975,304.9090505818306
1786485600,,,,,
1786489200,,,,,
1786492800,1786492845.0,34077937.0,305.2711602655207,-0.0010574179583447,305.2711602655207
1786496400,1786496410.0,34113890.0,304.9917439156782,0.012492489241499,304.9917439156782
1786500000,1786500003.0,34150112.0,304.74518697034307,-0.0163991094161532,304.74518697034307
1786503600,1786503605.0,34186278.0,304.8113350417013,-0.0163955505758986,304.8113350417013
1786507200,,,,,
1786510800,1786510806.0,34258486.0,304.8941386509815,-0.0163910978254663,304.8941386509815
1786514400,1786514423.0,34294721.0,305.0086345496925,-0.0008775887371573,305.0086345496925
1786518000,1786518003.0,34330650.0,305.15686537576414,-0.0163769857365204,305.15686537576414
1786521600,1786521638.0,34366981.0,305.15762077736304,-0.0107604437938904,305.15762077736304
1786525200,,,,,
1786528800,,,,,
1786532400,,,,,
1786536000,1786536003.0,34511387.0,304.9922555102638,-0.0163858247373886,304.9922555102638
1786539600,1786539603.0,34547469.0,304.2473714425855,-0.0164259420947246,304.2473714425855
1786543200,1786543255.0,34583915.0,303.46985801297103,-0.5224194914565167,303.46985801297103
1786546800,1786546809.0,34619415.0,303.0933791491061,0.2220529984171952,303.0933791491061
1786550400,1786550419.0,34655419.0,301.30711233901286,-0.0015737877742487,301.30711233901286
1786554000,1786554005.0,34691237.0,301.94104663889107,-0.0045985991870859,301.94104663889107
1786557600,1786557620.0,34727358.0,301.7451186650346,-0.0009918111693536,301.7451186650346
1786561200,,,,,
1786564800,1786564839.0,34799463.0,301.8809491291747,-0.0132002789123722,301.8809491291747
1786568400,1786568454.0,34835535.0,302.0777319140204,0.0289449001363252,302.0777319140204
1786572000,1786572059.0,34871510.0,302.1769905804361,-0.1682726064025797,302.1769905804361
1786575600,1786575651.0,34907385.0,301.8182987141268,-0.1923485122785726,301.8182987141268
1786579200,1786579257.0,34943403.0,301.6737749667716,-0.1895015009082694,301.6737749667716
1786582800,1786582842.0,34979187.0,301.6707098378324,0.0892561852147303,301.6707098378324
1786586400,1786586438.0,35015111.0,302.0072146904004,-0.0020415563077586,302.0072146904004
1786590000,1786590004.0,35050676.0,302.2131896011922,-0.0066112525045728,302.2131896011922
1786593600,1786593626.0,35086786.0,301.9703409161408,-0.0023048254785794,301.9703409161408
1786597200,1786597204.0,35122460.0,302.4459652442024,-0.1718628098607399,302.4459652442024
1786600800,1786600819.0,35158498.0,302.50500518661477,-0.0014829188959042,302.50500518661477
1786604400,1786604458.0,35194747.0,302.600431645695,-0.0040713753169607,302.600431645695
1786608000,1786608019.0,35230229.0,303.78049372358953,-0.0007806890606849,303.78049372358953
1786611600,,,,,
1786615200,,,,,
1786618800,1786618819.0,35337737.0,303.53092390678086,-0.0806341531476858,303.53092390678086
1786622400,1786622459.0,35374029.0,303.4837983423578,0.0191242344170752,303.4837983423578
1786626000,,,,,
1786629600,,,,,
1786633200,,,,,
1786636800,,,,,
1786640400,1786640415.0,35553100.0,303.4611177331222,-0.1502546960422766,303.4611177331222
1786644000,1786644041.0,35589346.0,303.3670445376277,0.0644322642435445,303.3670445376277
1786647600,1786647658.0,35625436.0,303.5429824255182,0.2615645063377178,303.5429824255182
1786651200,1786651225.0,35661031.0,304.93485415839496,-0.0028392964230049,304.93485415839496
1786654800,,,,,
1786658400,1786658447.0,35733125.0,304.8892411904253,0.004637373008445,304.8892411904253
1786662000,1786662053.0,35769131.0,304.8146765118078,0.001568950670985,304.8146765118078
1786665600,1786665642.0,35804972.0,305.1002016244015,-0.0034129150938631,305.1002016244015
1786669200,,,,,
1786672800,1786672816.0,35876650.0,304.8553612864434,-0.0259859416372802,304.8553612864434
1786676400,,,,,
1786680000,1786680046.0,35948761.0,304.5671837004901,-0.0335538540534788,304.5671837004901
1786683600,,,,,
1786687200,1786687241.0,36020572.0,305.51431169079876,-0.0409643648539667,305.51431169079876
1786690800,1786690820.0,36056374.0,305.6630888931119,-0.0305339863621102,305.6630888931119
1786694400,1786694458.0,36092664.0,305.5759092019544,0.0596815118556977,305.5759092019544
1786698000,1786698005.0,36128041.0,305.6795272342389,-0.0032775016636421,305.6795272342389
1786701600,,,,,
1786705200,1786705256.0,36200358.0,305.12465907416305,-0.0917064794971849,305.12465907416305
1786708800,1786708855.0,36236251.0,305.47510044368136,-0.0014420920857622,305.47510044368136
1786712400,,,,,
1786716000,1786716033.0,36307879.0,306.24782969496164,-0.0069812160501426,306.24782969496164
1786719600,,,,,
1786723200,1786723206.0,36379449.0,305.54674126862983,0.0841772126401591,305.54674126862983
1786726800,1786726813.0,36415436.0,305.1585783625025,-2.5200012758902e-05,305.1585783625025
1786730400,1786730461.0,36451844.0,305.82831577438975,-0.0534148137347699,305.82831577438975
1786734000,,,,,
1786737600,1786737655.0,36523718.0,306.2164200498848,0.0705763519333152,306.2164200498848
1786741200,1786741205.0,36559133.0,305.9878054539279,0.1709796760184065,305.9878054539279
1786744800,1786744856.0,36595636.0,305.69993505054134,0.0845476571552432,305.69993505054134
1786748400,1786748436.0,36631449.0,306.10909761956196,0.0452750251307343,306.10909761956196
1786752000,1786752050.0,36667496.0,306.18949222970275,-0.019687059019569,306.18949222970275
1786755600,1786755631.0,36703219.0,306.185949111015,-0.1756694209785589,306.185949111015
1786759200,1786759236.0,36739209.0,305.8809551622339,-0.0140013980593796,305.8809551622339
1786762800,1786762856.0,36775304.0,306.2724666280768,0.0279713832983133,306.2724666280768
1786766400,1786766419.0,36810850.0,306.23434344208283,0.0403567950601046,306.23434344208283
1786770000,1786770033.0,36846876.0,305.873263951191,-0.2828629857941483,305.873263951191
1786773600,1786773652.0,36882930.0,305.9532976072254,0.0480287957179059,305.9532976072254
1786777200,,,,,
1786780800,1786780829.0,36954404.0,306.1183949988239,-0.0037864877036571,306.1183949988239
1786784400,,,,,
1786788000,1786788021.0,37026054.0,305.81468071348957,-0.0015297050149307,305.81468071348957
1786791600,1786791659.0,37062297.0,305.76727181947075,-0.0483890173629843,305.76727181947075
1786795200,1786795244.0,37098028.0,305.9106965471876,0.0370299764191572,305.9106965471876
1786798800,1786798819.0,37133652.0,305.73200308869076,0.0321941486708221,305.73200308869076
1786802400,1786802443.0,37169795.0,305.6742856110046,0.008354257464677,305.6742856110046
1786806000,1786806007.0,37205358.0,305.698110027742,-0.0301391960618282,305.698110027742
1786809600,1786809659.0,37241799.0,305.7670884057464,0.0158086803931423,305.7670884057464
1786813200,,,,,
1786816800,1786816826.0,37313384.0,305.8172900605917,-0.0837283239911541,305.8172900605917
1786820400,,,,,
1786824000,1786824045.0,37385368.0,305.9630466861669,-0.0159311693474015,305.9630466861669
1786827600,,,,,
1786831200,1786831230.0,37456981.0,305.79885979397744,-0.0342790958186722,305.79885979397744
1786834800,1786834842.0,37493017.0,305.6769948959315,0.3231491161035399,305.6769948959315
1786838400,1786838453.0,37529019.0,305.7384658702519,0.3268749626012011,305.7384658702519
1786842000,,,,,
1786845600,,,,,
1786849200,,,,,
1786852800,1786852860.0,37672597.0,305.54706435322265,-0.3750791631484499,305.54706435322265
1786856400,1786856448.0,37708347.0,305.5949942756844,-0.5978489022791571,305.5949942756844
1786860000,1786860006.0,37743790.0,305.68427592906914,-0.365199511612007,305.68427592906914
1786863600,,,,,
1786867200,1786867244.0,37815819.0,305.59009135465476,-0.0469407626131593,305.59009135465476
1786870800,1786870853.0,37851735.0,305.5973673385478,0.2419288529945266,305.5973673385478
1786874400,1786874458.0,37887628.0,305.7275689314189,0.3668944538858749,305.7275689314189
1786878000,1786878004.0,37922939.0,305.7371394173815,-0.00366764874375,305.7371394173815
1786881600,,,,,
1786885200,1786885228.0,37994874.0,305.11649791499883,0.8110498656476295,305.11649791499883
1786888800,1786888848.0,38030884.0,305.7442153206716,-0.0007296495284657,305.7442153206716
1786892400,1786892457.0,38066856.0,305.800756099048,0.0229315046690534,305.800756099048
1786896000,1786896061.0,38102774.0,306.01380177237,0.0399140697951378,306.01380177237
1786899600,1786899613.0,38138186.0,305.91426776505193,0.0528197310542164,305.91426776505193
1786903200,,,,,
1786906800,1786906808.0,38209905.0,305.6457819470268,-0.3708678515450913,305.6457819470268
1786910400,1786910449.0,38246220.0,305.8235218009758,0.0158086803931423,305.8235218009758
1786914000,,,,,
1786917600,1786917658.0,38318107.0,305.1435517773718,0.1226761451556401,305.1435517773718
1786921200,,,,,
1786924800,1786924859.0,38389868.0,305.91801819664295,0.0449135095898542,305.91801819664295
1786928400,1786928456.0,38425702.0,305.453862454682,-0.2116244910071505,305.453862454682
1786932000,1786932040.0,38461410.0,305.6099057822342,-0.0053116160738018,305.6099057822342
1786935600,,,,,
1786939200,1786939219.0,38532919.0,305.71027260957874,0.1400676419855406,305.71027260957874
1786942800,,,,,
1786946400,,,,,
1786950000,,,,,
1786953600,1786953653.0,38676707.0,307.1216649835908,-0.020318776878388,307.1216649835908
1786957200,,,,,
1786960800,1786960843.0,38748316.0,306.8924890803868,-0.0016751490090478,306.8924890803868
1786964400,,,,,
1786968000,1786968051.0,38820108.0,307.2321660857054,0.0721282167013199,307.2321660857054
1786971600,,,,,
1786975200,1786975259.0,38892047.0,305.91068607548385,-0.3278886095266249,305.91068607548385
1786978800,,,,,
1786982400,,,,,
1786986000,1786986039.0,38999693.0,303.44701478050735,-0.0017464167652344,303.44701478050735
1786989600,,,,,
1786993200,,,,,
1786996800,,,,,
1787000400,1787000404.0,39142923.0,305.33116489293,-0.0570751051365295,305.33116489293
1787004000,1787004059.0,39179358.0,305.5288333629954,-0.0062591310542581,305.5288333629954
1787007600,,,,,
1787011200,,,,,
1787014800,,,,,
1787018400,,,,,
1787022000,,,,,
1787025600,,,,,
1787029200,1787029237.0,39430514.0,305.62523519777693,-0.5139053554683396,305.62523519777693
1787032800,1787032847.0,39466460.0,305.4743595627054,-0.2992806392045433,305.4743595627054
1787036400,1787036438.0,39502247.0,305.27053027079194,0.0437159389579753,305.27053027079194
1787040000,,,,,
1787043600,,,,,
1787047200,1787047215.0,39609669.0,307.99592157605366,-0.072637676775845,307.99592157605366
1787050800,,,,,
1787054400,1787054406.0,39681335.0,307.50255857923764,0.04471380656495,307.50255857923764
1787058000,,,,,
1787061600,1787061653.0,39753582.0,307.3806572516398,0.1990591949718305,307.3806572516398
1787065200,1787065246.0,39789429.0,310.4645092680662,-0.0502606799210253,310.4645092680662
1787068800,1787068858.0,39825418.0,309.6418670793108,-0.0516451550464549,309.6418670793108
1787072400,1787072417.0,39860942.0,310.5246329835925,-0.4829151390407544,310.5246329835925
1787076000,1787076002.0,39896744.0,310.13479863328746,-0.0046801197777686,310.13479863328746
1787079600,,,,,
1787083200,,,,,
1787086800,,,,,
1787090400,1787090461.0,40040972.0,309.86172782735764,0.1986681681835808,309.86172782735764
1787094000,,,,,
1787097600,1787097643.0,40112661.0,310.16780768674084,0.008218455892794,310.16780768674084
1787101200,,,,,
1787104800,,,,,
1787108400,1787108449.0,40220363.0,310.6119854623906,-0.0643908353841259,310.6119854623906
1787112000,1787112022.0,40255938.0,310.43039269146874,-0.0410470360440119,310.43039269146874
1787115600,,,,,
1787119200,1787119249.0,40327725.0,311.1833200780234,0.0653730967873396,311.1833200780234
1787122800,1787122805.0,40363077.0,310.3829214123779,-0.0064404500395948,310.3829214123779
1787126400,1787126403.0,40398822.0,310.15193662310975,-0.0038498519367969,310.15193662310975
1787130000,,,,,
1787133600,,,,,
1787137200,,,,,
1787140800,,,,,
1787144400,,,,,
1787148000,1787148021.0,40613700.0,315.9521030805445,0.1557348106828154,315.9521030805445
1787151600,,,,,
1787155200,1787155204.0,40685324.0,316.38390802265485,-0.0036757524032864,316.38390802265485
1787158800,1787158813.0,40721329.0,315.04718099424105,-0.1976201913240832,315.04718099424105
1787162400,,,,,
1787166000,,,,,
1787169600,,,,,
1787173200,1787173242.0,40865372.0,316.4865418824228,0.1720048709165817,316.4865418824228
1787176800,1787176829.0,40901174.0,316.41737980287473,-0.0215643836043673,316.41737980287473
1787180400,,,,,
1787184000,,,,,
1787187600,1787187636.0,41009049.0,316.94637236408215,0.0102046477789219,316.94637236408215
1787191200,,,,,
1787194800,,,,,
1787198400,1787198440.0,41116703.0,316.2501045762796,-0.429991444666372,316.2501045762796
1787202000,,,,,
1787205600,1787205620.0,41188322.0,315.95637537703766,-0.1092062651083386,315.95637537703766
1787209200,1787209227.0,41224316.0,316.04589128538476,0.7066570308518098,316.04589128538476
1787212800,1787212829.0,41260227.0,315.6276838452477,-0.006735490836602,315.6276838452477
1787216400,,,,,
1787220000,,,,,
1787223600,1787223651.0,41368136.0,315.99426500933697,0.1406181982158405,315.99426500933697
1787227200,,,,,
1787230800,,,,,
1787234400,1787234448.0,41475813.0,317.6804232543119,0.2860141679700211,317.6804232543119
1787238000,,,,,
1787241600,,,,,
1787245200,,,,,
1787248800,,,,,
1787252400,,,,,
1787256000,,,,,
1787259600,,,,,
1787263200,1787263254.0,41763102.0,312.23951612443,-0.141935999066567,312.23951612443
1787266800,,,,,
1787270400,,,,,
1787274000,1787274059.0,41870763.0,312.23219832575023,-0.166948692205857,312.23219832575023
1787277600,,,,,
1787281200,1787281203.0,41942027.0,311.5616864341837,-0.0046832850819335,311.5616864341837
1787284800,1787284815.0,41977959.0,312.08503937131576,0.0092927131369001,312.08503937131576
1787288400,1787288457.0,42014256.0,312.1226610444491,0.0950806934274619,312.1226610444491
1787292000,1787292035.0,42049895.0,311.9947859601564,0.0222144639284367,311.9947859601564
1787295600,1787295649.0,42085868.0,311.90366567766426,0.0405460130959196,311.90366567766426
1787299200,,,,,
1787302800,1787302843.0,42157504.0,311.19555330479756,0.1105492976786825,311.19555330479756
1787306400,,,,,
1787310000,,,,,
1787313600,,,,,
1787317200,1787317239.0,42300992.0,312.20091997427045,0.0968036701957736,312.20091997427045
1787320800,1787320847.0,42336948.0,307.5586743484667,0.0479422841970627,307.5586743484667
1787324400,1787324429.0,42372682.0,309.5544830050496,-0.0023199381778933,309.5544830050496
1787328000,1787328053.0,42408772.0,311.9828974355337,0.3028729310937337,311.9828974355337
1787331600,,,,,
1787335200,1787335214.0,42480203.0,309.81781259500053,0.1378216768767756,309.81781259500053
1787338800,1787338858.0,42516554.0,308.8654202592126,0.0471810383818419,308.8654202592126
1787342400,,,,,
1787346000,1787346060.0,42588319.0,309.8122568828216,-0.0002465235131058,309.8122568828216
1787349600,,,,,
1787353200,1787353203.0,42659603.0,309.8081068912578,-0.106087015358203,309.8081068912578
1787356800,1787356857.0,42696035.0,309.4067981297359,-0.0003331181198078,309.4067981297359
1787360400,,,,,
1787364000,1787364018.0,42767474.0,309.8449257222664,0.211289630193348,309.8449257222664
1787367600,1787367614.0,42803306.0,309.71543192410525,0.0111072319642183,309.71543192410525
1787371200,,,,,
1787374800,1787374850.0,42875457.0,309.45324081232417,-0.0160419459550431,309.45324081232417
1787378400,1787378395.0,42910826.0,309.0267863868207,-0.5626321456274055,309.0267863868207
1787382000,,,,,
1787385600,,,,,
1787389200,1787389227.0,43018803.0,309.32277108530093,-0.6151239408385827,309.32277108530093
1787392800,,,,,
1787396400,,,,,
1787400000,1787400010.0,43126225.0,309.1613135138854,0.1887905767404646,309.1613135138854
1787403600,,,,,
1787407200,,,,,
1787410800,1787410806.0,43233831.0,309.4407318131695,1.0085168206324877,309.4407318131695
1787414400,,,,,
1787418000,,,,,
1787421600,,,,,
1787425200,,,,,
1787428800,1787428800.0,43413377.0,310.08195730873484,0.0154486650992476,310.08195730873484
1787432400,,,,,
1787436000,1787436013.0,43485291.0,309.52177959886257,-0.2274413049157568,309.52177959886257
1787439600,,,,,
1787443200,,,,,
1787446800,1787446803.0,43592861.0,309.2937178003456,-0.0046780330721205,309.2937178003456
1787450400,,,,,
1787454000,1787454004.0,43664654.0,309.82046415391676,0.0007557009223718,309.82046415391676
1787457600,,,,,
1787461200,,,,,
1787464800,,,,,
1787468400,,,,,
1787472000,,,,,
1787475600,1787475648.0,43880303.0,309.8333527362464,0.0158086803931423,309.8333527362464
1787479200,,,,,
1787482800,1787482818.0,43951725.0,310.28400586539203,0.0264865541617459,310.28400586539203
1787486400,,,,,
1787490000,,,,,
1787493600,,,,,
1787497200,1787497243.0,44095396.0,310.27461354477197,0.3237959054809156,310.27461354477197
1787500800,,,,,
1787504400,,,,,
1787508000,1787508045.0,44203079.0,310.3118216371845,-0.1358971894927607,310.3118216371845
1787511600,,,,,
1787515200,1787515205.0,44274480.0,310.23104633741855,0.0068928005718071,310.23104633741855
1787518800,1787518850.0,44310868.0,310.4166257754515,0.9668686347814878,310.4166257754515
1787522400,,,,,
1787526000,1787526037.0,44382802.0,309.98419935336193,-0.2281512953096414,309.98419935336193
1787529600,1787529654.0,44418888.0,310.541346924051,-0.1007240444469462,310.541346924051
1787533200,1787533213.0,44454385.0,310.18284115028064,-0.0064123767211054,310.18284115028064
1787536800,1787536836.0,44490522.0,309.7489426922601,-0.3624484559589787,309.7489426922601
1787540400,,,,,
1787544000,1787544025.0,44562208.0,310.16944520104397,-0.123335342131472,310.16944520104397
1787547600,,,,,
1787551200,1787551260.0,44634344.0,310.33251427913183,0.0377937102534033,310.33251427913183
1787554800,,,,,
1787558400,1787558457.0,44706110.0,309.68530555193365,0.0398625285458524,309.68530555193365
1787562000,1787562021.0,44741657.0,310.40915115647,-0.0061730849077747,310.40915115647
1787565600,1787565627.0,44777622.0,310.65387061114876,0.7043288449353405,310.65387061114876
1787569200,,,,,
1787572800,1787572828.0,44849422.0,310.5082094375904,-0.0465839870434063,310.5082094375904
1787576400,1787576441.0,44885478.0,311.0045975729257,-0.771448687095214,311.0045975729257
1787580000,1787580054.0,44921527.0,312.27767215418675,0.0710619841731948,312.27767215418675
1787583600,1787583607.0,44957050.0,312.9165204313626,-0.0034244144391966,312.9165204313626
1787587200,1787587208.0,44993049.0,311.9092734889578,-0.0043297313264014,311.9092734889578
1787590800,1787590832.0,45029244.0,313.0582905916441,0.1253046083658716,313.0582905916441
1787594400,1787594456.0,45065438.0,312.09733774890344,0.2932485561725489,312.09733774890344
1787598000,1787598060.0,45101428.0,311.9294901676435,-0.0478881631784853,311.9294901676435
1787601600,,,,,
1787605200,,,,,
1787608800,1787608800.0,45208719.0,311.12867673922557,0.072412498340339,311.12867673922557
1787612400,1787612436.0,45245034.0,310.994821299642,0.2908071813888909,310.994821299642
1787616000,,,,,
1787619600,,,,,
1787623200,1787623235.0,45352734.0,311.14838782170045,-0.244467481877132,311.14838782170045
1787626800,1787626814.0,45388445.0,311.0483243815028,-0.031915362582858,311.0483243815028
1787630400,1787630409.0,45424181.0,309.25276162878134,-0.5143577359785964,309.25276162878134
1787634000,,,,,
1787637600,1787637660.0,45496429.0,309.2726986615841,0.080232806247452,309.2726986615841
1787641200,,,,,
1787644800,1787644828.0,45567916.0,309.42415786919787,-0.181242495161444,309.42415786919787
1787648400,,,,,
1787652000,1787652053.0,45639965.0,309.84189809690474,-0.0103092031681878,309.84189809690474
1787655600,1787655621.0,45675517.0,309.8664563162543,-0.6119187732764115,309.8664563162543
1787659200,1787659205.0,45711234.0,310.39024564278395,0.0650335476399865,310.39024564278395
1787662800,1787662854.0,45747633.0,310.8279051744239,-0.2825651072196376,310.8279051744239
1787666400,1787666459.0,45783569.0,310.55981437557347,1.0057272351816309,310.55981437557347
1787670000,1787670028.0,45819168.0,309.54924100007713,-0.3837337485572528,309.54924100007713
1787673600,1787673667.0,45855498.0,309.824487460332,-0.0265889491554231,309.824487460332
1787677200,1787677230.0,45891187.0,309.7940467746106,0.3989030124637477,309.7940467746106
1787680800,1787680851.0,45927354.0,309.744908577869,0.5243341043020673,309.744908577869
1787684400,,,,,
1787688000,1787688016.0,45998577.0,309.7037856318891,-0.860456729883591,309.7037856318891
1787691600,1787691651.0,46034665.0,309.1187014012567,0.8500773205705432,309.1187014012567
1787695200,1787695228.0,46070234.0,309.44553098723605,0.0776254020043326,309.44553098723605
1787698800,1787698858.0,46106242.0,309.9434475680366,-0.1657948591510393,309.9434475680366
1787702400,,,,,
1787706000,,,,,
1787709600,1787709607.0,46212950.0,308.85304792626914,0.0162230363242496,308.85304792626914
1787713200,,,,,
1787716800,1787716859.0,46284937.0,309.72576220446075,0.0015938491909495,309.72576220446075
1787720400,,,,,
1787724000,1787724038.0,46356189.0,309.83512241455844,0.0063188344962706,309.83512241455844
1787727600,1787727657.0,46392113.0,309.4502579667624,0.1935624165472818,309.4502579667624
1787731200,,,,,
1787734800,1787734857.0,46463584.0,309.2863055804772,-0.3199522400305914,309.2863055804772
1787738400,1787738430.0,46499077.0,309.50358068013696,0.5131230575676808,309.50358068013696
1787742000,1787742056.0,46535069.0,309.8769860964213,-0.2547682653365371,309.8769860964213
1787745600,1787745652.0,46570787.0,309.7972080861795,0.3478782314247164,309.7972080861795
1787749200,1787749252.0,46606472.0,310.6802418208061,-0.0161614609726749,310.6802418208061
1787752800,1787752854.0,46642097.0,312.36177860468376,-0.9601434461452756,312.36177860468376
1787756400,1787756452.0,46677680.0,312.5979176534422,-0.0459923240147355,312.5979176534422
1787760000,1787760059.0,46713324.0,313.1230598022725,0.1212572838370794,313.1230598022725
1787763600,1787763648.0,46748797.0,312.76457873095814,-0.7670851711902843,312.76457873095814
1787767200,1787767253.0,46784400.0,313.10651863884124,0.54772163383222,313.10651863884124
1787770800,1787770860.0,46820117.0,314.77691924653976,1.3038231348964309,314.77691924653976
1787774400,1787774432.0,46855498.0,313.70915305625044,-0.006340291354511,313.70915305625044
1787778000,1787778047.0,46891257.0,313.7107716677751,-0.0788271309607174,313.7107716677751
1787781600,1787781607.0,46926478.0,311.56477288434115,0.2747326367193149,311.56477288434115
1787785200,1787785244.0,46962510.0,312.11575203625483,1.256968972334167,312.11575203625483
1787788800,1787788827.0,46997960.0,311.7699334238396,0.3595030953230804,311.7699334238396
1787792400,1787792465.0,47033968.0,311.17474614058165,0.0508503091238645,311.17474614058165
1787796000,1787796029.0,47069331.0,311.03125060491834,1.2061983176964153,311.03125060491834
1787799600,1787799612.0,47104868.0,311.19665812861894,0.1969668856072855,311.19665812861894
1787803200,,,,,
1787806800,1787806830.0,47176398.0,311.186508963914,0.2720537332061616,311.186508963914
1787810400,1787810456.0,47212337.0,310.73736865345523,0.2610101687876564,310.73736865345523
1787814000,1787814005.0,47247573.0,310.92383275957445,-0.1189594363998056,310.92383275957445
1787817600,1787817627.0,47283469.0,311.07040844905174,-0.0111254541404523,311.07040844905174
1787821200,,,,,
1787824800,1787824860.0,47355105.0,310.20916572633973,-0.16159610256723,310.20916572633973
1787828400,1787828451.0,47390674.0,310.38200820459394,0.0027602586140244,310.38200820459394
1787832000,1787832053.0,47426397.0,310.73377413263927,0.0040078895271405,310.73377413263927
1787835600,1787835652.0,47462053.0,310.5556662166275,-0.0397547922652422,310.5556662166275
1787839200,1787839241.0,47497516.0,311.69663599797536,0.7360311779367776,311.69663599797536
1787842800,1787842844.0,47533281.0,313.4548024907348,-0.2457186627106053,313.4548024907348
1787846400,1787846401.0,47568543.0,314.6104019878936,-0.2953180911733849,314.6104019878936
1787850000,,,,,
1787853600,1787853655.0,47640407.0,314.59499672465137,-0.343570062904087,314.59499672465137
1787857200,,,,,
1787860800,1787860818.0,47711372.0,314.314521281561,-0.314173974628789,314.314521281561
1787864400,,,,,
1787868000,1787868029.0,47782843.0,314.42581113951803,0.2843073362314217,314.42581113951803
1787871600,1787871624.0,47818523.0,314.8056996558699,-1.580030336947797,314.8056996558699
1787875200,,,,,
1787878800,,,,,
1787882400,,,,,
1787886000,1787886048.0,47961473.0,315.1699209836391,-8.1755899593956e-05,315.1699209836391
1787889600,1787889624.0,47996760.0,315.4566746097965,-0.3145326211087736,315.4566746097965
1787893200,1787893260.0,48032811.0,315.58868308639825,-0.0001643088123295,315.58868308639825
1787896800,1787896844.0,48068338.0,315.5848050978781,-0.0001015860083658,315.5848050978781
1787900400,1787900440.0,48104006.0,315.8102305079321,-0.0397236169247101,315.8102305079321
1787904000,1787904058.0,48139881.0,315.72419806135747,0.0018147250058629,315.72419806135747
1787907600,1787907658.0,48175573.0,315.9488789894387,0.2217309267088989,315.9488789894387
1787911200,1787911257.0,48211276.0,315.5334380134196,-9.6645860333725e-05,315.5334380134196
1787914800,1787914861.0,48247046.0,315.452681592481,-9.9802608926322e-05,315.452681592481
1787918400,1787918441.0,48282578.0,316.65171797074817,0.2159866093986862,316.65171797074817
1787922000,1787922052.0,48318403.0,316.4611347395853,0.0149402133258148,316.4611347395853
1787925600,1787925642.0,48353898.0,316.521056782195,0.0164651390917786,316.521056782195
1787929200,1787929236.0,48389443.0,320.4295316101065,0.0100309187462436,320.4295316101065
1787932800,1787932855.0,48425052.0,321.51921343879746,0.0104604929072985,321.51921343879746
1787936400,1787936460.0,48460685.0,321.1564722839922,-0.9025668548409826,321.1564722839922
1787940000,1787940053.0,48496270.0,319.4909546148146,1.931753410992317,319.4909546148146
1787943600,1787943653.0,48531971.0,319.5957704969417,0.0430239149576833,319.5957704969417
1787947200,,,,,
1787950800,1787950847.0,48603253.0,320.34413586556974,-0.3120522840999939,320.34413586556974
1787954400,1787954407.0,48638470.0,320.18306275237046,-0.078044049152163,320.18306275237046
1787958000,1787958058.0,48674592.0,320.29959897202997,-1.0067087051209334,320.29959897202997
1787961600,1787961647.0,48710157.0,320.2377290899372,-0.0174867501275925,320.2377290899372
1787965200,1787965258.0,48745960.0,320.07599834841335,-9.8579714870343e-05,320.07599834841335
1787968800,1787968836.0,48781431.0,320.2392209716498,0.0511611369127151,320.2392209716498
1787972400,1787972462.0,48817320.0,321.47690745152306,-0.0002373078818016,321.47690745152306
1787976000,1787976020.0,48852537.0,321.77599815182083,0.0825003808666785,321.77599815182083
1787979600,1787979654.0,48888521.0,321.70281845019565,0.0855073683573756,321.70281845019565
1787983200,1787983251.0,48924081.0,320.89401961620894,-0.1247096638157283,320.89401961620894
1787986800,1787986852.0,48959799.0,321.6985147980675,-2.878803075593291,321.6985147980675
1787990400,1787990431.0,48995240.0,321.60656211230076,-0.0330665992893393,321.60656211230076
1787994000,,,,,
1787997600,1787997635.0,49066657.0,321.6120522120933,-0.4710701786415568,321.6120522120933
1788001200,1788001258.0,49102541.0,321.2460412467061,-0.166699678850493,321.2460412467061
1788004800,1788004836.0,49137974.0,320.87343102049334,-0.6575793111354392,320.87343102049334
1788008400,1788008456.0,49173875.0,320.96960183574424,-0.0934214598237044,320.96960183574424
1788012000,1788012035.0,49209306.0,320.5816350029046,0.0061279348807381,320.5816350029046
1788015600,1788015649.0,49245092.0,320.864129084115,-1.6534174131784063,320.864129084115
1788019200,,,,,
1788022800,,,,,
1788026400,1788026430.0,49351637.0,321.3098389014772,-1.5190220882434842,321.3098389014772
1788030000,,,,,
1788033600,1788033640.0,49422836.0,321.4724233629427,0.093473460124331,321.4724233629427
1788037200,1788037260.0,49458754.0,320.9811565899702,-0.0004492133024164,320.9811565899702
1788040800,1788040862.0,49494392.0,321.12480183464186,-0.1148595959800562,321.12480183464186
1788044400,1788044459.0,49530046.0,320.9325140397449,-0.075614801137174,320.9325140397449
1788048000,1788048060.0,49565671.0,320.5414514760359,-0.1444523224743374,320.5414514760359
1788051600,1788051654.0,49601281.0,321.08586133465025,-0.0327493239426563,321.08586133465025
1788055200,1788055258.0,49636971.0,321.6165769373492,-9.9335676648595e-05,321.6165769373492
1788058800,1788058836.0,49672442.0,321.3016517768578,0.8478452980861485,321.3016517768578
1788062400,1788062441.0,49708022.0,321.3177230181328,0.0262284707199559,321.3177230181328
1788066000,1788066048.0,49743702.0,322.0987026409884,-0.0001338564862532,322.0987026409884
1788069600,1788069657.0,49779440.0,322.42743756571684,-0.2163881580836736,322.42743756571684
1788073200,1788073252.0,49815045.0,322.3043410400793,-0.0001091018513491,322.3043410400793
1788076800,1788076862.0,49850750.0,322.13140505777955,0.007528234,322.13140505777955
1788080400,1788080418.0,49885958.0,321.8322972118544,-0.2382505294806287,321.8322972118544
1788084000,1788084047.0,49921919.0,321.64623115686646,-0.000230936955151,321.64623115686646
1788087600,1788087605.0,49957120.0,321.31876353457073,0.3342316762950732,321.31876353457073
1788091200,1788091250.0,49993209.0,322.62118989216356,-7.8122581509195e-05,322.62118989216356
1788094800,1788094858.0,50028790.0,321.7109367060554,-0.0006806980613294,321.7109367060554
1788098400,1788098430.0,50064086.0,321.6877907999996,-0.0004063070083229,321.6877907999996
1788102000,1788102061.0,50099799.0,323.2245530921457,-0.0005515113521706,323.2245530921457
1788105600,1788105656.0,50135306.0,322.74681120524497,0.2919086389652369,322.74681120524497
1788109200,1788109259.0,50170962.0,322.2250792008793,-0.1550177482158878,322.2250792008793
1788112800,1788112855.0,50206572.0,321.5884061747035,-0.0001306017242145,321.5884061747035
1788116400,1788116460.0,50242195.0,321.39878315749405,0.0101471837892662,321.39878315749405
1788120000,1788120050.0,50277619.0,322.7032867043243,-9.8313223191613e-05,322.7032867043243
1788123600,1788123655.0,50313050.0,323.34809553815285,0.0464146122396246,323.34809553815285
1788127200,1788127252.0,50348464.0,321.6485849246155,0.0050664440910581,321.6485849246155
1788130800,1788130831.0,50383881.0,321.49764387898773,-8.1988159565329e-05,321.49764387898773
1788134400,1788134466.0,50419739.0,321.3809811444579,-0.0006211662098584,321.3809811444579
1788138000,1788138065.0,50455379.0,320.04991646875516,-0.1561500476133784,320.04991646875516
1788141600,1788141650.0,50490920.0,319.9465203789286,-9.5009629308101e-05,319.9465203789286
1788145200,1788145236.0,50526452.0,319.4607963644901,0.1621455655961951,319.4607963644901
1788148800,1788148857.0,50562342.0,320.20812342399546,0.3175019782146876,320.20812342399546
1788152400,1788152430.0,50597741.0,319.88618969545973,1.5776410929536524,319.88618969545973
1788156000,1788156059.0,50633724.0,320.00282155335015,0.0164063405567022,320.00282155335015
1788159600,1788159636.0,50669200.0,319.4612299287681,0.0073095130963331,319.4612299287681
1788163200,1788163260.0,50705135.0,318.9999745503827,0.0102143595447407,318.9999745503827
1788166800,1788166806.0,50740315.0,319.3298537568533,0.0153449782307686,319.3298537568533
1788170400,1788170452.0,50776504.0,319.6090617553706,-0.0001856111356927,319.6090617553706
1788174000,1788174065.0,50812351.0,319.62855693050113,0.0021044119437984,319.62855693050113
1788177600,1788177668.0,50848096.0,319.1862993767686,0.0093511759441279,319.1862993767686
1788181200,1788181255.0,50883749.0,319.20822943304836,0.407121566543291,319.20822943304836
1788184800,1788184861.0,50919607.0,317.78436077280327,-0.0383477470427456,317.78436077280327
1788188400,1788188458.0,50955172.0,315.4261638774191,-0.0390894258405998,315.4261638774191
1788192000,1788192055.0,50990629.0,315.40913448121944,-1.5714968678210413,315.40913448121944
1788195600,1788195648.0,51026043.0,314.53458043915856,-0.2913007565622205,314.53458043915856
1788199200,1788199247.0,51061598.0,315.2684301673996,-0.0283989865137888,315.2684301673996
1788202800,1788202861.0,51097294.0,315.6320590168009,0.0001269826007132,315.6320590168009
1788206400,1788206412.0,51132415.0,316.97129037463037,-0.0738046895573699,316.97129037463037
1788210000,1788210053.0,51168415.0,316.91847996869643,0.0020950267251755,316.91847996869643
1788213600,1788213640.0,51203900.0,317.49099229045396,0.0509697631734951,317.49099229045396
1788217200,1788217261.0,51239644.0,317.3092889017444,0.0971261605693539,317.3092889017444
1788220800,1788220846.0,51275123.0,317.59408812990296,0.290285965903593,317.59408812990296
1788224400,1788224457.0,51310870.0,317.235072034863,-0.0199368539510268,317.235072034863
1788228000,1788228065.0,51346576.0,316.8552772224908,-0.0772362052908752,316.8552772224908
1788231600,1788231652.0,51382141.0,317.1174922814827,-0.0076881819386938,317.1174922814827
1788235200,1788235256.0,51417893.0,317.29176620253116,-0.1497173744927919,317.29176620253116
1788238800,1788238862.0,51453580.0,317.2342074242238,-0.2928439021630216,317.2342074242238
1788242400,1788242451.0,51489174.0,317.17631114794574,0.0680674645804855,317.17631114794574
1788246000,1788246058.0,51524953.0,316.9895610227387,-0.1696918296789283,316.9895610227387
1788249600,1788249661.0,51560686.0,316.698274126513,0.008447187785898,316.698274126513
1788253200,1788253226.0,51596063.0,315.87358780505673,-0.1533954899128534,315.87358780505673
1788256800,1788256837.0,51631873.0,316.1380692498098,0.0352245601291867,316.1380692498098
1788260400,1788260404.0,51667222.0,316.1911721631933,0.1446916724963529,316.1911721631933
1788264000,1788264058.0,51703462.0,316.89505122898436,-0.7670025929321821,316.89505122898436
1788267600,1788267657.0,51739112.0,316.96711216587704,-0.0094090989296155,316.96711216587704
1788271200,1788271247.0,51774654.0,322.78142579617327,0.2195083205554787,322.78142579617327
1788274800,1788274854.0,51810336.0,324.5778333682704,0.0353926161123209,324.5778333682704
1788278400,1788278450.0,51845810.0,326.2068554693191,-0.2007586137810537,326.2068554693191
1788282000,1788282056.0,51881275.0,326.49034345094367,0.0015583862223042,326.49034345094367
1788285600,1788285659.0,51916872.0,325.47145504055777,-0.3715318928680374,325.47145504055777
1788289200,1788289263.0,51952551.0,325.4425942059248,-0.0011356874385035,325.4425942059248
1788292800,1788292850.0,51988141.0,325.26869244958243,-0.0497710123865711,325.26869244958243
1788296400,1788296456.0,52023709.0,325.5365963560358,-0.0584058090523854,325.5365963560358
1788300000,1788300066.0,52059206.0,325.51885636302296,-1.2529900164784549,325.51885636302296
1788303600,1788303640.0,52094622.0,325.68575358567387,-0.3634141340903115,325.68575358567387
1788307200,1788307262.0,52130432.0,325.70699870613436,-1.5120321266931054,325.70699870613436
1788310800,1788310859.0,52165996.0,325.4862360578494,0.1289103071880238,325.4862360578494
1788314400,1788314425.0,52201326.0,324.9520710169987,-0.0768965387549542,324.9520710169987
1788318000,1788318027.0,52237033.0,324.8987870608677,-0.1330607409270119,324.8987870608677
1788321600,1788321651.0,52272954.0,325.3920603744966,0.6465161978435298,325.3920603744966
1788325200,,,,,
1788328800,1788328865.0,52344478.0,325.33436699934333,-0.7366054894943806,325.33436699934333
1788332400,1788332459.0,52380210.0,325.2208502125581,0.1907077890784829,325.2208502125581
1788336000,1788336051.0,52415841.0,325.0424620976079,0.2698565035749346,325.0424620976079
1788339600,1788339656.0,52451579.0,324.75497148750264,-0.072938154027055,324.75497148750264
1788343200,1788343255.0,52487292.0,324.82658080378354,-0.0891038163705957,324.82658080378354
1788346800,1788346853.0,52523005.0,325.0284206653643,-0.0071896311850844,325.0284206653643
1788350400,1788350442.0,52558609.0,326.4102566700574,0.765505231312015,326.4102566700574
1788354000,1788354044.0,52594337.0,326.8905303356345,-0.0354389115525904,326.8905303356345
1788357600,1788357659.0,52630062.0,325.4097554362388,1.8264798815743684,325.4097554362388
1788361200,1788361259.0,52665633.0,324.5898778705916,-0.069213066852302,324.5898778705916
1788364800,1788364856.0,52701185.0,325.0752763573072,-1.4538301355261631,325.0752763573072
1788368400,1788368419.0,52736241.0,326.0687107616619,-5.5,326.0687107616619
1788372000,1788372084.0,52770865.0,326.32110701277196,2.837938655912009,326.32110701277196
1788375600,1788375665.0,52805304.0,325.8833535582163,-0.0023298674760316,325.8833535582163
1788379200,1788379261.0,52840089.0,325.9160092176425,0.3370195231556234,325.9160092176425
1788382800,1788382855.0,52874729.0,325.82723024603746,0.1549116148815422,325.82723024603746
1788386400,1788386464.0,52909706.0,325.71484146561085,-0.0684159497996896,325.71484146561085
1788390000,1788390074.0,52944666.0,325.58860070746505,0.0085999627786502,325.58860070746505
1788393600,1788393667.0,52979561.0,325.21749016492794,-0.3996113827642504,325.21749016492794
1788397200,1788397257.0,53014531.0,325.2923618073397,0.0364775096539097,325.2923618073397
1788400800,1788400852.0,53049581.0,325.3609785644907,0.2778086162361624,325.3609785644907
1788404400,1788404456.0,53084692.0,324.9002929401677,0.0445919075080656,324.9002929401677
1788408000,1788408061.0,53119796.0,324.90174802764966,0.3526602197647845,324.90174802764966
1788411600,1788411659.0,53154833.0,324.94233213086557,-0.0219850995918588,324.94233213086557
1788415200,1788415261.0,53190047.0,324.8417475563928,-0.1101816208543643,324.8417475563928
1788418800,1788418858.0,53225256.0,324.67175418528444,0.0040323921123725,324.67175418528444
1788422400,1788422457.0,53260448.0,325.0761649771187,0.0633209540449474,325.0761649771187
1788426000,1788426054.0,53295565.0,325.46576205288073,0.0686108385565051,325.46576205288073
1788429600,1788429660.0,53330854.0,325.4004079647016,0.0353121881909813,325.4004079647016
1788433200,1788433257.0,53366038.0,325.05308046488926,3.0773495980038814,325.05308046488926
1788436800,1788436857.0,53401274.0,324.37670579918233,-0.0733844484577469,324.37670579918233
1788440400,1788440439.0,53436020.0,324.6399294503518,-0.3686035076680171,324.6399294503518
1788444000,1788444039.0,53470777.0,326.3377471114087,2.133555260453305,326.3377471114087
1788447600,1788447650.0,53505475.0,328.5952545217839,-0.0005807479154882,328.5952545217839
1788451200,1788451238.0,53540010.0,329.7269397568112,-0.4556311782489641,329.7269397568112
1788454800,1788454851.0,53574456.0,329.7126784143864,-0.1405833217845832,329.7126784143864
1788458400,1788458487.0,53609180.0,327.74892627414056,-0.0579999976510025,327.74892627414056
1788462000,1788462121.0,53644579.0,327.448164596278,-0.2949479244562081,327.448164596278
1788465600,1788465664.0,53679858.0,328.3521520734225,-0.0734682957043047,328.3521520734225
1788469200,1788469281.0,53715352.0,328.3754108972975,0.4488176872232109,328.3754108972975
1788472800,1788472859.0,53750578.0,328.23951869239863,0.180505000966532,328.23951869239863
1788476400,1788476460.0,53786241.0,328.1300889556521,-0.0201145971490751,328.1300889556521
1788480000,1788480027.0,53821563.0,328.2302771442445,-0.15114803692157,328.2302771442445
1788483600,1788483655.0,53857458.0,328.2468454314883,0.0905154138083506,328.2468454314883
1788487200,1788487230.0,53892902.0,328.47965477893285,-0.0118249550449336,328.47965477893285
1788490800,1788490825.0,53928525.0,328.6254518819733,-0.7915590391487056,328.6254518819733
1788494400,1788494453.0,53964305.0,328.6735257171481,0.430287924179029,328.6735257171481
1788498000,1788498052.0,53999864.0,328.3443348050914,3.8576319996837016,328.3443348050914
1788501600,1788501653.0,54035456.0,328.4125540198083,-0.7554304261053012,328.4125540198083
1788505200,1788505259.0,54071038.0,327.8246175786075,0.2215916333406004,327.8246175786075
1788508800,1788508860.0,54106574.0,327.53267385082876,0.0070753033646991,327.53267385082876
1788512400,1788512450.0,54142014.0,328.14372148190654,0.1294620924762893,328.14372148190654
1788516000,1788516063.0,54177764.0,327.33189649524803,0.0024869746216027,327.33189649524803
1788519600,1788519654.0,54213303.0,326.9662577281425,0.0080737437169916,326.9662577281425
1788523200,1788523234.0,54248679.0,327.46349545731766,-4.280296032393849,327.46349545731766
1788526800,1788526809.0,54283991.0,327.6754003300636,-0.0411293642789695,327.6754003300636
1788530400,1788530460.0,54320129.0,324.0326264605726,-0.0535298606317856,324.0326264605726
1788534000,1788534058.0,54355664.0,320.63605022279563,-7.6154880893544e-05,320.63605022279563
1788537600,1788537660.0,54391269.0,321.2034573420482,-0.0755080937262869,321.2034573420482
1788541200,1788541229.0,54426540.0,321.2035223516875,-0.0075840402253601,321.2035223516875
1788544800,1788544845.0,54462292.0,321.73696876940033,2.3246405320231753,321.73696876940033
1788548400,1788548460.0,54497961.0,321.95416623480065,0.390797765458775,321.95416623480065
1788552000,,,,,
1788555600,1788555624.0,54568847.0,320.2806125786843,0.00425,320.2806125786843
1788559200,1788559251.0,54604717.0,320.5868024210659,-0.1512894060414633,320.5868024210659
1788562800,1788562843.0,54640306.0,320.6214075714689,0.1393940631202927,320.6214075714689
1788566400,1788566435.0,54675897.0,320.5055458045164,-0.0425980540122664,320.5055458045164
1788570000,1788570009.0,54711337.0,320.76806786336016,0.009426369073379,320.76806786336016
1788573600,1788573649.0,54747428.0,320.6362618705594,3.683602759814125,320.6362618705594
1788577200,1788577258.0,54783230.0,320.6515835196587,0.4317498354296561,320.6515835196587
1788580800,1788580820.0,54818545.0,320.5877514039238,0.0898567382402869,320.5877514039238
1788584400,1788584462.0,54854673.0,320.89139745644394,-0.0450165835016619,320.89139745644394
1788588000,1788588040.0,54890161.0,320.9757015953673,-0.0115497399363991,320.9757015953673
1788591600,1788591635.0,54925868.0,320.7440542730628,-0.0416135115735288,320.7440542730628
1788595200,1788595256.0,54961758.0,321.02889218321116,-0.3547878457041885,321.02889218321116
1788598800,1788598838.0,54997285.0,320.9477876521643,-0.0268492307992453,320.9477876521643
1788602400,1788602445.0,55033056.0,321.2769691930679,0.0235880103536631,321.2769691930679
1788606000,1788606056.0,55068847.0,321.2686889362838,0.1488964422775753,321.2686889362838
1788609600,1788609653.0,55104518.0,321.4514510755203,-0.3777066719978351,321.4514510755203
1788613200,1788613252.0,55140222.0,321.4996952053574,0.0698960809066296,321.4996952053574
1788616800,1788616861.0,55176037.0,321.3230696082009,0.2459453548015582,321.3230696082009
1788620400,1788620453.0,55211704.0,321.3083187251327,-0.1518323364764306,321.3083187251327
1788624000,1788624054.0,55247373.0,321.66689621975496,0.0788722869993329,321.66689621975496
1788627600,1788627660.0,55283093.0,321.9678999514119,-6.17924667985215,321.9678999514119
1788631200,1788631252.0,55318676.0,322.01548999058235,0.0033464839934894,322.01548999058235
1788634800,1788634853.0,55354393.0,321.84266508785765,1.714601408604561,321.84266508785765
1788638400,1788638452.0,55390045.0,321.8291689197237,0.1385284330914005,321.8291689197237
1788642000,1788642061.0,55425768.0,322.08979153145197,0.0066,322.08979153145197
1788645600,1788645662.0,55461445.0,321.94462606847407,-0.2449044704497963,321.94462606847407
1788649200,1788649254.0,55497069.0,322.0139682523451,0.0217225096251851,322.0139682523451
1788652800,1788652836.0,55532603.0,321.8104826103554,0.0519189174556113,321.8104826103554
1788656400,1788656419.0,55568175.0,321.6070158061871,0.0616280205661842,321.6070158061871
1788660000,,,,,
1788663600,1788663658.0,55639945.0,321.87631261427356,-0.0125381111025867,321.87631261427356
1788667200,,,,,
1788670800,1788670862.0,55711369.0,321.91425704407834,-0.3436575514975233,321.91425704407834
1788674400,1788674461.0,55747096.0,321.9478451667452,0.0037272472949647,321.9478451667452
1788678000,1788678059.0,55782790.0,321.9222327236,-0.0003423839347519,321.9222327236
1788681600,1788681652.0,55818432.0,322.0607166207968,0.8308958491077383,322.0607166207968
1788685200,1788685253.0,55854118.0,322.09061225728414,0.3456683013582987,322.09061225728414
1788688800,1788688849.0,55889779.0,321.94037256992334,-0.0030867084203227,321.94037256992334
1788692400,1788692410.0,55925087.0,322.00529914582324,0.0375035289173072,322.00529914582324
1788696000,1788696048.0,55961187.0,322.0309845852984,-0.0275823728429243,322.0309845852984
1788699600,1788699660.0,55997020.0,322.00285967144765,-0.3841217478314319,322.00285967144765
1788703200,1788703259.0,56032710.0,321.896665096982,0.655699835953704,321.896665096982
1788706800,1788706819.0,56068042.0,321.9160116679792,-0.00024654256855,321.9160116679792
1788710400,1788710460.0,56104141.0,321.9899775394854,0.000318602944634,321.9899775394854
1788714000,1788714041.0,56139651.0,321.921658527488,0.0988249354350641,321.921658527488
1788717600,1788717647.0,56175427.0,321.8915348896545,0.00275,321.8915348896545
1788721200,,,,,
1788724800,1788724851.0,56246831.0,322.0796957004396,0.082984486183856,322.0796957004396
1788728400,1788728455.0,56282547.0,322.09819578953204,-0.5038733244799434,322.09819578953204
1788732000,1788732057.0,56318233.0,321.8878670837632,-0.1347194674359884,321.8878670837632
1788735600,1788735657.0,56353949.0,321.7884297423052,-0.0003927829265495,321.7884297423052
1788739200,1788739253.0,56389586.0,321.66696936676453,-0.0919154228856,321.66696936676453
1788742800,1788742808.0,56424805.0,320.8417068526628,-0.0774991361275879,320.8417068526628
1788746400,1788746449.0,56460913.0,320.98401103280946,0.187885206538806,320.98401103280946
1788750000,1788750059.0,56496668.0,320.856251454605,0.6259525321492317,320.856251454605
1788753600,,,,,
1788757200,1788757239.0,56567819.0,320.73085257139286,-0.0986196558827608,320.73085257139286
1788760800,1788760859.0,56603681.0,320.7646302460953,0.1614920838810875,320.7646302460953
1788764400,1788764451.0,56639301.0,321.11250766597294,0.2160874514578718,321.11250766597294
1788768000,1788768008.0,56674575.0,321.29346702153305,-0.0749624844240432,321.29346702153305
1788771600,1788771653.0,56710705.0,321.3629761791201,-0.1514651042449711,321.3629761791201
1788775200,1788775257.0,56746433.0,321.4481990194763,0.0342620413095083,321.4481990194763
1788778800,1788778859.0,56782124.0,321.2214149801716,-0.0766544555135755,321.2214149801716
1788782400,1788782427.0,56817500.0,320.7823126538751,0.5033292658175844,320.7823126538751
1788786000,1788786051.0,56853455.0,320.64379117324705,-0.0125389089742601,320.64379117324705
1788789600,1788789662.0,56889232.0,320.7902220058898,0.1142161373749425,320.7902220058898
1788793200,1788793258.0,56924896.0,320.7161451291599,0.020163874306356,320.7161451291599
1788796800,1788796842.0,56960387.0,320.2919416720564,-0.1909523164672149,320.2919416720564
1788800400,1788800456.0,56996193.0,320.4908313204408,-0.022471839148117,320.4908313204408
1788804000,1788804059.0,57031904.0,320.6570179987719,-0.0938964549708597,320.6570179987719
1788807600,1788807648.0,57067449.0,320.7280487065402,0.0016960039185362,320.7280487065402
1788811200,1788811255.0,57103234.0,321.01145362833216,0.0065558295362141,321.01145362833216
1788814800,1788814844.0,57138807.0,321.0075173713636,-0.3844137100441494,321.0075173713636
1788818400,1788818460.0,57174601.0,320.9703373458084,-0.0767697528299447,320.9703373458084
1788822000,1788822048.0,57210181.0,320.6643432598136,-0.0013456470339014,320.6643432598136
1788825600,1788825645.0,57245807.0,320.7085785403487,0.052922574798547,320.7085785403487
1788829200,1788829259.0,57281604.0,319.68839495731197,-0.158890156381792,319.68839495731197
1788832800,1788832852.0,57317220.0,320.50242050009604,0.0052460190706204,320.50242050009604
1788836400,1788836453.0,57352931.0,319.90840169120486,0.1417680038060688,319.90840169120486
1788840000,1788840026.0,57388336.0,319.74046808078066,0.00275,319.74046808078066
1788843600,1788843658.0,57424334.0,319.5400500185917,5.318582005223119,319.5400500185917
1788847200,1788847242.0,57459817.0,318.76251514782945,-0.7720633188685034,318.76251514782945
1788850800,1788850853.0,57495609.0,319.1238208314247,-0.0087847971860183,319.1238208314247
1788854400,1788854455.0,57531294.0,318.97781291764954,-0.0307176181765644,318.97781291764954
1788858000,,,,,
1788861600,1788861653.0,57602662.0,318.9391076028089,0.1456922773255803,318.9391076028089
1788865200,1788865254.0,57638348.0,319.00100436166554,0.0096250301753151,319.00100436166554
1788868800,1788868856.0,57674053.0,318.6147200968453,0.3750549684098987,318.6147200968453
1788872400,1788872450.0,57709666.0,318.258090669678,0.066101018271109,318.258090669678
1788876000,1788876054.0,57745364.0,317.4007459394621,-0.0613311264379348,317.4007459394621
1788879600,1788879658.0,57781114.0,316.4612827017273,0.2685190356711995,316.4612827017273
1788883200,1788883256.0,57816754.0,316.5498902515287,0.4292628291578169,316.5498902515287
1788886800,1788886841.0,57852259.0,316.4187100015398,-0.8588909420773427,316.4187100015398
1788890400,1788890449.0,57888080.0,316.4956402300716,0.0362276568697064,316.4956402300716
1788894000,1788894052.0,57923790.0,316.0698827922254,-0.0853578012158515,316.0698827922254
1788897600,1788897654.0,57959506.0,316.71776666364474,1.1738960367556652,316.71776666364474
1788901200,1788901239.0,57995052.0,316.6506653316436,0.0031294556053844,316.6506653316436
1788904800,1788904849.0,58030826.0,316.77320907287276,0.3839052894652275,316.77320907287276
1788908400,1788908443.0,58066466.0,316.78464796813074,0.2416707977359281,316.78464796813074
1788912000,1788912054.0,58102246.0,316.6648613185099,-0.0310663597557419,316.6648613185099
1788915600,1788915622.0,58137613.0,317.23243497661014,-6.09595423492431,317.23243497661014
1788919200,1788919251.0,58173578.0,317.52434694570246,0.0285084800256886,317.52434694570246
1788922800,1788922854.0,58209271.0,317.37970081337596,-0.0390185981574926,317.37970081337596
1788926400,1788926454.0,58244981.0,317.77252607008,0.0137379086731649,317.77252607008
1788930000,1788930058.0,58280695.0,317.66840248355953,0.0094640881083418,317.66840248355953
1788933600,1788933659.0,58316382.0,318.1484273927654,0.0321133719078527,318.1484273927654
1788937200,1788937258.0,58352076.0,317.33731594515945,0.1583218869704272,317.33731594515945
1788940800,1788940853.0,58387697.0,317.3023591078049,-0.0782850216643867,317.3023591078049
1788944400,1788944443.0,58423295.0,316.7865546814697,0.0178961665823867,316.7865546814697
1788948000,1788948056.0,58459088.0,316.2514517441426,-0.6257859679665032,316.2514517441426
1788951600,1788951615.0,58494351.0,315.8024679436523,0.0746048094783937,315.8024679436523
1788955200,1788955216.0,58530019.0,315.3960534022741,-0.0182446679072393,315.3960534022741
1788958800,1788958850.0,58566023.0,315.5190871756874,0.016359378001434,315.5190871756874
1788962400,1788962462.0,58601807.0,317.47859459656695,4.466848803279392,317.47859459656695
1788966000,1788966060.0,58637463.0,313.8431188307055,-1.319130340510592,313.8431188307055
1788969600,1788969656.0,58673103.0,313.50184018564767,0.049379694578626,313.50184018564767
1788973200,1788973259.0,58708821.0,314.4808211426254,0.003846457368251,314.4808211426254
1788976800,1788976858.0,58744496.0,313.45172429982205,-0.0311611612607741,313.45172429982205
1788980400,1788980457.0,58780161.0,316.7777371584286,-4.230984364577286,316.7777371584286
1788984000,1788984052.0,58815849.0,315.2444792585142,0.0068754602588194,315.2444792585142
1788987600,1788987648.0,58851529.0,315.9156850740143,-0.541346743046263,315.9156850740143
1788991200,1788991251.0,58887267.0,316.8044213473138,0.1953451149603487,316.8044213473138
1788994800,1788994825.0,58922750.0,317.1081001195053,-0.6113999857995037,317.1081001195053
1788998400,1788998456.0,58958755.0,317.33713961618395,0.0021913477119399,317.33713961618395
1789002000,1789002060.0,58994485.0,316.8399759309828,-0.1552772658809566,316.8399759309828
1789005600,1789005653.0,59030113.0,316.7698082524583,0.0072614014926806,316.7698082524583
1789009200,,,,,
1789012800,1789012858.0,59101518.0,317.01450378248023,-0.0030896633412148,317.01450378248023
1789016400,1789016458.0,59137186.0,317.1343061392183,0.012890874396469,317.1343061392183
1789020000,1789020047.0,59172736.0,317.08402889479675,-0.2322150119947808,317.08402889479675
1789023600,1789023650.0,59208427.0,316.95882145930676,-0.0773807146614226,316.95882145930676
1789027200,,,,,
1789030800,1789030861.0,59279839.0,318.746317464167,0.3181900875149468,318.746317464167
1789034400,1789034460.0,59315539.0,318.4160189718296,0.0073916241898504,318.4160189718296
1789038000,1789038048.0,59351090.0,318.8259288359585,-0.1171705126290695,318.8259288359585
1789041600,1789041638.0,59386720.0,317.29232253508707,0.0480079439764194,317.29232253508707
1789045200,1789045234.0,59422386.0,316.7264369371571,-2.866294407879536,316.7264369371571
1789048800,1789048855.0,59458308.0,318.897013961828,0.024518886920852,318.897013961828
1789052400,1789052458.0,59494036.0,322.1027120546336,0.0026872195621963,322.1027120546336
1789056000,1789056036.0,59529513.0,319.9927877339153,5.515580333739772,319.9927877339153
1789059600,1789059668.0,59565441.0,322.84349642075733,-3.228258574294636,322.84349642075733
1789063200,1789063260.0,59601130.0,324.5843403314148,0.0157696219662747,324.5843403314148
1789066800,1789066842.0,59636809.0,324.5063294580812,-0.011916585012125,324.5063294580812
1789070400,1789070447.0,59672636.0,325.68148626268055,0.0118782338345143,325.68148626268055
1789074000,1789074033.0,59708166.0,325.6433252802944,-0.0528779108576999,325.6433252802944
1789077600,,,,,
1789081200,1789081246.0,59779658.0,325.4358961471538,0.0067502466620464,325.4358961471538
1789084800,1789084836.0,59815247.0,325.3112637289742,0.0594770144076847,325.3112637289742
1789088400,1789088396.0,59850477.0,325.35690128351126,-0.0754220117242079,325.35690128351126
1789092000,1789092035.0,59886353.0,325.2332443299049,0.1130050002717422,325.2332443299049
1789095600,,,,,
1789099200,1789099225.0,59957195.0,325.27696558843763,-0.0286224879440862,325.27696558843763
1789102800,1789102843.0,59992773.0,325.6395723066265,4.046812132526231,325.6395723066265
1789106400,1789106457.0,60028400.0,325.72876338987675,0.1155088034723974,325.72876338987675
1789110000,1789110051.0,60063796.0,325.5820776251657,-0.7487051399805171,325.5820776251657
1789113600,1789113658.0,60099348.0,326.06880313638624,-0.1495063772228887,326.06880313638624
1789117200,1789117253.0,60134703.0,325.68453125432586,-0.2713954736695866,325.68453125432586
1789120800,1789120854.0,60170138.0,325.6137752315333,-1.280246650881785,325.6137752315333
1789124400,1789124420.0,60205199.0,325.8535039269036,-0.0103228665347099,325.8535039269036
1789128000,1789128057.0,60240978.0,326.3694023273932,0.010542171589519,326.3694023273932
1789131600,1789131646.0,60276147.0,326.10014175259676,-0.0140523104484657,326.10014175259676
1789135200,1789135241.0,60311193.0,331.0836382785251,2.92144590475488,331.0836382785251
1789138800,1789138860.0,60346445.0,335.05708618090796,0.1860230806475029,335.05708618090796
1789142400,1789142475.0,60381830.0,334.2459745313195,0.3643316991264745,334.2459745313195
1789146000,1789146058.0,60417101.0,334.70000797740903,0.3613233056683368,334.70000797740903
1789149600,1789149647.0,60452472.0,333.45322832122775,-1.4838680372908306,333.45322832122775
1789153200,1789153249.0,60487792.0,332.63561233836054,0.0078408657261727,332.63561233836054
1789156800,1789156839.0,60522866.0,332.5680917917358,-0.005478214272805,332.5680917917358
1789160400,1789160474.0,60558461.0,332.7211605012324,0.5568836781660734,332.7211605012324
1789164000,1789164046.0,60593623.0,332.728589700261,0.0084973045526471,332.728589700261
1789167600,1789167645.0,60629098.0,332.7243620524706,-0.0004462041797492,332.7243620524706
1789171200,1789171253.0,60664247.0,332.7122564027069,0.3190548823401546,332.7122564027069
1789174800,1789174838.0,60699453.0,332.6204586565163,0.0821928868576928,332.6204586565163
1789178400,1789178461.0,60735066.0,332.7785587383623,-0.0030340417716556,332.7785587383623
1789182000,1789182048.0,60770366.0,332.80886960632745,-0.1494072409131098,332.80886960632745
1789185600,1789185623.0,60805550.0,332.89950161903624,0.1017570674027879,332.89950161903624
1789189200,1789189261.0,60841392.0,333.03339278392747,0.7188095434748726,333.03339278392747
1789192800,1789192839.0,60876626.0,333.08792145233076,0.0581936330292622,333.08792145233076
1789196400,1789196447.0,60912169.0,333.310234585949,0.0652593367541921,333.310234585949
1789200000,1789200055.0,60947679.0,333.1754321066001,-0.0447580191089815,333.1754321066001
1789203600,1789203665.0,60983310.0,333.6926480022823,0.3637474790869629,333.6926480022823
1789207200,1789207247.0,61018719.0,333.54740995205384,-0.0921587711210701,333.54740995205384
1789210800,1789210852.0,61054360.0,333.4639153110766,0.0699569291561469,333.4639153110766
1789214400,1789214455.0,61089939.0,333.4284782196083,0.345020750587207,333.4284782196083
1789218000,1789218033.0,61125315.0,333.560065697994,-0.1516487466870282,333.560065697994
1789221600,1789221616.0,61160500.0,333.8012936658313,0.214789269717368,333.8012936658313
1789225200,1789225250.0,61195744.0,333.70287236312737,0.0508437197824377,333.70287236312737
1789228800,1789228855.0,61230811.0,333.4741758642932,-0.0035915676068721,333.4741758642932
1789232400,1789232438.0,61265966.0,333.7777667602929,0.0034644838816534,333.7777667602929
1789236000,1789236056.0,61301680.0,333.5228299679212,-0.0748993546126616,333.5228299679212
1789239600,1789239661.0,61337124.0,333.59978260003066,3.102490772994866,333.59978260003066
1789243200,1789243260.0,61372521.0,333.4239947416002,-3.1326786939499964,333.4239947416002
1789246800,1789246840.0,61407788.0,333.22332225525685,-0.1696214094988815,333.22332225525685
1789250400,1789250431.0,61443156.0,333.31204246817856,0.0526050334515595,333.31204246817856
1789254000,1789254048.0,61478743.0,333.2555550284427,-0.0044763036964413,333.2555550284427
1789257600,1789257633.0,61514067.0,333.5036615973015,-6.7291924181673135,333.5036615973015
1789261200,1789261265.0,61549827.0,333.5697158460886,0.0610603403515795,333.5697158460886
1789264800,,,,,
1789268400,1789268462.0,61620865.0,333.60233794917485,-0.0135359146124195,333.60233794917485
1789272000,1789272054.0,61656368.0,333.4665088598722,-0.0336233036932607,333.4665088598722
1789275600,1789275613.0,61691531.0,333.4156835646261,0.0124464640391213,333.4156835646261
1789279200,1789279255.0,61727512.0,333.40828599384747,-0.2993572612962704,333.40828599384747
1789282800,1789282808.0,61762646.0,333.23189374004755,5.871798904746063,333.23189374004755
1789286400,1789286443.0,61798583.0,333.1964270894078,0.1266031415409491,333.1964270894078
1789290000,1789290060.0,61834264.0,332.34385827870636,-0.1539523661038268,332.34385827870636
1789293600,1789293645.0,61869626.0,332.0441313455949,0.0128019332943399,332.0441313455949
1789297200,1789297257.0,61905258.0,331.2360320403618,-0.0369221103271959,331.2360320403618
1789300800,1789300831.0,61940500.0,331.3103914400234,-0.1481083980580297,331.3103914400234
1789304400,1789304444.0,61976134.0,331.4714092246906,-0.0071022332882137,331.4714092246906
1789308000,1789308058.0,62011738.0,331.2157807067497,-0.0592605165408014,331.2157807067497
1789311600,1789311642.0,62046926.0,331.42461495352825,-0.004257861473631,331.42461495352825
1789315200,1789315253.0,62082389.0,331.11166133749055,0.0087957988106488,331.11166133749055
1789318800,1789318820.0,62117519.0,331.25405435712173,-0.0047447603595248,331.25405435712173
1789322400,1789322460.0,62153316.0,331.371493684421,-0.1017239088982461,331.371493684421
1789326000,1789326063.0,62188750.0,331.2280626651751,-0.102240285963868,331.2280626651751
1789329600,,,,,
1789333200,,,,,
1789336800,1789336854.0,62295125.0,331.2589482012834,2.3883550076485145,331.2589482012834
1789340400,1789340439.0,62330421.0,331.2100315347155,-7.148816704536285,331.2100315347155
1789344000,1789344056.0,62366052.0,331.2722013436125,-0.0369647365312675,331.2722013436125
1789347600,1789347657.0,62401526.0,330.20500753155994,0.2830556792658673,330.20500753155994
1789351200,1789351216.0,62436619.0,330.6885121399541,-0.745404523774278,330.6885121399541
1789354800,,,,,
1789358400,1789358453.0,62507962.0,328.99708041777615,0.0294706385434797,328.99708041777615
1789362000,1789362016.0,62543084.0,329.6253009854298,-0.0025266812500532,329.6253009854298
1789365600,1789365632.0,62578714.0,329.85209388564505,-0.0059398694431829,329.85209388564505
1789369200,,,,,
1789372800,1789372855.0,62649958.0,330.17358328409733,-0.0017004934813858,330.17358328409733
1789376400,1789376433.0,62685260.0,330.9739881295791,-1.266473246186533,330.9739881295791
1789380000,,,,,
1789383600,1789383649.0,62756396.0,332.5173167887151,-3.99999999497433,332.5173167887151
1789387200,1789387241.0,62791783.0,333.3280051518277,-0.1116148775559323,333.3280051518277
1789390800,1789390851.0,62827346.0,333.4783672045681,-5.5,333.4783672045681
1789394400,1789394451.0,62862688.0,334.0211439503911,-1.482767575383661,334.0211439503911
1789398000,1789398057.0,62898136.0,332.794558077925,-0.0037437967972716,332.794558077925
1789401600,1789401656.0,62933430.0,334.98938332770666,0.0092113167165689,334.98938332770666
1789405200,1789405241.0,62968622.0,334.68116815857525,0.0117056214981486,334.68116815857525
1789408800,1789408853.0,63004021.0,333.9060801006779,-0.1125358617169736,333.9060801006779
1789412400,1789412456.0,63039368.0,334.5121975672946,0.2532760048653175,334.5121975672946
1789416000,1789416044.0,63074614.0,333.4869340569916,0.0321736677887597,333.4869340569916
1789419600,1789419658.0,63110169.0,333.0840265713623,0.7601981506695852,333.0840265713623
1789423200,1789423261.0,63145629.0,332.9735910850818,1.9501577424254195,332.9735910850818
1789426800,1789426838.0,63180896.0,332.8623293307509,7.696280822140027,332.8623293307509
1789430400,1789430446.0,63216398.0,332.65182271934646,2.2056275401598007,332.65182271934646
1789434000,1789434064.0,63251962.0,331.96115574934976,-0.0377466657912513,331.96115574934976
1789437600,1789437605.0,63286849.0,331.73808251059864,-0.0040398139202429,331.73808251059864
1789441200,1789441213.0,63322397.0,331.76193698091083,-0.0090658730505771,331.76193698091083
1789444800,,,,,
1789448400,1789448406.0,63393377.0,330.8595153477303,-0.0053476178093097,330.8595153477303
1789452000,,,,,
1789455600,1789455649.0,63464763.0,330.7903339095972,-0.0743175190905384,330.7903339095972
1789459200,1789459259.0,63500341.0,330.5493517243636,0.0583613218795425,330.5493517243636
1789462800,1789462862.0,63535852.0,331.128075013532,0.3736249278873849,331.128075013532
1789466400,,,,,
1789470000,1789470013.0,63606410.0,331.19549250884285,-6.207411556506846,331.19549250884285
1789473600,,,,,
1789477200,1789477196.0,63676825.0,331.3983565827184,0.9665600509059944,331.3983565827184
1789480800,1789480825.0,63711938.0,330.4102673083515,-2.6113596032615467,330.4102673083515
1789484400,1789484461.0,63747021.0,329.7165849826876,1.5622534515621256,329.7165849826876
1789488000,1789488009.0,63781480.0,329.81922852126496,0.0017114055662753,329.81922852126496
1789491600,1789491637.0,63816884.0,329.75894468634175,0.0889789102350225,329.75894468634175
1789495200,1789495217.0,63851585.0,330.6202006024315,-0.0912478207302098,330.6202006024315
1789498800,1789498833.0,63885961.0,330.45697824297525,0.4313455900886414,330.45697824297525
1789502400,1789502479.0,63921281.0,331.27406703574144,-0.0216402016119216,331.27406703574144
1789506000,1789506071.0,63956290.0,331.46913606953757,-1.6432355116873434,331.46913606953757
1789509600,1789509641.0,63991180.0,331.5776015446288,0.0444683329432954,331.5776015446288
1789513200,,,,,
1789516800,1789516806.0,64062445.0,331.8354351714897,-7.2204056608733955,331.8354351714897
1789520400,1789520448.0,64098609.0,331.778633741916,0.2980846519857231,331.778633741916
1789524000,1789524028.0,64134214.0,331.6275614632442,0.2443843298790561,331.6275614632442
1789527600,1789527639.0,64170060.0,331.62858892932655,-0.0901915201720713,331.62858892932655
1789531200,1789531233.0,64205802.0,331.6364697560004,-0.0015461448342663,331.6364697560004
1789534800,1789534831.0,64241607.0,331.56425684394856,0.0093030818485869,331.56425684394856
1789538400,1789538407.0,64277181.0,331.6762979591861,-0.0023556010551464,331.6762979591861
1789542000,1789542059.0,64313405.0,331.64729656447224,-0.3073660790311898,331.64729656447224
1789545600,1789545623.0,64348802.0,331.13491244996976,2.856373881409824,331.13491244996976
1789549200,1789549253.0,64384883.0,331.62914522294983,-0.1487301630505653,331.62914522294983
1789552800,,,,,
1789556400,1789556444.0,64456303.0,331.5800789005867,-0.0787903125224051,331.5800789005867
1789560000,1789560024.0,64491805.0,331.52523852820923,-0.0078155925936935,331.52523852820923
1789563600,1789563661.0,64527951.0,331.6574916295957,2.44470121736976,331.6574916295957
1789567200,1789567260.0,64563702.0,333.6156969426175,0.0140788620256005,333.6156969426175
1789570800,,,,,
1789574400,1789574384.0,64634735.0,332.7505672904693,0.315696510393874,332.7505672904693
1789578000,1789578026.0,64670850.0,332.5523561018503,0.0299826465481321,332.5523561018503
1789581600,1789581648.0,64706613.0,333.3398398276939,0.2004572225216367,333.3398398276939
1789585200,,,,,
1789588800,1789588836.0,64778114.0,332.5459037665603,-1.803416583498955,332.5459037665603
1789592400,1789592423.0,64813811.0,332.5061955079058,-2.8108686361685313,332.5061955079058
1789596000,1789596020.0,64849460.0,332.6196169181985,-0.005634484815283,332.6196169181985
1789599600,1789599629.0,64885206.0,332.524965396565,-0.0030022679653618,332.524965396565
1789603200,1789603241.0,64921095.0,333.4008050274305,-3.740478472507914,333.4008050274305
1789606800,1789606859.0,64957053.0,333.5720620944336,1.4275575630075306,333.5720620944336
1789610400,,,,,
1789614000,1789614011.0,65028149.0,333.46613648196245,2.6123837835736454,333.46613648196245
1789617600,1789617619.0,65063996.0,333.74299608103735,6.5283131881505e-05,333.74299608103735
1789621200,1789621259.0,65100187.0,333.4427787306933,-0.7244946962113137,333.4427787306933
1789624800,1789624861.0,65135933.0,333.3718386982282,16.88176096069422,333.3718386982282
1789628400,1789628455.0,65171651.0,333.435343306893,0.0014117267352325,333.435343306893
1789632000,,,,,
1789635600,1789635631.0,65242920.0,333.82838005318405,0.0045294491195686,333.82838005318405
1789639200,1789639240.0,65278766.0,334.1004813893606,0.0033225140442799,334.1004813893606
1789642800,,,,,
1789646400,,,,,
1789650000,,,,,
1789653600,1789653654.0,65421966.0,331.4852517200838,-1.6099999995926737,331.4852517200838
1789657200,1789657257.0,65457817.0,333.02138342839527,0.8116827714054238,333.02138342839527
1789660800,1789660860.0,65493638.0,334.9768092790717,-2.684180241654185,334.9768092790717
1789664400,1789664463.0,65529461.0,335.8962062931927,-2.540880474147141,335.8962062931927
1789668000,1789668046.0,65565138.0,335.65756585694584,-0.0050549766839405,335.65756585694584
1789671600,1789671656.0,65601063.0,336.0868988551567,-2.624725865959532,336.0868988551567
1789675200,1789675260.0,65636878.0,337.0625820627671,0.2104187173698662,337.0625820627671
1789678800,1789678798.0,65672074.0,337.13048015969497,0.59,337.13048015969497
1789682400,1789682449.0,65708338.0,336.6601089887103,0.0579348348348219,336.6601089887103
1789686000,,,,,
1789689600,,,,,
1789693200,1789693253.0,65815794.0,336.33521882607954,0.275852576074,336.33521882607954
1789696800,1789696842.0,65851358.0,336.3467069910675,-1.083160260331007,336.3467069910675
1789700400,,,,,
1789704000,1789704013.0,65922530.0,336.35842882311914,-0.7412579672791741,336.35842882311914
1789707600,1789707642.0,65958461.0,336.13635554235105,-0.3625265167572141,336.13635554235105
1789711200,,,,,
1789714800,,,,,
1789718400,1789718461.0,66065569.0,337.2869951041922,-0.0146072275857828,337.2869951041922
1789722000,1789722057.0,66101244.0,336.6124094685799,-0.0279775399507012,336.6124094685799
1789725600,1789725626.0,66136696.0,336.34940942721533,5.529182179127502,336.34940942721533
1789729200,1789729246.0,66172586.0,337.20159312228316,-14.739566518749024,337.20159312228316
1789732800,1789732861.0,66208490.0,337.2377191618757,-0.093529591928282,337.2377191618757
1789736400,,,,,
1789740000,1789740010.0,66279629.0,335.44130463313127,1.364329945061225,335.44130463313127
1789743600,1789743646.0,66315777.0,334.2466948932647,0.0038060361717048,334.2466948932647
1789747200,,,,,
1789750800,1789750816.0,66387041.0,334.8862672987128,0.3715251264613234,334.8862672987128
1789754400,1789754434.0,66422874.0,335.8857820785073,1.4700434240381528,335.8857820785073
1789758000,1789758019.0,66458404.0,336.08622906735786,0.0104192019822017,336.08622906735786
1789761600,1789761651.0,66494426.0,335.8846899937376,-1.7717897344300089,335.8846899937376
1789765200,1789765195.0,66529660.0,335.77204298194107,0.014986536893042,335.77204298194107
1789768800,,,,,
1789772400,1789772428.0,66601460.0,335.1760679150667,-0.0009543611102001,335.1760679150667
1789776000,,,,,
1789779600,1789779601.0,66672709.0,335.2175675372895,-2.118537868021243,335.2175675372895
1789783200,1789783216.0,66708619.0,335.23677465164303,0.0126695524957065,335.23677465164303
1789786800,1789786817.0,66744332.0,335.3478044553129,0.0205239107432818,335.3478044553129
1789790400,1789790460.0,66780436.0,335.4375572393461,1.9558593741647945,335.4375572393461
1789794000,,,,,
1789797600,1789797640.0,66851615.0,335.4172296061835,-0.2970941217373675,335.4172296061835
1789801200,1789801239.0,66887300.0,335.33341301543055,-0.8888781891705456,335.33341301543055
1789804800,,,,,
1789808400,,,,,
1789812000,,,,,
1789815600,1789815661.0,67030363.0,335.42422076893246,4.8731440978824665,335.42422076893246
1789819200,,,,,
1789822800,,,,,
1789826400,1789826418.0,67137215.0,335.4497168548905,-3.120656525177924,335.4497168548905
1789830000,,,,,
1789833600,,,,,
1789837200,1789837252.0,67244689.0,335.50752882200993,0.0063822466816247,335.50752882200993
1789840800,,,,,
1789844400,1789844433.0,67316168.0,335.6414058164404,3.0321677246288368,335.6414058164404
1789848000,,,,,
1789851600,1789851645.0,67388074.0,335.60332319135466,0.0166815541344895,335.60332319135466
1789855200,1789855196.0,67423397.0,335.4979724356788,-1.8401458780761868,335.4979724356788
1789858800,,,,,
1789862400,,,,,
1789866000,1789865996.0,67530421.0,335.3589697725827,-0.0929926614241205,335.3589697725827
1789869600,,,,,
1789873200,1789873249.0,67602281.0,334.8042902910313,1.20299992,334.8042902910313
1789876800,,,,,
1789880400,,,,,
1789884000,,,,,
1789887600,,,,,
1789891200,1789891263.0,67779731.0,334.0039317920283,0.1074695455409006,334.0039317920283
1789894800,,,,,
1789898400,,,,,
1789902000,,,,,
1789905600,,,,,
1789909200,1789909260.0,67957889.0,334.0315693451626,-1.8199999992995015,334.0315693451626
1789912800,1789912817.0,67993233.0,334.0180728797249,0.015367582765701,334.0180728797249
1789916400,1789916420.0,68029133.0,334.0933568188143,-0.8487161049026674,334.0933568188143
1789920000,,,,,
1789923600,1789923659.0,68101325.0,334.26503814206404,-0.0149507128784546,334.26503814206404
1789927200,1789927214.0,68136752.0,334.29356321674356,-4.95473332127668,334.29356321674356
1789930800,1789930838.0,68172883.0,334.2257544327023,-0.1172118455838092,334.2257544327023
1789934400,1789934417.0,68208544.0,334.48816295285354,-0.014940739539074,334.48816295285354
1789938000,1789938036.0,68244578.0,334.4266280840884,0.0945647152662611,334.4266280840884
1789941600,1789941631.0,68280344.0,334.2819996390454,0.0058938086842228,334.2819996390454
1789945200,1789945209.0,68315780.0,335.0931073749742,-0.1549734066784582,335.0931073749742
1789948800,1789948842.0,68351626.0,335.35768307831114,0.2885768155072327,335.35768307831114
1789952400,,,,,
1789956000,,,,,
1789959600,,,,,
1789963200,1789963238.0,68494440.0,334.7527036349032,0.0124802622150014,334.7527036349032
1789966800,1789966824.0,68530078.0,334.64127577709206,-0.0149339044763173,334.64127577709206
1789970400,1789970424.0,68565758.0,334.80961195518125,-0.0292429121169857,334.80961195518125
1789974000,1789974027.0,68601408.0,334.96754897915383,0.0013754410940837,334.96754897915383
1789977600,1789977624.0,68637064.0,335.3716735985954,-0.1570931571613178,335.3716735985954
1789981200,,,,,
1789984800,1789984858.0,68708951.0,335.53324139497226,1.0030508098496658,335.53324139497226
1789988400,1789988435.0,68744502.0,335.54777205604694,0.0903516603698302,335.54777205604694
1789992000,1789992013.0,68780026.0,336.26222733775415,-3.6261689700937474,336.26222733775415
1789995600,1789995622.0,68815969.0,336.29671411889416,2.718761317908924,336.29671411889416
1789999200,1789999246.0,68852100.0,335.99829664286824,-1.9173792845444364,335.99829664286824
1790002800,1790002805.0,68887635.0,337.2539655054704,0.2399565762823038,337.2539655054704
1790006400,1790006439.0,68923892.0,337.8964858366372,6.520149890000004,337.8964858366372
1790010000,,,,,
1790013600,1790013659.0,68996049.0,338.2251905412847,-0.8779973051164489,338.2251905412847
1790017200,1790017207.0,69031454.0,338.868732735111,0.0045496486874902,338.868732735111
1790020800,1790020853.0,69067833.0,339.20177119623054,4.586341633164731,339.20177119623054
1790024400,,,,,
1790028000,,,,,
1790031600,,,,,
1790035200,1790035254.0,69211035.0,338.973645552653,0.1601146590601583,338.973645552653
1790038800,,,,,
1790042400,1790042417.0,69282293.0,338.94187990464246,-0.1856098974635605,338.94187990464246
1790046000,,,,,
1790049600,1790049657.0,69353997.0,338.7769237212871,-0.012393437519938,338.7769237212871
1790053200,,,,,
1790056800,,,,,
1790060400,1790060406.0,69459963.0,339.52038708636087,1.1356925349053653,339.52038708636087
1790064000,,,,,
1790067600,1790067650.0,69531385.0,340.04980378995816,-0.146964126721596,340.04980378995816
1790071200,,,,,
1790074800,1790074838.0,69602397.0,339.49425544136153,0.5885483282615785,339.49425544136153
1790078400,,,,,
1790082000,,,,,
1790085600,1790085659.0,69709910.0,340.89161111120774,-2.3899999992596506,340.89161111120774
1790089200,1790089239.0,69745574.0,342.800282881357,-1.837004572590613,342.800282881357
1790092800,1790092856.0,69781636.0,342.2556420216718,2.765295501780656,342.2556420216718
1790096400,1790096428.0,69817238.0,342.46577162088346,0.2608673529171214,342.46577162088346
1790100000,1790100008.0,69852864.0,341.23717134818514,-2.5356469332407783,341.23717134818514
1790103600,1790103640.0,69889060.0,340.54119825212706,0.0056965349994889,340.54119825212706
1790107200,,,,,
1790110800,1790110820.0,69960434.0,339.8737502757091,-4.3360218315687e-05,339.8737502757091
1790114400,1790114420.0,69996306.0,340.24829502049033,0.0060193812351478,340.24829502049033
1790118000,1790118026.0,70032201.0,340.24224213919064,0.0113930699989779,340.24224213919064
1790121600,1790121609.0,70067829.0,340.23554229208554,0.0203376609210556,340.23554229208554
1790125200,1790125252.0,70104012.0,339.7810156024091,0.0119811412262835,339.7810156024091
1790128800,1790128848.0,70139779.0,340.4986486873149,-4.456521680808867,340.4986486873149
1790132400,1790132463.0,70175661.0,340.77394977511057,-0.2004390047066891,340.77394977511057
1790136000,1790136002.0,70210858.0,340.7797990962307,0.0004147076784705,340.7797990962307
1790139600,1790139635.0,70246941.0,340.464719153146,-3.8413564538666902,340.464719153146
1790143200,,,,,
1790146800,1790146843.0,70318387.0,340.6252754526938,1.187430651803581,340.6252754526938
1790150400,,,,,
1790154000,1790154003.0,70389319.0,340.52331879508756,-0.3973403389999617,340.52331879508756
1790157600,,,,,
1790161200,1790161243.0,70460961.0,340.40684528176007,-0.0327189895232925,340.40684528176007
1790164800,1790164812.0,70496331.0,340.58691823907503,-3.0815438356107303,340.58691823907503
1790168400,1790168435.0,70532301.0,343.49857061320705,0.2125667102029436,343.49857061320705
1790172000,1790172054.0,70568282.0,338.03136655601116,-0.0019896586112729,338.03136655601116
1790175600,,,,,
1790179200,,,,,
1790182800,,,,,
1790186400,1790186451.0,70711603.0,337.62749367926017,-0.2927121504865027,337.62749367926017
1790190000,1790190045.0,70747331.0,337.3459460128947,0.6260797511310421,337.3459460128947
1790193600,,,,,
1790197200,,,,,
1790200800,1790200820.0,70854414.0,337.10179603521084,-4.856526227618306,337.10179603521084
1790204400,,,,,
1790208000,1790208017.0,70925701.0,337.12776202993064,0.6975446706978601,337.12776202993064
1790211600,1790211642.0,70961656.0,336.77394885752915,0.3639086440634348,336.77394885752915
1790215200,1790215204.0,70996989.0,336.85281673294116,-3.6483170511501575,336.85281673294116
1790218800,1790218829.0,71032852.0,336.97317690519566,0.8888150749288435,336.97317690519566
1790222400,,,,,
1790226000,1790226045.0,71103970.0,336.45199027655224,-0.0356484997135124,336.45199027655224
1790229600,,,,,
1790233200,,,,,
1790236800,,,,,
1790240400,1790240453.0,71246344.0,335.7858538688268,3.8044905809373657,335.7858538688268
1790244000,1790243998.0,71281465.0,336.2091113207022,-26.167384439442333,336.2091113207022
1790247600,1790247608.0,71317107.0,336.9260526782085,-4.741248744719658,336.9260526782085
1790251200,1790251226.0,71352986.0,336.93652117029154,-0.6068976960355154,336.93652117029154
1790254800,,,,,
1790258400,1790258451.0,71424751.0,337.51780659389,-0.7996893596081962,337.51780659389
1790262000,,,,,
1790265600,1790265660.0,71496450.0,336.7160033186506,0.0091583559302217,336.7160033186506
1790269200,1790269249.0,71532143.0,338.44754599326717,-0.0392487557976013,338.44754599326717
1790272800,,,,,
1790276400,1790276455.0,71603850.0,337.5242649697419,0.1393848319679893,337.5242649697419
1790280000,1790280009.0,71639318.0,336.4208982996869,0.129106103093643,336.4208982996869
1790283600,1790283651.0,71675555.0,336.1078868710607,0.2186973010786531,336.1078868710607
1790287200,,,,,
1790290800,,,,,
1790294400,,,,,
1790298000,,,,,
1790301600,1790301597.0,71853809.0,336.15827148779715,-0.2958453326256626,336.15827148779715
1790305200,,,,,
1790308800,,,,,
1790312400,,,,,
1790316000,1790316042.0,71996508.0,335.85267717921175,0.0084238926290752,335.85267717921175
1790319600,,,,,
1790323200,,,,,
1790326800,1790326826.0,72103218.0,336.3499587469163,1.7668405301932046,336.3499587469163
1790330400,,,,,
1790334000,1790334021.0,72174380.0,336.30895032315044,0.0445142673931944,336.30895032315044
1790337600,1790337645.0,72210249.0,336.500831703299,-0.0004762217085987,336.500831703299
1790341200,1790341235.0,72245893.0,336.3115789085647,0.2013618946516168,336.3115789085647
1790344800,1790344840.0,72281745.0,336.17395063162184,1.7166085219997245,336.17395063162184
1790348400,,,,,
1790352000,1790352046.0,72353494.0,339.49196347146466,-0.0008690266612237,339.49196347146466
1790355600,1790355630.0,72389200.0,339.2842095548692,-1.533983540927487,339.2842095548692
1790359200,,,,,
1790362800,1790362836.0,72460923.0,340.26089549403326,-2.0678002959049566,340.26089549403326
1790366400,,,,,
1790370000,,,,,
1790373600,1790373618.0,72568185.0,341.3449776830616,0.0560249834073396,341.3449776830616
1790377200,,,,,
1790380800,,,,,
1790384400,,,,,
1790388000,,,,,
1790391600,,,,,
1790395200,,,,,
1790398800,,,,,
1790402400,,,,,
1790406000,,,,,
1790409600,,,,,
1790413200,,,,,
1790416800,,,,,
1790420400,1790420453.0,73030755.0,340.4345042878332,2.256983278167526,340.4345042878332
1790424000,,,,,
1790427600,1790427649.0,73102099.0,340.39104846483326,4.179343943875003,340.39104846483326
1790431200,,,,,
1790434800,1790434837.0,73173613.0,340.3963184959312,-0.0329480380812602,340.3963184959312
