hour,ts,block,price_quote,amount_stock,price_usd
1782086400,,,,,
1782090000,,,,,
1782093600,,,,,
1782097200,,,,,
1782100800,,,,,
1782104400,,,,,
1782108000,,,,,
1782111600,,,,,
1782115200,,,,,
1782118800,,,,,
1782122400,,,,,
1782126000,,,,,
1782129600,,,,,
1782133200,,,,,
1782136800,,,,,
1782140400,,,,,
1782144000,,,,,
1782147600,,,,,
1782151200,,,,,
1782154800,,,,,
1782158400,,,,,
1782162000,,,,,
1782165600,,,,,
1782169200,,,,,
1782172800,,,,,
1782176400,,,,,
1782180000,,,,,
1782183600,,,,,
1782187200,,,,,
1782190800,,,,,
1782194400,,,,,
1782198000,,,,,
1782201600,,,,,
1782205200,,,,,
1782208800,,,,,
1782212400,,,,,
1782216000,,,,,
1782219600,,,,,
1782223200,,,,,
1782226800,,,,,
1782230400,,,,,
1782234000,,,,,
1782237600,,,,,
1782241200,,,,,
1782244800,,,,,
1782248400,,,,,
1782252000,,,,,
1782255600,,,,,
1782259200,,,,,
1782262800,,,,,
1782266400,,,,,
1782270000,,,,,
1782273600,,,,,
1782277200,,,,,
1782280800,,,,,
1782284400,,,,,
1782288000,,,,,
1782291600,,,,,
1782295200,,,,,
1782298800,,,,,
1782302400,,,,,
1782306000,,,,,
1782309600,,,,,
1782313200,,,,,
1782316800,,,,,
1782320400,,,,,
1782324000,,,,,
1782327600,,,,,
1782331200,,,,,
1782334800,,,,,
1782338400,,,,,
1782342000,,,,,
1782345600,,,,,
1782349200,,,,,
1782352800,,,,,
1782356400,,,,,
1782360000,,,,,
1782363600,,,,,
1782367200,,,,,
1782370800,,,,,
1782374400,,,,,
1782378000,,,,,
1782381600,,,,,
1782385200,,,,,
1782388800,,,,,
1782392400,,,,,
1782396000,,,,,
1782399600,,,,,
1782403200,,,,,
1782406800,,,,,
1782410400,,,,,
1782414000,,,,,
1782417600,,,,,
1782421200,,,,,
1782424800,,,,,
1782428400,,,,,
1782432000,,,,,
1782435600,,,,,
1782439200,,,,,
1782442800,,,,,
1782446400,,,,,
1782450000,,,,,
1782453600,,,,,
1782457200,,,,,
1782460800,,,,,
1782464400,,,,,
1782468000,,,,,
1782471600,,,,,
1782475200,,,,,
1782478800,,,,,
1782482400,,,,,
1782486000,,,,,
1782489600,,,,,
1782493200,,,,,
1782496800,,,,,
1782500400,,,,,
1782504000,,,,,
1782507600,,,,,
1782511200,,,,,
1782514800,,,,,
1782518400,,,,,
1782522000,,,,,
1782525600,,,,,
1782529200,,,,,
1782532800,,,,,
1782536400,,,,,
1782540000,,,,,
1782543600,,,,,
1782547200,,,,,
1782550800,,,,,
1782554400,,,,,
1782558000,,,,,
1782561600,,,,,
1782565200,,,,,
1782568800,,,,,
1782572400,,,,,
1782576000,,,,,
1782579600,,,,,
1782583200,,,,,
1782586800,,,,,
1782590400,,,,,
1782594000,,,,,
1782597600,,,,,
1782601200,,,,,
1782604800,,,,,
1782608400,,,,,
1782612000,,,,,
1782615600,,,,,
1782619200,,,,,
1782622800,,,,,
1782626400,,,,,
1782630000,,,,,
1782633600,,,,,
1782637200,,,,,
1782640800,,,,,
1782644400,,,,,
1782648000,,,,,
1782651600,,,,,
1782655200,,,,,
1782658800,,,,,
1782662400,,,,,
1782666000,,,,,
1782669600,,,,,
1782673200,,,,,
1782676800,,,,,
1782680400,,,,,
1782684000,,,,,
1782687600,,,,,
1782691200,,,,,
1782694800,,,,,
1782698400,,,,,
1782702000,,,,,
1782705600,,,,,
1782709200,,,,,
1782712800,,,,,
1782716400,,,,,
1782720000,,,,,
1782723600,,,,,
1782727200,,,,,
1782730800,,,,,
1782734400,,,,,
1782738000,,,,,
1782741600,,,,,
1782745200,,,,,
1782748800,,,,,
1782752400,,,,,
1782756000,,,,,
1782759600,,,,,
1782763200,,,,,
1782766800,,,,,
1782770400,,,,,
1782774000,,,,,
1782777600,,,,,
1782781200,,,,,
1782784800,,,,,
1782788400,,,,,
1782792000,,,,,
1782795600,,,,,
1782799200,,,,,
1782802800,,,,,
1782806400,,,,,
1782810000,,,,,
1782813600,,,,,
1782817200,,,,,
1782820800,,,,,
1782824400,,,,,
1782828000,,,,,
1782831600,,,,,
1782835200,,,,,
1782838800,,,,,
1782842400,,,,,
1782846000,,,,,
1782849600,,,,,
1782853200,,,,,
1782856800,,,,,
1782860400,,,,,
1782864000,,,,,
1782867600,,,,,
1782871200,,,,,
1782874800,,,,,
1782878400,,,,,
1782882000,,,,,
1782885600,,,,,
1782889200,,,,,
1782892800,,,,,
1782896400,,,,,
1782900000,,,,,
1782903600,,,,,
1782907200,,,,,
1782910800,,,,,
1782914400,,,,,
1782918000,,,,,
1782921600,,,,,
1782925200,,,,,
1782928800,,,,,
1782932400,,,,,
1782936000,,,,,
1782939600,,,,,
1782943200,,,,,
1782946800,,,,,
1782950400,,,,,
1782954000,,,,,
1782957600,,,,,
1782961200,,,,,
1782964800,,,,,
1782968400,,,,,
1782972000,,,,,
1782975600,,,,,
1782979200,,,,,
1782982800,,,,,
1782986400,,,,,
1782990000,,,,,
1782993600,,,,,
1782997200,,,,,
1783000800,,,,,
1783004400,,,,,
1783008000,,,,,
1783011600,,,,,
1783015200,,,,,
1783018800,,,,,
1783022400,,,,,
1783026000,,,,,
1783029600,,,,,
1783033200,,,,,
1783036800,,,,,
1783040400,,,,,
1783044000,,,,,
1783047600,,,,,
1783051200,,,,,
1783054800,,,,,
1783058400,,,,,
1783062000,,,,,
1783065600,,,,,
1783069200,,,,,
1783072800,,,,,
1783076400,,,,,
1783080000,,,,,
1783083600,,,,,
1783087200,,,,,
1783090800,,,,,
1783094400,,,,,
1783098000,,,,,
1783101600,,,,,
1783105200,,,,,
1783108800,,,,,
1783112400,,,,,
1783116000,,,,,
1783119600,,,,,
1783123200,,,,,
1783126800,,,,,
1783130400,,,,,
1783134000,,,,,
1783137600,,,,,
1783141200,,,,,
1783144800,,,,,
1783148400,,,,,
1783152000,,,,,
1783155600,,,,,
1783159200,,,,,
1783162800,,,,,
1783166400,,,,,
1783170000,,,,,
1783173600,,,,,
1783177200,,,,,
1783180800,,,,,
1783184400,,,,,
1783188000,,,,,
1783191600,,,,,
1783195200,,,,,
1783198800,,,,,
1783202400,,,,,
1783206000,,,,,
1783209600,,,,,
1783213200,,,,,
1783216800,,,,,
1783220400,,,,,
1783224000,,,,,
1783227600,,,,,
1783231200,,,,,
1783234800,,,,,
1783238400,,,,,
1783242000,,,,,
1783245600,,,,,
1783249200,,,,,
1783252800,,,,,
1783256400,,,,,
1783260000,,,,,
1783263600,,,,,
1783267200,,,,,
1783270800,,,,,
1783274400,,,,,
1783278000,,,,,
1783281600,,,,,
1783285200,,,,,
1783288800,,,,,
1783292400,,,,,
1783296000,,,,,
1783299600,,,,,
1783303200,,,,,
1783306800,,,,,
1783310400,,,,,
1783314000,,,,,
1783317600,,,,,
1783321200,,,,,
1783324800,,,,,
1783328400,,,,,
1783332000,,,,,
1783335600,,,,,
1783339200,,,,,
1783342800,,,,,
1783346400,,,,,
1783350000,,,,,
1783353600,,,,,
1783357200,,,,,
1783360800,,,,,
1783364400,,,,,
1783368000,,,,,
1783371600,,,,,
1783375200,,,,,
1783378800,,,,,
1783382400,,,,,
1783386000,,,,,
1783389600,,,,,
1783393200,,,,,
1783396800,,,,,
1783400400,,,,,
1783404000,,,,,
1783407600,,,,,
1783411200,,,,,
1783414800,,,,,
1783418400,,,,,
1783422000,,,,,
1783425600,,,,,
1783429200,,,,,
1783432800,,,,,
1783436400,,,,,
1783440000,,,,,
1783443600,,,,,
1783447200,,,,,
1783450800,,,,,
1783454400,,,,,
1783458000,,,,,
1783461600,,,,,
1783465200,,,,,
1783468800,,,,,
1783472400,,,,,
1783476000,,,,,
1783479600,,,,,
1783483200,,,,,
1783486800,,,,,
1783490400,,,,,
1783494000,,,,,
1783497600,,,,,
1783501200,,,,,
1783504800,,,,,
1783508400,,,,,
1783512000,,,,,
1783515600,,,,,
1783519200,,,,,
1783522800,,,,,
1783526400,,,,,
1783530000,,,,,
1783533600,,,,,
1783537200,,,,,
1783540800,,,,,
1783544400,,,,,
1783548000,,,,,
1783551600,,,,,
1783555200,,,,,
1783558800,,,,,
1783562400,,,,,
1783566000,,,,,
1783569600,,,,,
1783573200,,,,,
1783576800,,,,,
1783580400,,,,,
1783584000,,,,,
1783587600,,,,,
1783591200,,,,,
1783594800,,,,,
1783598400,,,,,
1783602000,,,,,
1783605600,,,,,
1783609200,,,,,
1783612800,,,,,
1783616400,,,,,
1783620000,,,,,
1783623600,,,,,
1783627200,,,,,
1783630800,,,,,
1783634400,,,,,
1783638000,,,,,
1783641600,,,,,
1783645200,,,,,
1783648800,,,,,
1783652400,,,,,
1783656000,,,,,
1783659600,,,,,
1783663200,,,,,
1783666800,,,,,
1783670400,,,,,
1783674000,,,,,
1783677600,,,,,
1783681200,,,,,
1783684800,,,,,
1783688400,,,,,
1783692000,,,,,
1783695600,,,,,
1783699200,,,,,
1783702800,,,,,
1783706400,,,,,
1783710000,,,,,
1783713600,,,,,
1783717200,,,,,
1783720800,,,,,
1783724400,,,,,
1783728000,,,,,
1783731600,,,,,
1783735200,,,,,
1783738800,,,,,
1783742400,,,,,
1783746000,,,,,
1783749600,,,,,
1783753200,,,,,
1783756800,,,,,
1783760400,,,,,
1783764000,,,,,
1783767600,,,,,
1783771200,,,,,
1783774800,,,,,
1783778400,,,,,
1783782000,,,,,
1783785600,,,,,
1783789200,,,,,
1783792800,,,,,
1783796400,,,,,
1783800000,,,,,
1783803600,,,,,
1783807200,,,,,
1783810800,,,,,
1783814400,,,,,
1783818000,,,,,
1783821600,,,,,
1783825200,,,,,
1783828800,,,,,
1783832400,,,,,
1783836000,,,,,
1783839600,,,,,
1783843200,,,,,
1783846800,,,,,
1783850400,,,,,
1783854000,,,,,
1783857600,,,,,
1783861200,,,,,
1783864800,,,,,
1783868400,,,,,
1783872000,,,,,
1783875600,,,,,
1783879200,,,,,
1783882800,,,,,
1783886400,,,,,
1783890000,,,,,
1783893600,,,,,
1783897200,,,,,
1783900800,,,,,
1783904400,,,,,
1783908000,,,,,
1783911600,,,,,
1783915200,,,,,
1783918800,,,,,
1783922400,,,,,
1783926000,,,,,
1783929600,,,,,
1783933200,,,,,
1783936800,,,,,
1783940400,,,,,
1783944000,,,,,
1783947600,,,,,
1783951200,,,,,
1783954800,,,,,
1783958400,,,,,
1783962000,,,,,
1783965600,,,,,
1783969200,,,,,
1783972800,,,,,
1783976400,,,,,
1783980000,,,,,
1783983600,,,,,
1783987200,,,,,
1783990800,,,,,
1783994400,,,,,
1783998000,,,,,
1784001600,,,,,
1784005200,,,,,
1784008800,,,,,
1784012400,,,,,
1784016000,,,,,
1784019600,,,,,
1784023200,,,,,
1784026800,,,,,
1784030400,,,,,
1784034000,,,,,
1784037600,,,,,
1784041200,,,,,
1784044800,,,,,
1784048400,,,,,
1784052000,,,,,
1784055600,,,,,
1784059200,,,,,
1784062800,,,,,
1784066400,,,,,
1784070000,,,,,
1784073600,,,,,
1784077200,,,,,
1784080800,,,,,
1784084400,,,,,
1784088000,,,,,
1784091600,,,,,
1784095200,,,,,
1784098800,,,,,
1784102400,,,,,
1784106000,,,,,
1784109600,,,,,
1784113200,,,,,
1784116800,,,,,
1784120400,,,,,
1784124000,,,,,
1784127600,,,,,
1784131200,,,,,
1784134800,,,,,
1784138400,,,,,
1784142000,,,,,
1784145600,,,,,
1784149200,,,,,
1784152800,,,,,
1784156400,,,,,
1784160000,,,,,
1784163600,,,,,
1784167200,,,,,
1784170800,,,,,
1784174400,,,,,
1784178000,,,,,
1784181600,,,,,
1784185200,,,,,
1784188800,,,,,
1784192400,,,,,
1784196000,,,,,
1784199600,,,,,
1784203200,,,,,
1784206800,,,,,
1784210400,,,,,
1784214000,,,,,
1784217600,,,,,
1784221200,,,,,
1784224800,,,,,
1784228400,,,,,
1784232000,,,,,
1784235600,,,,,
1784239200,,,,,
1784242800,,,,,
1784246400,,,,,
1784250000,,,,,
1784253600,,,,,
1784257200,,,,,
1784260800,,,,,
1784264400,,,,,
1784268000,,,,,
1784271600,,,,,
1784275200,,,,,
1784278800,,,,,
1784282400,,,,,
1784286000,,,,,
1784289600,,,,,
1784293200,,,,,
1784296800,,,,,
1784300400,,,,,
1784304000,,,,,
1784307600,,,,,
1784311200,,,,,
1784314800,,,,,
1784318400,,,,,
1784322000,,,,,
1784325600,,,,,
1784329200,,,,,
1784332800,,,,,
1784336400,,,,,
1784340000,,,,,
1784343600,,,,,
1784347200,,,,,
1784350800,,,,,
1784354400,,,,,
1784358000,,,,,
1784361600,,,,,
1784365200,,,,,
1784368800,,,,,
1784372400,,,,,
1784376000,,,,,
1784379600,,,,,
1784383200,,,,,
1784386800,,,,,
1784390400,,,,,
1784394000,,,,,
1784397600,,,,,
1784401200,,,,,
1784404800,,,,,
1784408400,,,,,
1784412000,,,,,
1784415600,,,,,
1784419200,,,,,
1784422800,,,,,
1784426400,,,,,
1784430000,,,,,
1784433600,,,,,
1784437200,,,,,
1784440800,,,,,
1784444400,,,,,
1784448000,,,,,
1784451600,,,,,
1784455200,,,,,
1784458800,,,,,
1784462400,,,,,
1784466000,,,,,
1784469600,,,,,
1784473200,,,,,
1784476800,,,,,
1784480400,,,,,
1784484000,,,,,
1784487600,,,,,
1784491200,,,,,
1784494800,,,,,
1784498400,,,,,
1784502000,,,,,
1784505600,,,,,
1784509200,,,,,
1784512800,,,,,
1784516400,,,,,
1784520000,,,,,
1784523600,,,,,
1784527200,,,,,
1784530800,,,,,
1784534400,,,,,
1784538000,,,,,
1784541600,,,,,
1784545200,,,,,
1784548800,,,,,
1784552400,,,,,
1784556000,,,,,
1784559600,,,,,
1784563200,,,,,
1784566800,,,,,
1784570400,,,,,
1784574000,,,,,
1784577600,,,,,
1784581200,,,,,
1784584800,,,,,
1784588400,,,,,
1784592000,,,,,
1784595600,,,,,
1784599200,,,,,
1784602800,,,,,
1784606400,,,,,
1784610000,,,,,
1784613600,,,,,
1784617200,,,,,
1784620800,,,,,
1784624400,,,,,
1784628000,,,,,
1784631600,,,,,
1784635200,1784635211.0,15546100.0,205.9580062020027,-0.1442139490472497,205.9580062020027
1784638800,1784638836.0,15582261.0,206.14780868813983,0.0121481279212216,206.14780868813983
1784642400,,,,,
1784646000,,,,,
1784649600,1784649657.0,15690377.0,206.1503839775756,-0.0130414624260513,206.1503839775756
1784653200,1784653259.0,15726342.0,205.6522711680227,-0.0231615324154382,205.6522711680227
1784656800,,,,,
1784660400,1784660454.0,15798160.0,207.1807881224973,-0.1342291084172507,207.1807881224973
1784664000,1784664046.0,15834051.0,207.17899827474272,2.4515749233387454,207.17899827474272
1784667600,1784667654.0,15870054.0,206.69021864636136,-0.4599128475990245,206.69021864636136
1784671200,1784671253.0,15906022.0,206.8076849561311,-1.3798945377034826,206.8076849561311
1784674800,1784674858.0,15942049.0,206.46531161567935,1.071788483930738,206.46531161567935
1784678400,1784678430.0,15977709.0,206.2457691821085,0.3504504594008787,206.2457691821085
1784682000,1784682050.0,16013848.0,206.5252755149577,1.2480527201006626,206.5252755149577
1784685600,1784685657.0,16049879.0,206.28539636448295,-0.0808401061192449,206.28539636448295
1784689200,1784689252.0,16085751.0,206.01837715898753,0.109822194102702,206.01837715898753
1784692800,1784692839.0,16121502.0,206.01411681178703,0.3941536837384305,206.01411681178703
1784696400,1784696451.0,16157521.0,206.06661952150455,-1.3299264731365588,206.06661952150455
1784700000,1784700055.0,16193395.0,205.22697779234417,0.3026260150888935,205.22697779234417
1784703600,1784703627.0,16229010.0,205.4139930444354,0.644860846571568,205.4139930444354
1784707200,1784707227.0,16264893.0,205.36813068554932,-0.0922018930086821,205.36813068554932
1784710800,1784710855.0,16301104.0,204.9713492100122,4.326910250198598,204.9713492100122
1784714400,,,,,
1784718000,1784718059.0,16372979.0,205.80422316306013,0.379989210105322,205.80422316306013
1784721600,1784721652.0,16408817.0,204.89218615956523,-0.3439974852278054,204.89218615956523
1784725200,1784725259.0,16444803.0,205.06173326219437,-0.9245724445755524,205.06173326219437
1784728800,1784728852.0,16480680.0,207.37416140133672,-0.0228617334765744,207.37416140133672
1784732400,1784732458.0,16516709.0,209.09947526070707,-0.457443911424367,209.09947526070707
1784736000,1784736051.0,16552598.0,213.2318705236301,0.0818640096071978,213.2318705236301
1784739600,1784739660.0,16588662.0,213.9967456387959,0.0462137934724242,213.9967456387959
1784743200,1784743256.0,16624627.0,213.70809480106868,-0.2244649060243063,213.70809480106868
1784746800,1784746838.0,16660399.0,213.9060425475768,-0.0737130434050254,213.9060425475768
1784750400,1784750458.0,16696507.0,212.17175953690435,-0.0670490379100497,212.17175953690435
1784754000,1784754055.0,16732412.0,213.1089279930689,0.097065264078604,213.1089279930689
1784757600,1784757661.0,16768381.0,210.79222603261536,-1.818228185044196,210.79222603261536
1784761200,1784761255.0,16804236.0,211.0419195698379,0.0774722800536481,211.0419195698379
1784764800,1784764861.0,16840194.0,211.86623473716443,-0.3947671969017463,211.86623473716443
1784768400,1784768462.0,16876081.0,212.71626165128995,3.9743258217018553,212.71626165128995
1784772000,1784772060.0,16912007.0,212.11987691135437,0.4091682629899801,212.11987691135437
1784775600,1784775641.0,16947756.0,211.37357088865764,-0.0901539684650852,211.37357088865764
1784779200,1784779258.0,16983796.0,211.54481375715017,0.2726561102503005,211.54481375715017
1784782800,1784782839.0,17019459.0,211.99130491513495,0.0147619629582277,211.99130491513495
1784786400,1784786463.0,17055603.0,211.91017786076537,-0.0448516818528501,211.91017786076537
1784790000,1784790059.0,17091522.0,211.08843103216077,0.0762921992706142,211.08843103216077
1784793600,1784793653.0,17127389.0,210.67391848566064,-0.0851694624619577,210.67391848566064
1784797200,1784797257.0,17163337.0,211.42890823097795,-0.562597426302856,211.42890823097795
1784800800,1784800857.0,17199227.0,210.83051836923917,0.4754299186399474,210.83051836923917
1784804400,1784804459.0,17235146.0,210.96204423681377,0.0348597657755391,210.96204423681377
1784808000,1784808042.0,17270844.0,210.4254233361046,0.0533740823266616,210.4254233361046
1784811600,1784811657.0,17306882.0,209.2329974532786,0.8249768774374441,209.2329974532786
1784815200,1784815260.0,17342834.0,209.11521780289692,28.469923113137448,209.11521780289692
1784818800,1784818852.0,17378691.0,207.3172764704403,-0.222010199000656,207.3172764704403
1784822400,1784822455.0,17414631.0,208.01071740347385,0.0247611485665173,208.01071740347385
1784826000,1784826054.0,17450551.0,209.85939901166424,0.2365421956302899,209.85939901166424
1784829600,1784829658.0,17486546.0,208.96497291392447,0.0449594240325692,208.96497291392447
1784833200,1784833241.0,17522355.0,207.5888076710116,-1.0594443412379029,207.5888076710116
1784836800,1784836845.0,17558328.0,208.62911381779136,-0.03357879729453,208.62911381779136
1784840400,1784840456.0,17594322.0,209.01392235757837,0.6220582124065042,209.01392235757837
1784844000,1784844048.0,17630140.0,208.32915597422627,-0.8934987437805944,208.32915597422627
1784847600,1784847616.0,17665725.0,208.19829525117248,-12.002515490151648,208.19829525117248
1784851200,1784851245.0,17701885.0,207.94520990760583,-1.7869240561401782,207.94520990760583
1784854800,1784854835.0,17737674.0,207.7906276006522,0.0294639400602241,207.7906276006522
1784858400,1784858457.0,17773762.0,207.59656607928804,-0.4462395868906352,207.59656607928804
1784862000,1784862049.0,17809567.0,206.668491308536,0.0960418766896811,206.668491308536
1784865600,1784865630.0,17845254.0,206.6610573263587,-0.0214880276522276,206.6610573263587
1784869200,1784869232.0,17881129.0,207.04985803652076,-0.0046577044454039,207.04985803652076
1784872800,1784872857.0,17917206.0,206.98922815050716,-0.6288920522649354,206.98922815050716
1784876400,1784876459.0,17953099.0,206.4692104395161,-0.1108673625567941,206.4692104395161
1784880000,1784880040.0,17988778.0,207.4798845459704,-0.090332576156203,207.4798845459704
1784883600,1784883644.0,18024695.0,207.36635638679925,0.0059256215123063,207.36635638679925
1784887200,1784887217.0,18060265.0,208.27737925859148,-0.0896096498850859,208.27737925859148
1784890800,1784890818.0,18096082.0,207.86592190518988,-3.559669195104725,207.86592190518988
1784894400,1784894460.0,18132309.0,208.506992845544,0.2438321137956046,208.506992845544
1784898000,1784898064.0,18168216.0,208.21364250223496,0.2444800107331046,208.21364250223496
1784901600,1784901658.0,18204082.0,206.8427197579676,1.8201933022830827,206.8427197579676
1784905200,1784905259.0,18240069.0,209.6336644748251,-0.0616878155841931,209.6336644748251
1784908800,1784908853.0,18275994.0,210.0518859984108,-0.0437958431842749,210.0518859984108
1784912400,1784912459.0,18311996.0,210.18310739447705,-0.4201865376990856,210.18310739447705
1784916000,1784916006.0,18347435.0,209.7757789588553,-0.1037103641633384,209.7757789588553
1784919600,1784919650.0,18383814.0,206.89829703910848,-0.1361987477427976,206.89829703910848
1784923200,1784923258.0,18419826.0,206.90161547369755,0.0233879252941615,206.90161547369755
1784926800,1784926844.0,18455598.0,206.8006129684761,0.136680452368043,206.8006129684761
1784930400,1784930458.0,18491652.0,206.6744173741756,0.4475293044693832,206.6744173741756
1784934000,1784934059.0,18527565.0,206.7386618674232,0.0430744371621863,206.7386618674232
1784937600,1784937645.0,18563338.0,206.63990243690805,2.267479586866858,206.63990243690805
1784941200,1784941260.0,18599360.0,206.55901573850252,-0.9558180341161896,206.55901573850252
1784944800,1784944855.0,18635178.0,206.8015317055559,-1.1674120801580676,206.8015317055559
1784948400,1784948458.0,18671072.0,206.97026331551297,-1.7854986698345745,206.97026331551297
1784952000,1784952056.0,18706892.0,207.12990352813432,0.2994993263831579,207.12990352813432
1784955600,1784955626.0,18742404.0,207.2034660271172,-0.0723564318361688,207.2034660271172
1784959200,1784959251.0,18778431.0,207.15534100725424,-0.8870298319146164,207.15534100725424
1784962800,1784962859.0,18814287.0,207.2252624507404,0.4476334432535528,207.2252624507404
1784966400,1784966455.0,18850073.0,207.20175683878173,0.0158235679578064,207.20175683878173
1784970000,1784970056.0,18885839.0,207.24325385746585,1.7087408320062527,207.24325385746585
1784973600,1784973659.0,18921683.0,207.1932929041778,-1.3297728906469974,207.1932929041778
1784977200,1784977259.0,18957475.0,207.24630044142097,-0.1772290987393618,207.24630044142097
1784980800,1784980860.0,18993344.0,207.26588148697985,-0.1702481955318145,207.26588148697985
1784984400,1784984458.0,19029182.0,207.2495292215736,-0.8869792691322484,207.2495292215736
1784988000,1784988051.0,19065016.0,207.32969183890145,-0.8895977846325629,207.32969183890145
1784991600,1784991651.0,19100914.0,207.60033827751545,-0.4446370779900967,207.60033827751545
1784995200,1784995256.0,19136853.0,207.61199853795355,0.572138189001016,207.61199853795355
1784998800,1784998857.0,19172736.0,207.66193413328227,-0.7113545450015838,207.66193413328227
1785002400,1785002456.0,19208614.0,207.88098749900473,0.0796059424685479,207.88098749900473
1785006000,1785006059.0,19244521.0,207.84859765503205,0.6126309938805026,207.84859765503205
1785009600,1785009645.0,19280271.0,208.0562309626869,-1.292409397095618,208.0562309626869
1785013200,1785013240.0,19316105.0,207.936325044295,-0.0249187604554469,207.936325044295
1785016800,1785016857.0,19352198.0,208.00053670141548,-0.0047860550391264,208.00053670141548
1785020400,1785020454.0,19388053.0,208.16212165831283,2.2577285828941505,208.16212165831283
1785024000,1785024055.0,19423935.0,208.18097295344583,0.2418027996859848,208.18097295344583
1785027600,1785027637.0,19459596.0,208.22511383603924,-0.089296900366073,208.22511383603924
1785031200,1785031231.0,19495395.0,208.28425350952577,-0.0267466717399238,208.28425350952577
1785034800,1785034853.0,19531473.0,208.21506590557303,-0.4465390141207597,208.21506590557303
1785038400,1785038456.0,19567332.0,208.20546499133815,0.1135618743926257,208.20546499133815
1785042000,1785042058.0,19603174.0,208.11949449640915,-0.0306514215833837,208.11949449640915
1785045600,1785045660.0,19639058.0,208.16047403480007,-0.4472281751522584,208.16047403480007
1785049200,1785049259.0,19674923.0,208.1492687887305,-0.984844051394136,208.1492687887305
1785052800,1785052860.0,19710778.0,208.14087008540565,-0.2680322094254082,208.14087008540565
1785056400,1785056449.0,19746523.0,208.0191157462152,-0.1394784558632992,208.0191157462152
1785060000,1785060035.0,19782271.0,208.0215427284664,0.013214019860521,208.0215427284664
1785063600,1785063655.0,19818335.0,207.96697433052825,-0.1792938124346157,207.96697433052825
1785067200,1785067261.0,19854254.0,208.06251353976435,-0.2240361257782071,208.06251353976435
1785070800,1785070822.0,19889751.0,208.00423509651935,1.6228627019663084,208.00423509651935
1785074400,1785074441.0,19925833.0,208.00281260674552,0.1177523317120036,208.00281260674552
1785078000,1785078049.0,19961821.0,207.97423456291537,-3.699158325516739,207.97423456291537
1785081600,1785081652.0,19997785.0,208.0017634266119,-0.0961049658528124,208.0017634266119
1785085200,1785085243.0,20033664.0,208.27616003252268,-4.564387058118682,208.27616003252268
1785088800,1785088840.0,20069625.0,208.24053127031615,0.0346513988199918,208.24053127031615
1785092400,1785092447.0,20105630.0,208.34476916016496,-0.1289598235911341,208.34476916016496
1785096000,1785096058.0,20141691.0,208.4009973061445,-0.0191643726281213,208.4009973061445
1785099600,1785099647.0,20177487.0,208.3554037547474,-0.0704757770347297,208.3554037547474
1785103200,1785103259.0,20213536.0,208.54818053857355,-1.771603730742552,208.54818053857355
1785106800,1785106832.0,20249152.0,209.06126343323217,0.0356708692318626,209.06126343323217
1785110400,1785110457.0,20285289.0,208.89969759203413,-12.401316761666395,208.89969759203413
1785114000,1785114051.0,20321115.0,208.92822409584844,0.0083754864897333,208.92822409584844
1785117600,1785117652.0,20356998.0,208.7185555253415,0.5682905868524449,208.7185555253415
1785121200,1785121243.0,20392772.0,208.965794275897,-0.2524445931280534,208.965794275897
1785124800,1785124838.0,20428581.0,208.50212287101735,-0.0923713885070775,208.50212287101735
1785128400,1785128447.0,20464489.0,208.669655234039,0.0344513120714825,208.669655234039
1785132000,1785132048.0,20500359.0,209.14814908418643,-0.2062509884584547,209.14814908418643
1785135600,1785135627.0,20536063.0,209.15923124530863,0.1794624648099549,209.15923124530863
1785139200,1785139242.0,20572074.0,209.0353513794748,-0.1115561111053121,209.0353513794748
1785142800,1785142846.0,20607947.0,209.42388704191544,14.411089128975414,209.42388704191544
1785146400,1785146458.0,20643883.0,209.14152124678068,-0.9282411849391778,209.14152124678068
1785150000,1785150044.0,20679616.0,208.5589555917593,4.920657619881359,208.5589555917593
1785153600,1785153659.0,20715637.0,208.13233679622903,-0.0959339239419594,208.13233679622903
1785157200,1785157260.0,20751522.0,208.61825668535093,0.4643008752789647,208.61825668535093
1785160800,1785160861.0,20787461.0,203.13683549635212,0.1159089802667806,203.13683549635212
1785164400,1785164390.0,20822705.0,200.0741622753698,-7.228066796344352,200.0741622753698
1785168000,1785168006.0,20858837.0,197.71473593881456,0.2909898486267961,197.71473593881456
1785171600,1785171644.0,20894455.0,196.2929545811648,0.103942475848033,196.2929545811648
1785175200,1785175289.0,20930163.0,196.89521069590785,-0.0273740350031162,196.89521069590785
1785178800,1785178866.0,20965863.0,197.3314255162731,0.3614910131890641,197.3314255162731
1785182400,1785182456.0,21001666.0,196.66855383657307,2.189832352560279,196.66855383657307
1785186000,1785186057.0,21037594.0,196.86966203110487,0.0407936955262158,196.86966203110487
1785189600,1785189649.0,21073442.0,196.9249105413408,6.463909481240323,196.9249105413408
1785193200,1785193245.0,21109257.0,196.3345451346026,-0.8576744211947575,196.3345451346026
1785196800,1785196852.0,21145203.0,196.31139639713788,-0.327561055187185,196.31139639713788
1785200400,1785200408.0,21180675.0,195.51947265622755,-2.868982117213536,195.51947265622755
1785204000,1785204060.0,21217095.0,194.6435648551849,1.287349082107865,194.6435648551849
1785207600,1785207657.0,21252973.0,194.1471135403097,-0.3435876830258047,194.1471135403097
1785211200,1785211251.0,21288790.0,194.71689574781584,0.0469793299839882,194.71689574781584
1785214800,1785214855.0,21324655.0,194.066532262776,-1.2623118883158704,194.066532262776
1785218400,1785218428.0,21360159.0,193.18148935424892,-0.0672608302932259,193.18148935424892
1785222000,1785222026.0,21396001.0,194.01597426428972,-0.9621500749218664,194.01597426428972
1785225600,1785225655.0,21432147.0,193.6864205686032,0.1444385670920425,193.6864205686032
1785229200,1785229250.0,21467903.0,194.582542465912,3.4080356938397656,194.582542465912
1785232800,1785232858.0,21503823.0,194.4937618487212,-0.0717917290878712,194.4937618487212
1785236400,1785236445.0,21539517.0,194.49864129309677,3.220344184950138,194.49864129309677
1785240000,1785240040.0,21575326.0,195.4954753314877,1.6153383827127608,195.4954753314877
1785243600,1785243661.0,21611425.0,195.6305772675096,14.920254626863754,195.6305772675096
1785247200,1785247247.0,21647203.0,194.2806182928821,-0.2939307346207634,194.2806182928821
1785250800,1785250857.0,21683246.0,196.7932631729571,-0.9493256642398455,196.7932631729571
1785254400,1785254452.0,21719110.0,198.16479950547512,-8.827884543762574,198.16479950547512
1785258000,1785258036.0,21754845.0,197.92211815351044,0.0144627745679673,197.92211815351044
1785261600,1785261658.0,21790985.0,197.20839380824768,-0.0248334385600417,197.20839380824768
1785265200,1785265257.0,21826849.0,197.3815254050523,0.1320916984068429,197.3815254050523
1785268800,1785268859.0,21862759.0,197.0384175442038,-0.2896969812583284,197.0384175442038
1785272400,1785272457.0,21898625.0,197.20728641261303,-0.3261956376002565,197.20728641261303
1785276000,1785276064.0,21934637.0,196.998463284956,0.5426943541473624,196.998463284956
1785279600,1785279639.0,21970391.0,195.5871587763221,-0.9548058111195638,195.5871587763221
1785283200,1785283244.0,22006464.0,197.5391694689652,-8.892204900284993,197.5391694689652
1785286800,1785286854.0,22042506.0,197.09747457649704,0.0821990995394225,197.09747457649704
1785290400,1785290429.0,22078250.0,195.12539172363492,1.827604503404888,195.12539172363492
1785294000,,,,,
1785297600,1785297640.0,22150160.0,194.81633414199777,0.006960808680833,194.81633414199777
1785301200,1785301245.0,22186095.0,194.82514960162175,1.7745107132606193,194.82514960162175
1785304800,1785304856.0,22222031.0,195.23761561679953,5.0886710357874e-05,195.23761561679953
1785308400,1785308442.0,22257726.0,196.49954845502776,0.0102235376037209,196.49954845502776
1785312000,1785312044.0,22293596.0,196.2854154273039,0.6881911768866887,196.2854154273039
1785315600,1785315660.0,22329596.0,196.6514914717044,-9.014669040508862,196.6514914717044
1785319200,1785319221.0,22365058.0,197.9290695314872,0.1601981862115953,197.9290695314872
1785322800,1785322847.0,22401171.0,196.9173399845695,-3.6984821769228016,196.9173399845695
1785326400,1785326435.0,22436923.0,197.40980198892143,1.0240769051920675,197.40980198892143
1785330000,1785330059.0,22473040.0,196.85872726705497,3.3602704064705824,196.85872726705497
1785333600,1785333638.0,22508717.0,193.51392109700433,2.3754286529357445,193.51392109700433
1785337200,1785337253.0,22544859.0,192.3714164071106,2.547229012265531,192.3714164071106
1785340800,1785340856.0,22580797.0,191.84159306184256,0.4780458851295177,191.84159306184256
1785344400,1785344414.0,22616291.0,192.0039838946381,-0.1427710512382864,192.0039838946381
1785348000,1785348062.0,22652708.0,193.03738630066343,0.638775774402686,193.03738630066343
1785351600,1785351653.0,22688575.0,195.7422130792017,0.0255201595064288,195.7422130792017
1785355200,1785355244.0,22724467.0,190.06747356043704,1.6421250654281845,190.06747356043704
1785358800,,,,,
1785362400,1785362437.0,22796279.0,189.63933934096184,1.7008899267056343,189.63933934096184
1785366000,1785366033.0,22832224.0,190.96585491443287,-0.4935072009420198,190.96585491443287
1785369600,1785369649.0,22868287.0,191.5535255256171,-4.113728436411425,191.5535255256171
1785373200,1785373260.0,22904310.0,191.315762108155,-1.5647411697561406,191.315762108155
1785376800,1785376819.0,22939808.0,192.72957506939187,-0.0909575734898172,192.72957506939187
1785380400,,,,,
1785384000,1785384023.0,23011638.0,191.35347937173745,0.0878428859497666,191.35347937173745
1785387600,1785387604.0,23047338.0,190.60185122795815,0.6117417690380353,190.60185122795815
1785391200,1785391236.0,23083479.0,191.3725497549867,-0.0196712782942113,191.3725497549867
1785394800,1785394858.0,23119541.0,191.39832506326863,1.5142331528010025,191.39832506326863
1785398400,1785398460.0,23155400.0,191.00009893943096,1.512088455751345,191.00009893943096
1785402000,1785402011.0,23190779.0,191.51050246124265,0.0003283480889381,191.51050246124265
1785405600,1785405653.0,23227177.0,191.69776677224965,-0.6517517984831035,191.69776677224965
1785409200,1785409248.0,23263028.0,192.44574002615337,-0.0845898837100465,192.44574002615337
1785412800,1785412845.0,23298772.0,193.35342941147695,-0.0532107225469264,193.35342941147695
1785416400,1785416446.0,23334668.0,194.28238982174975,-24.204673259353235,194.28238982174975
1785420000,1785420060.0,23370712.0,195.6880766167897,0.0901886039537967,195.6880766167897
1785423600,1785423650.0,23406563.0,194.5951896241667,3.47776025,194.5951896241667
1785427200,1785427211.0,23442097.0,193.13989571439993,10.318819070152651,193.13989571439993
1785430800,1785430850.0,23478359.0,193.79480596818823,0.0898449325500813,193.79480596818823
1785434400,1785434458.0,23514369.0,194.01714682690556,0.0536920923025361,194.01714682690556
1785438000,1785438000.0,23549712.0,193.53857838299183,0.0507424127239197,193.53857838299183
1785441600,1785441638.0,23586015.0,195.19739215264795,-9.12,195.19739215264795
1785445200,1785445230.0,23621863.0,195.67596638919585,0.0782149854780294,195.67596638919585
1785448800,1785448835.0,23657759.0,195.535749791696,1.2621667774359089,195.535749791696
1785452400,1785452429.0,23693351.0,195.98080941075477,-0.5355006514628002,195.98080941075477
1785456000,1785456042.0,23729738.0,196.731851266873,-4.459612003647115,196.731851266873
1785459600,1785459653.0,23765807.0,198.1324955477075,-18.69672656396267,198.1324955477075
1785463200,1785463233.0,23801567.0,197.67687320946663,-2.524260174808612,197.67687320946663
1785466800,1785466855.0,23837717.0,197.33795076388756,-0.4834896894453768,197.33795076388756
1785470400,1785470453.0,23873606.0,197.36099043313376,5.328778902298978,197.36099043313376
1785474000,1785474059.0,23909552.0,198.3828585897708,4.388784245408059,198.3828585897708
1785477600,1785477599.0,23944875.0,198.4294191800171,0.0044680565117168,198.4294191800171
1785481200,1785481221.0,23981003.0,197.46793431968285,-1.0022078958307516,197.46793431968285
1785484800,1785484860.0,24017282.0,198.37124908269345,10.079883073356347,198.37124908269345
1785488400,1785488420.0,24052744.0,198.4319165086314,0.0163160948368551,198.4319165086314
1785492000,1785492055.0,24088981.0,197.82388929823873,0.0409326728669632,197.82388929823873
1785495600,1785495643.0,24124734.0,197.88275476354957,-0.3713798395703924,197.88275476354957
1785499200,1785499255.0,24160763.0,197.48983581453433,0.0965372879444622,197.48983581453433
1785502800,1785502848.0,24196598.0,196.8388224396813,-11.72288039950151,196.8388224396813
1785506400,1785506452.0,24232554.0,197.6388443665499,-0.10283974475308,197.6388443665499
1785510000,1785510058.0,24268605.0,197.9315821046856,3.3201191449663927,197.9315821046856
1785513600,1785513664.0,24304572.0,196.4751548654836,-0.8702880225288226,196.4751548654836
1785517200,1785517262.0,24340529.0,198.2504926278181,-3.761591923663648,198.2504926278181
1785520800,1785520857.0,24376503.0,199.44064635164608,-3.491768270959719,199.44064635164608
1785524400,1785524440.0,24412298.0,198.9170998956673,-0.1493272124489912,198.9170998956673
1785528000,1785528055.0,24448405.0,200.42081038721665,-1.0189913135088018,200.42081038721665
1785531600,1785531616.0,24483949.0,199.6669291213151,10.525945709882384,199.6669291213151
1785535200,1785535250.0,24520197.0,199.06368649009,-0.1041223227109701,199.06368649009
1785538800,1785538820.0,24555850.0,199.12345220521237,0.0251079642462589,199.12345220521237
1785542400,1785542456.0,24592129.0,199.0884149430503,-0.0342248983423993,199.0884149430503
1785546000,1785546051.0,24627982.0,199.2092201673185,-0.0150520198097278,199.2092201673185
1785549600,1785549655.0,24663946.0,199.2235597756301,0.0098772142800837,199.2235597756301
1785553200,1785553248.0,24699777.0,199.46584307202417,-1.6285955759041864,199.46584307202417
1785556800,1785556846.0,24735665.0,199.50472947207024,-0.0277667970661127,199.50472947207024
1785560400,,,,,
1785564000,1785564048.0,24807411.0,199.38738182572376,-0.0601543371573709,199.38738182572376
1785567600,1785567605.0,24842872.0,199.44133752938092,-0.0100229995961169,199.44133752938092
1785571200,,,,,
1785574800,1785574852.0,24915061.0,199.33885749295032,1.1746249843225316,199.33885749295032
1785578400,1785578401.0,24950414.0,199.7315680367594,0.685493280880741,199.7315680367594
1785582000,1785582057.0,24986828.0,199.8992938806832,0.7770580513920816,199.8992938806832
1785585600,1785585658.0,25022701.0,199.8056857916739,-0.0739501000567966,199.8056857916739
1785589200,1785589243.0,25058381.0,199.6744096137243,-1.401625831813332,199.6744096137243
1785592800,1785592854.0,25094353.0,199.67401625659883,0.0164585473344642,199.67401625659883
1785596400,1785596406.0,25129757.0,199.5853154274229,-0.0100157691627917,199.5853154274229
1785600000,1785600013.0,25165713.0,199.36285854060415,2.1432238628627727,199.36285854060415
1785603600,1785603635.0,25201807.0,199.3664785930921,0.0646498279110045,199.3664785930921
1785607200,,,,,
1785610800,1785610846.0,25273817.0,198.95533900738732,3.1741247514339563,198.95533900738732
1785614400,1785614405.0,25309363.0,198.8105195317156,-0.0100548020127428,198.8105195317156
1785618000,1785618058.0,25345831.0,198.8347360387252,-0.0091412264134932,198.8347360387252
1785621600,1785621652.0,25381673.0,199.35666254469723,0.0890680143586746,199.35666254469723
1785625200,1785625248.0,25417548.0,198.9776738367575,0.3004220874372592,198.9776738367575
1785628800,1785628832.0,25453279.0,199.02092067434825,-0.4605990443599534,199.02092067434825
1785632400,1785632445.0,25489303.0,199.22134092387105,0.9635862309445514,199.22134092387105
1785636000,1785636036.0,25525112.0,199.15232769765095,-0.0589079013232142,199.15232769765095
1785639600,1785639630.0,25560938.0,200.18282930441245,-0.0709497622833795,200.18282930441245
1785643200,,,,,
1785646800,1785646830.0,25632680.0,200.2860584581111,-0.1474658255306841,200.2860584581111
1785650400,1785650456.0,25668800.0,200.37740916478216,0.0494291955892758,200.37740916478216
1785654000,1785654054.0,25704638.0,200.30034978429185,2.07558346819475,200.30034978429185
1785657600,1785657606.0,25740030.0,200.26304468891297,-0.0249546929634558,200.26304468891297
1785661200,1785661202.0,25775862.0,200.36454043652236,0.0005222137370195,200.36454043652236
1785664800,1785664829.0,25811994.0,200.31359682524925,-5.036739675847505,200.31359682524925
1785668400,1785668420.0,25847780.0,200.2015182869781,0.0264592774499136,200.2015182869781
1785672000,1785672014.0,25883585.0,200.2391547823484,-0.7395781350228637,200.2391547823484
1785675600,1785675658.0,25919905.0,200.45150252353585,0.0115606604733564,200.45150252353585
1785679200,1785679255.0,25955755.0,200.5782384754155,0.1425499105310847,200.5782384754155
1785682800,,,,,
1785686400,1785686453.0,26027553.0,200.55151120738012,-0.049216398603811,200.55151120738012
1785690000,1785690059.0,26063514.0,200.7683726686267,0.0717966078046599,200.7683726686267
1785693600,1785693637.0,26099186.0,200.8497365734054,-3.732623708488256,200.8497365734054
1785697200,1785697243.0,26135177.0,200.8941778886843,0.0091589570102911,200.8941778886843
1785700800,1785700859.0,26171291.0,201.54818470127287,-0.2686298845849071,201.54818470127287
1785704400,1785704456.0,26207214.0,200.6244203088688,-0.2490986569121494,200.6244203088688
1785708000,1785708060.0,26243217.0,200.0094576064018,-6.992385201723996,200.0094576064018
1785711600,1785711606.0,26278667.0,199.90518496781985,-0.024999364565658,199.90518496781985
1785715200,1785715251.0,26315037.0,200.8269289441157,4.00866809828965,200.8269289441157
1785718800,1785718828.0,26350707.0,201.35399861184035,0.0378237948945842,201.35399861184035
1785722400,1785722453.0,26386850.0,201.80124513526536,0.0908981199412941,201.80124513526536
1785726000,1785726034.0,26422566.0,201.8387257026858,-0.965660210655396,201.8387257026858
1785729600,1785729633.0,26458444.0,201.9611689125916,0.0663362773278372,201.9611689125916
1785733200,1785733255.0,26494542.0,202.39218122490396,-1.4815896856642052,202.39218122490396
1785736800,1785736831.0,26530189.0,202.06515229629272,0.0593965646030904,202.06515229629272
1785740400,1785740456.0,26566345.0,201.5840355261119,1.198731120755798,201.5840355261119
1785744000,1785744044.0,26602112.0,201.39306433209384,-0.1254557703327908,201.39306433209384
1785747600,1785747639.0,26637956.0,200.7727633230472,0.1774476632777155,200.7727633230472
1785751200,,,,,
1785754800,1785754853.0,26709875.0,200.0690450179002,3.9963034248985423,200.0690450179002
1785758400,,,,,
1785762000,1785762037.0,26781536.0,198.7074273920002,0.0658410053135443,198.7074273920002
1785765600,1785765661.0,26817692.0,202.29861121519733,-1.4796064564970957,202.29861121519733
1785769200,1785769231.0,26853348.0,206.0713857288659,1.0554526510651114,206.0713857288659
1785772800,1785772840.0,26889375.0,206.6575800823192,-0.0882237330217642,206.6575800823192
1785776400,1785776453.0,26925502.0,206.78618748936665,0.1178921593561085,206.78618748936665
1785780000,1785780059.0,26961517.0,208.1079761837613,-0.2219276937691861,208.1079761837613
1785783600,1785783642.0,26997308.0,208.3320690373428,0.4805734005442942,208.3320690373428
1785787200,1785787245.0,27033295.0,206.40095176897972,0.0427504805383179,206.40095176897972
1785790800,,,,,
1785794400,1785794456.0,27105190.0,206.73132773347268,-1.9198038262893855,206.73132773347268
1785798000,,,,,
1785801600,1785801630.0,27176759.0,206.79724628065628,1.449649916206878,206.79724628065628
1785805200,1785805251.0,27212882.0,205.72451270409303,2.6879325786026302,205.72451270409303
1785808800,1785808803.0,27248332.0,207.3420409603672,1.2063843827117458,207.3420409603672
1785812400,,,,,
1785816000,1785816008.0,27320190.0,207.17097057992575,0.3603060806384094,207.17097057992575
1785819600,1785819633.0,27356352.0,207.24104693819132,0.6578922189571204,207.24104693819132
1785823200,1785823237.0,27392273.0,207.71664338787411,0.0839249928572279,207.71664338787411
1785826800,1785826856.0,27428375.0,207.52872605284904,0.1659221005225626,207.52872605284904
1785830400,1785830436.0,27464081.0,207.9519759940209,-0.0153575473421617,207.9519759940209
1785834000,1785834060.0,27500207.0,208.19519588299605,0.0960650053569323,208.19519588299605
1785837600,,,,,
1785841200,1785841218.0,27571571.0,208.67684985601448,-3.154116109110738,208.67684985601448
1785844800,1785844833.0,27607615.0,210.27897818522325,2.864705890608291,210.27897818522325
1785848400,1785848457.0,27643752.0,209.8013261971093,1.9282279667074824,209.8013261971093
1785852000,1785852060.0,27679673.0,210.03939002142388,-2.565803656234326,210.03939002142388
1785855600,1785855624.0,27715265.0,209.704381334975,-0.0569554237609038,209.704381334975
1785859200,1785859238.0,27751335.0,210.66843225613871,-4.0064666519326675,210.66843225613871
1785862800,1785862847.0,27787299.0,210.5636277205728,-1.896284569714208,210.5636277205728
1785866400,1785866452.0,27823290.0,211.27785877963987,2.504766913972192,211.27785877963987
1785870000,1785870045.0,27859022.0,212.80015670661223,0.6871395866428037,212.80015670661223
1785873600,1785873659.0,27894991.0,211.68954976731797,-0.0700887928709512,211.68954976731797
1785877200,1785877262.0,27930876.0,214.0277101013766,1.169114100936183,214.0277101013766
1785880800,1785880864.0,27966761.0,215.19519935944928,0.0092435534543688,215.19519935944928
1785884400,1785884453.0,28002569.0,216.28445833629485,0.0647515425008417,216.28445833629485
1785888000,1785888057.0,28038537.0,216.1739609837876,-1.7688731545491536,216.1739609837876
1785891600,,,,,
1785895200,1785895260.0,28110386.0,216.2834480548427,-0.2068681821172606,216.2834480548427
1785898800,1785898851.0,28146242.0,216.3809536954816,1.9430256565678503,216.3809536954816
1785902400,1785902450.0,28182139.0,216.5546759505852,-0.0426629130068547,216.5546759505852
1785906000,1785906059.0,28218101.0,216.80709710634204,-0.2051331150220493,216.80709710634204
1785909600,1785909644.0,28253838.0,217.3762551903625,-0.0459802476804915,217.3762551903625
1785913200,1785913255.0,28289828.0,217.15836287138052,-0.0851697145653865,217.15836287138052
1785916800,1785916859.0,28325752.0,216.70730372993455,1.8451916009765277,216.70730372993455
1785920400,1785920459.0,28361635.0,215.81458466075023,0.0069674082460936,215.81458466075023
1785924000,1785924038.0,28397313.0,215.9254217721564,0.686070683051273,215.9254217721564
1785927600,1785927660.0,28433423.0,216.34962939688995,4.932424126826769,216.34962939688995
1785931200,1785931254.0,28469268.0,215.70659018499512,-0.095118109342508,215.70659018499512
1785934800,1785934836.0,28504980.0,215.14612975459585,0.0779452369598054,215.14612975459585
1785938400,1785938461.0,28541137.0,220.88467688775592,-0.2023978952170052,220.88467688775592
1785942000,1785942062.0,28577055.0,219.19424147130556,0.0368313266152008,219.19424147130556
1785945600,1785945664.0,28613017.0,219.18928048576456,0.942593260161684,219.18928048576456
1785949200,1785949260.0,28649035.0,221.31192069823692,-0.4235220648390176,221.31192069823692
1785952800,1785952850.0,28685026.0,220.83459225862433,-1.6792046559548677,220.83459225862433
1785956400,1785956455.0,28721115.0,221.6976596504036,-1.3875794239280932,221.6976596504036
1785960000,1785960037.0,28756981.0,219.80794908791668,1.1380409505140312,219.80794908791668
1785963600,1785963655.0,28793211.0,220.00118439346485,-0.0060719278195048,220.00118439346485
1785967200,1785967262.0,28829230.0,220.02411944324268,-3.876417818165827,220.02411944324268
1785970800,1785970841.0,28864985.0,220.56277085227356,-6.051231339306688,220.56277085227356
1785974400,1785974436.0,28900895.0,220.27742253494412,2.134879117673519,220.27742253494412
1785978000,1785978051.0,28937005.0,219.5180739427786,1.7183764087283235,219.5180739427786
1785981600,1785981655.0,28972996.0,219.10208021248155,0.0094799601699239,219.10208021248155
1785985200,1785985214.0,29008557.0,220.2391443712958,0.0039668584847844,220.2391443712958
1785988800,1785988846.0,29044813.0,220.00511316533135,1.2921930725533235,220.00511316533135
1785992400,1785992434.0,29080615.0,220.01377959421623,-0.1580935177212653,220.01377959421623
1785996000,1785996006.0,29116256.0,220.05304249650345,-0.0227104467328914,220.05304249650345
1785999600,,,,,
1786003200,1786003248.0,29188497.0,219.30583171536108,-0.448547330248197,219.30583171536108
1786006800,1786006856.0,29224451.0,219.53159424605064,0.7297887954816039,219.53159424605064
1786010400,1786010456.0,29260360.0,219.27644907597949,0.3971165804858033,219.27644907597949
1786014000,1786014040.0,29296101.0,219.2805420074638,0.1602919647230001,219.2805420074638
1786017600,1786017641.0,29332002.0,221.6839127444119,0.970372255064314,221.6839127444119
1786021200,1786021258.0,29368033.0,221.20422516316464,0.045218847164243,221.20422516316464
1786024800,1786024851.0,29403978.0,221.8505605476706,-0.4505362122306781,221.8505605476706
1786028400,1786028453.0,29439836.0,218.92537668203255,1.4218225133315705,218.92537668203255
1786032000,1786032061.0,29475886.0,217.7784706788021,2.5881715641251484,217.7784706788021
1786035600,1786035656.0,29511793.0,219.4400031047122,-2.2519564282619657,219.4400031047122
1786039200,1786039243.0,29547643.0,219.4201965754329,-2.3269069844766617,219.4201965754329
1786042800,1786042857.0,29583722.0,219.5170806509879,-1.9586988429535788,219.5170806509879
1786046400,1786046433.0,29619451.0,219.02900428551808,-2.8085649834108604,219.02900428551808
1786050000,,,,,
1786053600,1786053620.0,29691231.0,218.80899079997965,0.1955860454331825,218.80899079997965
1786057200,,,,,
1786060800,1786060822.0,29763230.0,219.4280731161436,3.518706308229894,219.4280731161436
1786064400,1786064406.0,29799349.0,219.5213264441228,-1.4485300876295844,219.5213264441228
1786068000,1786068056.0,29835781.0,218.99283314781673,0.0254786650873825,218.99283314781673
1786071600,1786071609.0,29871214.0,219.07378206760177,-0.0382511204630617,219.07378206760177
1786075200,1786075252.0,29907536.0,218.97560391602968,1.034020081336859,218.97560391602968
1786078800,,,,,
1786082400,1786082442.0,29979182.0,219.01557970836592,2.522315678591136,219.01557970836592
1786086000,1786086055.0,30015197.0,219.34651336140408,0.0225898479276899,219.34651336140408
1786089600,1786089652.0,30051051.0,219.63171955901396,-0.0193403717826881,219.63171955901396
1786093200,1786093257.0,30086971.0,219.88769600562156,-4.939912225711367,219.88769600562156
1786096800,1786096852.0,30122798.0,219.6021658318863,0.887587170084363,219.6021658318863
1786100400,1786100460.0,30158749.0,219.4318573602654,-0.0282206527319574,219.4318573602654
1786104000,1786104007.0,30194101.0,219.89121547572208,-0.0681815578304338,219.89121547572208
1786107600,1786107645.0,30230395.0,221.21492435770463,0.0447317213857377,221.21492435770463
1786111200,1786111256.0,30266426.0,222.37861417399304,-0.0126676009940111,222.37861417399304
1786114800,1786114841.0,30302246.0,223.15491013101357,-0.0441178939910227,223.15491013101357
1786118400,1786118417.0,30337935.0,223.66216822028537,-0.4012598563770496,223.66216822028537
1786122000,1786122043.0,30374086.0,221.8321711330805,1.4981949686232778,221.8321711330805
1786125600,1786125638.0,30410020.0,222.1099456000148,0.0836070046998239,222.1099456000148
1786129200,1786129255.0,30446125.0,222.37175858187257,-0.1009415557393773,222.37175858187257
1786132800,1786132856.0,30482078.0,223.84956111363812,0.1001866430922182,223.84956111363812
1786136400,,,,,
1786140000,1786140031.0,30553790.0,223.22135273226527,-0.0940302860853535,223.22135273226527
1786143600,1786143623.0,30589709.0,223.3169083212863,-0.0514422994175926,223.3169083212863
1786147200,1786147257.0,30626009.0,223.6943284551462,2.8049913582554966,223.6943284551462
1786150800,1786150861.0,30661986.0,223.48742831053428,-1.1805721663597808,223.48742831053428
1786154400,,,,,
1786158000,1786158006.0,30733386.0,223.69571276804447,-0.038700118451945,223.69571276804447
1786161600,1786161644.0,30769669.0,223.63844340248932,-0.0062392726576048,223.63844340248932
1786165200,1786165247.0,30805587.0,223.37596216406587,-0.0283633360187288,223.37596216406587
1786168800,1786168854.0,30841562.0,223.3978795122,-0.0509426834159692,223.3978795122
1786172400,1786172404.0,30876983.0,223.38291150739897,-0.0223719116535307,223.38291150739897
1786176000,1786176020.0,30913036.0,223.41159553973088,1.1856357517181058,223.41159553973088
1786179600,1786179650.0,30949220.0,223.43955174265693,0.3215453803125004,223.43955174265693
1786183200,,,,,
1786186800,1786186849.0,31020992.0,223.5655104772401,0.1981680495531317,223.5655104772401
1786190400,,,,,
1786194000,1786194055.0,31092897.0,223.9031673883984,-1.9224018974891668,223.9031673883984
1786197600,1786197648.0,31128733.0,224.06418848436044,-0.0081223796358277,224.06418848436044
1786201200,1786201210.0,31164290.0,223.98536787608504,0.0016538049130631,223.98536787608504
1786204800,1786204860.0,31200795.0,224.02361258012664,-0.1867282523549627,224.02361258012664
1786208400,1786208445.0,31236589.0,223.95199153512908,0.0021397372310063,223.95199153512908
1786212000,1786212039.0,31272526.0,224.4018485446595,0.0153669802076896,224.4018485446595
1786215600,1786215657.0,31308678.0,223.9297291904871,-0.0702505777002297,223.9297291904871
1786219200,1786219205.0,31344086.0,224.3642322711412,-0.0668222835342973,224.3642322711412
1786222800,1786222853.0,31380570.0,224.60715834854145,0.0474872991304258,224.60715834854145
1786226400,1786226406.0,31416047.0,224.4447743099131,-0.0667983025827358,224.4447743099131
1786230000,1786230020.0,31452161.0,224.28752368975088,0.4616491349022176,224.28752368975088
1786233600,1786233621.0,31488093.0,224.65225750906427,-0.0186877372705536,224.65225750906427
1786237200,1786237237.0,31524169.0,224.7740464890592,-0.008493687414107,224.7740464890592
1786240800,1786240831.0,31560068.0,224.64257435411488,-0.0598095899591091,224.64257435411488
1786244400,1786244448.0,31596197.0,224.82061503137564,-0.4520439733404269,224.82061503137564
1786248000,1786248007.0,31631710.0,224.6082107099639,-0.0667496891601168,224.6082107099639
1786251600,,,,,
1786255200,1786255227.0,31703718.0,224.75575122824404,-0.0008948736747879,224.75575122824404
1786258800,1786258857.0,31739919.0,224.72171577455563,0.1373702000695452,224.72171577455563
1786262400,1786262418.0,31775413.0,224.84917508443172,-0.1644733255432592,224.84917508443172
1786266000,1786266005.0,31811174.0,224.53618336286192,-0.0222570031410983,224.53618336286192
1786269600,1786269636.0,31847362.0,224.6496949774848,-0.0004446923510459,224.6496949774848
1786273200,1786273206.0,31883003.0,224.57245508917657,-0.0667602934634221,224.57245508917657
1786276800,,,,,
1786280400,1786280458.0,31955333.0,224.57698909475528,-0.0162799775831451,224.57698909475528
1786284000,1786284033.0,31991009.0,224.76120531387605,-0.8953671461345961,224.76120531387605
1786287600,1786287652.0,32027125.0,224.6823287700257,0.0627975244820743,224.6823287700257
1786291200,1786291253.0,32063089.0,224.903506427792,-0.066662057640204,224.903506427792
1786294800,1786294855.0,32099083.0,224.96563986836276,1.7236226754125838,224.96563986836276
1786298400,1786298461.0,32135108.0,225.2104677955323,0.230628630132688,225.2104677955323
1786302000,1786302008.0,32170523.0,225.51656157725915,3.310921763041191,225.51656157725915
1786305600,1786305639.0,32206830.0,225.58888576673664,0.0013651983949464,225.58888576673664
1786309200,1786309253.0,32242951.0,225.6327136859125,1.8044928787760104,225.6327136859125
1786312800,1786312803.0,32278436.0,225.68693683818697,-0.0221435289376147,225.68693683818697
1786316400,1786316404.0,32314429.0,224.9150175241497,-0.0218205563118438,224.9150175241497
1786320000,1786320042.0,32350787.0,224.2438094464566,3.122281942059368,224.2438094464566
1786323600,1786323624.0,32386592.0,224.10718731063625,2.2543666046754365,224.10718731063625
1786327200,1786327232.0,32422620.0,224.63121961395004,2.069199414304353,224.63121961395004
1786330800,,,,,
1786334400,1786334423.0,32494360.0,224.65401028619985,0.0890956823180129,224.65401028619985
1786338000,,,,,
1786341600,1786341620.0,32566155.0,224.88125668286625,-0.2044126355911718,224.88125668286625
1786345200,1786345231.0,32602176.0,224.7377083788535,-2.5433657235693405,224.7377083788535
1786348800,1786348856.0,32638307.0,225.01399053624775,0.4586175722457654,225.01399053624775
1786352400,1786352461.0,32674286.0,224.94920681821765,-3.489872591111151,224.94920681821765
1786356000,1786356022.0,32709834.0,224.85081952191305,0.0426418965538756,224.85081952191305
1786359600,1786359649.0,32746016.0,224.91241491191485,0.1542222222222222,224.91241491191485
1786363200,,,,,
1786366800,1786366817.0,32817540.0,223.0383920436452,-3.0520653787520713,223.0383920436452
1786370400,1786370458.0,32853890.0,222.012152616652,0.6405936782266489,222.012152616652
1786374000,1786374060.0,32889858.0,219.49834783638647,0.3848382885498353,219.49834783638647
1786377600,1786377650.0,32925706.0,219.7616809885739,-1.328320096566769,219.7616809885739
1786381200,1786381261.0,32961785.0,217.70745907658664,0.5768785163068443,217.70745907658664
1786384800,1786384843.0,32997606.0,218.37652384562952,-1.5160658414455133,218.37652384562952
1786388400,1786388434.0,33033459.0,218.97130988605647,-2.032266466129477,218.97130988605647
1786392000,1786392052.0,33069581.0,217.7274854739946,-12.309085429222032,217.7274854739946
1786395600,1786395643.0,33105447.0,219.29470418933687,0.0235539433692091,219.29470418933687
1786399200,1786399257.0,33141615.0,219.06059159509113,-0.0031881044621205,219.06059159509113
1786402800,1786402839.0,33177437.0,218.70574645740248,-0.6938222518203734,218.70574645740248
1786406400,1786406451.0,33213526.0,218.03656808330624,-0.0157760384925163,218.03656808330624
1786410000,1786410031.0,33249298.0,218.6629900677689,0.1110916839082734,218.6629900677689
1786413600,1786413602.0,33284981.0,219.10135702537607,3.485769022389963,219.10135702537607
1786417200,1786417257.0,33321481.0,219.03363785425333,0.0159108872513759,219.03363785425333
1786420800,1786420843.0,33357291.0,219.06183587934729,-0.9250770264328744,219.06183587934729
1786424400,1786424451.0,33393407.0,219.23126935930875,3.056743002756868,219.23126935930875
1786428000,,,,,
1786431600,,,,,
1786435200,1786435254.0,33501338.0,218.79429074617835,-0.1342387405928646,218.79429074617835
1786438800,1786438843.0,33537120.0,219.10574033077185,-0.912022077688221,219.10574033077185
1786442400,1786442409.0,33572680.0,219.44022067173273,-0.0197589419961257,219.44022067173273
1786446000,1786446013.0,33608603.0,219.94558600927147,-1.9608581855720484,219.94558600927147
1786449600,1786449649.0,33645139.0,219.9456656933899,0.517315843622939,219.9456656933899
1786453200,1786453250.0,33681132.0,221.16492695176555,-11.278655468172657,221.16492695176555
1786456800,1786456861.0,33717206.0,219.6729822177868,-1.9983974847101,219.6729822177868
1786460400,1786460406.0,33752665.0,219.8270152822304,2.3384954273784673,219.8270152822304
1786464000,1786464060.0,33789265.0,218.57953566254784,2.9795283634006333,218.57953566254784
1786467600,1786467641.0,33825085.0,217.82874101950483,1.9475247590025633,217.82874101950483
1786471200,1786471217.0,33860966.0,217.7738492512372,0.1331153676425649,217.7738492512372
1786474800,1786474834.0,33897211.0,217.265360528278,-0.3067084975242206,217.265360528278
1786478400,1786478447.0,33933417.0,217.66086777604716,1.8687070916645896,217.66086777604716
1786482000,1786482060.0,33969589.0,217.8035780327222,0.0059537808524313,217.8035780327222
1786485600,1786485640.0,34005458.0,217.94624995171384,-0.6227227383413068,217.94624995171384
1786489200,,,,,
1786492800,,,,,
1786496400,,,,,
1786500000,1786500003.0,34150112.0,217.9066712629495,-0.0229341387886096,217.9066712629495
1786503600,1786503609.0,34186313.0,218.0620537485399,-0.0067635021049107,218.0620537485399
1786507200,1786507230.0,34222671.0,218.2251759718173,-0.4556131168607433,218.2251759718173
1786510800,,,,,
1786514400,1786514426.0,34294754.0,218.3659476887909,0.0142213399298268,218.3659476887909
1786518000,1786518028.0,34330897.0,218.41252036462637,-3.26458673612175,218.41252036462637
1786521600,1786521638.0,34366981.0,218.44182132095003,-0.0150319650580519,218.44182132095003
1786525200,,,,,
1786528800,1786528828.0,34439135.0,219.95939999383273,0.0713434969028103,219.95939999383273
1786532400,1786532442.0,34475486.0,219.87694886138337,-0.6516130268118261,219.87694886138337
1786536000,1786536044.0,34511853.0,219.5716678001052,-0.5608597821109517,219.5716678001052
1786539600,1786539615.0,34547591.0,220.87857065651335,0.0102204079918832,220.87857065651335
1786543200,1786543256.0,34583922.0,223.51387999891045,-0.1489060829632943,223.51387999891045
1786546800,1786546857.0,34619889.0,224.01393966647024,-1.8586753431536152,224.01393966647024
1786550400,1786550405.0,34655279.0,223.0935773746965,-0.0062406740322503,223.0935773746965
1786554000,1786554058.0,34691729.0,223.8618115562711,-0.2504986216077567,223.8618115562711
1786557600,1786557635.0,34727502.0,223.6313451005191,0.0430625221469191,223.6313451005191
1786561200,1786561260.0,34763683.0,223.75860656264277,-4.906192425995521,223.75860656264277
1786564800,1786564846.0,34799551.0,224.0495178125141,0.2180474196628928,224.0495178125141
1786568400,1786568415.0,34835153.0,223.29612360957088,0.4155263860139561,223.29612360957088
1786572000,1786572059.0,34871510.0,223.7315230275468,-0.070442750887926,223.7315230275468
1786575600,1786575657.0,34907445.0,223.44830907898103,-0.2388412241675953,223.44830907898103
1786579200,1786579257.0,34943404.0,223.63251331026257,0.1177063600312865,223.63251331026257
1786582800,1786582853.0,34979296.0,224.02013599703977,-0.2172539988015135,224.02013599703977
1786586400,1786586457.0,35015303.0,224.2022231122412,-0.0237417455709523,224.2022231122412
1786590000,1786590036.0,35050995.0,224.3296285865267,0.0638727462700406,224.3296285865267
1786593600,1786593607.0,35086599.0,224.32194320396144,0.0030824016590796,224.32194320396144
1786597200,1786597245.0,35122865.0,224.43161035990445,-0.4483580522741375,224.43161035990445
1786600800,1786600826.0,35158566.0,224.408925048719,3.117692907248636,224.408925048719
1786604400,1786604403.0,35194201.0,224.24823027045375,-0.0048928194091081,224.24823027045375
1786608000,1786608036.0,35230400.0,223.99612567162828,2.0451932697193302,223.99612567162828
1786611600,1786611658.0,35266443.0,223.89700444947897,0.3142070520843375,223.89700444947897
1786615200,1786615247.0,35302173.0,224.120244130492,-1.8447054861244891,224.120244130492
1786618800,,,,,
1786622400,1786622453.0,35373967.0,223.88412198007453,-0.0008299561599966,223.88412198007453
1786626000,1786626058.0,35409905.0,224.08885630021933,2.0211369140423545,224.08885630021933
1786629600,1786629651.0,35445746.0,225.2878895708666,-1.326633373727545,225.2878895708666
1786633200,,,,,
1786636800,1786636860.0,35517667.0,224.32582906758228,-0.5509564848941089,224.32582906758228
1786640400,1786640432.0,35553271.0,225.2049593953374,0.6401739892503787,225.2049593953374
1786644000,1786644046.0,35589396.0,225.1118359730952,-0.3898189981333557,225.1118359730952
1786647600,1786647651.0,35625363.0,225.73645289996952,0.162081144138061,225.73645289996952
1786651200,1786651260.0,35661393.0,225.47146732882777,0.3286641022677136,225.47146732882777
1786654800,1786654860.0,35697311.0,225.3174106387581,0.0465973682671944,225.3174106387581
1786658400,1786658461.0,35733264.0,225.57551887691247,1.3293158454448777,225.57551887691247
1786662000,1786662032.0,35768922.0,225.57334587244856,-0.2299195657694713,225.57334587244856
1786665600,1786665658.0,35805129.0,225.61131661406085,-0.1102318827783268,225.61131661406085
1786669200,1786669245.0,35840980.0,225.0267343327639,-0.0436359651634704,225.0267343327639
1786672800,1786672852.0,35877005.0,225.27060919958697,2.101298987337951,225.27060919958697
1786676400,1786676438.0,35912762.0,225.16974020688176,0.4896559045157993,225.16974020688176
1786680000,1786680042.0,35948699.0,225.16578757229072,0.047531518202787,225.16578757229072
1786683600,1786683658.0,35984810.0,225.0456253034719,-1.3200968202109808,225.0456253034719
1786687200,1786687254.0,36020704.0,225.2298223187317,-1.6535049659746957,225.2298223187317
1786690800,1786690798.0,36056152.0,225.32172126739047,-2.465908395249868,225.32172126739047
1786694400,1786694452.0,36092609.0,225.23918838381692,0.0413573802823311,225.23918838381692
1786698000,1786698057.0,36128564.0,225.7628681537228,-0.2202567285484065,225.7628681537228
1786701600,,,,,
1786705200,1786705217.0,36199968.0,226.30585603756273,0.1091668847211838,226.30585603756273
1786708800,1786708840.0,36236090.0,225.74610553633397,-1.4593090035834315,225.74610553633397
1786712400,1786712449.0,36272109.0,226.08710938691135,0.3829158606741617,226.08710938691135
1786716000,1786716039.0,36307934.0,225.52629948130124,0.1717484441024073,225.52629948130124
1786719600,,,,,
1786723200,1786723258.0,36379968.0,225.4524156426597,0.0186362689351202,225.4524156426597
1786726800,1786726859.0,36415888.0,225.02630676635516,-1.336081539960844,225.02630676635516
1786730400,1786730439.0,36451620.0,225.24245102989332,-0.4860741152252624,225.24245102989332
1786734000,1786734052.0,36487708.0,224.89702457211249,-0.0096889054501831,224.89702457211249
1786737600,1786737657.0,36523734.0,225.05006492948624,0.5317371887320755,225.05006492948624
1786741200,1786741216.0,36559238.0,225.0531362314601,0.6903546486987131,225.0531362314601
1786744800,1786744853.0,36595601.0,224.9709866954668,-0.0664786323989711,224.9709866954668
1786748400,1786748452.0,36631605.0,224.87050878776,-0.2856038509523227,224.87050878776
1786752000,1786752006.0,36667055.0,224.8293519659551,0.2517051521629387,224.8293519659551
1786755600,1786755659.0,36703490.0,224.8252796590129,-0.003610208439325,224.8252796590129
1786759200,1786759255.0,36739401.0,224.76429628381763,-0.2929478402659134,224.76429628381763
1786762800,1786762854.0,36775288.0,224.87226824439924,-0.0357878359195301,224.87226824439924
1786766400,1786766448.0,36811146.0,224.7041542073582,-0.2129768659861626,224.7041542073582
1786770000,1786770054.0,36847086.0,224.5291189483051,0.9111440748723384,224.5291189483051
1786773600,1786773643.0,36882845.0,224.52468403475444,-0.0688036416283319,224.52468403475444
1786777200,1786777253.0,36918790.0,224.49058457523827,-0.1923824215320531,224.49058457523827
1786780800,1786780803.0,36954141.0,224.55278578928815,-0.0056921768800727,224.55278578928815
1786784400,1786784429.0,36990258.0,224.762905101318,0.4956873244091823,224.762905101318
1786788000,1786788053.0,37026367.0,224.8899734638384,2.7823505699582824,224.8899734638384
1786791600,1786791610.0,37061802.0,225.04739738836597,5.520107391652356,225.04739738836597
1786795200,1786795259.0,37098177.0,224.8027269904803,-0.0603287975987064,224.8027269904803
1786798800,1786798851.0,37133972.0,225.12604615146597,2.863862819700232,225.12604615146597
1786802400,1786802446.0,37169825.0,225.08363131671803,-0.0001107854884828,225.08363131671803
1786806000,1786806023.0,37205513.0,224.94779950821123,-0.0562179376497261,224.94779950821123
1786809600,1786809650.0,37241701.0,224.98098071903377,-0.0730914105117068,224.98098071903377
1786813200,1786813257.0,37277695.0,225.0439083878567,-0.5097869909252009,225.0439083878567
1786816800,1786816851.0,37313628.0,225.11241210047683,-4.1365999854023e-05,225.11241210047683
1786820400,1786820455.0,37349565.0,224.93717224276588,4.447603552972313,224.93717224276588
1786824000,1786824053.0,37385452.0,225.07030872238516,4.443009353894066,225.07030872238516
1786827600,1786827645.0,37421254.0,225.26835733478427,-1.1109749014186927,225.26835733478427
1786831200,1786831250.0,37457187.0,225.1669352405374,-0.0563170291996609,225.1669352405374
1786834800,1786834857.0,37493168.0,225.282579189462,-0.0600553847928194,225.282579189462
1786838400,1786838421.0,37528704.0,225.1810734565673,-0.0085728974375488,225.1810734565673
1786842000,1786842059.0,37564963.0,224.9239689416676,1.3469874166639826,224.9239689416676
1786845600,1786845657.0,37600840.0,224.9826407260581,-0.0495515529156416,224.9826407260581
1786849200,1786849229.0,37636424.0,225.0323680959837,-0.8380023840560035,225.0323680959837
1786852800,1786852820.0,37672197.0,225.25659970646825,4.028035389631751,225.25659970646825
1786856400,1786856448.0,37708350.0,225.3044696499611,0.0725615359947942,225.3044696499611
1786860000,1786860058.0,37744311.0,225.24349875455172,0.0904656741612562,225.24349875455172
1786863600,1786863649.0,37780060.0,225.31366280806185,0.061081482138895,225.31366280806185
1786867200,1786867260.0,37815980.0,225.365382678705,-0.0663919694089771,225.365382678705
1786870800,,,,,
1786874400,1786874443.0,37887478.0,225.34206579421476,-0.0088709591545627,225.34206579421476
1786878000,1786878060.0,37923498.0,225.6238598129599,0.239989949262444,225.6238598129599
1786881600,1786881633.0,37959061.0,225.18838499471596,6.0014813618109955,225.18838499471596
1786885200,1786885245.0,37995041.0,225.23548636026965,0.0007599417844156,225.23548636026965
1786888800,1786888848.0,38030884.0,225.32233210580915,-0.0039059511497753,225.32233210580915
1786892400,1786892427.0,38066557.0,225.27667027371592,0.1022528921579472,225.27667027371592
1786896000,1786896045.0,38102618.0,225.3248944173367,0.0830084395230075,225.3248944173367
1786899600,1786899659.0,38138640.0,225.32605582973065,-0.7486737799090766,225.32605582973065
1786903200,1786903254.0,38174479.0,225.38586947642983,-0.2229371608651781,225.38586947642983
1786906800,1786906849.0,38210318.0,225.4051300286899,-0.3997122306484827,225.4051300286899
1786910400,,,,,
1786914000,1786914061.0,38282224.0,225.672738492128,1.2507471637038354,225.672738492128
1786917600,1786917659.0,38318117.0,225.70788912400704,0.1182931765689709,225.70788912400704
1786921200,1786921202.0,38353428.0,225.73635757004624,-0.4105648896781513,225.73635757004624
1786924800,1786924841.0,38389686.0,225.29729184260228,2.6131452565927717,225.29729184260228
1786928400,1786928460.0,38425746.0,225.7689378328925,0.6661122561369535,225.7689378328925
1786932000,1786932029.0,38461306.0,225.71128632397935,-1.330800080469304,225.71128632397935
1786935600,1786935658.0,38497460.0,225.601881752326,-1.4576879525392312,225.601881752326
1786939200,1786939202.0,38532744.0,226.0010586848931,0.0619589702459314,226.0010586848931
1786942800,1786942860.0,38569197.0,225.94940642722577,1.0165078098020983,225.94940642722577
1786946400,1786946415.0,38604615.0,225.85815460083177,-0.0659396000386423,225.85815460083177
1786950000,1786950057.0,38640893.0,226.4258048723313,0.0074014390603059,226.4258048723313
1786953600,1786953661.0,38676779.0,226.05629536553775,2.3159803022761976,226.05629536553775
1786957200,,,,,
1786960800,,,,,
1786964400,1786964404.0,38783774.0,226.53761762389345,-5.554541528231133,226.53761762389345
1786968000,1786968009.0,38819684.0,226.69616716475457,0.7998524395645407,226.69616716475457
1786971600,1786971647.0,38855936.0,226.4423413889008,-7.543591647224926,226.4423413889008
1786975200,1786975258.0,38892045.0,226.2524501778492,0.0125826625733262,226.2524501778492
1786978800,1786978851.0,38927950.0,226.446104800468,0.1732183194898796,226.446104800468
1786982400,1786982453.0,38963905.0,227.7465986698257,0.0054212438897216,227.7465986698257
1786986000,1786986039.0,38999698.0,227.04880876515213,-0.2269376804829619,227.04880876515213
1786989600,,,,,
1786993200,1786993235.0,39071462.0,225.62507966910988,-4.151703213794089,225.62507966910988
1786996800,1786996847.0,39107449.0,225.16061293197976,1.58760868589128,225.16061293197976
1787000400,,,,,
1787004000,1787004040.0,39179173.0,225.17562468922117,-0.0501998611146338,225.17562468922117
1787007600,1787007643.0,39215133.0,225.22227541540187,0.0836294910512695,225.22227541540187
1787011200,1787011230.0,39250948.0,225.30687607522847,-1.3324760318483588,225.30687607522847
1787014800,1787014827.0,39286821.0,225.27995494474035,0.0689901707351939,225.27995494474035
1787018400,,,,,
1787022000,1787022058.0,39358949.0,223.2529336822258,-4.477376511798794,223.2529336822258
1787025600,1787025651.0,39394779.0,223.0410960372618,0.0194570411382373,223.0410960372618
1787029200,1787029238.0,39430525.0,223.09532648091692,0.0147293928764773,223.09532648091692
1787032800,1787032861.0,39466597.0,222.169484124123,-0.2216380711647854,222.169484124123
1787036400,1787036445.0,39502320.0,222.6364788040393,3.361932728624981,222.6364788040393
1787040000,1787040060.0,39538332.0,221.9961991842569,5.332362108351155,221.9961991842569
1787043600,1787043644.0,39574066.0,220.60894961365423,10.380713102040817,220.60894961365423
1787047200,1787047232.0,39609832.0,220.33114077213463,0.2785844500861365,220.33114077213463
1787050800,1787050842.0,39645796.0,220.76414615037947,-2.109598975163678,220.76414615037947
1787054400,,,,,
1787058000,,,,,
1787061600,1787061655.0,39753606.0,220.03914293544705,-1.1916381253540285,220.03914293544705
1787065200,1787065253.0,39789507.0,219.14444459542167,-0.1127534496174832,219.14444459542167
1787068800,1787068800.0,39824895.0,220.1834363759946,-12.02133564179677,220.1834363759946
1787072400,1787072457.0,39861341.0,220.24144054124892,0.0586901001657047,220.24144054124892
1787076000,1787076042.0,39897135.0,220.07981603683012,6.130790100487941,220.07981603683012
1787079600,1787079604.0,39932661.0,219.92790885538545,10.944827859938766,219.92790885538545
1787083200,1787083258.0,39969127.0,219.71558518800416,-7.308943592722442,219.71558518800416
1787086800,1787086855.0,40004980.0,219.73909531924616,0.050069712531852,219.73909531924616
1787090400,1787090420.0,40040562.0,219.50087365611185,0.871481515582599,219.50087365611185
1787094000,1787094049.0,40076827.0,219.22778747021587,-0.9118462145422696,219.22778747021587
1787097600,1787097601.0,40112238.0,219.14216675680325,22.82791068379834,219.14216675680325
1787101200,1787101248.0,40148597.0,219.24796618615883,1.994459898662528,219.24796618615883
1787104800,1787104854.0,40184534.0,219.68657932390943,-1.4348976450655473,219.68657932390943
1787108400,1787108442.0,40220293.0,219.24762682448085,-0.040082631558777,219.24762682448085
1787112000,1787112019.0,40255907.0,219.29218668094424,-0.0178462325388583,219.29218668094424
1787115600,1787115607.0,40291588.0,219.0484855736576,-6.838340789399119,219.0484855736576
1787119200,1787119249.0,40327723.0,218.8702344096076,-0.3150378226049535,218.8702344096076
1787122800,1787122831.0,40363332.0,219.30286703449335,3.370341741856106,219.30286703449335
1787126400,1787126434.0,40399126.0,220.05329468876891,0.0592327879283701,220.05329468876891
1787130000,1787130045.0,40434983.0,220.65476652666408,0.4349690117860381,220.65476652666408
1787133600,,,,,
1787137200,1787137230.0,40506300.0,220.2622060406179,1.3491064112439433,220.2622060406179
1787140800,1787140857.0,40542308.0,219.8932251533431,-6.3750596063471034,219.8932251533431
1787144400,1787144445.0,40578053.0,221.2036579300019,0.6811520671151201,221.2036579300019
1787148000,1787148049.0,40613978.0,218.6515982657851,2.286335299849468,218.6515982657851
1787151600,1787151619.0,40649584.0,219.8344865203666,0.00259449,219.8344865203666
1787155200,1787155260.0,40685886.0,219.45552541569705,-7.890756837317088,219.45552541569705
1787158800,1787158861.0,40721804.0,219.1587249755034,5.320209249172444,219.1587249755034
1787162400,1787162459.0,40757706.0,219.27974225301617,0.4964629402223005,219.27974225301617
1787166000,1787166052.0,40793620.0,219.68741976264204,-7.632480257348075,219.68741976264204
1787169600,1787169656.0,40829611.0,217.79451946931033,1.740522396,217.79451946931033
1787173200,1787173220.0,40865151.0,218.24114030012652,0.687602165830693,218.24114030012652
1787176800,1787176855.0,40901427.0,218.48558221029472,0.295422953594303,218.48558221029472
1787180400,1787180430.0,40937221.0,218.7060346100764,0.2159490563712166,218.7060346100764
1787184000,1787184051.0,40973345.0,218.86309302881472,0.0645081315669255,218.86309302881472
1787187600,1787187656.0,41009243.0,219.16779141910607,0.0393843463734181,219.16779141910607
1787191200,1787191254.0,41045120.0,219.29653528460935,0.9938788069927948,219.29653528460935
1787194800,1787194840.0,41080827.0,219.145406300566,0.0558668727072012,219.145406300566
1787198400,1787198433.0,41116634.0,219.0508287000268,3.6215881974428576,219.0508287000268
1787202000,1787202053.0,41152713.0,219.1178141276684,2.0,219.1178141276684
1787205600,1787205640.0,41188521.0,219.0718115111249,-0.0345660177129947,219.0718115111249
1787209200,,,,,
1787212800,1787212854.0,41260472.0,219.13249026958368,-0.0023530559276009,219.13249026958368
1787216400,1787216453.0,41296372.0,218.2432609774208,0.0495272665592986,218.2432609774208
1787220000,1787220045.0,41332202.0,218.38376808481988,2.086841148345704,218.38376808481988
1787223600,1787223643.0,41368055.0,218.56979666017665,0.0660913473620686,218.56979666017665
1787227200,1787227259.0,41404112.0,217.53157674471768,-0.2617407432413431,217.53157674471768
1787230800,1787230835.0,41439781.0,217.9554578983604,-1.147500910470365,217.9554578983604
1787234400,1787234428.0,41475615.0,217.886624256256,-1.929163783208306,217.886624256256
1787238000,1787238058.0,41511840.0,217.85267869192168,-0.5756966179785521,217.85267869192168
1787241600,1787241661.0,41547774.0,216.4315539735531,-0.1538513612797743,216.4315539735531
1787245200,1787245254.0,41583634.0,217.747395193092,9.67100089984458,217.747395193092
1787248800,1787248842.0,41619420.0,216.95508804838025,1.1208052488887088,216.95508804838025
1787252400,1787252456.0,41655483.0,216.8344970789792,-0.8365339684830768,216.8344970789792
1787256000,1787256056.0,41691384.0,217.0006421099272,-3.0743240053000807,217.0006421099272
1787259600,1787259654.0,41727203.0,217.10499609995537,-0.0360551471329067,217.10499609995537
1787263200,1787263257.0,41763136.0,217.33675990277095,-0.0558051393875376,217.33675990277095
1787266800,1787266809.0,41798544.0,217.3173616615984,-0.9658499000703455,217.3173616615984
1787270400,1787270457.0,41834871.0,217.05436383094568,-0.3236281463384134,217.05436383094568
1787274000,1787274060.0,41870773.0,217.4932591650089,0.2786902926241864,217.4932591650089
1787277600,1787277604.0,41906158.0,217.60845443961233,2.7672435107046636,217.60845443961233
1787281200,1787281255.0,41942542.0,218.1312382991738,5.96576568308017,218.1312382991738
1787284800,1787284859.0,41978406.0,217.92138413245436,0.9076156173944988,217.92138413245436
1787288400,1787288405.0,42013736.0,217.6568701491399,-0.6568938624137299,217.6568701491399
1787292000,1787292037.0,42049913.0,217.69443356483563,0.3213579084651489,217.69443356483563
1787295600,,,,,
1787299200,1787299226.0,42121471.0,218.17379069035377,1.329436904295276,218.17379069035377
1787302800,1787302858.0,42157650.0,217.9834465091889,0.3543329284898446,217.9834465091889
1787306400,1787306421.0,42193182.0,217.4036515317814,0.2301894306640505,217.4036515317814
1787310000,1787310053.0,42229368.0,217.58236444603665,0.996981812486646,217.58236444603665
1787313600,1787313645.0,42265178.0,218.22139878685243,-0.5397248444721298,218.22139878685243
1787317200,1787317242.0,42301026.0,217.9383953857262,14.662672523968798,217.9383953857262
1787320800,1787320861.0,42337086.0,216.7029760331236,0.000245644433385,216.7029760331236
1787324400,1787324458.0,42372968.0,215.15424399056863,0.029742977678413,215.15424399056863
1787328000,1787328054.0,42408783.0,216.34908949104093,9.637716168227104,216.34908949104093
1787331600,1787331659.0,42444727.0,215.37078134471216,-0.1611255857032232,215.37078134471216
1787335200,1787335260.0,42480659.0,215.88609743660857,0.0514987396312343,215.88609743660857
1787338800,1787338859.0,42516562.0,215.41127851519636,-8.670354893840825,215.41127851519636
1787342400,1787342458.0,42552392.0,214.81824020505215,6.866036637032791,214.81824020505215
1787346000,1787346061.0,42588328.0,215.2907294884906,0.0162600864948028,215.2907294884906
1787349600,1787349650.0,42624156.0,215.40952376056023,0.4243970456040064,215.40952376056023
1787353200,,,,,
1787356800,1787356841.0,42695872.0,215.3233432715133,-1.1548096950930926,215.3233432715133
1787360400,1787360454.0,42731927.0,215.23327544360663,-3.0082353051149413,215.23327544360663
1787364000,1787364059.0,42767880.0,215.5413876940981,1.4243040250263388,215.5413876940981
1787367600,1787367656.0,42803721.0,215.77133648259883,-0.0621304152999579,215.77133648259883
1787371200,1787371219.0,42839247.0,216.01964561570935,-0.0576183994440899,216.01964561570935
1787374800,1787374830.0,42875256.0,215.60461776027245,18.974557460153765,215.60461776027245
1787378400,1787378437.0,42911243.0,215.36981262149283,-3.0744366035760686,215.36981262149283
1787382000,1787382053.0,42947303.0,215.4415923923428,-0.2798230585485667,215.4415923923428
1787385600,1787385653.0,42983188.0,215.497538467248,0.2543044966117092,215.497538467248
1787389200,1787389259.0,43019130.0,215.4242448798405,-0.7679212155666428,215.4242448798405
1787392800,1787392851.0,43054911.0,215.21223089204616,-0.3751490764575024,215.21223089204616
1787396400,1787396424.0,43090504.0,215.36985533681695,-0.2042356351170917,215.36985533681695
1787400000,1787400058.0,43126716.0,215.70002616543724,-0.0005074408293412,215.70002616543724
1787403600,1787403657.0,43162594.0,215.79932623433623,0.0004677644569867,215.79932623433623
1787407200,1787407257.0,43198442.0,215.828039237694,-0.1114314026466416,215.828039237694
1787410800,,,,,
1787414400,1787414447.0,43270132.0,215.5028230222144,-0.4407687209088409,215.5028230222144
1787418000,1787418048.0,43306032.0,215.59760348911604,-0.5615881235767259,215.59760348911604
1787421600,1787421663.0,43342089.0,215.63609449039797,0.2468560502759612,215.63609449039797
1787425200,1787425266.0,43378030.0,215.81713498337965,-8.819629833222274,215.81713498337965
1787428800,1787428851.0,43413904.0,216.31698966601488,0.0158815396183144,216.31698966601488
1787432400,1787432449.0,43449766.0,216.0464392280633,19.250503053733503,216.0464392280633
1787436000,1787436055.0,43485711.0,216.07017842804677,-4.376804254025369,216.07017842804677
1787439600,,,,,
1787443200,1787443205.0,43556983.0,216.19878867785204,-0.012234155908873,216.19878867785204
1787446800,1787446826.0,43593096.0,216.2580555075344,0.0926846313292561,216.2580555075344
1787450400,1787450435.0,43629067.0,216.46284509410253,-2.337935137245858,216.46284509410253
1787454000,1787454054.0,43665149.0,216.59873126080217,-0.5299620451011314,216.59873126080217
1787457600,,,,,
1787461200,1787461244.0,43736819.0,216.9635715123283,-0.1772172824135534,216.9635715123283
1787464800,,,,,
1787468400,,,,,
1787472000,,,,,
1787475600,1787475610.0,43879927.0,217.35323194131985,0.0615874169944372,217.35323194131985
1787479200,1787479256.0,43916252.0,217.2877736139603,-13.922671299970762,217.2877736139603
1787482800,1787482842.0,43951970.0,217.34908011833707,-0.2295966470567101,217.34908011833707
1787486400,,,,,
1787490000,1787490002.0,44023270.0,218.31625601378175,-0.238781758639115,218.31625601378175
1787493600,1787493661.0,44059705.0,218.41971049914324,0.0082420674826341,218.41971049914324
1787497200,1787497245.0,44095421.0,218.92820297257865,11.622091010864477,218.92820297257865
1787500800,1787500834.0,44131196.0,218.6932454132327,0.6438870641515513,218.6932454132327
1787504400,1787504451.0,44167236.0,218.8250959948793,-0.6518474570458375,218.8250959948793
1787508000,1787508044.0,44203069.0,219.06117478393656,0.4,219.06117478393656
1787511600,1787511658.0,44239094.0,219.2807963818369,0.4796734573836754,219.2807963818369
1787515200,1787515243.0,44274853.0,219.61714074914616,15.544397922743304,219.61714074914616
1787518800,1787518848.0,44310850.0,219.6215153998103,6.047759223557775,219.6215153998103
1787522400,1787522446.0,44346800.0,219.47653595519017,1.3681583105576252,219.47653595519017
1787526000,1787526046.0,44382891.0,218.5953114621012,0.40034944033804,218.5953114621012
1787529600,1787529659.0,44418940.0,217.59658479255748,14.119002015935742,217.59658479255748
1787533200,1787533252.0,44454773.0,216.9646990249873,-0.0688631148776467,216.9646990249873
1787536800,1787536855.0,44490712.0,216.74742705103344,0.0472562657106578,216.74742705103344
1787540400,1787540456.0,44526621.0,216.7113292751407,-0.4232257470326853,216.7113292751407
1787544000,1787544059.0,44562559.0,216.15202071521352,-1.124677512455844,216.15202071521352
1787547600,1787547621.0,44598076.0,216.38236527712633,0.021071130021973,216.38236527712633
1787551200,1787551248.0,44634225.0,215.6453808853636,-0.0454180428546826,215.6453808853636
1787554800,1787554843.0,44670083.0,215.3135944680375,-0.1341282205579868,215.3135944680375
1787558400,1787558454.0,44706073.0,214.99456930602125,20.16698062889477,214.99456930602125
1787562000,1787562058.0,44742020.0,215.07043722228417,6.172560519883373,215.07043722228417
1787565600,1787565649.0,44777840.0,215.20452538967987,0.1784321247617719,215.20452538967987
1787569200,1787569260.0,44813839.0,213.91225288220667,-4.430075846833645,213.91225288220667
1787572800,,,,,
1787576400,1787576453.0,44885590.0,215.40383654700443,11.884324937850687,215.40383654700443
1787580000,1787580060.0,44921588.0,209.94765811685753,-0.606919493370748,209.94765811685753
1787583600,1787583661.0,44957595.0,210.00172591762333,0.8760922455372003,210.00172591762333
1787587200,1787587261.0,44993575.0,210.32619427564237,3.3644102400796467,210.32619427564237
1787590800,1787590857.0,45029489.0,209.94952461698983,0.6690594610870279,209.94952461698983
1787594400,1787594455.0,45065427.0,209.75843177954584,-5.516593136814888,209.75843177954584
1787598000,1787598041.0,45101236.0,209.5906076566303,-0.907695863565956,209.5906076566303
1787601600,1787601649.0,45137290.0,208.55999050039452,-0.2471190331764525,208.55999050039452
1787605200,1787605260.0,45173334.0,208.7129816022,0.0120089267651538,208.7129816022
1787608800,1787608855.0,45209270.0,208.9833383687455,0.2359558183128068,208.9833383687455
1787612400,1787612459.0,45245265.0,208.86843739991593,0.4322838996508577,208.86843739991593
1787616000,1787616059.0,45281183.0,209.0141053335551,3.349629516163581,209.0141053335551
1787619600,1787619649.0,45316969.0,209.11520126040676,4.21,209.11520126040676
1787623200,1787623219.0,45352576.0,209.41485736696575,2.14749467220948,209.41485736696575
1787626800,,,,,
1787630400,1787630453.0,45424632.0,209.6308790003312,-8.1636182420111,209.6308790003312
1787634000,1787634046.0,45460423.0,210.08539135655545,-0.0587096214628424,210.08539135655545
1787637600,1787637657.0,45496400.0,210.6026830831837,-1.4840882297652962,210.6026830831837
1787641200,1787641250.0,45532228.0,210.65635807120665,-1.1747451998569935,210.65635807120665
1787644800,1787644850.0,45568133.0,210.4249711421444,-3.324980810176984,210.4249711421444
1787648400,1787648455.0,45604105.0,211.01599746742548,1.4225425577315187,211.01599746742548
1787652000,1787652040.0,45639831.0,211.45033693405924,0.2297107337665417,211.45033693405924
1787655600,1787655658.0,45675886.0,210.60314711062833,9.505251651537474,210.60314711062833
1787659200,1787659239.0,45711584.0,210.87666552832096,12.282722854784089,210.87666552832096
1787662800,1787662852.0,45747614.0,211.1899434646652,-0.0115853154152619,211.1899434646652
1787666400,1787666461.0,45783589.0,213.13525878261103,2.626339782004836,213.13525878261103
1787670000,1787670061.0,45819504.0,211.1463901119997,-1.7227849331478369,211.1463901119997
1787673600,1787673655.0,45855381.0,211.61955490879424,0.0101643571087991,211.61955490879424
1787677200,1787677247.0,45891359.0,212.1532939027003,0.0034120419967549,212.1532939027003
1787680800,1787680848.0,45927327.0,212.4876811597606,-2.906398183910354,212.4876811597606
1787684400,1787684448.0,45963165.0,213.2237646896162,-0.34358510768625,213.2237646896162
1787688000,1787688050.0,45998941.0,213.0993551445323,0.1151978767161072,213.0993551445323
1787691600,1787691643.0,46034584.0,213.58414945870996,-13.672413474424264,213.58414945870996
1787695200,1787695211.0,46070066.0,213.99241849040737,0.077,213.99241849040737
1787698800,1787698858.0,46106240.0,214.2193283052497,-0.953867337356301,214.2193283052497
1787702400,1787702457.0,46141992.0,213.63783820418055,-6.941117970283311,213.63783820418055
1787706000,1787706057.0,46177705.0,212.90134862888203,-0.0335778697457856,212.90134862888203
1787709600,1787709613.0,46213003.0,213.20084869983643,0.3658857365584316,213.20084869983643
1787713200,1787713247.0,46249070.0,213.99826925358064,5.7778094375707765,213.99826925358064
1787716800,1787716852.0,46284867.0,214.22865969128983,0.1284264997409628,214.22865969128983
1787720400,1787720460.0,46320658.0,213.88329817969336,-26.738452788905732,213.88329817969336
1787724000,1787724057.0,46356371.0,213.94192077118225,-0.1151757643083794,213.94192077118225
1787727600,1787727659.0,46392132.0,213.9236392053572,8.861387671093308,213.9236392053572
1787731200,1787731258.0,46427858.0,213.7164486980013,-22.776812350361567,213.7164486980013
1787734800,1787734861.0,46463622.0,213.7865214482305,-0.5683669984629939,213.7865214482305
1787738400,1787738404.0,46498813.0,213.8334111964929,1.871221981638751,213.8334111964929
1787742000,1787742051.0,46535017.0,214.01857633940665,-10.250298599434636,214.01857633940665
1787745600,1787745650.0,46570767.0,213.06028061469416,3.5377123073426833,213.06028061469416
1787749200,1787749247.0,46606428.0,212.6014021134184,0.0046321721890297,212.6014021134184
1787752800,1787752852.0,46642072.0,212.56971467690144,4.985098458492239,212.56971467690144
1787756400,1787756455.0,46677717.0,211.215893034111,0.0321361445290945,211.215893034111
1787760000,1787760060.0,46713329.0,210.744821123671,0.0837611462568641,210.744821123671
1787763600,1787763662.0,46748932.0,209.97549585298157,-6.186987203209094,209.97549585298157
1787767200,1787767262.0,46784494.0,210.66939433101552,0.000452870678631,210.66939433101552
1787770800,1787770859.0,46820109.0,211.2770809131863,-16.21493331062642,211.2770809131863
1787774400,1787774437.0,46855565.0,210.03017227331324,0.271630017618933,210.03017227331324
1787778000,1787778060.0,46891385.0,210.01654465415433,13.672660910157468,210.01654465415433
1787781600,1787781660.0,46927002.0,218.87469528832384,-1.7885962902083274,218.87469528832384
1787785200,1787785242.0,46962488.0,218.4746932355507,0.114859810705859,218.4746932355507
1787788800,1787788860.0,46998279.0,219.4736681908732,0.4655999531968934,219.4736681908732
1787792400,1787792460.0,47033914.0,218.8383814368255,0.0232637017991877,218.8383814368255
1787796000,1787796061.0,47069649.0,221.90337997304383,0.2655860135163567,221.90337997304383
1787799600,1787799658.0,47105324.0,221.16112874250183,0.0371044661939206,221.16112874250183
1787803200,1787803256.0,47141002.0,221.3815675591767,0.2078494253255638,221.3815675591767
1787806800,1787806838.0,47176478.0,221.20655065843687,9.775363222984238,221.20655065843687
1787810400,1787810460.0,47212380.0,221.19510477591703,6.783493499152064,221.19510477591703
1787814000,1787814050.0,47248015.0,220.6675312656475,-0.1128303621059146,220.6675312656475
1787817600,1787817658.0,47283772.0,222.1682870756236,-0.2780935223931752,222.1682870756236
1787821200,1787821261.0,47319436.0,226.20063623528043,0.0551437875775184,226.20063623528043
1787824800,1787824857.0,47355084.0,224.76608966167564,-0.1114550631939513,224.76608966167564
1787828400,1787828459.0,47390759.0,223.52150706595825,3.0939608754837264,223.52150706595825
1787832000,1787832057.0,47426436.0,222.61622869326789,-0.222455148870394,222.61622869326789
1787835600,1787835655.0,47462075.0,222.07076105401111,4.6076590973233795,222.07076105401111
1787839200,1787839260.0,47497711.0,224.64304266005337,0.084004664891043,224.64304266005337
1787842800,1787842858.0,47533411.0,226.86497135797055,0.3667120662583114,226.86497135797055
1787846400,1787846458.0,47569107.0,226.30268174647873,0.2538567491958234,226.30268174647873
1787850000,1787850060.0,47604794.0,229.52737389659703,-2.3287561982776515,229.52737389659703
1787853600,1787853660.0,47640456.0,228.158170553491,16.064584015499797,228.158170553491
1787857200,1787857260.0,47676115.0,225.88446011008932,-0.0219621366410819,225.88446011008932
1787860800,1787860858.0,47711791.0,227.69934888661783,0.0479011310364965,227.69934888661783
1787864400,1787864459.0,47747456.0,226.72314431016903,-0.7179968015281537,226.72314431016903
1787868000,1787868060.0,47783154.0,226.1541136285651,0.2333797936542108,226.1541136285651
1787871600,1787871656.0,47818840.0,226.32882393829811,0.2733210203178451,226.32882393829811
1787875200,1787875259.0,47854573.0,226.148290631524,0.2204112167221361,226.148290631524
1787878800,1787878851.0,47890197.0,226.38244612831565,-0.549754788098715,226.38244612831565
1787882400,1787882459.0,47925907.0,226.7973257303245,-0.0377254785738334,226.7973257303245
1787886000,1787886053.0,47961522.0,226.44045167251437,0.2205915787496758,226.44045167251437
1787889600,1787889659.0,47997127.0,226.57824299353783,0.2049475625682708,226.57824299353783
1787893200,1787893260.0,48032811.0,226.59318212418063,-0.0001302819428655,226.59318212418063
1787896800,1787896856.0,48068457.0,226.2345993461022,-0.0001281147980409,226.2345993461022
1787900400,1787900460.0,48104201.0,226.96473508998113,0.0161880883077661,226.96473508998113
1787904000,1787904061.0,48139909.0,226.38271132733857,-0.5487175844870292,226.38271132733857
1787907600,1787907661.0,48175608.0,225.47228773871677,-0.1091516962968939,225.47228773871677
1787911200,1787911261.0,48211318.0,226.02088711587925,-0.5450011967110034,226.02088711587925
1787914800,1787914862.0,48247048.0,226.80869817202964,-0.1093968377918771,226.80869817202964
1787918400,1787918458.0,48282773.0,226.83731171957027,-0.5512324140638509,226.83731171957027
1787922000,1787922054.0,48318429.0,227.76043672676403,-0.0001816382187106,227.76043672676403
1787925600,1787925653.0,48354007.0,225.70845851469724,0.288990378051373,225.70845851469724
1787929200,1787929247.0,48389555.0,226.7837372794252,-1.097998548159223,226.7837372794252
1787932800,1787932865.0,48425154.0,221.46290065024175,0.4716252229864911,221.46290065024175
1787936400,1787936467.0,48460759.0,219.3406728066129,8.215801725318363,219.3406728066129
1787940000,1787940057.0,48496311.0,219.4906040316463,0.4006675020313405,219.4906040316463
1787943600,1787943655.0,48531984.0,217.65269251329696,0.0119120216352551,217.65269251329696
1787947200,1787947256.0,48567687.0,217.8344782572422,-0.3003783880395466,217.8344782572422
1787950800,1787950857.0,48603353.0,218.0159113040171,0.0256996626908006,218.0159113040171
1787954400,1787954463.0,48638998.0,218.15186136500915,-1.539898085128293,218.15186136500915
1787958000,1787958060.0,48674619.0,218.3596517485828,0.0768324333287672,218.3596517485828
1787961600,1787961654.0,48710220.0,218.180909660167,0.3654838975299185,218.180909660167
1787965200,1787965259.0,48745969.0,218.02614170157972,-0.1368417633348886,218.02614170157972
1787968800,1787968859.0,48781662.0,218.25350704641457,1.050227396511429,218.25350704641457
1787972400,1787972462.0,48817320.0,218.3915004029719,-0.0014540767397974,218.3915004029719
1787976000,1787976055.0,48852893.0,218.72491104755613,0.306676697397267,218.72491104755613
1787979600,1787979660.0,48888578.0,218.5200819698168,-0.0845289894373771,218.5200819698168
1787983200,1787983266.0,48924223.0,218.7707823458979,-2.205728214422444,218.7707823458979
1787986800,1787986861.0,48959879.0,218.76174148316565,2.299011875875697,218.76174148316565
1787990400,1787990461.0,48995530.0,219.04257669822613,-0.8797953273912915,219.04257669822613
1787994000,1787994059.0,49031183.0,218.9859523153239,-0.0640684028008748,218.9859523153239
1787997600,1787997658.0,49066882.0,218.92629684999915,1.6432451622193984,218.92629684999915
1788001200,1788001259.0,49102552.0,218.95281055340345,-0.0002750318658543,218.95281055340345
1788004800,1788004856.0,49138205.0,218.87672633805585,0.5464073913591798,218.87672633805585
1788008400,1788008456.0,49173875.0,218.83154984174288,-0.2984366346466424,218.83154984174288
1788012000,1788012060.0,49209550.0,218.8211759523164,-1.1127321639101493,218.8211759523164
1788015600,1788015659.0,49245195.0,218.869064947969,-0.1106610526155645,218.869064947969
1788019200,1788019269.0,49280708.0,218.86904209086856,0.0325148065103646,218.86904209086856
1788022800,1788022860.0,49316267.0,218.99768634882344,-0.0045183354282997,218.99768634882344
1788026400,1788026455.0,49351874.0,218.86220224858943,-0.0647200332829334,218.86220224858943
1788030000,1788030055.0,49387403.0,219.0194678576888,0.191126752618588,219.0194678576888
1788033600,1788033663.0,49423091.0,219.053437811,0.053351363103275,219.053437811
1788037200,1788037260.0,49458754.0,218.9752415000536,-0.0012869034804061,218.9752415000536
1788040800,1788040861.0,49494385.0,219.02433321835483,0.4342368918990488,219.02433321835483
1788044400,1788044459.0,49530047.0,218.9320173752104,-0.0554221758265762,218.9320173752104
1788048000,1788048059.0,49565663.0,219.16068261707792,2.487115404270337,219.16068261707792
1788051600,1788051652.0,49601256.0,219.06917823837796,10.85306307053036,219.06917823837796
1788055200,1788055258.0,49636972.0,218.9536455839681,0.1067131783404724,218.9536455839681
1788058800,1788058843.0,49672503.0,219.0971838794242,1.9459996346184765,219.0971838794242
1788062400,1788062456.0,49708205.0,219.0029610414551,0.1956303013512287,219.0029610414551
1788066000,1788066061.0,49743835.0,219.11821574569217,0.0425642445594157,219.11821574569217
1788069600,1788069659.0,49779459.0,219.1283618367001,1.7425203768807185,219.1283618367001
1788073200,1788073261.0,49815129.0,219.10305122049692,34.85132311252119,219.10305122049692
1788076800,1788076860.0,49850734.0,219.60875324835865,-0.0007901051193596,219.60875324835865
1788080400,1788080459.0,49886360.0,219.3922754299622,0.0769137490419079,219.3922754299622
1788084000,1788084055.0,49921995.0,219.48710916921797,0.371440571131131,219.48710916921797
1788087600,1788087658.0,49957640.0,219.63807830594288,-0.0001377857621045,219.63807830594288
1788091200,1788091255.0,49993253.0,219.55589626177024,0.0432927346210686,219.55589626177024
1788094800,1788094858.0,50028790.0,219.54087209738145,-0.0021535762192032,219.54087209738145
1788098400,1788098451.0,50064296.0,219.72715549283143,0.033012372548337,219.72715549283143
1788102000,1788102061.0,50099799.0,219.6457168688151,-0.0004238097668709,219.6457168688151
1788105600,1788105665.0,50135399.0,219.7277961843162,0.041828360255413,219.7277961843162
1788109200,1788109264.0,50171005.0,219.68036780482456,0.7315977051101333,219.68036780482456
1788112800,1788112859.0,50206609.0,219.66166571633153,-0.0004669681426749,219.66166571633153
1788116400,1788116459.0,50242188.0,219.84768533978735,1.341265973266538,219.84768533978735
1788120000,1788120052.0,50277638.0,219.16081043444547,-0.0003755735338164,219.16081043444547
1788123600,1788123658.0,50313082.0,219.254124679008,-1.1232870496014875,219.254124679008
1788127200,1788127267.0,50348611.0,218.72336189786105,1.402745435073802,218.72336189786105
1788130800,1788130848.0,50384052.0,218.33773232134584,0.0382833573990621,218.33773232134584
1788134400,1788134467.0,50419752.0,217.70508354734375,-0.0005437631413429,217.70508354734375
1788138000,1788138067.0,50455394.0,217.8640060639712,-0.0011022747851091,217.8640060639712
1788141600,1788141650.0,50490925.0,217.35418766798028,-0.0001687522122482,217.35418766798028
1788145200,1788145261.0,50526692.0,217.4249228696722,0.5653061086015272,217.4249228696722
1788148800,1788148843.0,50562201.0,217.6610491706807,0.3108980723737497,217.6610491706807
1788152400,1788152456.0,50598005.0,217.96270583280244,-0.5483612209284627,217.96270583280244
1788156000,1788156059.0,50633726.0,218.75566026509048,0.9844637631043056,218.75566026509048
1788159600,1788159660.0,50669439.0,219.04700370754497,1.3249594611605555,219.04700370754497
1788163200,1788163261.0,50705146.0,219.058301934194,-0.661057737152517,219.058301934194
1788166800,1788166860.0,50740846.0,219.21981682506672,0.065105828523612,219.21981682506672
1788170400,1788170458.0,50776559.0,218.83599508717305,0.0726647270476967,218.83599508717305
1788174000,1788174064.0,50812346.0,219.07082005691103,0.0527268139303225,219.07082005691103
1788177600,1788177672.0,50848134.0,218.8068733930781,0.2580812980769112,218.8068733930781
1788181200,1788181279.0,50883985.0,218.3683687982148,1.3412622951453606,218.3683687982148
1788184800,1788184865.0,50919647.0,218.9958151169246,-0.0012101144508905,218.9958151169246
1788188400,1788188459.0,50955175.0,219.98546085254443,-0.2774402882547765,219.98546085254443
1788192000,1788192061.0,50990694.0,219.5964032367883,-0.5555492596715625,219.5964032367883
1788195600,1788195667.0,51026223.0,220.15292527926857,0.0114898897432831,220.15292527926857
1788199200,1788199264.0,51061762.0,219.73886864709303,-0.0222689196382727,219.73886864709303
1788202800,1788202860.0,51097293.0,218.7818805469192,0.6894925180297913,218.7818805469192
1788206400,1788206454.0,51132859.0,220.67028751019163,1.7081956432693082,220.67028751019163
1788210000,1788210061.0,51168486.0,220.82999117108292,-0.5538366684250747,220.82999117108292
1788213600,1788213657.0,51204053.0,220.70003235814352,0.8507724885993949,220.70003235814352
1788217200,1788217260.0,51239638.0,220.42859938736888,0.0569065381648238,220.42859938736888
1788220800,1788220855.0,51275207.0,220.42440553683576,-0.3360769218127776,220.42440553683576
1788224400,1788224462.0,51310913.0,220.5790290713276,-0.0110905649658063,220.5790290713276
1788228000,1788228041.0,51346336.0,220.285150340555,-0.552655636797142,220.285150340555
1788231600,1788231661.0,51382222.0,220.13200373390353,-0.00553761375667,220.13200373390353
1788235200,1788235258.0,51417901.0,220.08670621305168,0.0212473764005017,220.08670621305168
1788238800,1788238860.0,51453552.0,220.29460565848493,-0.4991117852509327,220.29460565848493
1788242400,1788242460.0,51489270.0,220.7244601412204,-2.2528226292253706,220.7244601412204
1788246000,1788246059.0,51524967.0,220.4920140124013,0.0163035336149846,220.4920140124013
1788249600,1788249645.0,51560525.0,220.2063437089297,0.1261785897392333,220.2063437089297
1788253200,1788253257.0,51596370.0,218.4121349513709,-1.1089385794014777,218.4121349513709
1788256800,1788256857.0,51632073.0,218.57566832467688,-0.009666872111284,218.57566832467688
1788260400,1788260462.0,51667792.0,218.14828431081744,-1.1132327724391229,218.14828431081744
1788264000,1788264059.0,51703474.0,217.76218843786427,-0.4543973989409801,217.76218843786427
1788267600,1788267660.0,51739138.0,217.11721078912265,-0.3343352052702132,217.11721078912265
1788271200,1788271259.0,51774772.0,216.9475217927428,-0.7882398472773664,216.9475217927428
1788274800,1788274857.0,51810365.0,218.03706726364484,-1.330954181573225,218.03706726364484
1788278400,1788278439.0,51845711.0,220.0109831235086,-2.3177677254252167,220.0109831235086
1788282000,1788282062.0,51881333.0,219.5427427466956,-0.3472834249150545,219.5427427466956
1788285600,1788285661.0,51916890.0,218.32137088045036,0.0138354187613768,218.32137088045036
1788289200,1788289263.0,51952551.0,217.36378085566128,-0.0069333124916622,217.36378085566128
1788292800,1788292857.0,51988212.0,217.6939637895967,-0.2195991309120014,217.6939637895967
1788296400,1788296464.0,52023783.0,217.9567525136745,0.7664715139734984,217.9567525136745
1788300000,1788300074.0,52059291.0,217.9171646693514,18.330114568304005,217.9171646693514
1788303600,1788303660.0,52094822.0,217.7341826096851,-0.5480324610186402,217.7341826096851
1788307200,1788307262.0,52130432.0,217.87991238002977,-0.0055623531053428,217.87991238002977
1788310800,1788310856.0,52165964.0,217.7542577620347,0.5485005664257686,217.7542577620347
1788314400,1788314455.0,52201621.0,217.30558891904545,-0.1091406332347223,217.30558891904545
1788318000,1788318057.0,52237314.0,217.36012202960993,0.3539183410929792,217.36012202960993
1788321600,1788321660.0,52273044.0,217.36170327661873,-0.1097911313868079,217.36170327661873
1788325200,1788325256.0,52308707.0,217.308192377638,-0.0010235463185049,217.308192377638
1788328800,1788328866.0,52344482.0,217.76335149821068,-0.2200842584587981,217.76335149821068
1788332400,1788332454.0,52380161.0,217.4548289845247,-0.1112583361987418,217.4548289845247
1788336000,1788336059.0,52415917.0,217.5085694633057,-1.7699555001201106,217.5085694633057
1788339600,1788339659.0,52451608.0,216.97966332259796,0.3382063896925174,216.97966332259796
1788343200,1788343257.0,52487317.0,216.80795866542945,0.6032612720573787,216.80795866542945
1788346800,1788346856.0,52523042.0,216.85124844415247,0.340781940026991,216.85124844415247
1788350400,1788350449.0,52558712.0,217.2480687384024,-0.6319395633782569,217.2480687384024
1788354000,1788354057.0,52594468.0,217.9649401976274,0.1315662237107543,217.9649401976274
1788357600,1788357659.0,52630068.0,221.125166514942,-9.944352963043366,221.125166514942
1788361200,1788361262.0,52665663.0,223.80125400567272,-1.2238155023203483,223.80125400567272
1788364800,1788364860.0,52701226.0,227.3688142819601,0.1095698049925511,227.3688142819601
1788368400,1788368426.0,52736310.0,225.92792715167545,-0.3136401049377674,225.92792715167545
1788372000,1788372093.0,52770950.0,224.8203630599499,-0.1052326698220925,224.8203630599499
1788375600,1788375665.0,52805304.0,224.65270532166485,-0.0023724263714605,224.65270532166485
1788379200,1788379258.0,52840060.0,224.42646392959773,-0.0948525184063414,224.42646392959773
1788382800,1788382871.0,52874885.0,224.2680460513573,-0.5688644726500345,224.2680460513573
1788386400,1788386465.0,52909713.0,224.99936230165417,1.9246220559050544,224.99936230165417
1788390000,1788390073.0,52944661.0,225.01730610683063,0.2144570285194972,225.01730610683063
1788393600,1788393673.0,52979623.0,225.2669036561345,-11.421253459165309,225.2669036561345
1788397200,1788397256.0,53014527.0,225.1183421797146,1.0451173886654328,225.1183421797146
1788400800,1788400858.0,53049638.0,224.90226030634477,-0.0212002056815096,224.90226030634477
1788404400,1788404450.0,53084638.0,225.20148446331737,-0.1056246521444833,225.20148446331737
1788408000,1788408061.0,53119794.0,225.7065818073267,6.080405093277405,225.7065818073267
1788411600,1788411670.0,53154941.0,226.1961488404016,-1.762270513691799,226.1961488404016
1788415200,1788415265.0,53190081.0,225.62099187587353,1.1151522189335596,225.62099187587353
1788418800,1788418858.0,53225263.0,225.57176243773736,0.0175297073514759,225.57176243773736
1788422400,1788422459.0,53260462.0,225.82491942377632,1.1784762516238334,225.82491942377632
1788426000,1788426058.0,53295612.0,225.44321854674348,0.0786581993508312,225.44321854674348
1788429600,1788429657.0,53330819.0,224.83478917810825,0.6838925420082925,224.83478917810825
1788433200,1788433261.0,53366073.0,224.87470505597787,14.290765202732736,224.87470505597787
1788436800,1788436855.0,53401262.0,223.7180129022776,0.0417745346131371,223.7180129022776
1788440400,1788440443.0,53436057.0,225.86663815261963,0.0245570178707716,225.86663815261963
1788444000,1788444043.0,53470821.0,228.19598705377223,0.6640516095043512,228.19598705377223
1788447600,1788447657.0,53505541.0,226.45394649439433,-2.8567835006642732,226.45394649439433
1788451200,1788451235.0,53539983.0,227.66449414869,-1.0925218991819712,227.66449414869
1788454800,1788454853.0,53574480.0,227.5033108691516,0.3173429893528526,227.5033108691516
1788458400,1788458487.0,53609178.0,230.10153888026923,0.3572712883655352,230.10153888026923
1788462000,1788462124.0,53644608.0,229.4653815735542,-1.222111963407785,229.4653815735542
1788465600,1788465681.0,53680023.0,228.88920332075267,-0.2079388996528216,228.88920332075267
1788469200,1788469283.0,53715381.0,228.8407460496303,3.1758133779497e-05,228.8407460496303
1788472800,1788472861.0,53750598.0,229.07574039468977,2.2835757644426327,229.07574039468977
1788476400,1788476460.0,53786243.0,229.58003449889347,-0.0184294124955895,229.58003449889347
1788480000,1788480061.0,53821891.0,229.80627374267132,0.0472872977067176,229.80627374267132
1788483600,1788483665.0,53857551.0,229.8011159432141,0.0792548904813964,229.8011159432141
1788487200,1788487261.0,53893208.0,229.84878353681543,4.352213190118689,229.84878353681543
1788490800,1788490853.0,53928801.0,230.10855592156844,0.634193375415476,230.10855592156844
1788494400,1788494460.0,53964372.0,230.02755154841336,-0.6135499734377766,230.02755154841336
1788498000,1788498060.0,53999948.0,230.21144057895748,0.2674653749918708,230.21144057895748
1788501600,1788501656.0,54035492.0,230.2902999880102,0.1536692867911631,230.2902999880102
1788505200,1788505258.0,54071034.0,229.7961968511775,0.7093190986721625,229.7961968511775
1788508800,1788508860.0,54106568.0,230.26230018100185,0.5964602074723436,230.26230018100185
1788512400,1788512466.0,54142169.0,230.57821335333185,-1.0932440147607771,230.57821335333185
1788516000,1788516063.0,54177762.0,230.83948031813705,0.69996779014066,230.83948031813705
1788519600,1788519659.0,54213353.0,231.42903391947053,1.5203536220061442,231.42903391947053
1788523200,1788523252.0,54248891.0,231.1180816997958,-0.4281385437917318,231.1180816997958
1788526800,1788526866.0,54284555.0,230.6429144775679,-0.1509735045863838,230.6429144775679
1788530400,1788530461.0,54320137.0,233.7907248554144,0.8883614101443629,233.7907248554144
1788534000,1788534062.0,54355705.0,232.3637592007862,-0.0519459794673588,232.3637592007862
1788537600,1788537660.0,54391266.0,231.25287622184555,-0.4195131903911697,231.25287622184555
1788541200,1788541258.0,54426829.0,231.6377592460232,0.0207465779376004,231.6377592460232
1788544800,1788544856.0,54462399.0,230.395821898498,-0.1576242934980815,230.395821898498
1788548400,1788548461.0,54497963.0,230.72053097218193,-0.175244860809878,230.72053097218193
1788552000,1788552058.0,54533565.0,230.06928512808724,0.5834647234840853,230.06928512808724
1788555600,1788555660.0,54569205.0,230.1464564851795,0.908168623902924,230.1464564851795
1788559200,1788559263.0,54604838.0,230.28198092816288,0.1153282971915694,230.28198092816288
1788562800,1788562862.0,54640490.0,230.1510863970223,0.1029699671079967,230.1510863970223
1788566400,1788566454.0,54676081.0,229.91045498872336,-0.5281899830579354,229.91045498872336
1788570000,1788570059.0,54711825.0,230.1295524205509,-2.1092823628841884,230.1295524205509
1788573600,1788573656.0,54747494.0,230.4169045651449,0.2064230937471043,230.4169045651449
1788577200,1788577259.0,54783243.0,230.30333536426895,-86.80474649492065,230.30333536426895
1788580800,1788580858.0,54818947.0,230.30514443144904,0.0910945742864254,230.30514443144904
1788584400,1788584450.0,54854559.0,230.3414161785637,0.4475470527535237,230.3414161785637
1788588000,1788588061.0,54890365.0,230.38098318512107,0.4999788744251814,230.38098318512107
1788591600,1788591655.0,54926065.0,230.50709212797187,0.0087904901785678,230.50709212797187
1788595200,1788595253.0,54961729.0,230.75323411636177,0.4210133521371015,230.75323411636177
1788598800,1788598856.0,54997467.0,230.8385977726878,0.0105220272266168,230.8385977726878
1788602400,1788602452.0,55033125.0,230.79846445669207,0.0560994941287646,230.79846445669207
1788606000,1788606060.0,55068886.0,230.7584452103248,-0.2630899819934014,230.7584452103248
1788609600,1788609658.0,55104563.0,230.75955382490147,-0.0150109713224051,230.75955382490147
1788613200,1788613261.0,55140310.0,230.79393669634663,0.0146307268820222,230.79393669634663
1788616800,1788616861.0,55176036.0,230.9517770186444,1.8756589364076377,230.9517770186444
1788620400,1788620457.0,55211745.0,231.23409293947844,0.533248775032681,231.23409293947844
1788624000,1788624062.0,55247458.0,231.28086116804204,0.0048567222353993,231.28086116804204
1788627600,1788627660.0,55283099.0,231.39631295740256,3.238597024258282,231.39631295740256
1788631200,1788631261.0,55318763.0,231.40956724444095,0.0765138889363046,231.40956724444095
1788634800,1788634853.0,55354387.0,231.15886361484533,1.0407368986359604,231.15886361484533
1788638400,1788638427.0,55389758.0,231.13692614392872,1.0541607548382823,231.13692614392872
1788642000,1788642053.0,55425686.0,231.1420634631458,-0.5304253689264046,231.1420634631458
1788645600,1788645649.0,55461313.0,231.13288211828956,-0.7712356433161474,231.13288211828956
1788649200,1788649258.0,55497109.0,231.23880269037204,-1.0616284041548527,231.23880269037204
1788652800,1788652858.0,55532820.0,231.28033792698736,-0.2653034933816955,231.28033792698736
1788656400,1788656453.0,55568510.0,231.232125730471,-0.0319756484632183,231.232125730471
1788660000,1788660058.0,55604227.0,231.27768053668728,-0.6710295576886283,231.27768053668728
1788663600,1788663654.0,55639907.0,231.3103924005619,-0.5352537009661775,231.3103924005619
1788667200,1788667257.0,55675637.0,231.26911963525887,0.8810311274497215,231.26911963525887
1788670800,1788670861.0,55711359.0,231.31143568160545,-0.2138902369673503,231.31143568160545
1788674400,1788674459.0,55747079.0,231.41670611504333,0.1169487419696936,231.41670611504333
1788678000,1788678059.0,55782790.0,231.3430464670622,-0.0009157785521833,231.3430464670622
1788681600,1788681651.0,55818422.0,231.5389262306373,-0.0380347593022129,231.5389262306373
1788685200,1788685239.0,55853979.0,231.5545843139582,0.0767557580753663,231.5545843139582
1788688800,1788688859.0,55889877.0,231.5964341522308,0.2075492954110756,231.5964341522308
1788692400,1788692459.0,55925571.0,231.6244903265282,0.0002783133945775,231.6244903265282
1788696000,1788696061.0,55961314.0,231.7032582576984,-0.0534083927857623,231.7032582576984
1788699600,1788699660.0,55997024.0,231.68093051261724,-0.7044984777638846,231.68093051261724
1788703200,1788703253.0,56032653.0,231.47278369097705,0.6448066921515548,231.47278369097705
1788706800,1788706853.0,56068380.0,231.31389811776427,0.0432624247117911,231.31389811776427
1788710400,1788710459.0,56104131.0,231.3410946107404,0.2611766209279477,231.3410946107404
1788714000,1788714057.0,56139810.0,231.3666121499637,-0.0001072842782752,231.3666121499637
1788717600,1788717659.0,56175551.0,231.3584690551773,-0.2663928783416207,231.3584690551773
1788721200,1788721258.0,56211252.0,231.38766806551575,-0.0001198508124186,231.38766806551575
1788724800,1788724852.0,56246842.0,231.53081630957345,-0.9545237778378234,231.53081630957345
1788728400,1788728460.0,56282590.0,231.69412852378497,0.3330869053427919,231.69412852378497
1788732000,1788732064.0,56318295.0,231.56953759728424,-0.3383136417216194,231.56953759728424
1788735600,1788735660.0,56353981.0,231.51619681719004,0.6601432324381055,231.51619681719004
1788739200,1788739244.0,56389496.0,231.3391752347141,0.5692285057601071,231.3391752347141
1788742800,1788742862.0,56425337.0,231.439858906586,0.1620973906771551,231.439858906586
1788746400,1788746452.0,56460935.0,231.5860748726356,-0.1925432146484472,231.5860748726356
1788750000,1788750060.0,56496676.0,231.7712670931628,0.0143847221171073,231.7712670931628
1788753600,1788753650.0,56532270.0,231.7340689412877,0.0001023998994276,231.7340689412877
1788757200,1788757259.0,56568020.0,231.83054079328392,-0.1065711802452178,231.83054079328392
1788760800,1788760861.0,56603704.0,231.91051381709164,-0.0416659902889112,231.91051381709164
1788764400,1788764459.0,56639385.0,232.1222107673658,0.4724540851661026,232.1222107673658
1788768000,1788768060.0,56675086.0,232.46573358372984,0.0032494009446545,232.46573358372984
1788771600,1788771657.0,56710739.0,232.9973513801405,-0.2645286730764613,232.9973513801405
1788775200,1788775259.0,56746450.0,232.3472267772723,-0.4993270975545003,232.3472267772723
1788778800,1788778860.0,56782141.0,232.33055106845163,-0.2119479519088648,232.33055106845163
1788782400,1788782456.0,56817805.0,232.12383999649896,0.0546635993353403,232.12383999649896
1788786000,1788786060.0,56853541.0,232.37079526035623,-0.1920251268926049,232.37079526035623
1788789600,1788789662.0,56889237.0,232.40944587938623,0.1773997919292177,232.40944587938623
1788793200,1788793258.0,56924896.0,232.37580972601305,-0.0010596197621709,232.37580972601305
1788796800,1788796861.0,56960566.0,231.87408572617713,0.1460460247998276,231.87408572617713
1788800400,1788800460.0,56996225.0,231.93563099350536,-0.3420217261842344,231.93563099350536
1788804000,1788804059.0,57031905.0,232.02133450783737,-0.1211060991877999,232.02133450783737
1788807600,1788807662.0,57067594.0,232.1211432416365,-0.2112650566614078,232.1211432416365
1788811200,1788811260.0,57103282.0,232.2663950588739,-0.2443939059429584,232.2663950588739
1788814800,1788814844.0,57138806.0,232.2524430412236,0.6733166958394912,232.2524430412236
1788818400,1788818462.0,57174616.0,232.3174990383173,-1.0603916493001695,232.3174990383173
1788822000,1788822058.0,57210276.0,231.6089692891211,-2.137595657778364,231.6089692891211
1788825600,1788825660.0,57245954.0,231.4235694796786,0.100589498084384,231.4235694796786
1788829200,1788829260.0,57281615.0,232.13487535649108,-0.21101778657072,232.13487535649108
1788832800,1788832859.0,57317287.0,232.71185466311715,-1.059466064743637,232.71185466311715
1788836400,1788836429.0,57352692.0,232.5193623195384,-0.0612579426708564,232.5193623195384
1788840000,1788840058.0,57388663.0,232.97749312527296,-0.2505650615792489,232.97749312527296
1788843600,1788843651.0,57424257.0,232.88242289985465,0.1342721971668614,232.88242289985465
1788847200,1788847262.0,57460013.0,232.04421750291849,0.1184854431398121,232.04421750291849
1788850800,1788850859.0,57495674.0,231.4167050768933,0.1403327140229901,231.4167050768933
1788854400,1788854455.0,57531299.0,231.3201394078195,0.677213803472351,231.3201394078195
1788858000,1788858061.0,57567049.0,231.00968633813932,-0.1036636669537484,231.00968633813932
1788861600,1788861655.0,57602687.0,231.77265498761057,0.1257142200045707,231.77265498761057
1788865200,1788865260.0,57638409.0,231.3627585831533,2.3913683438792086,231.3627585831533
1788868800,1788868860.0,57674088.0,231.64900488911732,-0.1055669333646882,231.64900488911732
1788872400,1788872459.0,57709753.0,232.3046496787748,0.0618158499076949,232.3046496787748
1788876000,1788876060.0,57745427.0,229.7852806860267,0.0093369534927382,229.7852806860267
1788879600,1788879644.0,57780973.0,227.47610609011295,-0.2162298827071029,227.47610609011295
1788883200,1788883260.0,57816799.0,226.67205866313623,-0.6538688524163595,226.67205866313623
1788886800,1788886865.0,57852494.0,226.14294203567172,-0.0441977119213726,226.14294203567172
1788890400,1788890460.0,57888182.0,226.05558644579423,0.4132208721384722,226.05558644579423
1788894000,1788894061.0,57923878.0,226.01151206045225,-1.088448957365451,226.01151206045225
1788897600,1788897658.0,57959540.0,225.8477089719639,0.0450634036143957,225.8477089719639
1788901200,1788901259.0,57995250.0,225.8596056581333,-0.5438532996176895,225.8596056581333
1788904800,1788904860.0,58030936.0,225.80700757516112,0.0591838096438854,225.80700757516112
1788908400,1788908455.0,58066586.0,226.00442232614924,0.0527008522963715,226.00442232614924
1788912000,1788912060.0,58102305.0,225.56343541628493,0.0769879548102002,225.56343541628493
1788915600,1788915652.0,58137910.0,226.046425920824,-0.5459496336675991,226.046425920824
1788919200,1788919259.0,58173657.0,226.2114119820788,-0.7577416667201977,226.2114119820788
1788922800,1788922858.0,58209318.0,226.2666917114453,-0.1090155670586776,226.2666917114453
1788926400,1788926459.0,58245029.0,226.07349808166975,-0.5457581358937138,226.07349808166975
1788930000,1788930060.0,58280719.0,226.18731389167607,0.1774810044010371,226.18731389167607
1788933600,1788933660.0,58316385.0,226.1493461437424,-0.0410272479914832,226.1493461437424
1788937200,1788937258.0,58352072.0,226.23044137083303,0.2559317895142393,226.23044137083303
1788940800,1788940860.0,58387767.0,226.37087528392155,-0.2194557488355076,226.37087528392155
1788944400,1788944457.0,58423430.0,226.2273543270816,0.5455977331860368,226.2273543270816
1788948000,1788948059.0,58459120.0,224.85249078773728,-0.5478688350496722,224.85249078773728
1788951600,1788951661.0,58494802.0,224.5428665087964,-0.59380059805987,224.5428665087964
1788955200,1788955255.0,58530427.0,225.08054262291185,-0.0219946828430082,225.08054262291185
1788958800,1788958861.0,58566138.0,224.933534590365,-0.0458517207853697,224.933534590365
1788962400,1788962461.0,58601797.0,224.8016093318936,0.0375403658742232,224.8016093318936
1788966000,1788966061.0,58637473.0,224.73279747473543,6.233405205044479,224.73279747473543
1788969600,1788969653.0,58673071.0,224.46859266241896,-0.2195431036077482,224.46859266241896
1788973200,1788973259.0,58708823.0,224.24599078170905,-0.0110080319246963,224.24599078170905
1788976800,1788976858.0,58744498.0,224.38450977378753,-0.5496778502193606,224.38450977378753
1788980400,1788980459.0,58780180.0,223.94645464838533,0.0015263617637108,223.94645464838533
1788984000,1788984057.0,58815897.0,223.88547221070831,-0.0643843817982441,223.88547221070831
1788987600,1788987657.0,58851617.0,223.8936777815801,0.1594409213757066,223.8936777815801
1788991200,1788991262.0,58887374.0,223.63307531337264,-0.1088947161004106,223.63307531337264
1788994800,1788994859.0,58923078.0,223.72464787165177,-0.1807258575028512,223.72464787165177
1788998400,1788998459.0,58958788.0,223.79296199953544,4.010795899693765,223.79296199953544
1789002000,1789002061.0,58994495.0,223.3752899105922,-2.7403437195912494,223.3752899105922
1789005600,1789005656.0,59030144.0,222.9596681724705,0.2482090057833575,222.9596681724705
1789009200,1789009259.0,59065843.0,223.29666212663184,0.1654549005245997,223.29666212663184
1789012800,1789012858.0,59101517.0,223.33188877001055,-0.1096427487600857,223.33188877001055
1789016400,1789016455.0,59137151.0,223.31331874964573,0.2680275851194192,223.31331874964573
1789020000,1789020059.0,59172851.0,223.4507421012133,-0.1889702302617003,223.4507421012133
1789023600,1789023655.0,59208470.0,223.24302181162275,-0.0055482137626882,223.24302181162275
1789027200,1789027261.0,59244187.0,222.92455691245144,-0.1097331626200654,222.92455691245144
1789030800,1789030853.0,59279762.0,223.26489617652405,0.0100898938757579,223.26489617652405
1789034400,1789034460.0,59315538.0,223.3241588743018,-0.4430803282825073,223.3241588743018
1789038000,1789038061.0,59351218.0,223.1466527735145,0.2139701394047001,223.1466527735145
1789041600,1789041660.0,59386931.0,222.43438252993113,0.6376724207224765,222.43438252993113
1789045200,1789045259.0,59422633.0,220.7564249049808,-4.127641023974898,220.7564249049808
1789048800,1789048858.0,59458335.0,217.99700109413016,-0.110592622067224,217.99700109413016
1789052400,1789052457.0,59494030.0,218.501696158789,-0.1104970313706881,218.501696158789
1789056000,1789056059.0,59529734.0,219.12799543126897,0.5298420253904959,219.12799543126897
1789059600,1789059668.0,59565442.0,219.04554451074563,-0.0438692080862606,219.04554451074563
1789063200,1789063262.0,59601146.0,218.97191708533603,-0.8911536435568875,218.97191708533603
1789066800,1789066853.0,59636914.0,218.64202212259093,0.079258235990376,218.64202212259093
1789070400,1789070450.0,59672693.0,218.83229442603292,0.018307008380566,218.83229442603292
1789074000,1789074060.0,59708437.0,219.3510898178215,-1.5744991764488856,219.3510898178215
1789077600,1789077661.0,59744098.0,218.8958575747076,0.2142173531706674,218.8958575747076
1789081200,1789081258.0,59779783.0,218.67577989680385,-0.894216613226951,218.67577989680385
1789084800,1789084852.0,59815401.0,218.22000104446133,-0.1241216923934263,218.22000104446133
1789088400,1789088444.0,59850942.0,218.6450985353673,0.1343478234208393,218.6450985353673
1789092000,1789092044.0,59886446.0,218.64024840780695,-0.1098295478638337,218.64024840780695
1789095600,1789095660.0,59921958.0,218.39067373904635,-0.2217389638240422,218.39067373904635
1789099200,1789099251.0,59957473.0,218.280198430231,54.28012684440925,218.280198430231
1789102800,1789102859.0,59992924.0,218.735056950688,-45.410694892169936,218.735056950688
1789106400,1789106456.0,60028384.0,219.2886289242262,-1.1127097030650717,219.2886289242262
1789110000,1789110060.0,60063889.0,219.8135041086969,-0.3884432712594489,219.8135041086969
1789113600,1789113656.0,60099325.0,219.77371990190383,0.0299550147294607,219.77371990190383
1789117200,1789117260.0,60134777.0,220.3361532356479,-0.5559514444427844,220.3361532356479
1789120800,1789120859.0,60170191.0,220.46804077349103,-0.2214007900999352,220.46804077349103
1789124400,1789124462.0,60205605.0,220.30257296014068,74.85298187182698,220.30257296014068
1789128000,1789128054.0,60240945.0,219.98133733876892,-0.1104780654045911,219.98133733876892
1789131600,1789131658.0,60276258.0,221.4477093078321,-4.478604808970447,221.4477093078321
1789135200,1789135267.0,60311441.0,220.85721992773975,0.0073851484352051,220.85721992773975
1789138800,1789138879.0,60346636.0,219.86119792523272,-0.4688368507899718,219.86119792523272
1789142400,1789142473.0,60381814.0,219.85738843440797,-0.115757753071887,219.85738843440797
1789146000,1789146057.0,60417098.0,219.36985815662948,0.3272488715840814,219.36985815662948
1789149600,1789149647.0,60452481.0,219.43393986365325,-0.2660502813631691,219.43393986365325
1789153200,1789153252.0,60487828.0,219.6045364666058,-0.1142702152752751,219.6045364666058
1789156800,1789156860.0,60523106.0,218.66408301817083,-0.114887101842908,218.66408301817083
1789160400,1789160478.0,60558496.0,218.6069712173492,-0.0305447265828669,218.6069712173492
1789164000,1789164061.0,60593767.0,218.55690136588763,0.6709555933939944,218.55690136588763
1789167600,1789167646.0,60629102.0,218.42726370842297,1.194537005254963,218.42726370842297
1789171200,1789171269.0,60664399.0,218.45336757198015,-5.6945513543594055,218.45336757198015
1789174800,1789174862.0,60699689.0,218.725624121241,-0.0310079404932439,218.725624121241
1789178400,1789178464.0,60735094.0,218.76588158995088,0.227714461216241,218.76588158995088
1789182000,1789182061.0,60770495.0,219.00088178031305,-0.1191888776926458,219.00088178031305
1789185600,1789185660.0,60805932.0,219.20403290930145,-4.533643200514936,219.20403290930145
1789189200,1789189261.0,60841388.0,219.2681426755775,0.2627243761250001,219.2681426755775
1789192800,1789192860.0,60876839.0,219.22600730764367,-0.6770446465494303,219.22600730764367
1789196400,1789196463.0,60912324.0,219.22743674782524,2.217747373258204,219.22743674782524
1789200000,1789200069.0,60947819.0,219.28985358298343,1.0706090735055065,219.28985358298343
1789203600,1789203665.0,60983304.0,219.39763502487767,-0.5708031119731186,219.39763502487767
1789207200,1789207259.0,61018840.0,219.5152206508388,0.0233210121273763,219.5152206508388
1789210800,1789210858.0,61054412.0,219.42446131443353,0.0342243671182992,219.42446131443353
1789214400,1789214457.0,61089967.0,219.42939607094308,1.446253336436894,219.42939607094308
1789218000,1789218033.0,61125319.0,219.4603017594401,-0.0571344392264314,219.4603017594401
1789221600,1789221621.0,61160540.0,219.4738190137219,0.1139130180446074,219.4738190137219
1789225200,1789225252.0,61195763.0,219.352953970294,-0.4582275855368036,219.352953970294
1789228800,1789228863.0,61230886.0,219.414169779918,0.0961935592696653,219.414169779918
1789232400,1789232465.0,61266231.0,219.41479392003492,0.0090005176448628,219.41479392003492
1789236000,1789236053.0,61301648.0,219.3655222554081,0.1758903000813547,219.3655222554081
1789239600,1789239658.0,61337093.0,219.32288856909844,-0.0114896262043535,219.32288856909844
1789243200,1789243262.0,61372537.0,219.15332718831152,-0.4510612382335077,219.15332718831152
1789246800,1789246855.0,61407935.0,218.5974212367445,-0.3990735130259136,218.5974212367445
1789250400,1789250460.0,61443435.0,218.60001263005265,-0.2854102412315744,218.60001263005265
1789254000,1789254061.0,61478870.0,218.60801243462228,0.2210530463917458,218.60801243462228
1789257600,1789257638.0,61514123.0,218.75534635451532,-5.70808641793004,218.75534635451532
1789261200,1789261253.0,61549714.0,218.2707802683991,-0.3814849268793338,218.2707802683991
1789264800,,,,,
1789268400,1789268424.0,61620495.0,218.25152636622585,0.2114811892472242,218.25152636622585
1789272000,1789272060.0,61656429.0,218.17353369819327,0.0148035020459568,218.17353369819327
1789275600,1789275656.0,61691957.0,217.7204503847151,-1.101780411257065,217.7204503847151
1789279200,1789279244.0,61727399.0,217.55933542276347,-0.1146949646900985,217.55933542276347
1789282800,1789282858.0,61763140.0,217.49187470695963,-0.2274809505126335,217.49187470695963
1789286400,1789286457.0,61798716.0,216.78725194671165,0.0853493307393971,216.78725194671165
1789290000,1789290059.0,61834255.0,216.3103602733328,-4.573574788207099,216.3103602733328
1789293600,1789293661.0,61869780.0,215.4612941263841,-0.2282058589594065,215.4612941263841
1789297200,1789297259.0,61905273.0,215.24640511712215,0.0277172014120203,215.24640511712215
1789300800,1789300853.0,61940733.0,215.14494314284823,11.219349909062228,215.14494314284823
1789304400,1789304434.0,61976033.0,214.7719887816355,-0.5748998389258471,214.7719887816355
1789308000,1789308059.0,62011742.0,214.7609881444656,-0.2283624456641532,214.7609881444656
1789311600,1789311661.0,62047114.0,215.63583398688905,-1.524475643068633,215.63583398688905
1789315200,1789315262.0,62082473.0,215.6179639580715,-0.2286083255096271,215.6179639580715
1789318800,1789318858.0,62117885.0,215.783837415874,0.6112278772561583,215.783837415874
1789322400,1789322435.0,62153070.0,215.691141018474,0.0096834072483602,215.691141018474
1789326000,1789326062.0,62188742.0,215.72295796504864,0.7125246607139339,215.72295796504864
1789329600,1789329659.0,62224198.0,215.7217487691225,-0.0574560906754372,215.7217487691225
1789333200,1789333253.0,62259609.0,215.82029969687224,-0.2325972987070234,215.82029969687224
1789336800,1789336859.0,62295167.0,215.73190389068384,-0.0018516176483479,215.73190389068384
1789340400,1789340459.0,62330622.0,215.50951853754856,-0.0018360256367457,215.50951853754856
1789344000,1789344061.0,62366105.0,215.50270830672065,-0.0568169019759551,215.50270830672065
1789347600,1789347658.0,62401536.0,214.75146195067217,1.1232481032421766,214.75146195067217
1789351200,1789351260.0,62437044.0,215.27189362955409,-0.1145074105088863,215.27189362955409
1789354800,1789354852.0,62472443.0,215.38761345935745,-27.1595124764237,215.38761345935745
1789358400,1789358460.0,62508031.0,215.0361697634689,-0.0231167489693172,215.0361697634689
1789362000,1789362046.0,62543378.0,215.1323913539727,0.4352322666471329,215.1323913539727
1789365600,1789365642.0,62578818.0,215.07165435612777,-0.0231352437891057,215.07165435612777
1789369200,1789369249.0,62614404.0,214.5097341098808,-0.579226626112868,214.5097341098808
1789372800,1789372862.0,62650023.0,214.073398277978,0.0104434937884569,214.073398277978
1789376400,1789376460.0,62685527.0,212.5194996727201,-0.0003907782588246,212.5194996727201
1789380000,1789380050.0,62720924.0,212.15333369439276,0.2272816871160463,212.15333369439276
1789383600,1789383661.0,62756510.0,212.39315145580855,0.019609023302845,212.39315145580855
1789387200,1789387259.0,62791985.0,213.08810747060275,0.0838321432663313,213.08810747060275
1789390800,1789390856.0,62827391.0,212.38354646849768,-0.4342264844508129,212.38354646849768
1789394400,1789394459.0,62862761.0,211.1274131127391,-0.0001172230533214,211.1274131127391
1789398000,1789398058.0,62898153.0,210.72785329627612,-0.4698820292701706,210.72785329627612
1789401600,1789401660.0,62933473.0,212.2793623294921,-0.044205712884213,212.2793623294921
1789405200,1789405258.0,62968793.0,212.19331990787907,-3.960746456533677,212.19331990787907
1789408800,1789408854.0,63004030.0,212.65654798128412,0.2548581587502659,212.65654798128412
1789412400,1789412467.0,63039471.0,212.5852611318612,-0.3541796616271025,212.5852611318612
1789416000,1789416057.0,63074782.0,211.31540889938591,2.3620362329653997,211.31540889938591
1789419600,1789419656.0,63110150.0,212.57835414855757,5.7782530510822605,212.57835414855757
1789423200,1789423260.0,63145623.0,212.56097570307188,0.0724217772337184,212.56097570307188
1789426800,1789426854.0,63181057.0,212.5107404062585,0.3038027582858413,212.5107404062585
1789430400,1789430461.0,63216544.0,212.26115566526087,0.2296673904058328,212.26115566526087
1789434000,1789434066.0,63251975.0,212.59526439004313,-0.2338585452130177,212.59526439004313
1789437600,1789437660.0,63287378.0,212.4862920094109,0.0067323215567656,212.4862920094109
1789441200,1789441258.0,63322837.0,212.7129625967916,0.0195395420470002,212.7129625967916
1789444800,1789444835.0,63358146.0,212.68225519257317,0.0056885614834099,212.68225519257317
1789448400,1789448446.0,63393765.0,212.28593011039385,-0.0348286681802594,212.28593011039385
1789452000,1789452037.0,63429179.0,212.39582521341356,0.2390704140174756,212.39582521341356
1789455600,1789455657.0,63464837.0,212.27640666782463,-0.098630969112569,212.27640666782463
1789459200,1789459258.0,63500329.0,211.9361310549537,1.1074474031298522,211.9361310549537
1789462800,1789462842.0,63535656.0,211.65528870902307,8.423661368758019,211.65528870902307
1789466400,1789466452.0,63571308.0,212.2380139082459,0.0036278690356394,212.2380139082459
1789470000,1789470054.0,63606816.0,212.598368783016,0.5599072725606501,212.598368783016
1789473600,1789473635.0,63642020.0,212.42833136879744,-0.347756627931399,212.42833136879744
1789477200,1789477232.0,63677178.0,212.7784563132012,0.2653229630727903,212.7784563132012
1789480800,1789480855.0,63712221.0,212.92473336600472,-14.17098158475003,212.92473336600472
1789484400,1789484461.0,63747024.0,212.32967679053877,0.1126784906751547,212.32967679053877
1789488000,1789488056.0,63781929.0,212.40809832436705,0.1063316068522298,212.40809832436705
1789491600,1789491639.0,63816899.0,211.9959817906327,0.2063337056166809,211.9959817906327
1789495200,1789495224.0,63851646.0,211.99651343976993,-0.085577899512016,211.99651343976993
1789498800,1789498862.0,63886237.0,212.19841483167303,-2.771369045836636,212.19841483167303
1789502400,1789502476.0,63921250.0,212.2758340309296,-0.0105936317760515,212.2758340309296
1789506000,1789506083.0,63956409.0,212.64072269260097,-0.0044694120310326,212.64072269260097
1789509600,1789509667.0,63991437.0,212.5206212276551,-0.054459,212.5206212276551
1789513200,1789513253.0,64027138.0,212.6519534782302,-0.0074093277112132,212.6519534782302
1789516800,1789516831.0,64062688.0,212.4877278525143,0.0765251681755844,212.4877278525143
1789520400,1789520461.0,64098737.0,212.59696946228664,-1.11647884919447,212.59696946228664
1789524000,1789524058.0,64134504.0,212.14489619598024,0.4309465872325513,212.14489619598024
1789527600,1789527662.0,64170290.0,212.5511957582603,-3.944922016617753,212.5511957582603
1789531200,1789531257.0,64206056.0,213.0599857639648,-1.194477907202465,213.0599857639648
1789534800,1789534816.0,64241456.0,213.20464698645915,0.1554571723746096,213.20464698645915
1789538400,1789538452.0,64277629.0,213.64969789017076,-14.034868403006742,213.64969789017076
1789542000,1789542059.0,64313406.0,213.6334939264907,0.1354475258867182,213.6334939264907
1789545600,1789545660.0,64349176.0,213.80566752557303,40.53536442112446,213.80566752557303
1789549200,1789549254.0,64384894.0,213.6326692310997,0.1036897911861546,213.6326692310997
1789552800,1789552846.0,64420546.0,213.4698736557027,0.0044363355664863,213.4698736557027
1789556400,1789556453.0,64456388.0,213.4855207298315,-22.999999994617273,213.4855207298315
1789560000,1789560057.0,64492150.0,213.8673487772684,0.8536534967515735,213.8673487772684
1789563600,1789563654.0,64527875.0,214.1668129621947,113.73951689092527,214.1668129621947
1789567200,1789567261.0,64563713.0,214.85097104681313,-21.34045157277902,214.85097104681313
1789570800,1789570850.0,64599464.0,215.72836333801004,-0.053643,215.72836333801004
1789574400,1789574437.0,64635254.0,216.27230386661208,0.0191419327730106,216.27230386661208
1789578000,1789578048.0,64671051.0,216.03112089198208,0.8787267161868216,216.03112089198208
1789581600,1789581667.0,64706801.0,215.4756814068103,0.0212172627561254,215.4756814068103
1789585200,1789585264.0,64742541.0,214.40637068654968,-1.643609760364005,214.40637068654968
1789588800,1789588855.0,64778336.0,214.0887278973468,-2.7849729126226164,214.0887278973468
1789592400,1789592450.0,64814079.0,214.51993261002255,-0.053946,214.51993261002255
1789596000,1789596050.0,64849748.0,214.78078700075133,-0.053879,214.78078700075133
1789599600,1789599662.0,64885540.0,215.1263232281878,2.1308358760795145,215.1263232281878
1789603200,1789603259.0,64921275.0,215.74395167679376,0.0032508041293397,215.74395167679376
1789606800,1789606850.0,64956964.0,215.6366837170601,-0.053667,215.6366837170601
1789610400,1789610451.0,64992768.0,215.6068001936649,-0.1143124529978425,215.6068001936649
1789614000,1789614050.0,65028529.0,215.7451440357665,-0.05364,215.7451440357665
1789617600,1789617655.0,65064367.0,215.92921475822916,-0.111504684114429,215.92921475822916
1789621200,1789621251.0,65100106.0,215.88652579087255,0.0268650789280706,215.88652579087255
1789624800,1789624850.0,65135819.0,215.61743754154375,-0.053672,215.61743754154375
1789628400,1789628457.0,65171664.0,215.76000478725612,1.4658394772423755,215.76000478725612
1789632000,1789632017.0,65207028.0,216.43051766507105,0.190896658233458,216.43051766507105
1789635600,1789635652.0,65243125.0,217.12249259785875,0.0078844287663343,217.12249259785875
1789639200,1789639219.0,65278557.0,217.37817743940568,6.449999635006279,217.37817743940568
1789642800,1789642864.0,65314714.0,217.15015199992763,-10.349230815955709,217.15015199992763
1789646400,1789646461.0,65350462.0,217.1849367259453,-0.1705097239591539,217.1849367259453
1789650000,1789650062.0,65386263.0,218.6463980323075,0.4901610629536977,218.6463980323075
1789653600,1789653663.0,65422058.0,218.9620393253909,-0.0003364647144268,218.9620393253909
1789657200,1789657261.0,65457857.0,219.3836664882049,0.0700883715173584,219.3836664882049
1789660800,1789660861.0,65493650.0,219.14299654491455,0.7196696728732173,219.14299654491455
1789664400,1789664463.0,65529465.0,218.9866328503029,-2.2517343428272456,218.9866328503029
1789668000,1789668062.0,65565292.0,219.4257161713756,0.0099922544124168,219.4257161713756
1789671600,1789671658.0,65601077.0,219.57449337700365,4.912198616475111,219.57449337700365
1789675200,1789675261.0,65636889.0,219.55093497421916,84.65201904507563,219.55093497421916
1789678800,1789678858.0,65672663.0,219.39343870372863,-1.1060673827348002,219.39343870372863
1789682400,1789682458.0,65708432.0,219.4207935980708,0.020509536460145,219.4207935980708
1789686000,1789686059.0,65744317.0,219.33793328871425,-0.551043035237907,219.33793328871425
1789689600,1789689646.0,65779947.0,219.33732219808184,0.1931959122286528,219.33732219808184
1789693200,1789693252.0,65815782.0,219.33929429594556,-0.3383475055447956,219.33929429594556
1789696800,1789696861.0,65851540.0,219.38883560235104,-0.0221542318102827,219.38883560235104
1789700400,1789700461.0,65887265.0,219.8925596853807,0.0519700360078421,219.8925596853807
1789704000,1789704051.0,65922917.0,220.85069907184229,1.454689079776301,220.85069907184229
1789707600,1789707649.0,65958531.0,220.78218506656376,-0.0111059369725551,220.78218506656376
1789711200,1789711259.0,65994189.0,220.83334637760697,0.01861878364595,220.83334637760697
1789714800,1789714857.0,66029849.0,221.32324725693144,-0.0277734141158244,221.32324725693144
1789718400,1789718454.0,66065497.0,221.89972130112773,-0.1109981266000953,221.89972130112773
1789722000,1789722053.0,66101204.0,221.66105964245045,-0.0219950970713959,221.66105964245045
1789725600,1789725655.0,66136974.0,221.04736888740783,-0.251325,221.04736888740783
1789729200,1789729255.0,66172673.0,220.84387189583356,-0.251553,220.84387189583356
1789732800,1789732855.0,66208431.0,220.10188817098896,-0.252399,220.10188817098896
1789736400,1789736459.0,66244313.0,219.37909799658595,9.1034062191026e-05,219.37909799658595
1789740000,1789740057.0,66280094.0,219.68307882831215,-0.1135727965983316,219.68307882831215
1789743600,1789743663.0,66315947.0,219.38809980450853,-0.5824825155362875,219.38809980450853
1789747200,1789747259.0,66351707.0,219.7148853842586,-0.0108947512908201,219.7148853842586
1789750800,1789750860.0,66387472.0,219.81459492116167,-0.1169183722133987,219.81459492116167
1789754400,1789754459.0,66423123.0,219.76116862893417,-0.1172045263950861,219.76116862893417
1789758000,1789758063.0,66458835.0,219.794219167447,0.0025368308488425,219.794219167447
1789761600,1789761656.0,66494475.0,222.10129502683137,16.15378075521967,222.10129502683137
1789765200,1789765250.0,66530192.0,222.05458229459703,-0.0095493594411524,222.05458229459703
1789768800,1789768863.0,66566007.0,222.30851848415816,-0.2338748179979502,222.30851848415816
1789772400,1789772428.0,66601460.0,222.3055077090571,-0.0014389162184955,222.3055077090571
1789776000,1789776059.0,66637513.0,222.64348770237387,0.0808013529526165,222.64348770237387
1789779600,1789779612.0,66672825.0,222.68898624202495,-0.4715519231636101,222.68898624202495
1789783200,1789783237.0,66708830.0,222.49212463064305,0.3375224534817333,222.49212463064305
1789786800,1789786860.0,66744758.0,222.4336559313564,0.0230031055089411,222.4336559313564
1789790400,1789790457.0,66780403.0,222.40477578036823,-0.5825998988545189,222.40477578036823
1789794000,,,,,
1789797600,1789797649.0,66851704.0,222.4539633358108,0.940056381154564,222.4539633358108
1789801200,,,,,
1789804800,1789804843.0,66923133.0,222.36823063011104,-2.9218955811490863,222.36823063011104
1789808400,1789808460.0,66958916.0,222.44550810233488,2.695336252965851,222.44550810233488
1789812000,1789812030.0,66994325.0,222.4042410609902,0.0010705171221184,222.4042410609902
1789815600,1789815659.0,67030345.0,222.3827353204884,0.003781374990459,222.3827353204884
1789819200,1789819256.0,67066074.0,222.3329332083384,1.8860741823227711,222.3329332083384
1789822800,1789822818.0,67101466.0,222.2310500671708,1.0529994675584156,222.2310500671708
1789826400,1789826451.0,67137538.0,222.2471179471452,3.715124160578495,222.2471179471452
1789830000,1789830060.0,67173274.0,222.2588429125582,-0.0217361027925076,222.2588429125582
1789833600,1789833666.0,67209028.0,222.4830098098223,-0.023668890634464,222.4830098098223
1789837200,1789837264.0,67244815.0,222.5186361952888,-0.9811938719893354,222.5186361952888
1789840800,1789840854.0,67280517.0,222.5194378712852,0.334318244304089,222.5194378712852
1789844400,1789844457.0,67316410.0,222.47048641457295,0.1373819238860014,222.47048641457295
1789848000,1789848054.0,67352304.0,222.37202545170027,-0.0238446901852683,222.37202545170027
1789851600,1789851653.0,67388157.0,222.39412453745496,0.249300736210112,222.39412453745496
1789855200,1789855249.0,67423927.0,222.39238181240117,100.0,222.39238181240117
1789858800,1789858851.0,67459585.0,222.27086241922967,0.0450006533601487,222.27086241922967
1789862400,1789862454.0,67495200.0,222.22711409624895,0.005309431150154,222.22711409624895
1789866000,1789866044.0,67530891.0,222.2788644314416,0.8467852196705539,222.2788644314416
1789869600,1789869635.0,67566422.0,222.27556772860925,0.005480612241336,222.27556772860925
1789873200,1789873257.0,67602359.0,222.13107815716097,-0.0343779138463849,222.13107815716097
1789876800,1789876839.0,67637891.0,221.03593241361753,-0.1735500234778074,221.03593241361753
1789880400,1789880438.0,67673298.0,220.89146522063712,0.0606661116779555,220.89146522063712
1789884000,1789884052.0,67708844.0,220.8736565732272,0.0001388256888935,220.8736565732272
1789887600,1789887661.0,67744336.0,220.8784052005141,-0.5765900854158588,220.8784052005141
1789891200,1789891268.0,67779782.0,220.8638653471538,-0.1153932633698795,220.8638653471538
1789894800,1789894854.0,67815321.0,220.79424383019884,-0.5243119188922074,220.79424383019884
1789898400,1789898453.0,67850868.0,220.78364399596083,0.1886585118428085,220.78364399596083
1789902000,1789902052.0,67886340.0,220.80727116994063,-0.44745863322792,220.80727116994063
1789905600,1789905639.0,67921925.0,220.70983146608853,0.2401968609203701,220.70983146608853
1789909200,1789909258.0,67957869.0,220.51047229254473,0.0008895342877805,220.51047229254473
1789912800,1789912860.0,67993656.0,220.64731724180635,-0.044845549666392,220.64731724180635
1789916400,1789916464.0,68029566.0,220.9047744857772,-0.0719596650365923,220.9047744857772
1789920000,1789920062.0,68065428.0,221.060470310556,0.0479700937019312,221.060470310556
1789923600,1789923659.0,68101320.0,221.27112247653045,0.0048587308727316,221.27112247653045
1789927200,1789927259.0,68137189.0,221.2569666974269,-0.1760814723404963,221.2569666974269
1789930800,1789930846.0,68172967.0,221.36274218169848,0.0002160244179041,221.36274218169848
1789934400,1789934446.0,68208856.0,221.41804539987575,-0.1176678779193371,221.41804539987575
1789938000,1789938044.0,68244655.0,221.5390589276336,-0.0352918722988755,221.5390589276336
1789941600,1789941643.0,68280468.0,221.3708954549014,0.8513197630718292,221.3708954549014
1789945200,1789945259.0,68316265.0,222.13978998416468,1.540514249400763,222.13978998416468
1789948800,1789948864.0,68351842.0,222.5989748738482,-0.0712621670369831,222.5989748738482
1789952400,1789952449.0,68387397.0,223.35719771014683,0.0002078320729663,223.35719771014683
1789956000,1789956050.0,68423090.0,223.30845540467487,3.8067486957600223,223.30845540467487
1789959600,1789959670.0,68458884.0,223.3535602258115,-3.579990410961616,223.3535602258115
1789963200,1789963251.0,68494584.0,223.57212459882405,0.0001936700471479,223.57212459882405
1789966800,1789966834.0,68530178.0,223.5499736197787,0.2145625247638222,223.5499736197787
1789970400,1789970452.0,68566037.0,223.3551391531621,-0.3542160648542318,223.3551391531621
1789974000,1789974061.0,68601739.0,223.50716671443644,-1.178070242094562,223.50716671443644
1789977600,1789977643.0,68637254.0,223.7021435000948,13.018041023842152,223.7021435000948
1789981200,1789981261.0,68673206.0,224.29051077778772,0.176441712049866,224.29051077778772
1789984800,1789984846.0,68708838.0,224.8281252135944,0.0395024183853234,224.8281252135944
1789988400,1789988438.0,68744534.0,224.47665155733912,1.0754184496250043,224.47665155733912
1789992000,1789992057.0,68780478.0,224.66113671179943,0.0565264344675947,224.66113671179943
1789995600,1789995661.0,68816357.0,223.7743706223412,0.9667540546866692,223.7743706223412
1789999200,1789999265.0,68852271.0,224.3220178134061,0.0001270563254808,224.3220178134061
1790002800,1790002852.0,68888097.0,225.0948537474791,0.0187109895867133,225.0948537474791
1790006400,1790006462.0,68924118.0,225.17470747378428,2.553125351519837,225.17470747378428
1790010000,1790010053.0,68960026.0,226.33799594192087,-0.1807368069260555,226.33799594192087
1790013600,1790013659.0,68996046.0,227.4357458308495,0.534067,227.4357458308495
1790017200,1790017251.0,69031890.0,227.84549526264587,0.0443784484979062,227.84549526264587
1790020800,1790020839.0,69067671.0,227.477580936438,-0.0869980339642117,227.477580936438
1790024400,1790024452.0,69103645.0,227.0841497407198,-1.8352033031982056,227.0841497407198
1790028000,1790028055.0,69139467.0,227.1011391916709,-0.0207024021611011,227.1011391916709
1790031600,1790031649.0,69175212.0,227.399044410033,8.6655826686748e-05,227.399044410033
1790035200,1790035247.0,69210968.0,227.46847349037984,0.8272214037528479,227.46847349037984
1790038800,1790038846.0,69246799.0,227.78494964393568,0.0087087222192132,227.78494964393568
1790042400,1790042452.0,69282633.0,227.7575290952046,4.319856938061863,227.7575290952046
1790046000,1790046049.0,69318257.0,227.62498046782173,-0.0557101590312835,227.62498046782173
1790049600,1790049650.0,69353925.0,227.564234372945,-0.4348247110177304,227.564234372945
1790053200,,,,,
1790056800,1790056839.0,69424982.0,226.68861538433177,0.4190429069557351,226.68861538433177
1790060400,1790060450.0,69460400.0,226.3944529339576,-2.386073927239152,226.3944529339576
1790064000,1790064017.0,69495496.0,226.3027861513035,-36.283614325051545,226.3027861513035
1790067600,1790067646.0,69531350.0,226.8782276183589,-0.0098995882115962,226.8782276183589
1790071200,1790071257.0,69566988.0,227.24803835615404,0.0335779204071195,227.24803835615404
1790074800,1790074836.0,69602373.0,227.618328740046,4.7054588473e-08,227.618328740046
1790078400,1790078454.0,69638268.0,226.9578630741393,0.5547030382713893,226.9578630741393
1790082000,1790082065.0,69674131.0,226.4411304419444,0.0219076366713957,226.4411304419444
1790085600,1790085658.0,69709901.0,227.56232389371948,0.0963853160589537,227.56232389371948
1790089200,1790089260.0,69745781.0,228.38524639827935,-0.5939062914790951,228.38524639827935
1790092800,1790092861.0,69781683.0,228.5778231437238,-0.0356251946240519,228.5778231437238
1790096400,1790096456.0,69817519.0,229.47506673904476,0.0182537078469328,229.47506673904476
1790100000,1790100061.0,69853393.0,229.19644538406925,1.788876113511212,229.19644538406925
1790103600,1790103653.0,69889190.0,229.47437233197903,-0.0001530061925992,229.47437233197903
1790107200,1790107240.0,69924895.0,229.12184735416784,-0.6225634247006087,229.12184735416784
1790110800,1790110832.0,69960554.0,228.41672991292185,3.2288968815623105,228.41672991292185
1790114400,1790114459.0,69996685.0,228.4705699759274,0.8145570491483787,228.4705699759274
1790118000,1790118049.0,70032434.0,228.5647857783792,0.1181277606317484,228.5647857783792
1790121600,1790121657.0,70068304.0,228.89946297095167,0.0253312816678988,228.89946297095167
1790125200,1790125252.0,70104012.0,228.6236647330664,0.0145385644305303,228.6236647330664
1790128800,1790128852.0,70139819.0,228.4372118445903,0.4830252071228096,228.4372118445903
1790132400,1790132451.0,70175546.0,228.45069755934028,-9.73481480912111,228.45069755934028
1790136000,1790136017.0,70211015.0,228.68095548215564,-1.4062820160958156,228.68095548215564
1790139600,1790139646.0,70247052.0,228.89539409801577,-0.166583732395697,228.89539409801577
1790143200,1790143256.0,70282799.0,228.8646822094802,0.6728007793731202,228.8646822094802
1790146800,1790146858.0,70318537.0,229.07248600868985,8.159419860000504,229.07248600868985
1790150400,1790150458.0,70354200.0,229.06743997576675,0.5347081539219559,229.06743997576675
1790154000,,,,,
1790157600,,,,,
1790161200,1790161235.0,70460877.0,229.1570952190734,15.732220514197373,229.1570952190734
1790164800,1790164860.0,70496807.0,228.00221575371657,0.4558785355190535,228.00221575371657
1790168400,1790168463.0,70532579.0,227.75629036853013,22.17939633663908,227.75629036853013
1790172000,1790172060.0,70568344.0,228.06220933782816,-0.7132614021783935,228.06220933782816
1790175600,1790175658.0,70604119.0,226.303649954416,-0.3507232440429654,226.303649954416
1790179200,1790179265.0,70639981.0,224.84242459865715,1.1222253036916132,224.84242459865715
1790182800,1790182834.0,70675545.0,224.77469678047163,0.1015503052060568,224.77469678047163
1790186400,1790186447.0,70711561.0,225.4157365213932,0.0166324599798618,225.4157365213932
1790190000,1790190060.0,70747476.0,225.5287129879464,-3.5150482675692705,225.5287129879464
1790193600,1790193654.0,70783259.0,225.63679879091185,-1.174549936104644,225.63679879091185
1790197200,1790197245.0,70818957.0,225.464126768635,1.1116968316524192,225.464126768635
1790200800,1790200849.0,70854708.0,225.37092660761525,-1.1002666851923812,225.37092660761525
1790204400,1790204458.0,70890440.0,225.43354548202396,0.0004205600618937,225.43354548202396
1790208000,1790208055.0,70926077.0,225.36020280131095,-0.4068846161273524,225.36020280131095
1790211600,1790211658.0,70961812.0,225.14501563189523,0.0002890494063836,225.14501563189523
1790215200,1790215255.0,70997502.0,225.1381013777604,-0.5584120925133764,225.1381013777604
1790218800,1790218848.0,71033036.0,225.60716248261772,-0.0033227019865221,225.60716248261772
1790222400,,,,,
1790226000,1790226057.0,71104085.0,225.2145511557021,-0.0059481237035508,225.2145511557021
1790229600,1790229661.0,71139607.0,224.6087153110213,-0.059077004178379,224.6087153110213
1790233200,1790233248.0,71175040.0,224.21361952574787,53.363764106876346,224.21361952574787
1790236800,1790236825.0,71210372.0,224.4395597270129,0.371294,224.4395597270129
1790240400,1790240431.0,71246133.0,222.96521196851128,-8.016400650370771,222.96521196851128
1790244000,1790244047.0,71281948.0,223.079064971859,-60.04154389428058,223.079064971859
1790247600,1790247625.0,71317280.0,223.611673483543,0.372655,223.611673483543
1790251200,1790251265.0,71353376.0,223.21951955927025,1.4225658681727331,223.21951955927025
1790254800,1790254834.0,71388779.0,223.20761090284788,-0.0587041989519207,223.20761090284788
1790258400,1790258459.0,71424830.0,222.92477749413632,0.0067311922646287,222.92477749413632
1790262000,1790262045.0,71460514.0,221.84875370580423,-0.0118329492348952,221.84875370580423
1790265600,1790265649.0,71496334.0,222.5176414083924,0.0067329786361286,222.5176414083924
1790269200,1790269248.0,71532141.0,224.4104408927652,-0.1182940725663506,224.4104408927652
1790272800,1790272863.0,71568073.0,224.15011940991724,-0.0167194090456657,224.15011940991724
1790276400,1790276452.0,71603821.0,224.4300286892532,1.936150990015848,224.4300286892532
1790280000,1790280047.0,71639703.0,224.6898587786816,-0.5315715126304319,224.6898587786816
1790283600,1790283648.0,71675531.0,224.20268579954447,-1.18638251210865,224.20268579954447
1790287200,1790287242.0,71711267.0,224.30743310623455,6.544392424230486,224.30743310623455
1790290800,1790290854.0,71747217.0,224.20907240642484,-0.0227008394066948,224.20907240642484
1790294400,1790294455.0,71782887.0,224.1576529832599,0.0055800118236785,224.1576529832599
1790298000,1790298021.0,71818329.0,224.1174971915113,0.0323428617480362,224.1174971915113
1790301600,1790301626.0,71854091.0,224.95516436777376,0.0239115353081767,224.95516436777376
1790305200,1790305235.0,71889813.0,224.6996059887754,0.3808426408694122,224.6996059887754
1790308800,1790308844.0,71925513.0,224.819413664516,0.0218052518307866,224.819413664516
1790312400,1790312459.0,71961173.0,224.7217596725866,-0.5960812629711422,224.7217596725866
1790316000,1790316051.0,71996596.0,225.1193086268519,0.9985494252610082,225.1193086268519
1790319600,,,,,
1790323200,1790323260.0,72067845.0,225.539747728784,-63.271630743853386,225.539747728784
1790326800,1790326827.0,72103232.0,226.5439604945282,-30.669245160287968,226.5439604945282
1790330400,1790330448.0,72139062.0,226.42942668418877,0.2221615107352882,226.42942668418877
1790334000,1790334061.0,72174779.0,225.84433406107783,-5.942760848263683,225.84433406107783
1790337600,1790337616.0,72209954.0,226.2578402242861,0.0006980772924761,226.2578402242861
1790341200,1790341261.0,72246148.0,225.66630918742987,0.0052616964684572,225.66630918742987
1790344800,1790344855.0,72281893.0,225.53448742123456,1.5071858850011095,225.53448742123456
1790348400,1790348454.0,72317769.0,224.58003212512375,0.0657622576590254,224.58003212512375
1790352000,1790352063.0,72353654.0,225.4063266041421,0.4324767732527474,225.4063266041421
1790355600,1790355652.0,72389417.0,224.85373586372413,-1.181018702560846,224.85373586372413
1790359200,1790359249.0,72425206.0,225.01072741085656,-0.1181604781828584,225.01072741085656
1790362800,1790362858.0,72461142.0,224.290045019506,13.487444952497592,224.290045019506
1790366400,1790366442.0,72496769.0,225.059235553745,0.029288462608163,225.059235553745
1790370000,1790370009.0,72532293.0,225.20062306408903,-20.879999999809534,225.20062306408903
1790373600,1790373647.0,72568472.0,225.29201828314572,-0.1176868819202049,225.29201828314572
1790377200,1790377241.0,72604088.0,225.26538959494735,9.17511867338308,225.26538959494735
1790380800,1790380850.0,72639814.0,225.23314999807303,-0.0591036124119849,225.23314999807303
1790384400,1790384454.0,72675531.0,224.8535628528863,0.580261960208201,224.8535628528863
1790388000,1790388049.0,72711001.0,224.87978427037848,0.241849309193555,224.87978427037848
1790391600,1790391650.0,72746552.0,224.84368348001195,1.5308756410590774,224.84368348001195
1790395200,1790395247.0,72782111.0,224.8403532931475,0.4437717440857301,224.8403532931475
1790398800,1790398816.0,72817272.0,224.85666170581212,0.444408480552619,224.85666170581212
1790402400,1790402455.0,72853064.0,224.865368359519,2.2228561325441194,224.865368359519
1790406000,1790406060.0,72888586.0,224.8386585666252,1.7638814531527025,224.8386585666252
1790409600,1790409655.0,72924012.0,224.55989323531048,-3.098491827217504,224.55989323531048
1790413200,1790413270.0,72959664.0,224.52706824601373,-0.4451581044446551,224.52706824601373
1790416800,1790416827.0,72994862.0,224.5020766245441,0.0052175058998243,224.5020766245441
1790420400,1790420461.0,73030835.0,224.6406586447523,-2.0760149611951153,224.6406586447523
1790424000,1790424052.0,73066408.0,224.62842703515344,-0.296087869127527,224.62842703515344
1790427600,1790427660.0,73102209.0,224.62007645674225,-0.1968026964311538,224.62007645674225
1790431200,1790431251.0,73137920.0,224.57828011314032,-0.1183064960643443,224.57828011314032
1790434800,1790434859.0,73173833.0,224.8238817324175,0.6016523261052087,224.8238817324175
