hour,ts,block,price_quote,amount_stock,price_usd
1782086400,,,,,
1782090000,,,,,
1782093600,,,,,
1782097200,,,,,
1782100800,,,,,
1782104400,,,,,
1782108000,,,,,
1782111600,,,,,
1782115200,,,,,
1782118800,,,,,
1782122400,,,,,
1782126000,,,,,
1782129600,,,,,
1782133200,,,,,
1782136800,,,,,
1782140400,,,,,
1782144000,,,,,
1782147600,,,,,
1782151200,,,,,
1782154800,,,,,
1782158400,,,,,
1782162000,,,,,
1782165600,,,,,
1782169200,,,,,
1782172800,,,,,
1782176400,,,,,
1782180000,,,,,
1782183600,,,,,
1782187200,,,,,
1782190800,,,,,
1782194400,,,,,
1782198000,,,,,
1782201600,,,,,
1782205200,,,,,
1782208800,,,,,
1782212400,,,,,
1782216000,,,,,
1782219600,,,,,
1782223200,,,,,
1782226800,,,,,
1782230400,,,,,
1782234000,,,,,
1782237600,,,,,
1782241200,,,,,
1782244800,,,,,
1782248400,,,,,
1782252000,,,,,
1782255600,,,,,
1782259200,,,,,
1782262800,,,,,
1782266400,,,,,
1782270000,,,,,
1782273600,,,,,
1782277200,,,,,
1782280800,,,,,
1782284400,,,,,
1782288000,,,,,
1782291600,,,,,
1782295200,,,,,
1782298800,,,,,
1782302400,,,,,
1782306000,,,,,
1782309600,,,,,
1782313200,,,,,
1782316800,,,,,
1782320400,,,,,
1782324000,,,,,
1782327600,,,,,
1782331200,,,,,
1782334800,,,,,
1782338400,,,,,
1782342000,,,,,
1782345600,,,,,
1782349200,,,,,
1782352800,,,,,
1782356400,,,,,
1782360000,,,,,
1782363600,,,,,
1782367200,,,,,
1782370800,,,,,
1782374400,,,,,
1782378000,,,,,
1782381600,,,,,
1782385200,,,,,
1782388800,,,,,
1782392400,,,,,
1782396000,,,,,
1782399600,,,,,
1782403200,,,,,
1782406800,,,,,
1782410400,,,,,
1782414000,,,,,
1782417600,,,,,
1782421200,,,,,
1782424800,,,,,
1782428400,,,,,
1782432000,,,,,
1782435600,,,,,
1782439200,,,,,
1782442800,,,,,
1782446400,,,,,
1782450000,,,,,
1782453600,,,,,
1782457200,,,,,
1782460800,,,,,
1782464400,,,,,
1782468000,,,,,
1782471600,,,,,
1782475200,,,,,
1782478800,,,,,
1782482400,,,,,
1782486000,,,,,
1782489600,,,,,
1782493200,,,,,
1782496800,,,,,
1782500400,,,,,
1782504000,,,,,
1782507600,,,,,
1782511200,,,,,
1782514800,,,,,
1782518400,,,,,
1782522000,,,,,
1782525600,,,,,
1782529200,,,,,
1782532800,,,,,
1782536400,,,,,
1782540000,,,,,
1782543600,,,,,
1782547200,,,,,
1782550800,,,,,
1782554400,,,,,
1782558000,,,,,
1782561600,,,,,
1782565200,,,,,
1782568800,,,,,
1782572400,,,,,
1782576000,,,,,
1782579600,,,,,
1782583200,,,,,
1782586800,,,,,
1782590400,,,,,
1782594000,,,,,
1782597600,,,,,
1782601200,,,,,
1782604800,,,,,
1782608400,,,,,
1782612000,,,,,
1782615600,,,,,
1782619200,,,,,
1782622800,,,,,
1782626400,,,,,
1782630000,,,,,
1782633600,,,,,
1782637200,,,,,
1782640800,,,,,
1782644400,,,,,
1782648000,,,,,
1782651600,,,,,
1782655200,,,,,
1782658800,,,,,
1782662400,,,,,
1782666000,,,,,
1782669600,,,,,
1782673200,,,,,
1782676800,,,,,
1782680400,,,,,
1782684000,,,,,
1782687600,,,,,
1782691200,,,,,
1782694800,,,,,
1782698400,,,,,
1782702000,,,,,
1782705600,,,,,
1782709200,,,,,
1782712800,,,,,
1782716400,,,,,
1782720000,,,,,
1782723600,,,,,
1782727200,,,,,
1782730800,,,,,
1782734400,,,,,
1782738000,,,,,
1782741600,,,,,
1782745200,,,,,
1782748800,,,,,
1782752400,,,,,
1782756000,,,,,
1782759600,,,,,
1782763200,,,,,
1782766800,,,,,
1782770400,,,,,
1782774000,,,,,
1782777600,,,,,
1782781200,,,,,
1782784800,,,,,
1782788400,,,,,
1782792000,,,,,
1782795600,,,,,
1782799200,,,,,
1782802800,,,,,
1782806400,,,,,
1782810000,,,,,
1782813600,,,,,
1782817200,,,,,
1782820800,,,,,
1782824400,,,,,
1782828000,,,,,
1782831600,,,,,
1782835200,,,,,
1782838800,,,,,
1782842400,,,,,
1782846000,,,,,
1782849600,,,,,
1782853200,,,,,
1782856800,,,,,
1782860400,,,,,
1782864000,,,,,
1782867600,,,,,
1782871200,,,,,
1782874800,,,,,
1782878400,,,,,
1782882000,,,,,
1782885600,,,,,
1782889200,,,,,
1782892800,,,,,
1782896400,,,,,
1782900000,,,,,
1782903600,,,,,
1782907200,,,,,
1782910800,,,,,
1782914400,,,,,
1782918000,,,,,
1782921600,,,,,
1782925200,,,,,
1782928800,,,,,
1782932400,,,,,
1782936000,,,,,
1782939600,,,,,
1782943200,,,,,
1782946800,,,,,
1782950400,,,,,
1782954000,,,,,
1782957600,,,,,
1782961200,,,,,
1782964800,,,,,
1782968400,,,,,
1782972000,,,,,
1782975600,,,,,
1782979200,,,,,
1782982800,,,,,
1782986400,,,,,
1782990000,,,,,
1782993600,,,,,
1782997200,,,,,
1783000800,,,,,
1783004400,,,,,
1783008000,,,,,
1783011600,,,,,
1783015200,,,,,
1783018800,,,,,
1783022400,,,,,
1783026000,,,,,
1783029600,,,,,
1783033200,,,,,
1783036800,,,,,
1783040400,,,,,
1783044000,,,,,
1783047600,,,,,
1783051200,,,,,
1783054800,,,,,
1783058400,,,,,
1783062000,,,,,
1783065600,,,,,
1783069200,,,,,
1783072800,,,,,
1783076400,,,,,
1783080000,,,,,
1783083600,,,,,
1783087200,,,,,
1783090800,,,,,
1783094400,,,,,
1783098000,,,,,
1783101600,,,,,
1783105200,,,,,
1783108800,,,,,
1783112400,,,,,
1783116000,,,,,
1783119600,,,,,
1783123200,,,,,
1783126800,,,,,
1783130400,,,,,
1783134000,,,,,
1783137600,,,,,
1783141200,,,,,
1783144800,,,,,
1783148400,,,,,
1783152000,,,,,
1783155600,,,,,
1783159200,,,,,
1783162800,,,,,
1783166400,,,,,
1783170000,,,,,
1783173600,,,,,
1783177200,,,,,
1783180800,,,,,
1783184400,,,,,
1783188000,,,,,
1783191600,,,,,
1783195200,,,,,
1783198800,,,,,
1783202400,,,,,
1783206000,,,,,
1783209600,,,,,
1783213200,,,,,
1783216800,,,,,
1783220400,,,,,
1783224000,,,,,
1783227600,,,,,
1783231200,,,,,
1783234800,,,,,
1783238400,,,,,
1783242000,,,,,
1783245600,,,,,
1783249200,,,,,
1783252800,,,,,
1783256400,,,,,
1783260000,,,,,
1783263600,,,,,
1783267200,,,,,
1783270800,,,,,
1783274400,,,,,
1783278000,,,,,
1783281600,,,,,
1783285200,,,,,
1783288800,,,,,
1783292400,,,,,
1783296000,,,,,
1783299600,,,,,
1783303200,,,,,
1783306800,,,,,
1783310400,,,,,
1783314000,,,,,
1783317600,,,,,
1783321200,,,,,
1783324800,,,,,
1783328400,,,,,
1783332000,,,,,
1783335600,,,,,
1783339200,,,,,
1783342800,,,,,
1783346400,,,,,
1783350000,,,,,
1783353600,,,,,
1783357200,,,,,
1783360800,,,,,
1783364400,,,,,
1783368000,,,,,
1783371600,,,,,
1783375200,,,,,
1783378800,,,,,
1783382400,,,,,
1783386000,,,,,
1783389600,,,,,
1783393200,,,,,
1783396800,,,,,
1783400400,,,,,
1783404000,,,,,
1783407600,,,,,
1783411200,,,,,
1783414800,,,,,
1783418400,,,,,
1783422000,,,,,
1783425600,,,,,
1783429200,,,,,
1783432800,,,,,
1783436400,,,,,
1783440000,,,,,
1783443600,,,,,
1783447200,,,,,
1783450800,,,,,
1783454400,,,,,
1783458000,,,,,
1783461600,,,,,
1783465200,,,,,
1783468800,,,,,
1783472400,,,,,
1783476000,,,,,
1783479600,,,,,
1783483200,,,,,
1783486800,,,,,
1783490400,,,,,
1783494000,,,,,
1783497600,,,,,
1783501200,,,,,
1783504800,,,,,
1783508400,,,,,
1783512000,,,,,
1783515600,,,,,
1783519200,,,,,
1783522800,,,,,
1783526400,,,,,
1783530000,,,,,
1783533600,,,,,
1783537200,,,,,
1783540800,,,,,
1783544400,,,,,
1783548000,,,,,
1783551600,,,,,
1783555200,,,,,
1783558800,,,,,
1783562400,,,,,
1783566000,,,,,
1783569600,,,,,
1783573200,,,,,
1783576800,,,,,
1783580400,,,,,
1783584000,,,,,
1783587600,,,,,
1783591200,,,,,
1783594800,,,,,
1783598400,,,,,
1783602000,,,,,
1783605600,,,,,
1783609200,,,,,
1783612800,,,,,
1783616400,,,,,
1783620000,,,,,
1783623600,,,,,
1783627200,,,,,
1783630800,,,,,
1783634400,,,,,
1783638000,,,,,
1783641600,,,,,
1783645200,,,,,
1783648800,,,,,
1783652400,,,,,
1783656000,,,,,
1783659600,,,,,
1783663200,,,,,
1783666800,,,,,
1783670400,,,,,
1783674000,,,,,
1783677600,,,,,
1783681200,,,,,
1783684800,,,,,
1783688400,,,,,
1783692000,,,,,
1783695600,,,,,
1783699200,,,,,
1783702800,,,,,
1783706400,,,,,
1783710000,,,,,
1783713600,,,,,
1783717200,,,,,
1783720800,,,,,
1783724400,,,,,
1783728000,,,,,
1783731600,,,,,
1783735200,,,,,
1783738800,,,,,
1783742400,,,,,
1783746000,,,,,
1783749600,,,,,
1783753200,,,,,
1783756800,,,,,
1783760400,,,,,
1783764000,,,,,
1783767600,,,,,
1783771200,,,,,
1783774800,,,,,
1783778400,,,,,
1783782000,,,,,
1783785600,,,,,
1783789200,,,,,
1783792800,,,,,
1783796400,,,,,
1783800000,,,,,
1783803600,,,,,
1783807200,,,,,
1783810800,,,,,
1783814400,,,,,
1783818000,,,,,
1783821600,,,,,
1783825200,,,,,
1783828800,,,,,
1783832400,,,,,
1783836000,,,,,
1783839600,,,,,
1783843200,,,,,
1783846800,,,,,
1783850400,,,,,
1783854000,,,,,
1783857600,,,,,
1783861200,,,,,
1783864800,,,,,
1783868400,,,,,
1783872000,,,,,
1783875600,,,,,
1783879200,,,,,
1783882800,,,,,
1783886400,,,,,
1783890000,,,,,
1783893600,,,,,
1783897200,,,,,
1783900800,,,,,
1783904400,,,,,
1783908000,,,,,
1783911600,,,,,
1783915200,,,,,
1783918800,,,,,
1783922400,,,,,
1783926000,,,,,
1783929600,,,,,
1783933200,,,,,
1783936800,,,,,
1783940400,,,,,
1783944000,,,,,
1783947600,,,,,
1783951200,,,,,
1783954800,,,,,
1783958400,,,,,
1783962000,,,,,
1783965600,,,,,
1783969200,,,,,
1783972800,,,,,
1783976400,,,,,
1783980000,,,,,
1783983600,,,,,
1783987200,,,,,
1783990800,,,,,
1783994400,,,,,
1783998000,,,,,
1784001600,,,,,
1784005200,,,,,
1784008800,,,,,
1784012400,,,,,
1784016000,,,,,
1784019600,,,,,
1784023200,,,,,
1784026800,,,,,
1784030400,,,,,
1784034000,,,,,
1784037600,,,,,
1784041200,,,,,
1784044800,,,,,
1784048400,,,,,
1784052000,,,,,
1784055600,,,,,
1784059200,,,,,
1784062800,,,,,
1784066400,,,,,
1784070000,,,,,
1784073600,,,,,
1784077200,,,,,
1784080800,,,,,
1784084400,,,,,
1784088000,,,,,
1784091600,,,,,
1784095200,,,,,
1784098800,,,,,
1784102400,,,,,
1784106000,,,,,
1784109600,,,,,
1784113200,,,,,
1784116800,,,,,
1784120400,,,,,
1784124000,,,,,
1784127600,,,,,
1784131200,,,,,
1784134800,,,,,
1784138400,,,,,
1784142000,,,,,
1784145600,,,,,
1784149200,,,,,
1784152800,,,,,
1784156400,,,,,
1784160000,,,,,
1784163600,,,,,
1784167200,,,,,
1784170800,,,,,
1784174400,,,,,
1784178000,,,,,
1784181600,,,,,
1784185200,,,,,
1784188800,,,,,
1784192400,,,,,
1784196000,,,,,
1784199600,,,,,
1784203200,,,,,
1784206800,,,,,
1784210400,,,,,
1784214000,,,,,
1784217600,,,,,
1784221200,,,,,
1784224800,,,,,
1784228400,,,,,
1784232000,,,,,
1784235600,,,,,
1784239200,,,,,
1784242800,,,,,
1784246400,,,,,
1784250000,,,,,
1784253600,,,,,
1784257200,,,,,
1784260800,,,,,
1784264400,,,,,
1784268000,,,,,
1784271600,,,,,
1784275200,,,,,
1784278800,,,,,
1784282400,,,,,
1784286000,,,,,
1784289600,,,,,
1784293200,,,,,
1784296800,,,,,
1784300400,,,,,
1784304000,,,,,
1784307600,,,,,
1784311200,,,,,
1784314800,,,,,
1784318400,,,,,
1784322000,,,,,
1784325600,,,,,
1784329200,,,,,
1784332800,,,,,
1784336400,,,,,
1784340000,,,,,
1784343600,,,,,
1784347200,,,,,
1784350800,,,,,
1784354400,,,,,
1784358000,,,,,
1784361600,,,,,
1784365200,,,,,
1784368800,,,,,
1784372400,,,,,
1784376000,,,,,
1784379600,,,,,
1784383200,,,,,
1784386800,,,,,
1784390400,,,,,
1784394000,,,,,
1784397600,,,,,
1784401200,,,,,
1784404800,,,,,
1784408400,,,,,
1784412000,,,,,
1784415600,,,,,
1784419200,,,,,
1784422800,,,,,
1784426400,,,,,
1784430000,,,,,
1784433600,,,,,
1784437200,,,,,
1784440800,,,,,
1784444400,,,,,
1784448000,,,,,
1784451600,,,,,
1784455200,,,,,
1784458800,,,,,
1784462400,,,,,
1784466000,,,,,
1784469600,,,,,
1784473200,,,,,
1784476800,,,,,
1784480400,,,,,
1784484000,,,,,
1784487600,,,,,
1784491200,,,,,
1784494800,,,,,
1784498400,,,,,
1784502000,,,,,
1784505600,,,,,
1784509200,,,,,
1784512800,,,,,
1784516400,,,,,
1784520000,,,,,
1784523600,,,,,
1784527200,,,,,
1784530800,,,,,
1784534400,,,,,
1784538000,,,,,
1784541600,,,,,
1784545200,,,,,
1784548800,,,,,
1784552400,,,,,
1784556000,,,,,
1784559600,,,,,
1784563200,,,,,
1784566800,,,,,
1784570400,,,,,
1784574000,,,,,
1784577600,,,,,
1784581200,,,,,
1784584800,,,,,
1784588400,,,,,
1784592000,,,,,
1784595600,,,,,
1784599200,,,,,
1784602800,,,,,
1784606400,,,,,
1784610000,,,,,
1784613600,,,,,
1784617200,,,,,
1784620800,,,,,
1784624400,,,,,
1784628000,,,,,
1784631600,,,,,
1784635200,,,,,
1784638800,,,,,
1784642400,,,,,
1784646000,,,,,
1784649600,,,,,
1784653200,,,,,
1784656800,,,,,
1784660400,,,,,
1784664000,,,,,
1784667600,,,,,
1784671200,,,,,
1784674800,,,,,
1784678400,,,,,
1784682000,,,,,
1784685600,,,,,
1784689200,,,,,
1784692800,,,,,
1784696400,,,,,
1784700000,,,,,
1784703600,,,,,
1784707200,,,,,
1784710800,,,,,
1784714400,,,,,
1784718000,,,,,
1784721600,,,,,
1784725200,,,,,
1784728800,,,,,
1784732400,,,,,
1784736000,,,,,
1784739600,,,,,
1784743200,,,,,
1784746800,,,,,
1784750400,,,,,
1784754000,,,,,
1784757600,,,,,
1784761200,,,,,
1784764800,,,,,
1784768400,,,,,
1784772000,,,,,
1784775600,,,,,
1784779200,,,,,
1784782800,,,,,
1784786400,,,,,
1784790000,,,,,
1784793600,,,,,
1784797200,,,,,
1784800800,,,,,
1784804400,,,,,
1784808000,,,,,
1784811600,,,,,
1784815200,,,,,
1784818800,,,,,
1784822400,,,,,
1784826000,,,,,
1784829600,,,,,
1784833200,,,,,
1784836800,,,,,
1784840400,,,,,
1784844000,,,,,
1784847600,,,,,
1784851200,,,,,
1784854800,,,,,
1784858400,,,,,
1784862000,,,,,
1784865600,,,,,
1784869200,,,,,
1784872800,,,,,
1784876400,,,,,
1784880000,,,,,
1784883600,,,,,
1784887200,,,,,
1784890800,,,,,
1784894400,,,,,
1784898000,,,,,
1784901600,,,,,
1784905200,,,,,
1784908800,,,,,
1784912400,,,,,
1784916000,,,,,
1784919600,,,,,
1784923200,,,,,
1784926800,,,,,
1784930400,,,,,
1784934000,,,,,
1784937600,,,,,
1784941200,,,,,
1784944800,,,,,
1784948400,,,,,
1784952000,,,,,
1784955600,,,,,
1784959200,,,,,
1784962800,,,,,
1784966400,,,,,
1784970000,,,,,
1784973600,1784973640.0,18921491.0,0.1116423279537119,-0.1590915216492614,207.20392369944418
1784977200,1784977255.0,18957434.0,0.1116514658068458,-0.8954133568336553,207.22088320806637
1784980800,1784980860.0,18993343.0,0.1116746385266701,-1.4396662603783037,207.2638908966231
1784984400,1784984437.0,19028973.0,0.1115348439487083,0.2252171164658637,207.00443746532596
1784988000,1784988037.0,19064883.0,0.1111652479167957,-0.6883485137780876,207.37135479651735
1784991600,1784991650.0,19100903.0,0.1111672413753429,-0.4816246845281026,207.37507346046502
1784995200,,,,,
1784998800,,,,,
1785002400,1785002457.0,19208633.0,0.1110666180532108,0.0081225424237865,207.18736736502882
1785006000,1785006046.0,19244396.0,0.1109011959307464,-0.0509319545543848,206.87878342992678
1785009600,,,,,
1785013200,1785013228.0,19315985.0,0.1111511999898837,0.9927051587257916,208.39013780279362
1785016800,,,,,
1785020400,1785020454.0,19388055.0,0.1111411626153794,0.2089083935126279,208.37131938377232
1785024000,1785024025.0,19423645.0,0.1111336604536615,-1.3682174196749288,208.35725406990838
1785027600,1785027608.0,19459310.0,0.110907100261912,0.1159644375724777,207.93249113812175
1785031200,1785031247.0,19495553.0,0.1109654972343936,-0.1019375359425627,208.04197581434488
1785034800,,,,,
1785038400,1785038402.0,19566795.0,0.110651630589421,-0.0135454677383769,207.453527705791
1785042000,1785042014.0,19602742.0,0.1104244092725896,-0.0250974411167599,208.15010683803854
1785045600,1785045649.0,19638955.0,0.1106214318303108,-0.485118789506557,208.52149452948575
1785049200,1785049210.0,19674439.0,0.1105481903187734,-0.0189550939294592,208.38343421698858
1785052800,,,,,
1785056400,1785056415.0,19746183.0,0.1106022473401371,0.0855233764424612,208.48533174894118
1785060000,,,,,
1785063600,1785063650.0,19818278.0,0.1103469921984945,0.0238085270822716,208.0041755865142
1785067200,1785067256.0,19854206.0,0.1104013797803537,0.0006950861846239,208.10669622528627
1785070800,,,,,
1785074400,1785074429.0,19925720.0,0.1102896388080993,-0.0035343787658542,207.8960643960906
1785078000,,,,,
1785081600,1785081601.0,19997277.0,0.1087532432947764,0.0014157888999832,208.20825854425868
1785085200,1785085233.0,20033564.0,0.1088156250037212,-0.8648389223378992,208.42358378314285
1785088800,1785088849.0,20069716.0,0.1089995393886908,0.177028743096683,208.77585024509006
1785092400,1785092440.0,20105558.0,0.1090184338724535,0.1544195875488287,208.81204041556805
1785096000,,,,,
1785099600,,,,,
1785103200,1785103249.0,20213434.0,0.1078843320197201,0.0786503591153378,207.75921916436744
1785106800,,,,,
1785110400,1785110451.0,20285230.0,0.1071221674154293,0.0332153394115475,208.69994853863778
1785114000,1785114014.0,20320739.0,0.1077904928984221,-0.0964863716985078,208.94913632707735
1785117600,1785117616.0,20356644.0,0.1073166111448537,0.0111470198567476,208.0305285680184
1785121200,1785121221.0,20392560.0,0.107621191222752,0.001703694355407,208.62094932320744
1785124800,,,,,
1785128400,,,,,
1785132000,1785132039.0,20500266.0,0.1065814766207534,-1.228303741848036,208.8746305480441
1785135600,1785135652.0,20536308.0,0.1063774744576307,0.108804761287289,209.16575894906077
1785139200,1785139219.0,20571847.0,0.1064728808054305,0.6251037020226098,209.35335262194923
1785142800,1785142842.0,20607908.0,0.1068648912626104,0.8158062542111861,210.12414705197358
1785146400,1785146463.0,20643934.0,0.106552202946085,-0.448505705732682,209.4715176535918
1785150000,1785150040.0,20679576.0,0.1062840910736515,0.0375622092998447,208.94443516006504
1785153600,1785153622.0,20715261.0,0.1063078916957033,0.3592530528706355,208.99122492399712
1785157200,1785157211.0,20751038.0,0.106616910909929,0.4662037496213334,208.51495734298456
1785160800,,,,,
1785164400,1785164415.0,20822971.0,0.103595576763842,1.244059827867581,199.75361869597225
1785168000,1785167999.0,20858774.0,0.1024627364471363,-0.0400436758661711,197.56926913457636
1785171600,1785171634.0,20894362.0,0.1013203529320907,0.136994998844029,196.34871194709856
1785175200,1785175282.0,20930096.0,0.1013854555803158,0.2439766380730712,196.47487436909398
1785178800,1785178861.0,20965815.0,0.1018420328928516,0.8882032494332719,197.3143014120006
1785182400,1785182444.0,21001549.0,0.1009966933266337,0.0298173362972962,196.69530716154364
1785186000,1785186051.0,21037532.0,0.101214047572284,0.133107887957698,197.1186136946871
1785189600,1785189647.0,21073421.0,0.1015102170242976,0.1092528368715008,197.69541615640017
1785193200,1785193240.0,21109201.0,0.1038375407079355,1.0134074592272186,196.5274621500979
1785196800,1785196847.0,21145156.0,0.1037619861312584,-0.1445661110229827,196.35973388269286
1785200400,1785200442.0,21181013.0,0.1041925807718924,0.0363236186212292,196.17691685474216
1785204000,1785204053.0,21217020.0,0.1039503445718932,0.1527935899299439,194.6199931212813
1785207600,1785207656.0,21252958.0,0.1035552484293423,-0.2025050139865671,193.88027831935182
1785211200,1785211230.0,21288574.0,0.1035993413944249,0.0753648241957858,193.96283093229806
1785214800,,,,,
1785218400,1785218406.0,21359941.0,0.1026561390775748,-0.1461211955240479,193.1762693933987
1785222000,,,,,
1785225600,1785225642.0,21432010.0,0.1030917519539038,0.0024088440154041,193.9959969918171
1785229200,,,,,
1785232800,,,,,
1785236400,1785236408.0,21539149.0,0.1035625271840431,3.5576156792035e-05,193.88539129268412
1785240000,1785240048.0,21575413.0,0.1042530592759145,-0.3844494799526856,195.1781763228786
1785243600,1785243644.0,21611254.0,0.1035430335502368,1.1047419843413189,194.93105588724913
1785247200,1785247246.0,21647195.0,0.1035885704268535,-1.26567835845264,193.78313869751486
1785250800,1785250841.0,21683089.0,0.104288030849078,-0.4942387889877609,196.54008252769748
1785254400,1785254450.0,21719091.0,0.1033752306816324,-0.0002053723924627,198.3358582226125
1785258000,1785258005.0,21754534.0,0.1028548332090122,-0.0005527437315649,197.33742292366864
1785261600,1785261637.0,21790773.0,0.1036101542725053,0.3190778551129772,196.39894851085955
1785265200,1785265257.0,21826849.0,0.1031940511239443,0.0384534896206637,197.11313105640014
1785268800,1785268838.0,21862536.0,0.1026450767151353,0.2448085771134634,197.0477490545304
1785272400,1785272457.0,21898632.0,0.1027535805765471,0.2679264138020494,197.25604391229797
1785276000,1785276061.0,21934609.0,0.102456419387892,-0.284424959980821,196.68558359208836
1785279600,,,,,
1785283200,1785283225.0,22006274.0,0.1027821142421139,0.353014196838593,197.2028519084
1785286800,1785286804.0,22042009.0,0.1028520566366307,0.000250131927749,197.33704684853836
1785290400,1785290444.0,22078389.0,0.1025801511945997,-0.1871227930379819,195.71581811047113
1785294000,1785294004.0,22113900.0,0.1026636357348544,0.000297635198186,195.8751008265253
1785297600,,,,,
1785301200,1785301224.0,22185894.0,0.1023847628587472,0.0212675426378471,194.37141979876515
1785304800,1785304819.0,22221668.0,0.1022757600223701,-0.0042328804825008,195.26100825259795
1785308400,1785308446.0,22257770.0,0.1024356890457326,0.0169171669359153,195.56633868811642
1785312000,1785312019.0,22293344.0,0.1022431228614497,0.0508697043724816,196.2076200648078
1785315600,1785315604.0,22329034.0,0.1027571359960352,0.0010980812757828,197.19402669047142
1785319200,1785319224.0,22365092.0,0.1030191998328858,-0.0088767951377917,197.69693505530282
1785322800,,,,,
1785326400,,,,,
1785330000,,,,,
1785333600,1785333631.0,22508647.0,0.1014804462100831,-0.0072031245576069,193.6764463964057
1785337200,1785337217.0,22544503.0,0.1016307560229463,-0.0480076073497261,192.91088704643323
1785340800,1785340802.0,22580263.0,0.101581308381656,-0.0682057014586819,191.7367511965433
1785344400,1785344429.0,22616440.0,0.1014347233516287,0.1254226071704102,191.4600690206662
1785348000,1785348038.0,22652469.0,0.1004071641408331,-0.0013404909831891,191.63610194228
1785351600,,,,,
1785355200,1785355240.0,22724405.0,0.100857558078792,-0.0098954099547662,190.0358109320599
1785358800,1785358854.0,22760488.0,0.1008007289042394,-0.0099009888365045,189.92873340136788
1785362400,1785362452.0,22796426.0,0.0998168792470862,0.0521323049172981,189.18318004554652
1785366000,1785366039.0,22832285.0,0.1002475897054225,-0.0099556205445827,191.08672982520685
1785369600,1785369654.0,22868332.0,0.1003552086777854,0.00142,191.29186750040088
1785373200,,,,,
1785376800,1785376843.0,22940048.0,0.1006388408278567,-0.0040551738299373,192.15190252770458
1785380400,1785380417.0,22975687.0,0.1003317714850277,0.0612496612938591,191.56560842945032
1785384000,,,,,
1785387600,,,,,
1785391200,1785391243.0,23083542.0,0.1006222583470469,-0.0019249109822388,191.14531207077454
1785394800,1785394842.0,23119382.0,0.1006759659219373,-0.0371893859281067,191.2473367254745
1785398400,1785398410.0,23154900.0,0.1006136035704671,0.0131861692965735,191.12887117591265
1785402000,,,,,
1785405600,,,,,
1785409200,,,,,
1785412800,,,,,
1785416400,1785416429.0,23334495.0,0.1010058175150623,0.0022545865388131,193.96046131599897
1785420000,1785420019.0,23370302.0,0.1014643610055754,0.0252149131867129,195.81850754050458
1785423600,1785423636.0,23406423.0,0.1017061732637405,-0.0009753832538105,195.17623146966994
1785427200,1785427241.0,23442395.0,0.1008559591073814,0.0380581652800962,193.54465307422663
1785430800,1785430839.0,23478250.0,0.1010380669211395,-0.0353217584894949,193.89412170203857
1785434400,1785434418.0,23513975.0,0.1010564049634396,-0.0295254418970686,193.92931278114233
1785438000,,,,,
1785441600,1785441648.0,23586116.0,0.1016012776140387,-0.0904716566510167,194.97493456753136
1785445200,1785445189.0,23621455.0,0.1020012778088974,0.005749218258807,195.74254314146918
1785448800,,,,,
1785452400,1785452429.0,23693352.0,0.1018727088839779,-0.4502177127577478,196.58580378758984
1785456000,,,,,
1785459600,1785459638.0,23765666.0,0.1032416682964779,0.0500340053670249,197.96054282307423
1785463200,,,,,
1785466800,1785466853.0,23837692.0,0.1037380363755161,0.0621837444523039,197.95707053321485
1785470400,,,,,
1785474000,1785474054.0,23909507.0,0.1042210529127195,0.0572474483512011,198.89211166397118
1785477600,,,,,
1785481200,,,,,
1785484800,,,,,
1785488400,,,,,
1785492000,,,,,
1785495600,1785495622.0,24124530.0,0.1050406435585582,0.379059753312596,197.33775624059214
1785499200,1785499244.0,24160651.0,0.1049105338274248,-0.140369497022708,197.09332169090644
1785502800,1785502836.0,24196478.0,0.1046012535556603,-0.284676380756062,196.5122830299479
1785506400,1785506462.0,24232654.0,0.1059610929615152,-0.2530676657991607,197.965918729365
1785510000,1785510014.0,24268173.0,0.1066146005848825,-0.0083208131882126,198.14571716317812
1785513600,1785513651.0,24304448.0,0.1054960639429223,-0.0191483992445746,196.0668907746851
1785517200,1785517257.0,24340473.0,0.1065826776677996,-0.0902071040835203,198.08638767861754
1785520800,,,,,
1785524400,1785524429.0,24412195.0,0.1064568211667344,0.0719693088282979,198.84959068728685
1785528000,1785528054.0,24448396.0,0.1075670230898295,0.1243990708444701,200.9233253298227
1785531600,,,,,
1785535200,1785535250.0,24520197.0,0.1072640921243185,0.1041223227109701,199.29461573849198
1785538800,,,,,
1785542400,,,,,
1785546000,1785546022.0,24627686.0,0.1070161901772141,0.0599896879460213,198.83401869888124
1785549600,1785549650.0,24663893.0,0.1069796160689619,0.1868660306110094,198.766064710685
1785553200,1785553255.0,24699844.0,0.1068354125815467,0.2379319105131613,199.52051341971983
1785556800,1785556816.0,24735353.0,0.1068931241427382,-0.0370697547026787,199.62829266670303
1785560400,,,,,
1785564000,1785564009.0,24807023.0,0.1069862372954498,0.1941735739519585,199.80218616873793
1785567600,,,,,
1785571200,,,,,
1785574800,,,,,
1785578400,,,,,
1785582000,,,,,
1785585600,1785585658.0,25022701.0,0.107302455397649,0.0739501000567966,200.39273939990775
1785589200,,,,,
1785592800,,,,,
1785596400,,,,,
1785600000,,,,,
1785603600,1785603604.0,25201495.0,0.1069009163653665,-0.2525417398955834,199.64284503489174
1785607200,,,,,
1785610800,1785610847.0,25273834.0,0.1085119072932502,0.0200829390582052,198.85119525781104
1785614400,,,,,
1785618000,,,,,
1785621600,,,,,
1785625200,1785625248.0,25417548.0,0.1076661626471844,-0.3004220874372592,198.30036139387803
1785628800,1785628851.0,25453467.0,0.1080301924233596,0.0250716590872787,198.97083421838303
1785632400,1785632452.0,25489371.0,0.107963489448123,0.0056752085819815,198.84798016869607
1785636000,,,,,
1785639600,,,,,
1785643200,,,,,
1785646800,,,,,
1785650400,1785650403.0,25668276.0,0.106931809888655,-0.0249417217124861,200.11657681311934
1785654000,,,,,
1785657600,,,,,
1785661200,,,,,
1785664800,,,,,
1785668400,,,,,
1785672000,,,,,
1785675600,1785675604.0,25919368.0,0.1080399728501997,-0.0249333015776995,199.99919386677556
1785679200,,,,,
1785682800,1785682803.0,25991152.0,0.1081423341431447,-0.0249255483661049,200.18868091987346
1785686400,,,,,
1785690000,1785690003.0,26062953.0,0.1078047931984853,-0.0249040703353976,200.60208113580944
1785693600,,,,,
1785697200,,,,,
1785700800,,,,,
1785704400,1785704448.0,26207129.0,0.1067258059193937,-0.0670161331912185,200.08405525473472
1785708000,,,,,
1785711600,,,,,
1785715200,1785715216.0,26314687.0,0.1067911155914296,-0.0738032759016348,200.22761302385035
1785718800,,,,,
1785722400,1785722418.0,26386508.0,0.1081266577903967,0.0004849896586703,201.70326979505967
1785726000,1785726027.0,26422491.0,0.1083452818795736,-0.0332941897951301,202.11109885908596
1785729600,1785729638.0,26458485.0,0.1087338322777306,0.0121647518197086,201.25913427494547
1785733200,,,,,
1785736800,,,,,
1785740400,,,,,
1785744000,1785744044.0,26602113.0,0.1092346360232229,0.0659550447837459,200.98517620456875
1785747600,1785747625.0,26637814.0,0.1090524853190694,-0.0050220275905008,199.5322418634481
1785751200,,,,,
1785754800,1785754853.0,26709876.0,0.1084520800521407,0.2761441407312832,199.4991391346055
1785758400,1785758405.0,26745304.0,0.1080137265111694,-0.0251834272781215,198.69278158002163
1785762000,1785762010.0,26781267.0,0.1079811303176118,0.5540717842096765,198.63282041974992
1785765600,1785765661.0,26817688.0,0.1090909518458545,0.0686848295987407,201.84117001471847
1785769200,1785769234.0,26853370.0,0.1102121773031333,0.1100384836281779,206.00370326837617
1785772800,1785772815.0,26889129.0,0.1111015072549084,0.0695789968487474,206.61376207874144
1785776400,1785776453.0,26925502.0,0.1109282397936423,-0.1178921593561085,207.43533142267998
1785780000,1785780059.0,26961519.0,0.1114824304680533,-0.3314342282642444,208.47166560080865
1785783600,1785783620.0,26997088.0,0.1115167025922071,-0.1642739760533706,208.53575432560612
1785787200,1785787219.0,27033021.0,0.1104710875835108,0.0964418940087591,206.5804587554886
1785790800,,,,,
1785794400,,,,,
1785798000,1785798005.0,27140607.0,0.111242596999746,-0.0241520798390383,206.86551526872836
1785801600,1785801603.0,27176497.0,0.1112173090834678,-0.0241612454938636,206.81849013652138
1785805200,1785805252.0,27212893.0,0.1112798439700838,0.0093598567275811,205.76755948508193
1785808800,1785808845.0,27248751.0,0.1111209018116761,-0.2472371776949264,206.83557118379633
1785812400,1785812416.0,27284384.0,0.1108546412846661,-0.0048093659924119,206.33996552104583
1785816000,1785816003.0,27320148.0,0.1110604517118079,-0.0241358664584963,206.72305202016008
1785819600,1785819650.0,27356524.0,0.1109294846393717,-0.0964721424798039,207.55938080129653
1785823200,,,,,
1785826800,,,,,
1785830400,1785830436.0,27464081.0,0.1117373574767095,0.0153575473421617,207.9700392299508
1785834000,1785834029.0,27499903.0,0.112126770749123,-0.0652392167259959,208.6948307890977
1785837600,1785837630.0,27535807.0,0.1122533846552354,0.0342135854404214,207.86940946115868
1785841200,1785841226.0,27571652.0,0.1118137602925136,-0.0024256557424236,208.13374561015422
1785844800,1785844819.0,27607468.0,0.112496170902426,-0.0479819652808083,210.5883320825054
1785848400,1785848457.0,27643752.0,0.1120101342558056,0.0674415977290191,209.67849092149785
1785852000,1785852049.0,27679572.0,0.1129170845304388,-0.1671459206550829,210.28724205198276
1785855600,1785855617.0,27715195.0,0.1119512179235417,-0.3209144796062746,209.7032165149006
1785859200,1785859259.0,27751540.0,0.1125272365269795,0.0101278533064236,210.65063789681096
1785862800,1785862844.0,27787272.0,0.1127005019248498,0.0775850333258677,210.97499018442866
1785866400,,,,,
1785870000,,,,,
1785873600,1785873659.0,27894991.0,0.113127933206744,0.0700887928709512,211.7751402189181
1785877200,1785877261.0,27930872.0,0.1140386357486931,-0.2071881309983527,213.47997255388645
1785880800,1785880864.0,27966759.0,0.1149670112099951,-0.077486241730821,215.21788853908993
1785884400,,,,,
1785888000,1785888047.0,28038438.0,0.1156851531724272,0.0506497544682947,216.56224806622112
1785891600,,,,,
1785895200,1785895203.0,28109826.0,0.1155161596143571,0.0020193761137098,216.22146042838406
1785898800,,,,,
1785902400,1785902433.0,28181953.0,0.1159305282120494,0.0783198979673985,216.99706951760413
1785906000,1785906024.0,28217751.0,0.1161764045021666,0.0290213133855725,217.45729716637064
1785909600,,,,,
1785913200,,,,,
1785916800,1785916821.0,28325369.0,0.1157769790658084,0.0922792948730873,215.59062825802312
1785920400,1785920413.0,28361181.0,0.1154453373697799,-0.0536337923161399,216.16851963601235
1785924000,1785924008.0,28397018.0,0.1153957897338533,-0.0165528167249476,216.07574292147595
1785927600,,,,,
1785931200,1785931253.0,28469258.0,0.115487906525383,-0.0564998703669602,216.2482293199072
1785934800,,,,,
1785938400,,,,,
1785942000,1785942061.0,28577047.0,0.1167413673317436,-0.1420193028295309,218.6757265125444
1785945600,,,,,
1785949200,1785949217.0,28648603.0,0.1168127323085787,0.101119482555878,221.15336918857048
1785952800,,,,,
1785956400,1785956456.0,28721125.0,0.1156944816305819,-0.2030581609828291,221.48677324069993
1785960000,1785960034.0,28756950.0,0.1145995752669937,0.0163589044389327,219.39067259653788
1785963600,1785963622.0,28792883.0,0.114808042926577,0.00832787381087,219.7897653501022
1785967200,1785967205.0,28828666.0,0.1152265531109076,-0.0024011146764389,220.59096579621968
1785970800,1785970847.0,28865047.0,0.1158628787411732,-0.0589263040909385,220.5244617141997
1785974400,1785974434.0,28900879.0,0.1155005305275881,0.0327461712453855,219.83479608857292
1785978000,1785978058.0,28937074.0,0.1150268879792698,-0.0010912195609512,218.93330141532067
1785981600,1785981606.0,28972505.0,0.1148615828301509,-0.0228192351592202,218.6186723518614
1785985200,1785985249.0,29008899.0,0.1159562320018072,-0.008576720125515,219.53993404902155
1785988800,1785988846.0,29044815.0,0.1160203865302995,-0.237689203003303,219.66139781781604
1785992400,,,,,
1785996000,,,,,
1785999600,,,,,
1786003200,1786003229.0,29188302.0,0.1149118244839168,0.0175438414742169,219.8970986385035
1786006800,1786006822.0,29224116.0,0.1147736069582106,0.053951435372221,219.6326033785919
1786010400,1786010434.0,29260145.0,0.1149712644721024,-0.0865175601831302,218.84995188529257
1786014000,1786014052.0,29296216.0,0.1153068979042864,0.0211253432478036,219.4888363998
1786017600,,,,,
1786021200,1786021262.0,29368071.0,0.1164458100246908,0.0093271901585498,221.65677691864641
1786024800,1786024819.0,29403660.0,0.116443785854651,0.1963226095661115,221.73650960505
1786028400,1786028443.0,29439739.0,0.1144545004980439,0.2786642928581213,219.1912564256901
1786032000,1786032006.0,29475333.0,0.1140309476904246,-0.0072319540895005,218.380112506834
1786035600,1786035649.0,29511726.0,0.1145838842343095,-0.0989149505574146,219.43903858881782
1786039200,1786039218.0,29547394.0,0.1148002365874943,-0.1264977065038271,219.853373926606
1786042800,1786042801.0,29583163.0,0.1153010449660932,0.0310709078877278,219.69767321587392
1786046400,1786046426.0,29619387.0,0.1146710869369056,-0.0638042745665343,218.49733445678572
1786050000,1786050042.0,29655503.0,0.1148899551621338,-0.0313765593069875,218.91437178578533
1786053600,1786053645.0,29691479.0,0.114921611056273,-0.0056532758703296,218.9746897671878
1786057200,1786057233.0,29727305.0,0.1152670752143366,0.0112527886435415,219.6329463487164
1786060800,,,,,
1786064400,1786064411.0,29799391.0,0.1152825353844996,0.0662607108412003,219.66240456753246
1786068000,1786068056.0,29835781.0,0.1151936113873032,0.000247497941926,219.49296642165228
1786071600,,,,,
1786075200,1786075252.0,29907531.0,0.1154949758910252,0.0456747726075944,218.96171240882683
1786078800,,,,,
1786082400,1786082427.0,29979025.0,0.115239534407004,0.0665146022943106,218.47743242755467
1786086000,,,,,
1786089600,,,,,
1786093200,,,,,
1786096800,,,,,
1786100400,1786100437.0,30158526.0,0.1147315809625998,-0.070067419306005,219.77407991290806
1786104000,1786104007.0,30194101.0,0.1149157062054101,0.0227268126935466,220.1267810217733
1786107600,1786107653.0,30230471.0,0.1144717159611094,0.0407565445752996,220.57315702659812
1786111200,,,,,
1786114800,1786114801.0,30301847.0,0.1166677880089655,-0.1285,223.53648906252553
1786118400,,,,,
1786122000,1786122029.0,30373947.0,0.1162681101477299,0.0185500094242501,222.7707028298273
1786125600,1786125646.0,30410102.0,0.116273506724873,0.0058693271961271,221.60558344813006
1786129200,1786129249.0,30446061.0,0.1164240414378865,-0.03579404988325,221.89248743723473
1786132800,1786132805.0,30481549.0,0.1167505837465224,-0.0750206222196027,223.6416525416252
1786136400,1786136450.0,30517959.0,0.1166966287638567,-0.0671248949896666,223.5382990413771
1786140000,,,,,
1786143600,,,,,
1786147200,1786147232.0,30625760.0,0.1169384907155833,-0.1001939252177358,224.001597851844
1786150800,1786150854.0,30661917.0,0.1167557759333812,0.007409013238967,223.65159843835775
1786154400,1786154452.0,30697914.0,0.1168388266793511,0.0833307797145758,223.81068634590815
1786158000,1786157999.0,30733316.0,0.1169377326569854,0.0099044427747497,224.0001457522303
1786161600,,,,,
1786165200,,,,,
1786168800,,,,,
1786172400,1786172415.0,30877096.0,0.1165681268675465,-0.0004473705543895,223.2921471548226
1786176000,,,,,
1786179600,,,,,
1786183200,,,,,
1786186800,,,,,
1786190400,,,,,
1786194000,1786194012.0,31092464.0,0.1167348413888723,-0.2544391321598762,223.61149725874103
1786197600,,,,,
1786201200,1786201217.0,31164364.0,0.1164634215798894,0.0050690480607451,223.0915788766175
1786204800,,,,,
1786208400,,,,,
1786212000,,,,,
1786215600,,,,,
1786219200,,,,,
1786222800,,,,,
1786226400,,,,,
1786230000,1786230029.0,31452247.0,0.1169990927935138,-0.0170992169380675,224.60379918943005
1786233600,,,,,
1786237200,,,,,
1786240800,1786240806.0,31559820.0,0.1172934720107609,-0.066764338175367,225.1689205849677
1786244400,1786244403.0,31595752.0,0.1174175030980292,-0.022224752816926,225.4070237424616
1786248000,,,,,
1786251600,,,,,
1786255200,,,,,
1786258800,,,,,
1786262400,,,,,
1786266000,,,,,
1786269600,1786269631.0,31847311.0,0.1171244586436325,0.0659027413076768,224.84446469847776
1786273200,,,,,
1786276800,,,,,
1786280400,,,,,
1786284000,,,,,
1786287600,1786287640.0,32027007.0,0.1167639852209227,0.0496973412780871,224.15246189474385
1786291200,1786291208.0,32062650.0,0.1167864857566072,-0.0222119539068468,224.19565629632314
1786294800,1786294847.0,32098998.0,0.1170564679484443,0.0046698424423737,224.7139425885692
1786298400,1786298447.0,32134973.0,0.1171649590219633,0.1063461488189326,224.9222134965626
1786302000,,,,,
1786305600,,,,,
1786309200,1786309212.0,32242540.0,0.1173928341109139,0.2979509408389901,225.48686809702892
1786312800,,,,,
1786316400,,,,,
1786320000,1786320046.0,32350818.0,0.1175267861918299,0.2028089462793867,224.24777232345264
1786323600,,,,,
1786327200,,,,,
1786330800,,,,,
1786334400,,,,,
1786338000,,,,,
1786341600,,,,,
1786345200,,,,,
1786348800,1786348827.0,32638024.0,0.1169009029837292,0.08,225.28379829136838
1786352400,,,,,
1786356000,,,,,
1786359600,1786359617.0,32745693.0,0.1173645743928564,-0.0707562714667099,224.9873053913531
1786363200,,,,,
1786366800,1786366806.0,32817434.0,0.1169711659266359,-0.0672787428609067,223.0776833310925
1786370400,1786370452.0,32853833.0,0.1170470595788408,0.170322747806204,222.09897145334705
1786374000,1786374035.0,32889608.0,0.1162050040864636,-0.1208235064945183,220.50115550276655
1786377600,1786377636.0,32925571.0,0.1171928526878546,-0.0852986422514952,219.70612864802854
1786381200,1786381233.0,32961500.0,0.1163266359985215,0.0070463447625914,218.0821975718682
1786384800,,,,,
1786388400,1786388431.0,33033428.0,0.1169277471248217,-0.0140521321390087,219.20912464478823
1786392000,,,,,
1786395600,1786395631.0,33105325.0,0.1167539672228939,-0.0332217372220158,218.88333251144812
1786399200,1786399227.0,33141309.0,0.1168482404711157,-0.0909565115175243,219.06007034081944
1786402800,,,,,
1786406400,1786406451.0,33213526.0,0.1166439519068563,0.0157760384925163,218.67708239785978
1786410000,1786410056.0,33249548.0,0.1166939121562816,0.1413395820983115,218.77074487586736
1786413600,1786413628.0,33285241.0,0.1168252976387775,0.0323326976769897,219.01705849532172
1786417200,,,,,
1786420800,,,,,
1786424400,,,,,
1786428000,1786428012.0,33429019.0,0.1168512926536699,-0.0228230357477274,219.06579238954112
1786431600,,,,,
1786435200,,,,,
1786438800,,,,,
1786442400,,,,,
1786446000,,,,,
1786449600,1786449634.0,33644974.0,0.1162937970622033,0.0126976987680039,220.21742293090006
1786453200,,,,,
1786456800,1786456818.0,33716787.0,0.116371227117724,-0.2155896970729067,219.18126076098108
1786460400,1786460443.0,33753037.0,0.1174030234069502,-0.1802779758932743,220.0131740953774
1786464000,1786464057.0,33789236.0,0.1174067698945204,-0.0004581841037149,218.48812843520773
1786467600,1786467644.0,33825116.0,0.1169284794917716,0.1283526944261732,217.59805391021237
1786471200,1786471260.0,33861396.0,0.1167648020997285,8.74e-05,217.29345846748976
1786474800,1786474858.0,33897442.0,0.116670263540356,0.2596876269821838,217.1175269354255
1786478400,,,,,
1786482000,1786482005.0,33969044.0,0.1157546569458455,-0.0081880611833757,217.67097675997496
1786485600,1786485663.0,34005685.0,0.115664703225392,0.2177116963088971,217.5018231836876
1786489200,,,,,
1786492800,1786492845.0,34077940.0,0.1159597441370727,0.002031047598464,218.05663320277597
1786496400,1786496410.0,34113890.0,0.1158247713455554,-0.0174754251134293,217.8028234629282
1786500000,1786500005.0,34150131.0,0.1157553365187976,-0.0083462316144595,217.67225466370832
1786503600,1786503608.0,34186306.0,0.1157844015755561,-0.6168260655525584,217.7269100828606
1786507200,1786507208.0,34222451.0,0.1157596898457001,-0.005193609826802,217.6804408822504
1786510800,,,,,
1786514400,1786514426.0,34294754.0,0.1154666220181926,-0.0142204525564542,218.35257716979078
1786518000,1786518014.0,34330753.0,0.1159412670010846,-0.1457293495489252,219.25015218708756
1786521600,,,,,
1786525200,,,,,
1786528800,,,,,
1786532400,1786532405.0,34475118.0,0.1150768413646786,-0.0073041028889228,220.00390105739558
1786536000,,,,,
1786539600,,,,,
1786543200,1786543238.0,34583740.0,0.1176335077906425,0.0596871135750769,223.66952804820556
1786546800,,,,,
1786550400,1786550407.0,34655296.0,0.1179981302588065,0.0590032454318474,223.25787328696438
1786554000,1786554044.0,34691596.0,0.1183339773443436,-0.0092912899559394,223.89331137316273
1786557600,1786557605.0,34727205.0,0.1184789411027459,-0.0057592894974939,224.16758945141362
1786561200,1786561203.0,34763125.0,0.1186516471695589,-0.0089377602365065,224.49435724930885
1786564800,,,,,
1786568400,1786568415.0,34835148.0,0.1185755954660234,0.0390683405325892,223.14978461941877
1786572000,1786572059.0,34871518.0,0.1190769813746611,0.1893586721218988,224.09335278860223
1786575600,1786575656.0,34907436.0,0.1187686202444363,0.2616524724475117,223.51304181040956
1786579200,1786579257.0,34943401.0,0.1188957206098348,0.1479329741165845,223.75223453006032
1786582800,1786582858.0,34979347.0,0.1194405887852598,0.0012377874694011,224.77763284675615
1786586400,1786586454.0,35015268.0,0.1193949291304348,-0.0899585323858077,224.69170502914787
1786590000,1786590055.0,35051185.0,0.1191552372103378,0.3090287930523103,223.1060053480364
1786593600,,,,,
1786597200,,,,,
1786600800,1786600817.0,35158471.0,0.1183522994874083,0.046790761355883,223.8643212988287
1786604400,1786604441.0,35194573.0,0.118338444080414,-0.0506162731558831,223.8381136856557
1786608000,,,,,
1786611600,1786611650.0,35266367.0,0.1186156788294859,0.0758516268622236,224.3625054314032
1786615200,1786615241.0,35302119.0,0.1187192840134117,-0.1007383154833764,223.30619353505494
1786618800,,,,,
1786622400,,,,,
1786626000,1786626044.0,35409770.0,0.1186285652171885,-0.0322776479351733,223.1355551317405
1786629600,1786629660.0,35445840.0,0.1194221399674471,0.0018431154575942,225.77710937965614
1786633200,1786633212.0,35481287.0,0.1190589880142252,0.0047001428501051,225.09054155993385
1786636800,1786636845.0,35517515.0,0.1193837124533354,-0.019912709055276,224.57508917021826
1786640400,,,,,
1786644000,1786644060.0,35589539.0,0.1199589455365975,-0.4126558719664148,225.06745345154636
1786647600,1786647658.0,35625437.0,0.1198199545138833,0.0712858680118809,224.80667793876592
1786651200,1786651212.0,35660901.0,0.1195323256001767,-0.1035397924388773,225.44467184539943
1786654800,1786654860.0,35697315.0,0.1195679592856222,-0.0327622408434764,225.51187897519938
1786658400,1786658456.0,35733210.0,0.1193960757839361,0.0062711297922645,225.18769704835498
1786662000,1786662039.0,35769000.0,0.1195309402261795,0.0021421073452218,225.44205895232122
1786665600,,,,,
1786669200,1786669220.0,35840732.0,0.1192877817613503,0.0034389563207778,224.98344844646348
1786672800,1786672825.0,35876737.0,0.1194268976808998,-0.0399277687311655,225.2458288751369
1786676400,1786676458.0,35912963.0,0.1193661769119526,-8.3733954997415e-05,225.13130609846738
1786680000,,,,,
1786683600,,,,,
1786687200,1786687241.0,36020572.0,0.1196985496721153,-0.0613848982241367,225.75817977024604
1786690800,,,,,
1786694400,1786694430.0,36092382.0,0.1203440504278503,-0.0074807437876767,225.77619517290057
1786698000,,,,,
1786701600,1786701651.0,36164418.0,0.1207164229719311,-0.065773072650894,226.47479934893184
1786705200,1786705217.0,36199968.0,0.1206829730191131,-0.1091668847211838,226.41204424762762
1786708800,1786708851.0,36236218.0,0.120251474196598,0.000409,225.6025138884392
1786712400,1786712417.0,36271792.0,0.1207889296159319,-0.1304379136826553,226.6108282938532
1786716000,,,,,
1786719600,1786719612.0,36343607.0,0.121228625423765,-0.0626872934428793,226.27565392596586
1786723200,1786723244.0,36379829.0,0.1197764605725414,-0.1937119857178383,224.803547082132
1786726800,,,,,
1786730400,1786730430.0,36451527.0,0.1200105239990406,-0.0421153632064089,225.24285116799075
1786734000,,,,,
1786737600,1786737656.0,36523726.0,0.119803603031264,0.0427108803146816,224.85448965438871
1786741200,1786741246.0,36559539.0,0.1197941440077447,0.0452958063805152,224.83673639945943
1786744800,,,,,
1786748400,1786748427.0,36631352.0,0.1196204567235733,0.1742248122936087,224.51074982932576
1786752000,,,,,
1786755600,,,,,
1786759200,,,,,
1786762800,1786762861.0,36775353.0,0.1194656933290391,0.0004536459402444,224.22028073478538
1786766400,,,,,
1786770000,,,,,
1786773600,,,,,
1786777200,1786777205.0,36918316.0,0.1194080523478427,-0.0631631413013895,224.11209673128164
1786780800,,,,,
1786784400,,,,,
1786788000,,,,,
1786791600,,,,,
1786795200,,,,,
1786798800,1786798847.0,37133928.0,0.1196928544871515,-0.0047049645023521,224.64663023500313
1786802400,1786802415.0,37169523.0,0.1196321553253329,0.0120924347241967,224.5327064571881
1786806000,1786806058.0,37205865.0,0.1195974549361174,0.0207529574741943,224.4675787138612
1786809600,,,,,
1786813200,,,,,
1786816800,,,,,
1786820400,,,,,
1786824000,1786824042.0,37385345.0,0.1195427551032342,0.0280387350300942,225.01911983776847
1786827600,,,,,
1786831200,,,,,
1786834800,1786834810.0,37492693.0,0.1196485624490756,-0.0254309805783693,225.21828436106426
1786838400,,,,,
1786842000,1786842054.0,37564918.0,0.1195979702876378,-0.0749281611652985,225.123053130802
1786845600,,,,,
1786849200,1786849234.0,37636475.0,0.1195720463465703,0.0359682546445171,225.0742556742209
1786852800,,,,,
1786856400,,,,,
1786860000,,,,,
1786863600,,,,,
1786867200,1786867231.0,37815690.0,0.1199556162886465,-0.0588083431367635,225.796261543064
1786870800,1786870830.0,37851508.0,0.119960081220963,0.0045546947705621,225.80466602679138
1786874400,,,,,
1786878000,,,,,
1786881600,,,,,
1786885200,,,,,
1786888800,1786888849.0,38030892.0,0.1198666590198821,0.0018751321127117,225.62881445433618
1786892400,1786892431.0,38066599.0,0.1196464699511637,0.133776506983768,225.21434558587046
1786896000,1786896023.0,38102395.0,0.1197088096631671,0.0244339329962294,225.30910938053412
1786899600,,,,,
1786903200,,,,,
1786906800,1786906854.0,38210370.0,0.1196578240526134,0.0065837770859104,225.21314716574472
1786910400,1786910439.0,38246119.0,0.1197045379332911,-0.0706371265916323,225.3010693736492
1786914000,1786914052.0,38282133.0,0.1199602180589674,-0.2183120526368337,225.78229595642554
1786917600,1786917650.0,38318024.0,0.1205324049639678,-0.2715802649262501,225.56917517577207
1786921200,1786921244.0,38353843.0,0.1205407951025826,0.0387695968974244,225.58487681756307
1786924800,1786924828.0,38389558.0,0.1202786448521592,0.2609833827183019,225.09427832848613
1786928400,1786928455.0,38425694.0,0.1202163605685027,0.2840072959591347,224.977717022877
1786932000,1786932003.0,38461050.0,0.1193895478205968,-0.0048526714938896,225.97174904410602
1786935600,1786935603.0,38496910.0,0.118751870732902,-0.0055324872627762,225.9164895917536
1786939200,,,,,
1786942800,,,,,
1786946400,1786946452.0,38604985.0,0.1190519515679136,0.0349850868546629,226.4873707780556
1786950000,,,,,
1786953600,1786953610.0,38676277.0,0.11909045821489,-0.0794706977436275,226.56062677357946
1786957200,,,,,
1786960800,,,,,
1786964400,,,,,
1786968000,,,,,
1786971600,1786971656.0,38856021.0,0.1193280928645283,-0.0127281048927244,226.92981404325943
1786975200,1786975258.0,38892045.0,0.1188851389591033,-0.0125826625733262,226.0874353126955
1786978800,1786978855.0,38927995.0,0.1187892195801657,0.000408,225.9050225521885
1786982400,1786982419.0,38963574.0,0.1192549978320876,0.0006166947965,227.96428721908273
1786986000,1786986048.0,38999780.0,0.1192470129298336,0.0067651911196852,227.94902351874367
1786989600,1786989659.0,39035804.0,0.118507898027096,0.09,226.5361535758603
1786993200,1786993259.0,39071701.0,0.1183573507373444,0.1593,226.24837187928676
1786996800,,,,,
1787000400,,,,,
1787004000,,,,,
1787007600,1787007623.0,39214933.0,0.1183404710684493,0.0732552325075374,225.0783334041171
1787011200,,,,,
1787014800,,,,,
1787018400,,,,,
1787022000,,,,,
1787025600,,,,,
1787029200,,,,,
1787032800,1787032856.0,39466543.0,0.117448780422432,0.0586072100513808,222.2876725348096
1787036400,1787036459.0,39502452.0,0.1170994511920695,0.0069028453239211,223.02868215460796
1787040000,1787040014.0,39537880.0,0.1171635451231074,-0.0017018992886705,223.15075603990772
1787043600,,,,,
1787047200,,,,,
1787050800,1787050840.0,39645771.0,0.1164518296221872,0.2243588847706449,220.65334599470694
1787054400,,,,,
1787058000,,,,,
1787061600,1787061645.0,39753505.0,0.1160891627894842,0.030765754299663,219.96616357450068
1787065200,1787065249.0,39789462.0,0.1147311687302137,0.0211506039185603,219.9565352744142
1787068800,,,,,
1787072400,1787072459.0,39861354.0,0.114905696872316,-0.0636823934902819,220.26847561938615
1787076000,,,,,
1787079600,,,,,
1787083200,1787083245.0,39968998.0,0.1148229942341566,-0.0092019435056525,220.10993879716648
1787086800,1787086858.0,40005012.0,0.114962423312425,-0.0620217674830701,220.3772173687531
1787090400,,,,,
1787094000,,,,,
1787097600,,,,,
1787101200,,,,,
1787104800,,,,,
1787108400,,,,,
1787112000,,,,,
1787115600,1787115615.0,40291672.0,0.1147561769978679,-0.2619602042481549,218.8669156793136
1787119200,,,,,
1787122800,,,,,
1787126400,1787126430.0,40399092.0,0.1148932009826377,-0.0214751715134773,220.24032110755863
1787130000,,,,,
1787133600,,,,,
1787137200,,,,,
1787140800,1787140812.0,40541862.0,0.1144663043641721,-0.0068409805115987,219.4988263492016
1787144400,1787144450.0,40578106.0,0.1144813850234543,-0.2648807069943942,221.84546234000044
1787148000,1787148012.0,40613605.0,0.1133389858185519,-0.0132283974316964,218.45491891614233
1787151600,1787151606.0,40649459.0,0.1116470073098813,0.0951795224891283,220.07118203016825
1787155200,,,,,
1787158800,1787158847.0,40721669.0,0.1050633053350522,-0.0054495898138619,219.85312462023072
1787162400,1787162440.0,40757523.0,0.1050928917290697,0.0636531218667395,219.79820192173463
1787166000,1787165999.0,40793097.0,0.105198126195564,0.0461376088510416,219.9955814064732
1787169600,1787169603.0,40829069.0,0.1036680568207956,-0.0065547513709212,217.9239368331787
1787173200,1787173219.0,40865135.0,0.0984600537070036,-0.0352586895810284,217.88242456551572
1787176800,1787176855.0,40901429.0,0.0959076500122497,0.1389105271106457,219.32864743168997
1787180400,,,,,
1787184000,,,,,
1787187600,,,,,
1787191200,,,,,
1787194800,1787194831.0,41080737.0,0.0976439480571163,-0.1724447123842263,220.64700586414628
1787198400,1787198404.0,41116346.0,0.0973448735555129,-0.0036436623130556,218.65407887945992
1787202000,,,,,
1787205600,,,,,
1787209200,1787209258.0,41224620.0,0.0970698753920588,-0.0682567822128323,219.23711328322852
1787212800,1787212821.0,41260141.0,0.0975444049709462,0.0683719152454022,219.1957976242451
1787216400,,,,,
1787220000,,,,,
1787223600,,,,,
1787227200,1787227225.0,41403766.0,0.0948475301692134,0.2295937987767156,217.87594705206516
1787230800,1787230860.0,41440025.0,0.0953177942291764,-0.1749813479527188,217.68607074503447
1787234400,1787234444.0,41475774.0,0.0959192294489672,0.0774606220545768,217.6376334285954
1787238000,1787238035.0,41511615.0,0.0955936647150285,0.1937436136979674,218.00026383366398
1787241600,1787241649.0,41547657.0,0.0934035898437061,-0.4337811630734594,217.245035866116
1787245200,1787245249.0,41583587.0,0.0931596582601517,-0.0384973106172907,218.5609426475593
1787248800,,,,,
1787252400,1787252426.0,41655185.0,0.0936797625934356,-0.1717969080837692,217.44594257280923
1787256000,1787256030.0,41691116.0,0.0934415725646082,0.0033384722322199,216.89306483384013
1787259600,1787259617.0,41726831.0,0.0938794944759115,-0.2010561275000307,217.9095527084935
1787263200,,,,,
1787266800,1787266809.0,41798544.0,0.0939725788767517,-0.2069946102481072,216.9854944065281
1787270400,1787270443.0,41834733.0,0.0933404200130416,0.0641456281157094,217.83883699115097
1787274000,,,,,
1787277600,1787277638.0,41906491.0,0.0923105891104042,-0.2269709274721052,218.09982562281186
1787281200,1787281223.0,41942220.0,0.0930508879131885,0.2078505190248794,218.39439790007853
1787284800,1787284854.0,41978354.0,0.0930194591553992,0.1642612524102469,218.32063326668197
1787288400,1787288404.0,42013733.0,0.0924991140550212,0.1040011483483254,217.09936114939353
1787292000,1787292000.0,42049545.0,0.091965238336115,-0.0133770120937854,216.93774975645485
1787295600,1787295653.0,42085908.0,0.0918690409779288,-0.0047680032132536,217.66348140818718
1787299200,1787299238.0,42121595.0,0.0919861866825762,0.2739008227352109,218.14708144146311
1787302800,1787302816.0,42157236.0,0.0894687557955837,0.0018226890595012,217.8984706774702
1787306400,,,,,
1787310000,1787310010.0,42228941.0,0.0908526826971134,-0.0510581279942673,217.38804725210272
1787313600,,,,,
1787317200,,,,,
1787320800,,,,,
1787324400,,,,,
1787328000,,,,,
1787331600,1787331658.0,42444723.0,0.0895933664020281,0.0225374830809452,215.17571495487044
1787335200,1787335251.0,42480570.0,0.0890679531342135,-0.1089256066896495,215.36631067852827
1787338800,1787338858.0,42516558.0,0.0891603335276781,-0.3199436627134597,214.9194682427981
1787342400,,,,,
1787346000,1787346004.0,42587764.0,0.0882312071536089,0.0884621951217757,215.11468659196882
1787349600,1787349650.0,42624156.0,0.0856236377383467,-0.4243970456040064,215.67648619082814
1787353200,1787353235.0,42659924.0,0.0854734047261454,-0.3720393078054808,215.52935717516294
1787356800,1787356860.0,42696061.0,0.0856669731041553,-0.1156609470858469,215.8352104021665
1787360400,,,,,
1787364000,1787364030.0,42767595.0,0.085956652319442,0.0958262417222429,216.4464884396054
1787367600,1787367627.0,42803434.0,0.085865437699109,-0.8196306357895401,215.6177100480461
1787371200,1787371212.0,42839176.0,0.0858995557931713,-0.4974276275477167,216.97540596908723
1787374800,1787374806.0,42875021.0,0.0857499312137052,-0.0070004598481981,216.4504553970479
1787378400,1787378407.0,42910944.0,0.0882650745645637,-0.1820524718837596,214.71769337409285
1787382000,1787382037.0,42947145.0,0.0883811083701932,-0.0518931055534027,214.9358557725269
1787385600,,,,,
1787389200,,,,,
1787392800,,,,,
1787396400,1787396424.0,43090510.0,0.0893099345641782,0.1942005952697627,215.57702414553066
1787400000,1787400059.0,43126730.0,0.0890378489439105,-0.0319765597242085,214.92026173028162
1787403600,1787403635.0,43162375.0,0.0888737327747515,-0.0667306713437676,215.60888145970222
1787407200,1787407210.0,43197978.0,0.0888082228743878,0.0002234936134799,215.4499535526484
1787410800,,,,,
1787414400,1787414443.0,43270089.0,0.089425981903756,-0.0248923337820927,215.8438216891671
1787418000,1787418033.0,43305878.0,0.0889937460195175,-0.0046299965035223,215.9182017818579
1787421600,1787421645.0,43341918.0,0.0889256126748408,0.2353494941833817,215.7528954550431
1787425200,1787425252.0,43377896.0,0.0889273227890846,0.3801548886956277,215.75704456449046
1787428800,,,,,
1787432400,,,,,
1787436000,1787436046.0,43485626.0,0.0896552426903305,-0.203059047794411,216.29511760669584
1787439600,,,,,
1787443200,1787443204.0,43556971.0,0.0891610581438674,-0.0387872586432875,216.18664563781394
1787446800,1787446818.0,43593010.0,0.0889587605019114,-0.002183687854494,215.69613947351584
1787450400,,,,,
1787454000,,,,,
1787457600,,,,,
1787461200,1787461246.0,43736839.0,0.0910722679014291,0.2286612201161708,216.6921722326168
1787464800,,,,,
1787468400,1787468459.0,43808708.0,0.0908204276854655,-0.0202717097750869,217.1122090101638
1787472000,1787472046.0,43844432.0,0.0908763360431803,-0.1720807413853995,217.24586161844735
1787475600,1787475636.0,43880191.0,0.0901055806628559,-0.1569229944990871,217.89736667796078
1787479200,1787479243.0,43916121.0,0.0901546780342611,-0.633535407546732,216.89300868577328
1787482800,,,,,
1787486400,1787486456.0,43987977.0,0.0894706958041892,-0.2281454633895272,217.53625770656348
1787490000,,,,,
1787493600,1787493608.0,44059174.0,0.0887823804919876,0.980017979023906,218.235117176502
1787497200,1787497243.0,44095396.0,0.0900985238880659,-1.0574881507440093,219.99559925702638
1787500800,1787500822.0,44131073.0,0.0896383284146698,0.0134333891266253,218.41256735521335
1787504400,1787504447.0,44167204.0,0.08928163538748,0.0004072808165736,218.68267427842193
1787508000,,,,,
1787511600,1787511618.0,44238692.0,0.0896076447583133,0.2462735021841567,219.45857378267456
1787515200,,,,,
1787518800,1787518852.0,44310895.0,0.0896080024384419,0.0058964827909804,219.48673725274395
1787522400,1787522452.0,44346862.0,0.0886994433690547,-0.2189534163348075,219.78613323809643
1787526000,1787525998.0,44382415.0,0.089057937024872,0.7567840747003028,219.28877550549782
1787529600,1787529641.0,44418764.0,0.0883844506445311,-0.0799994495988469,217.62842547678633
1787533200,1787533249.0,44454746.0,0.0880825852389903,-0.0396171325194771,216.90033778276972
1787536800,1787536836.0,44490522.0,0.0892356380130052,-0.1037669109222308,217.31493352716927
1787540400,1787540434.0,44526399.0,0.0887085246595839,0.3118971161637701,217.26550103779698
1787544000,1787544042.0,44562378.0,0.0888676026243724,0.5495117548337829,216.53504049707288
1787547600,,,,,
1787551200,1787551221.0,44633962.0,0.088077017917582,-0.0301688361001259,215.9930325796447
1787554800,1787554832.0,44669972.0,0.0876507952667138,0.1448790644287217,214.9477982484676
1787558400,,,,,
1787562000,,,,,
1787565600,,,,,
1787569200,1787569257.0,44813805.0,0.0869301493101784,0.4672333934867139,214.80337272373728
1787572800,1787572811.0,44849254.0,0.0861679262972016,0.1938138527576619,214.4736140526459
1787576400,1787576446.0,44885522.0,0.0857863882681828,-0.0484467617538367,215.76602859656515
1787580000,1787580062.0,44921601.0,0.0841936215785875,0.2491840400190567,209.60851099290645
1787583600,1787583646.0,44957437.0,0.0835538558671436,-0.1250316565657956,210.27497582948826
1787587200,1787587260.0,44993564.0,0.0845155405633773,0.0019206397326101,209.93491244861795
1787590800,1787590857.0,45029489.0,0.0849078752426289,0.0967828842638081,210.82001628953907
1787594400,1787594430.0,45065176.0,0.0848882092558994,0.0050203223117356,208.96559767667367
1787598000,,,,,
1787601600,1787601647.0,45137262.0,0.0844002016195462,0.0057053958593058,208.81477373546844
1787605200,,,,,
1787608800,1787608840.0,45209119.0,0.0841761533236902,-0.0237131481302132,208.2604552231042
1787612400,,,,,
1787616000,1787616041.0,45281004.0,0.0841610545494312,0.3353563380083926,209.28329434807054
1787619600,1787619652.0,45317000.0,0.0838226058246652,-0.0821087292464998,209.56657161383617
1787623200,1787623209.0,45352475.0,0.0838969103220927,0.0566160202718063,209.80429144323912
1787626800,1787626832.0,45388626.0,0.0834490859737658,0.1938516930976962,208.86126927765878
1787630400,1787630443.0,45424534.0,0.0839024809393837,-0.2361996713870346,209.99605280342232
1787634000,1787634045.0,45460416.0,0.0842446411120235,0.4088905034719453,209.76806454322568
1787637600,1787637637.0,45496203.0,0.083975466122676,-0.7800462478516093,210.1838732848401
1787641200,1787641230.0,45532034.0,0.0842487384303864,0.2746641424678675,210.86785200800847
1787644800,1787644860.0,45568241.0,0.0848758288150764,-0.3172876578861442,210.8006636464916
1787648400,,,,,
1787652000,1787652025.0,45639682.0,0.0854912339402385,0.1781851141986906,211.15052414729806
1787655600,1787655658.0,45675888.0,0.0849404786148125,0.5399764023695822,210.8672863756305
1787659200,1787659253.0,45711734.0,0.0850770620119669,0.2897144711485409,211.2063587565682
1787662800,1787662856.0,45747656.0,0.0854319559763985,0.0856024358596877,210.94908072128592
1787666400,1787666452.0,45783497.0,0.0866922289377776,0.5772920686687504,212.6116013749383
1787670000,1787670063.0,45819520.0,0.0853863852802849,0.2365110774412524,211.64125614727257
1787673600,,,,,
1787677200,1787677222.0,45891104.0,0.0859392697974305,0.0052950867684678,213.01165229800515
1787680800,,,,,
1787684400,1787684433.0,45963015.0,0.0864591982966158,0.03,213.1539137036631
1787688000,1787688054.0,45998977.0,0.0865127853578611,0.0062483611180723,213.2860256368449
1787691600,,,,,
1787695200,1787695247.0,46070427.0,0.0876215588268293,0.0120000070728527,213.1746839723673
1787698800,1787698849.0,46106151.0,0.0874219404336819,0.1503269252247881,213.83223719338173
1787702400,,,,,
1787706000,1787706007.0,46177211.0,0.0869959158168573,-0.0070642924481252,212.79018989423528
1787709600,,,,,
1787713200,,,,,
1787716800,1787716852.0,46284867.0,0.0868699019831852,-0.1284264997409628,213.6300633554999
1787720400,1787720410.0,46320166.0,0.0870422999000054,0.0103643156399854,213.94488768085847
1787724000,1787724052.0,46356326.0,0.0867043801172886,-0.0860097528888487,213.11430059800864
1787727600,1787727605.0,46391592.0,0.0870619153303871,0.0093394297253747,213.9931012626991
1787731200,1787731257.0,46427847.0,0.0867567176096733,-0.1946297315579245,213.24294309645603
1787734800,1787734847.0,46463488.0,0.0870865516803159,0.0427675131063832,214.0536559714377
1787738400,1787738439.0,46499159.0,0.0872494726240779,0.0048105107084568,213.36340378721442
1787742000,1787742050.0,46535009.0,0.0867151085335881,0.0078136194110418,214.49415671325687
1787745600,1787745650.0,46570760.0,0.0864126108050373,0.3838039621416964,212.66120187714762
1787749200,1787749247.0,46606429.0,0.0867302397896153,0.3788298809176453,213.44288595059584
1787752800,1787752840.0,46641959.0,0.0866417046036958,-0.2134641777031644,212.09926542917714
1787756400,,,,,
1787760000,1787760045.0,46713182.0,0.0860653053841622,-0.2793427266292456,210.6658520753118
1787763600,1787763624.0,46748559.0,0.0858586813551302,0.0019510303461006,210.16008930666808
1787767200,1787767215.0,46784050.0,0.08564010062455,-0.2904915103163014,210.74612821022828
1787770800,1787770833.0,46819853.0,0.0854130385912335,-0.0041048442943366,211.30844095316803
1787774400,1787774437.0,46855565.0,0.0849370205752621,-0.271630017618933,210.13079142237544
1787778000,1787778059.0,46891377.0,0.0850247606572832,0.3888232063064496,209.25211453987646
1787781600,1787781648.0,46926879.0,0.087684224330418,0.2453570439907577,219.3448773420757
1787785200,1787785259.0,46962653.0,0.0877069749192347,-0.5460289545473939,219.3494474199373
1787788800,1787788852.0,46998200.0,0.0876070607559563,-0.1131341195307041,219.09956858732764
1787792400,1787792447.0,47033789.0,0.0877895908473931,-0.1406097333631883,219.55606449008843
1787796000,1787796038.0,47069424.0,0.0886879660929397,0.0684743543059944,221.69008420217392
1787799600,1787799648.0,47105229.0,0.088694730319185,0.004687373083747,221.70699249257612
1787803200,1787803255.0,47141000.0,0.0888389016939086,0.4005588338681192,222.06737243598945
1787806800,,,,,
1787810400,,,,,
1787814000,1787814013.0,47247656.0,0.0885020245185353,0.0509298094502478,220.0909676172386
1787817600,,,,,
1787821200,1787821235.0,47319187.0,0.0894436217098427,0.1157948576192705,226.22640962675308
1787824800,1787824855.0,47355065.0,0.0887373157874188,-0.2212541489869832,225.3014390795312
1787828400,1787828443.0,47390596.0,0.0893418826230507,0.2229700765336198,223.61637783110075
1787832000,1787832047.0,47426342.0,0.0889438048416466,-0.1623172384559744,222.62001745722992
1787835600,1787835650.0,47462027.0,0.0889631850232543,-0.5009806333029501,222.6685246733931
1787839200,1787839258.0,47497688.0,0.0898729157193649,-0.0216375511350377,223.81138679829388
1787842800,1787842848.0,47533316.0,0.0900625378691124,0.0636989638337929,226.57593540233884
1787846400,1787846458.0,47569103.0,0.0896928777290032,-0.0786196308735174,226.852446175332
1787850000,1787850057.0,47604763.0,0.0909913750557549,0.0881284193222295,230.13662327371605
1787853600,1787853655.0,47640407.0,0.0906642416249819,-0.124365770806078,229.30923295159033
1787857200,1787857260.0,47676122.0,0.0900265472802563,-0.0873686185350543,225.16876439551731
1787860800,1787860846.0,47711671.0,0.091057084284391,0.1228697100090679,227.7219303743049
1787864400,1787864416.0,47747028.0,0.0904559919550158,0.2505645854367863,226.21867660054036
1787868000,1787868046.0,47783016.0,0.0902551919850313,-0.0885995725109929,225.71650197960523
1787871600,1787871644.0,47818721.0,0.0899874564141128,-0.0179270166916545,226.1807720731801
1787875200,1787875258.0,47854567.0,0.0900350668252515,-0.0797002385608688,226.30043941326488
1787878800,1787878837.0,47890057.0,0.0899598795050985,-0.1086745813040523,226.1114583396799
1787882400,1787882451.0,47925832.0,0.0902937840264839,-0.1101485454566906,227.1457519105437
1787886000,1787886050.0,47961489.0,0.0908651090715861,-0.2178734931412183,226.16810485966764
1787889600,1787889659.0,47997121.0,0.090984050094306,0.2990982709324956,226.46415541167258
1787893200,1787893251.0,48032722.0,0.0911227572650049,-0.4379486353092314,226.80940496067936
1787896800,1787896845.0,48068350.0,0.090605283561468,2.230829797467908,225.52138530121414
1787900400,1787900454.0,48104141.0,0.0906478501900815,0.0250704743361776,226.80877127941037
1787904000,1787904057.0,48139873.0,0.0906574042014189,-0.1097220804494831,226.83267624315394
1787907600,1787907658.0,48175575.0,0.090619270596839,-0.0011490405350658,225.55486035144557
1787911200,1787911237.0,48211083.0,0.0908338507560162,0.0509329000092811,226.08895864553506
1787914800,1787914853.0,48246963.0,0.0904611110672087,1.5184916159004564,226.3063105381081
1787918400,1787918433.0,48282500.0,0.0905635476882921,0.5030814396706411,226.56257594882314
1787922000,1787922054.0,48318430.0,0.0911783045066734,0.0026024156903998,228.10051137549124
1787925600,1787925653.0,48353999.0,0.0897301044508788,-0.0116113202688987,225.62724494277927
1787929200,1787929227.0,48389362.0,0.0901083759951662,0.0142801496344613,225.6295713243763
1787932800,1787932865.0,48425154.0,0.0895723238137523,0.322821173358037,221.92096458372637
1787936400,1787936466.0,48460743.0,0.0899921096023614,5.554754835489237,219.9325415653841
1787940000,1787940054.0,48496283.0,0.0897801861157235,1.6840270851684618,219.41461981380368
1787943600,1787943657.0,48532004.0,0.0895462687834097,-0.0001393004606684,216.61518971254208
1787947200,1787947256.0,48567689.0,0.0894724092135922,1.114922031319457,217.55895310156308
1787950800,1787950824.0,48603022.0,0.0897823268812569,-0.1110475028268406,218.31254143027175
1787954400,1787954459.0,48638964.0,0.0899721301937056,0.0128985793705483,218.7740625887439
1787958000,1787958042.0,48674441.0,0.089416489123234,-0.0273483406659403,218.54641772566112
1787961600,1787961651.0,48710197.0,0.089306069572921,0.5634015051867762,218.27653688595913
1787965200,1787965238.0,48745762.0,0.089284758838225,-0.528037700639206,218.22445046685922
1787968800,1787968857.0,48781642.0,0.08931834615335,-0.1033828308813328,218.30654256724887
1787972400,1787972460.0,48817298.0,0.0895368423244696,0.2842137624503456,218.8405777989291
1787976000,1787976045.0,48852796.0,0.0898127520878873,0.188552083237162,219.51493988808886
1787979600,1787979657.0,48888551.0,0.0895222101390714,0.2964507760712905,218.80481468930995
1787983200,1787983261.0,48924176.0,0.0897354816199563,7.634440468820245,219.32608004659997
1787986800,1787986840.0,48959672.0,0.0898129704215261,9.336852077035878,218.40993333149956
1787990400,1787990445.0,48995380.0,0.0899800850113836,0.0046847684662883,218.81632771148938
1787994000,1787994003.0,49030632.0,0.0899894604424057,-0.0158038483355968,218.83912717191117
1787997600,1787997651.0,49066815.0,0.089878541559437,0.0597625113852975,218.5693912337644
1788001200,1788001259.0,49102548.0,0.0898920956550112,-0.393758521675646,218.6023524986779
1788004800,1788004849.0,49138130.0,0.0899273196573768,0.1776225312533117,218.68801130689044
1788008400,1788008428.0,49173595.0,0.0898840000123238,-0.0131575172376077,218.58266526674097
1788012000,1788012046.0,49209413.0,0.0897930494662055,-0.0403869733667748,218.36148894197487
1788015600,1788015651.0,49245119.0,0.0894367436829159,-0.5587985434472645,218.58978272871508
1788019200,,,,,
1788022800,1788022847.0,49316138.0,0.0893194707622166,0.0061291973071062,218.3031593432919
1788026400,1788026452.0,49351846.0,0.0893588176364863,0.7413525949106242,218.39932591134317
1788030000,1788030051.0,49387371.0,0.0892923128833502,2.007529423736168,218.2367835496715
1788033600,1788033616.0,49422594.0,0.0893074613583165,-0.3771680541553773,219.36692650874616
1788037200,1788037236.0,49458513.0,0.0893010492062042,-1.961561075619155,219.3511762670554
1788040800,1788040856.0,49494334.0,0.0893520663598117,-2.0808612751432167,219.47649027795535
1788044400,1788044457.0,49530019.0,0.0892469977963556,0.6180741787388463,219.21840917826336
1788048000,1788048054.0,49565629.0,0.0891705459028614,-0.0636968091748144,219.03061952836714
1788051600,1788051624.0,49600982.0,0.0890372384296507,-0.4592661828132464,218.70317487554524
1788055200,1788055244.0,49636838.0,0.089132997872818,-2.7322251008041096,218.93838987787882
1788058800,1788058845.0,49672529.0,0.0891783474211931,-0.3304666579788898,219.04978248600244
1788062400,,,,,
1788066000,1788066061.0,49743831.0,0.0892552865725869,-0.041658786985064,219.23876899298347
1788069600,1788069638.0,49779255.0,0.0892452287883901,0.1161096868244941,219.2140639440079
1788073200,1788073220.0,49814729.0,0.0890597079789842,0.7121096963016256,218.75836708347904
1788076800,1788076857.0,49850706.0,0.089404659621244,-0.0055897555273201,219.60567570031535
1788080400,1788080459.0,49886358.0,0.0893198259448556,-0.5271857696586322,219.39729778238197
1788084000,1788084054.0,49921990.0,0.089414807895814,-0.479338487761483,219.63060302181714
1788087600,,,,,
1788091200,1788091233.0,49993019.0,0.08926612795385,1.6385581374470215,219.2653988002876
1788094800,1788094855.0,50028768.0,0.0889810458707054,1.8473021627850557,219.66095893603435
1788098400,1788098431.0,50064096.0,0.0887604577049809,-0.1114812532337354,219.11640916659925
1788102000,1788102047.0,50099666.0,0.0886704603655685,-0.892820854103066,218.89423935859605
1788105600,1788105665.0,50135395.0,0.0885791786204261,-0.036255475662561,219.8048027876563
1788109200,1788109248.0,50170848.0,0.0869797122711088,-0.2241906941150589,219.43866370275128
1788112800,1788112854.0,50206562.0,0.0877092783738196,0.0578789491062455,219.9241988467009
1788116400,1788116415.0,50241758.0,0.0875596758396868,-0.0763881736507156,219.54908211931925
1788120000,1788120052.0,50277636.0,0.08755892932764,-0.3390620977564036,219.54721029838007
1788123600,1788123649.0,50312997.0,0.0881153497807718,0.2589565834060357,219.59771534972026
1788127200,1788127250.0,50348441.0,0.0882043839010157,0.1750949521415569,218.33540364774242
1788130800,1788130856.0,50384130.0,0.0885062691814057,-5.471805988579992,217.950284978797
1788134400,1788134465.0,50419733.0,0.0902236673610721,0.0388998757479986,218.04408251747762
1788138000,1788138064.0,50455368.0,0.0897410310554314,0.7710076605023483,218.05782597281464
1788141600,1788141641.0,50490834.0,0.0902153190562739,0.3979473527046511,218.05161750101843
1788145200,1788145260.0,50526690.0,0.0904290397910457,1.685435323614341,217.38189069967163
1788148800,1788148850.0,50562279.0,0.0898789339702689,-0.9143459576099886,217.14563664411546
1788152400,1788152455.0,50597995.0,0.090178854973163,1.4663037122598674,217.87023955426926
1788156000,1788156045.0,50633588.0,0.0897905842232254,-0.1102024509748786,218.17028320515664
1788159600,1788159650.0,50669342.0,0.0898365201922492,0.0055417836226902,219.3817345765866
1788163200,1788163251.0,50705047.0,0.0897828332193023,-1.1022122150461693,219.25063041956835
1788166800,1788166858.0,50740829.0,0.0896112323154719,0.7221409705528999,218.83157919344492
1788170400,1788170456.0,50776538.0,0.0894406974306951,-0.3761642559240322,219.52056455297515
1788174000,1788174062.0,50812321.0,0.0893504294292696,0.1766952716340437,219.38568339486284
1788177600,1788177676.0,50848168.0,0.0894831025672021,-0.0051156312875419,219.71144105735402
1788181200,1788181276.0,50883952.0,0.0890679915747471,-0.991817354963302,218.69220243313956
1788184800,1788184865.0,50919643.0,0.0897318330970075,-0.2227797515768717,219.135006924533
1788188400,1788188442.0,50955011.0,0.0890942352108038,1.3992469907931928,220.18145523936073
1788192000,1788192061.0,50990693.0,0.0890619701855799,0.6293225458853747,220.1341799941207
1788195600,1788195666.0,51026214.0,0.0891946818916293,0.2616059732157012,220.46220308327906
1788199200,1788199263.0,51061750.0,0.0888310766510958,0.0214217183961357,219.563481201205
1788202800,1788202857.0,51097260.0,0.0883175736375069,0.0001683513334413,219.66818530963943
1788206400,1788206449.0,51132813.0,0.0889246035971461,-2.6201870117822037,221.17802264065386
1788210000,1788210060.0,51168475.0,0.0893004900611361,-0.0155445112436702,220.87897549446419
1788213600,1788213656.0,51204042.0,0.0889870247099412,0.615984098802836,220.10363926083835
1788217200,1788217262.0,51239655.0,0.089339144675013,0.0392342101262698,220.9745851770697
1788220800,1788220862.0,51275277.0,0.0893781081649996,-0.0558125711042958,221.0709588447174
1788224400,1788224462.0,51310919.0,0.0892528371144124,-1.9055356773714776,220.76110901865405
1788228000,1788228056.0,51346489.0,0.0894721892736489,-0.7780851134327335,220.1398899717508
1788231600,1788231661.0,51382222.0,0.0893795791630256,0.1581699483436695,219.91202945186865
1788235200,1788235256.0,51417894.0,0.0891468019603225,-7.653043957853404,220.52596574831242
1788238800,1788238851.0,51453467.0,0.0892466907004158,4.543182953977556,220.7730644707799
1788242400,1788242439.0,51489057.0,0.0889485701326859,-2.787475423853312,220.0355918451513
1788246000,1788246043.0,51524807.0,0.0892220129938574,-0.714356808354559,220.71201825317507
1788249600,1788249660.0,51560676.0,0.0890845039511705,-1.7024182887843518,220.371856701994
1788253200,1788253240.0,51596197.0,0.0892471671960395,-2.7725338131309156,218.44493631571413
1788256800,1788256853.0,51632036.0,0.0891183567487104,-0.4441492614813275,218.1296547124135
1788260400,1788260460.0,51667772.0,0.0888812959470049,-1.1134022757999027,218.6418034992968
1788264000,1788264055.0,51703432.0,0.0886227263653748,0.8221381699770912,218.00574032025207
1788267600,1788267650.0,51739043.0,0.0887899613050122,0.099805041086993,217.22552823232542
1788271200,1788271259.0,51774773.0,0.0887493832219445,-0.0366556534283723,217.21756517837213
1788274800,1788274855.0,51810346.0,0.0891754670431518,-0.0732350056693031,218.260421892915
1788278400,1788278451.0,51845817.0,0.0898538480153183,-6.7483978270161975,219.9384818990671
1788282000,1788282062.0,51881333.0,0.0903761589951759,0.3472834249150545,220.00573855613072
1788285600,1788285660.0,51916883.0,0.0902819340681393,0.3787674365559768,218.66089089095132
1788289200,1788289264.0,51952557.0,0.0901294437681052,-0.1606347354529587,216.51568248919176
1788292800,1788292857.0,51988210.0,0.0901409519480526,-3.5328736816583426,217.84443446337986
1788296400,1788296464.0,52023786.0,0.09007870297599,0.2154179801597366,217.69399682297507
1788300000,1788300071.0,52059258.0,0.0902384577438245,-0.0884644360706774,218.03686875436105
1788303600,1788303661.0,52094829.0,0.0902532179994582,-1.5427610895223922,218.07253292683086
1788307200,1788307261.0,52130429.0,0.0901124030010001,0.4277625508475006,217.73229150310647
1788310800,1788310865.0,52166060.0,0.0903974473574626,-0.5187788854496901,218.42102422852184
1788314400,1788314450.0,52201576.0,0.0905737720688798,-0.5462552644128063,216.53743067997883
1788318000,1788318054.0,52237279.0,0.0902890742283073,0.0575303746222708,216.98971640375504
1788321600,1788321653.0,52272975.0,0.0899942362118241,-0.0070873099678041,217.63756114286483
1788325200,1788325247.0,52308613.0,0.0899862943450637,5.100251576217656,216.5220249094906
1788328800,1788328855.0,52344373.0,0.089926970990511,-0.0326957422545341,217.53649740123956
1788332400,1788332459.0,52380209.0,0.0899075898316507,-0.0554181457794127,217.489613698079
1788336000,1788336059.0,52415913.0,0.0900011002499769,-0.0001370980492111,217.7158186802901
1788339600,1788339649.0,52451508.0,0.0906387317525687,1.4084998839518814,216.77432827150452
1788343200,1788343256.0,52487305.0,0.0912820499370266,-0.4503090734971026,217.00481731529334
1788346800,1788346856.0,52523038.0,0.0914187596975648,1.8332456323199595,216.20776588415538
1788350400,1788350451.0,52558733.0,0.0913565877536907,0.0689594279868617,217.23179623771392
1788354000,1788354054.0,52594440.0,0.0916601056158858,0.4797810055594131,217.95351463828118
1788357600,1788357659.0,52630068.0,0.0922268098722887,9.944352963043366,221.15670930111563
1788361200,1788361262.0,52665663.0,0.0938576890752813,1.2238155023203483,223.93530283479046
1788364800,1788364854.0,52701168.0,0.0952596040642559,-0.0054126252338082,227.28013542866412
1788368400,1788368425.0,52736294.0,0.0947097306713877,-0.0564772602018669,225.9597782656932
1788372000,1788372087.0,52770898.0,0.0939973829259393,0.7119214983205113,224.37108566279835
1788375600,1788375657.0,52805224.0,0.0938917898750607,0.1858193554952999,224.1190358000618
1788379200,1788379259.0,52840066.0,0.0938720100176022,-0.0219283632664629,224.07182142074535
1788382800,1788382870.0,52874871.0,0.0936889898988136,-1.783715334276211,223.63495369663977
1788386400,1788386460.0,52909660.0,0.0941752299612104,-0.4394920992929321,224.79560527327652
1788390000,1788390057.0,52944508.0,0.0946164131290161,-0.0052739309496984,225.84870636242823
1788393600,1788393655.0,52979449.0,0.0941831105768317,-0.0739455874827195,224.8144162468122
1788397200,1788397265.0,53014616.0,0.0946851198386027,-1.186453398471513,226.01270879039382
1788400800,1788400846.0,53049528.0,0.094241208015501,-2.505730420525921,224.81963002163243
1788404400,1788404435.0,53084490.0,0.0936565616075757,-1.2678743244268476,224.7022836512567
1788408000,1788408061.0,53119792.0,0.0939308154695889,0.4198954517561665,225.360277795359
1788411600,1788411654.0,53154787.0,0.0940149452979236,0.0142316545268523,225.56212339192496
1788415200,1788415251.0,53189951.0,0.0938839212054847,-2.0,224.9996802441257
1788418800,1788418854.0,53225216.0,0.0936620218684276,-1.0,225.61260060035687
1788422400,1788422456.0,53260434.0,0.09419846499658,-0.0525224048888085,225.7400274717542
1788426000,1788426061.0,53295638.0,0.0938963387520402,-6.0681759499972365,226.1695156534743
1788429600,1788429644.0,53330701.0,0.0939126068711178,1.357462259177043,225.06488061645916
1788433200,1788433238.0,53365854.0,0.0939032099546805,5.8920988841293855,225.04236057419237
1788436800,1788436848.0,53401188.0,0.0929412603196669,-1.1356135624951542,223.8659407892959
1788440400,1788440442.0,53436053.0,0.0933404095837912,-0.090109009685436,225.98161194201847
1788444000,1788444043.0,53470815.0,0.0939913620084166,0.1615886986747502,228.7271974496889
1788447600,1788447656.0,53505528.0,0.0908889121731237,-0.4186905617340716,225.94547859244932
1788451200,1788451237.0,53540000.0,0.0905147249278644,-0.1103140266094787,227.51294461983582
1788454800,1788454846.0,53574412.0,0.0912517477168432,0.1589846941613907,228.07279320852356
1788458400,1788458480.0,53609107.0,0.0919437440634226,-1.0870995314736946,229.80235503723716
1788462000,1788462123.0,53644598.0,0.0913528077873127,1.3608286094696451,229.47565326264692
1788465600,1788465680.0,53680017.0,0.0912230677583684,-0.3254145770847613,229.0310195289028
1788469200,1788469283.0,53715381.0,0.0913612436042978,1.5893762826132e-05,229.37793348000235
1788472800,1788472861.0,53750596.0,0.0912403318206038,0.3090123849456287,229.25481281687996
1788476400,1788476460.0,53786244.0,0.0919904027241627,-0.083257167283922,229.7881550046564
1788480000,1788480055.0,53821835.0,0.0918023377839621,8.909938903745603,229.31837669789826
1788483600,1788483663.0,53857531.0,0.0917914161238978,0.2147148143901644,230.49759025326878
1788487200,1788487261.0,53893208.0,0.0916666885249192,-4.352213190118689,228.95134126093984
1788490800,1788490851.0,53928775.0,0.0918254237848914,-0.0775175943322672,229.34780644650354
1788494400,1788494458.0,53964346.0,0.0918203428013629,-0.4322026297942492,230.61935769718934
1788498000,1788498059.0,53999936.0,0.0917677289317972,-0.4226475602479886,230.48721076291514
1788501600,1788501643.0,54035364.0,0.0918274049044446,0.3825328986966419,230.6370951356153
1788505200,1788505255.0,54071006.0,0.0916104442196261,0.2819001276044591,230.0921686819358
1788508800,1788508848.0,54106455.0,0.0919064619633149,-0.0867148341450029,230.83565775890608
1788512400,1788512468.0,54142182.0,0.0913524037761919,-1.2544376499425065,230.71684137528834
1788516000,1788516061.0,54177749.0,0.0915579387217709,0.1419854350643765,231.32754123626472
1788519600,1788519645.0,54213217.0,0.0917192992941463,12.786535909480005,231.73523001761123
1788523200,1788523258.0,54248945.0,0.0915993700918334,-0.013511868616988,231.43222049292353
1788526800,1788526866.0,54284551.0,0.0939318703536594,0.0489570355193258,230.81308335551677
1788530400,1788530455.0,54320086.0,0.0953131624440773,-0.068001729401278,234.05891535702136
1788534000,1788534056.0,54355650.0,0.0952752683213555,-12.376495429863963,232.62601219281976
1788537600,1788537659.0,54391258.0,0.0942992614711837,0.6084742000169746,231.52561191787643
1788541200,1788541255.0,54426795.0,0.0941593037067979,-0.1061501510637605,231.18198454968137
1788544800,1788544853.0,54462371.0,0.094160106925703,0.1094535928496193,231.18395663032766
1788548400,1788548457.0,54497929.0,0.0941389855371416,0.0198717672573924,231.13209893457332
1788552000,1788552060.0,54533582.0,0.0936640622556834,0.001331260470059,229.96605689311727
1788555600,1788555660.0,54569200.0,0.093811990279279,15.97658083888109,230.32925301627293
1788559200,1788559261.0,54604817.0,0.0938488256559999,-2.3931586863064855,230.41969203989282
1788562800,1788562861.0,54640483.0,0.0938775547063053,-2.108143580411459,230.49022823336884
1788566400,1788566462.0,54676138.0,0.0936092157327257,-0.0936714180241553,229.83139650881267
1788570000,1788570055.0,54711790.0,0.0938475699890454,0.0127325257169132,230.41660909888705
1788573600,1788573646.0,54747398.0,0.0939060402387259,0.010662887219,230.56016653640106
1788577200,1788577254.0,54783188.0,0.0938945164737551,-4.790564519332714,230.5318731362743
1788580800,1788580854.0,54818908.0,0.0938515236641279,-0.7294359198136291,230.42631624853507
1788584400,1788584462.0,54854677.0,0.0939776624477005,0.0057730612244897,230.7360149524019
1788588000,1788588049.0,54890255.0,0.0940135514598662,1.287427850787935,230.82413044104047
1788591600,1788591648.0,54926001.0,0.09391079467503,-0.0301003457504926,230.57183973253703
1788595200,1788595256.0,54961758.0,0.093848977970063,0.0072409972041544,230.42006600471623
1788598800,1788598831.0,54997219.0,0.0939611772159387,0.0269446249202224,230.69554005035374
1788602400,1788602458.0,55033183.0,0.0938741483710925,-0.0580886127055946,230.48186492455562
1788606000,1788606060.0,55068889.0,0.0940029631776904,-0.3157910798329649,230.79813385875906
1788609600,1788609659.0,55104566.0,0.0940203880515985,0.0212632723560508,230.84091579078296
1788613200,1788613259.0,55140292.0,0.0938592449794415,-0.0286083546019276,230.4452737909898
1788616800,1788616838.0,55175800.0,0.0941311603926578,0.8057139909749432,231.11288646846603
1788620400,1788620453.0,55211704.0,0.0940357456794331,0.022719342342457,230.8786221749745
1788624000,1788624060.0,55247441.0,0.0939930403171513,-0.6357597090468536,231.09709490956593
1788627600,1788627654.0,55283037.0,0.0934521387616265,2.01472657893873,230.9766052100801
1788631200,1788631260.0,55318752.0,0.0932727430653996,-0.6895762190606781,230.53321023321945
1788634800,1788634854.0,55354403.0,0.0932420027347707,3.700570690687458,230.457232333668
1788638400,1788638456.0,55390078.0,0.0933179341437453,-0.0987480217111178,230.64490464707015
1788642000,1788642061.0,55425763.0,0.0932512912881117,-0.3151277892233617,230.480189951829
1788645600,1788645659.0,55461411.0,0.092851537933463,-0.7126529336217641,230.70124799776997
1788649200,1788649256.0,55497095.0,0.0932053572969785,-0.1061641721750133,231.580356416925
1788652800,1788652857.0,55532806.0,0.0931960029225517,1.1302873814047512,231.55711430481216
1788656400,1788656433.0,55568309.0,0.0928512822879071,-0.0856775859133809,230.70061281444285
1788660000,1788660053.0,55604175.0,0.0922325577444371,-0.0124968357866482,230.31047966923
1788663600,1788663658.0,55639939.0,0.0923999607018722,0.0031725444560604,230.7284953501109
1788667200,1788667215.0,55675200.0,0.0921348737278375,-0.5397048430610226,231.23181394349106
1788670800,1788670855.0,55711305.0,0.0923326757498006,0.0143335409085714,231.72823965603206
1788674400,1788674459.0,55747073.0,0.0921837375934779,0.2173676034464577,232.52149419366083
1788678000,1788678060.0,55782800.0,0.0922672569725558,0.0136431839632662,231.53491009203958
1788681600,1788681647.0,55818391.0,0.0927206984330836,-0.063054746154833,230.80941168666303
1788685200,1788685252.0,55854107.0,0.0927971125152601,0.0213257744380001,230.9996290777072
1788688800,1788688856.0,55889851.0,0.0926555209435077,0.4555742432024231,231.80094952042037
1788692400,1788692455.0,55925533.0,0.0926538952417524,0.0538366145833939,231.79688242105405
1788696000,1788696038.0,55961068.0,0.0926235505403758,-1.2702508263595238,231.72096756438515
1788699600,1788699655.0,55996976.0,0.0926289615887855,-2.6707605561338226,231.73450465474414
1788703200,1788703256.0,56032683.0,0.0927621839556307,-0.3232480877659455,230.84186984132992
1788706800,1788706855.0,56068398.0,0.0933693654302117,-9.628044028961764,231.4818975527724
1788710400,1788710459.0,56104133.0,0.0933002820122807,-0.0042820349856156,231.3106255236822
1788714000,1788714058.0,56139818.0,0.0931480342689626,-0.0069668031072434,230.93317199426156
1788717600,1788717652.0,56175473.0,0.0928674206581049,-0.9686581222638768,231.41818288634477
1788721200,1788721239.0,56211064.0,0.0927640235821128,-0.274174970564539,231.16052564473856
1788724800,1788724855.0,56246874.0,0.0929881791437324,-0.2983744684946134,231.71910337184966
1788728400,1788728459.0,56282585.0,0.0927031609311694,0.2507390638347295,231.00886078759964
1788732000,1788732064.0,56318295.0,0.0924334342405814,0.201952699088546,231.69041501179885
1788735600,1788735660.0,56353977.0,0.0923317824175452,0.6959870333044579,231.19047331311558
1788739200,1788739252.0,56389571.0,0.0921156515654237,-0.4340234374678874,231.90944322459507
1788742800,1788742855.0,56425265.0,0.0921167303589592,-0.4340183545287033,231.9121591844121
1788746400,1788746446.0,56460880.0,0.0924698780834442,-0.2271764942066479,231.58883495186905
1788750000,1788750037.0,56496454.0,0.0923473334828538,0.0123538893341196,232.62748992155596
1788753600,1788753638.0,56532148.0,0.0927702226876235,-0.4726322226689304,232.47207537793378
1788757200,1788757255.0,56567980.0,0.0928539461166082,0.3817019830619912,231.44229038887013
1788760800,1788760861.0,56603700.0,0.0925995560303077,1.099031126693043,232.06467336311445
1788764400,1788764459.0,56639384.0,0.0929850785695965,-0.0501356565959795,233.03083525405148
1788768000,1788768058.0,56675076.0,0.0934135820777463,0.0568144360863693,231.73024924121427
1788771600,1788771658.0,56710750.0,0.0935162696013343,-0.3174350361572121,233.15488494119717
1788775200,1788775259.0,56746452.0,0.0933709248481854,-0.2140927523302642,232.79251121369816
1788778800,1788778861.0,56782144.0,0.0933579173401943,-0.0184105485355196,232.760080877865
1788782400,1788782452.0,56817763.0,0.093279407140467,-0.1071512978024666,232.56433914584161
1788786000,1788786057.0,56853514.0,0.0927039867784775,0.0682757525024217,232.2902623617981
1788789600,1788789661.0,56889220.0,0.093006714814009,0.3356482220627974,233.04881414842103
1788793200,1788793255.0,56924871.0,0.093358448043977,0.3831032244011573,231.38735162937175
1788796800,1788796860.0,56960561.0,0.0938490338836091,0.0195051392065628,232.60326042560487
1788800400,1788800459.0,56996223.0,0.0934783669319774,-0.2119620133766178,231.68456858708814
1788804000,1788804059.0,57031905.0,0.0931317141258027,0.1211060991877999,231.9894943981366
1788807600,1788807659.0,57067559.0,0.0932381246347156,-0.2143981853115353,232.25456114143745
1788811200,1788811260.0,57103277.0,0.0930985747899123,-4.200208086242152,231.90694488371963
1788814800,1788814858.0,57138941.0,0.0931262908478685,0.0094047795082161,231.97598510629388
1788818400,1788818453.0,57174530.0,0.093254594690436,-0.0082493252411952,232.29558776631112
1788822000,1788822047.0,57210173.0,0.0933208916194184,0.0171887959450343,231.29457299283217
1788825600,1788825659.0,57245943.0,0.0929747603696835,-3.638794290417112,231.59919833327788
1788829200,1788829256.0,57281569.0,0.0930821679575706,-0.3113988122539834,231.86674956062876
1788832800,1788832859.0,57317288.0,0.0930100851039582,-4.255828050300455,232.85032021136786
1788836400,1788836450.0,57352901.0,0.0935070398499906,0.1378360672539079,232.8727372536121
1788840000,1788840057.0,57388659.0,0.0937828460510904,0.0804988063991811,233.55961329101706
1788843600,1788843652.0,57424275.0,0.0940096297330219,0.0323097753290959,232.8253512766324
1788847200,1788847252.0,57459916.0,0.0938038698734182,-0.0638948067930075,232.31576399576647
1788850800,1788850846.0,57495541.0,0.0938314643992381,0.0669875371050189,231.10667480726374
1788854400,1788854456.0,57531304.0,0.0934226580254779,-1.059190751161243,231.2537765433667
1788858000,1788858058.0,57567023.0,0.0933245253705258,-0.1065641041722392,231.01086387593102
1788861600,1788861659.0,57602728.0,0.0931158965404339,-0.0010733935399571,231.7462934902599
1788865200,1788865259.0,57638402.0,0.093228729876597,-0.2144195909833937,232.02711243105787
1788868800,1788868859.0,57674081.0,0.0936644517909617,-0.0443703434083259,231.84521034175646
1788872400,1788872458.0,57709744.0,0.0939789386916112,-0.0212707305508811,232.62365168462082
1788876000,1788876054.0,57745372.0,0.0934019171295926,-0.2434030381188339,229.813944809481
1788879600,1788879656.0,57781091.0,0.0915129597848186,4.7698044475238195,226.81462171375432
1788883200,1788883259.0,57816783.0,0.0907794363769955,-0.1354259578625485,226.32027025322196
1788886800,1788886864.0,57852489.0,0.0905453150602531,-0.000110386716552,225.73658740838545
1788890400,1788890460.0,57888181.0,0.0908064321252591,-0.2199196695184004,226.38757277553918
1788894000,1788894055.0,57923817.0,0.0908632549691359,0.0738516488324379,225.20132862895645
1788897600,1788897656.0,57959525.0,0.0909367978891819,0.0229363379699457,225.2737770511953
1788901200,1788901258.0,57995243.0,0.0909633721276223,0.0255536084442947,226.53336267918803
1788904800,1788904857.0,58030906.0,0.0909038251560743,0.2624768679599877,226.38506809218433
1788908400,1788908452.0,58066555.0,0.0908047348808417,-0.4148555354363507,226.13829565255057
1788912000,1788912058.0,58102283.0,0.0907133952733648,0.1589839807696036,225.91082532088225
1788915600,1788915659.0,58137982.0,0.0905942789264304,0.2489320729907323,225.61418035280377
1788919200,1788919255.0,58173618.0,0.0905782435578453,-0.0011034658962943,225.57424619158678
1788922800,1788922860.0,58209339.0,0.0907041114386015,0.0632632685399403,225.88770504446444
1788926400,1788926458.0,58245027.0,0.0906857899927422,-0.0275539455237579,225.84207768212534
1788930000,1788930052.0,58280644.0,0.0902330091311163,2.7912408330538185,226.02156958032
1788933600,1788933658.0,58316373.0,0.0906238685717849,-2.1467231810320846,225.79950268395356
1788937200,1788937257.0,58352066.0,0.0905013695524645,-0.2761022708723737,226.69894979989655
1788940800,1788940860.0,58387770.0,0.0901624338393424,-0.1108557021105577,225.84994198272847
1788944400,1788944455.0,58423404.0,0.0898449290695363,0.0188226869679907,226.24121123787145
1788948000,1788948058.0,58459109.0,0.0902756385096971,-0.995469524484687,224.98556023772122
1788951600,1788951661.0,58494802.0,0.0902830991037509,-0.0332122159425221,225.0041535809599
1788955200,1788955258.0,58530454.0,0.0899549310259417,1.6988586583033154,225.31641258584798
1788958800,1788958857.0,58566100.0,0.0896004299804106,0.001759608559128,224.42846900203304
1788962400,1788962460.0,58601783.0,0.0898135438901093,-0.550871684378297,224.69943387824569
1788966000,1788966060.0,58637460.0,0.0895551565270287,0.001584999066453,224.05298912514095
1788969600,1788969660.0,58673140.0,0.0901247572882915,-0.3160718515618971,224.40252540721417
1788973200,1788973259.0,58708815.0,0.0898745144353452,-0.0576270690420575,223.77944325025896
1788976800,1788976857.0,58744481.0,0.0899609293739918,-1.099947230297995,223.994608661503
1788980400,1788980462.0,58780210.0,0.0902334767966259,0.0078277780573663,224.6732271873391
1788984000,1788984058.0,58815914.0,0.0908173233254619,0.2604067428202875,223.75945627603377
1788987600,1788987659.0,58851635.0,0.0907022641891474,-11.958061818815109,223.47596884391626
1788991200,1788991262.0,58887375.0,0.0908135935172271,16.512954203284373,223.75026662110815
1788994800,1788994859.0,58923084.0,0.0912540642302971,-0.0174607378996041,223.37169842292124
1788998400,1788998460.0,58958791.0,0.0906644794177151,0.1245776693352085,223.04865169401415
1789002000,1789002060.0,58994492.0,0.0905451030296743,4.329105062259876,222.7549673033067
1789005600,1789005635.0,59029943.0,0.0905441282607006,-0.0120212735424519,222.85188960666738
1789009200,1789009256.0,59065810.0,0.0902439192664012,1.044428183386519,223.25968214434843
1789012800,1789012855.0,59101482.0,0.0903003017947077,-0.0221372542059035,223.3991701613864
1789016400,1789016452.0,59137125.0,0.0901512125635154,0.1312219070621578,223.03032963852658
1789020000,1789020002.0,59172288.0,0.0900546855089858,0.1610840141081569,222.79152574251015
1789023600,1789023657.0,59208498.0,0.0900366613103792,-2.165980897310059,222.74693462895337
1789027200,1789027258.0,59244153.0,0.0901945731473569,10.149807982629069,223.13760190955318
1789030800,1789030861.0,59279840.0,0.0903830993091445,0.0530292486856047,223.60400774940086
1789034400,1789034460.0,59315543.0,0.0905330803281251,0.4495068074362377,223.97505451795317
1789038000,1789038061.0,59351219.0,0.090549496461792,0.5373348909564583,224.01566734610054
1789041600,1789041660.0,59386931.0,0.0903387360416296,-1.0953408844995416,222.21977598749697
1789045200,1789045257.0,59422618.0,0.0913718061032253,1.143288606312214,221.10618216495672
1789048800,1789048858.0,59458336.0,0.089468785859266,0.0066722937594821,217.6552961616724
1789052400,1789052456.0,59494018.0,0.0895501833396621,-7.282677205588423,217.853315979783
1789056000,1789056059.0,59529736.0,0.0897446994250126,-0.5512922091262293,218.32652521983874
1789059600,1789059667.0,59565433.0,0.0894964416360586,-0.9843528377011364,218.85920327839756
1789063200,1789063260.0,59601130.0,0.0887758552934712,-0.0900696444586979,219.41751618479051
1789066800,1789066851.0,59636894.0,0.0886635285684984,-0.0031478601512939,217.87466944396647
1789070400,1789070450.0,59672687.0,0.0888814706145085,0.0010400569228322,218.41022281071193
1789074000,1789074046.0,59708294.0,0.0890776153852968,0.37040281941622,218.89221329528468
1789077600,1789077660.0,59744087.0,0.0890991539883833,0.0353929135323245,218.94514053722423
1789081200,1789081256.0,59779763.0,0.0894561197544267,-0.8583629555710665,218.71277498391473
1789084800,1789084849.0,59815377.0,0.0895506240689611,0.0170830691447613,218.9438301754043
1789088400,1789088442.0,59850927.0,0.0891063341485518,0.1456716474981479,218.96428378416937
1789092000,1789092049.0,59886497.0,0.0891640057860228,0.1293988033384646,219.10600242756507
1789095600,1789095662.0,59921982.0,0.0893240577373395,-1.063026958012514,218.3854953557053
1789099200,1789099224.0,59957183.0,0.0892635745290245,-8.23940481116238,218.23762191888258
1789102800,1789102848.0,59992822.0,0.0889630251171311,-0.107064252102437,218.70483272442763
1789106400,1789106456.0,60028384.0,0.0888941864786369,-0.0556563711241012,218.53560126116489
1789110000,1789110038.0,60063669.0,0.0891507497507963,-0.1942371062212713,219.16633102161285
1789113600,1789113650.0,60099266.0,0.0891073960968577,-0.1110465069592961,220.1861579032573
1789117200,1789117253.0,60134707.0,0.0889812252760581,-0.2265665810799161,219.87438728164508
1789120800,1789120848.0,60170081.0,0.0893142698533218,0.195596800144179,220.69734709295525
1789124400,1789124453.0,60205517.0,0.089529080797366,0.013271631802831,221.22814923190734
1789128000,1789128061.0,60241019.0,0.0895594076908844,-10.14281430379318,220.13277787862825
1789131600,1789131658.0,60276260.0,0.0884855788350926,-5.456757470498685,222.01431520134864
1789135200,1789135266.0,60311438.0,0.0845502863681515,-0.0117622699787534,222.12205731777078
1789138800,1789138878.0,60346620.0,0.0843415105482657,-0.6492706950149103,219.04807821773142
1789142400,1789142473.0,60381811.0,0.0855761393573903,0.3456330958992251,219.9377224716339
1789146000,1789146058.0,60417104.0,0.0851176342017608,0.1486992212908803,219.77377732862007
1789149600,1789149632.0,60452333.0,0.0854709873265362,0.635478751185083,219.52581916004073
1789153200,1789153255.0,60487854.0,0.0865764617236874,-0.3428798369876699,219.90177997959154
1789156800,1789156857.0,60523078.0,0.0861662748214715,-0.0919854933967075,218.85991677421512
1789160400,1789160473.0,60558442.0,0.0864095715257583,-0.0277191854140135,218.34195643628735
1789164000,1789164060.0,60593759.0,0.0871240913118569,-2.6610703507413724,219.048279042002
1789167600,1789167645.0,60629096.0,0.0870478370787296,-1.1689294443889744,218.85655987128015
1789171200,1789171268.0,60664386.0,0.0868750514847514,-0.3417012854689529,218.42214056848712
1789174800,1789174860.0,60699667.0,0.087138353963964,-0.0454222806841268,219.0841383474087
1789178400,1789178462.0,60735073.0,0.0870205974805343,-1.7656575309707176,218.78807379565364
1789182000,1789182062.0,60770497.0,0.0871448763899952,-5.2474458920891625,219.1005370974651
1789185600,1789185658.0,60805917.0,0.0872467691646145,0.0016830635507968,219.35671695071926
1789189200,1789189258.0,60841366.0,0.0872871724492473,0.3683258658586126,219.45829930105654
1789192800,1789192856.0,60876799.0,0.087258828233528,0.0300918369913765,219.38703598478406
1789196400,1789196461.0,60912311.0,0.0869919822886801,-0.3331990243098041,218.71612918841885
1789200000,1789200063.0,60947759.0,0.0869093469055683,-0.0456844523755665,218.50836646531826
1789203600,1789203647.0,60983124.0,0.0866478100828489,4.252881104168718,218.9702716298889
1789207200,1789207257.0,61018824.0,0.0867223296583095,-0.1014227149063258,219.15859227717073
1789210800,1789210855.0,61054390.0,0.0866292764535324,0.9875231450626714,218.92343474108768
1789214400,1789214456.0,61089953.0,0.086538455792155,0.3978391767508392,218.69391913218305
1789218000,1789218033.0,61125319.0,0.0866357846432396,0.5295911314285779,218.93988178189161
1789221600,1789221621.0,61160543.0,0.0862927575446293,-2.992971735564508,219.3751740851075
1789225200,1789225249.0,61195736.0,0.0863963335348569,0.1884693511085732,219.6384870389839
1789228800,1789228861.0,61230869.0,0.0865697055199689,-0.028575394214109,220.07923676697533
1789232400,1789232462.0,61266196.0,0.086698260786955,0.7877274388316782,220.4060525378127
1789236000,1789236047.0,61301591.0,0.0868557076647241,-0.0036614441626444,219.70207710001944
1789239600,1789239656.0,61337077.0,0.0870014423207039,0.0105791218676599,220.0707138595956
1789243200,1789243258.0,61372496.0,0.0870344680777963,-0.7981930249530356,219.03225917258487
1789246800,1789246859.0,61407966.0,0.0867743324247448,-1.1403380198615114,218.37759785233328
1789250400,1789250452.0,61443357.0,0.0866596322514288,0.0620901056941829,218.08894166078355
1789254000,1789254042.0,61478684.0,0.0866800204365472,1.6230849120082298,218.14025087592026
1789257600,1789257623.0,61513974.0,0.0866239074154236,-0.7688447638448235,217.99903599798574
1789261200,1789261263.0,61549810.0,0.0864620183527924,-0.0250991618150238,217.59162353363027
1789264800,1789264864.0,61585342.0,0.086466799946882,-0.093552832004986,217.60365696566038
1789268400,1789268445.0,61620699.0,0.0865411956542967,0.112924893560736,217.79088232852718
1789272000,1789272058.0,61656410.0,0.0865418157660523,-0.1163620833497096,217.79244291115344
1789275600,1789275620.0,61691598.0,0.0864137653650027,0.0394173662141942,217.47018933450403
1789279200,1789279254.0,61727503.0,0.0862796439045038,0.2144670798786178,217.132657237791
1789282800,1789282847.0,61763038.0,0.0865645163686049,8.061729816883567,217.84957159099133
1789286400,1789286459.0,61798743.0,0.0861333980470772,5.8344166126e-07,216.7646127003309
1789290000,1789290051.0,61834175.0,0.086703152687467,6.391725279324305,215.81201731057004
1789293600,1789293661.0,61869781.0,0.0867251165771292,-0.0635023658980508,214.5529119862368
1789297200,1789297252.0,61905208.0,0.0870881729514002,-0.1768462171937674,215.45109241411473
1789300800,1789300856.0,61940754.0,0.0867621347428108,-0.0011520002551471,214.64449278262944
1789304400,1789304447.0,61976163.0,0.0867434008601508,0.0216639779398566,214.5981462427094
1789308000,1789308058.0,62011730.0,0.0867190512909369,-0.4610316423122833,214.53790681972973
1789311600,1789311661.0,62047112.0,0.0866230712703619,-0.6853925670102096,215.54468199354773
1789315200,1789315264.0,62082499.0,0.0865994019383444,0.0029508620938591,215.4857854597734
1789318800,1789318858.0,62117888.0,0.0861913303896674,-0.2319265941004215,215.71219753004786
1789322400,1789322459.0,62153312.0,0.0861434864055705,0.2303022413421268,215.59245774993914
1789326000,1789326063.0,62188750.0,0.0859851154568356,-0.1231972521646656,215.1961006543696
1789329600,1789329658.0,62224187.0,0.0860869940737989,0.6842427611278967,215.4510736342171
1789333200,1789333256.0,62259642.0,0.0858898653745886,-0.3468458642650044,214.95771699717892
1789336800,1789336856.0,62295142.0,0.0863068498105891,-0.0229308990146382,217.11610058901226
1789340400,1789340454.0,62330574.0,0.0870426261778151,-1.2164038661417738,216.26638630789083
1789344000,1789344055.0,62366038.0,0.0870619026226138,0.0023594952644289,215.14603844907174
1789347600,1789347645.0,62401406.0,0.0864422938017793,7.989311676422774,214.7583913968296
1789351200,1789351236.0,62436815.0,0.0864343389147271,-6.890250734253399,214.73862816899359
1789354800,1789354861.0,62472534.0,0.0858241569180806,0.0180167459915993,215.48325912068563
1789358400,1789358444.0,62507853.0,0.085647637866034,1.9820201334892864,215.04006338188913
1789362000,1789362058.0,62543489.0,0.0856127750267925,-0.001965183590299,214.95253140381064
1789365600,1789365661.0,62579006.0,0.0855535518676106,0.7508674430352669,214.8038366794556
1789369200,1789369245.0,62614358.0,0.0854266429199919,0.8027655156423249,214.3790146741489
1789372800,1789372860.0,62650003.0,0.084974495650346,0.1558419655996567,214.32109032010894
1789376400,1789376454.0,62685470.0,0.0844403923529171,0.2798541271162453,212.97398493075133
1789380000,1789380052.0,62720947.0,0.0840802549542236,-2.287525873310732,212.06565309115277
1789383600,1789383657.0,62756477.0,0.0845556626436166,0.0323622875072237,213.26471751109975
1789387200,1789387256.0,62791948.0,0.0850066022886924,-0.0234262897310373,213.27604843230765
1789390800,1789390855.0,62827386.0,0.084848983574143,0.8199420794727186,212.8805933065527
1789394400,1789394455.0,62862729.0,0.0844044100191532,0.9795273937794344,211.431610013301
1789398000,1789398057.0,62898136.0,0.0843253119855342,0.0925591678107174,211.23347078582276
1789401600,1789401661.0,62933479.0,0.084625111185288,-0.1169283483859281,211.98446267677087
1789405200,1789405259.0,62968801.0,0.0839504942125586,-0.0571480491554622,212.50304649530744
1789408800,1789408859.0,63004073.0,0.0839716417245262,-0.589198584859702,212.55657698087592
1789412400,1789412463.0,63039438.0,0.0838090007320108,0.001044521011901,213.23597795175755
1789416000,1789416061.0,63074813.0,0.0832043745905291,-0.3975946205986558,211.69762234021277
1789419600,1789419659.0,63110177.0,0.0827720669398257,0.025713645051356,213.0590829865705
1789423200,1789423253.0,63145558.0,0.0835050880314097,-0.2393883507772855,212.81082319648593
1789426800,1789426856.0,63181075.0,0.0838915254789871,3.1735276483562394,212.65998359770356
1789430400,1789430460.0,63216537.0,0.0844042487464471,0.1296106666062297,212.75556998342716
1789434000,1789434041.0,63251729.0,0.0845133983151942,-1.170862873988939,211.88801836571997
1789437600,1789437640.0,63287185.0,0.0844633738567213,0.0115067409891674,211.76259939562829
1789441200,1789441251.0,63322766.0,0.0847031190015995,0.2190901670129054,212.36367714985124
1789444800,1789444859.0,63358380.0,0.0851080471147021,0.0053558385435405,213.37889387496608
1789448400,1789448458.0,63393883.0,0.0852328474023574,0.0088541885147948,212.59372988203512
1789452000,1789452061.0,63429403.0,0.0851037924179504,-0.058428894198525,212.2690877656466
1789455600,1789455636.0,63464635.0,0.0854239047644313,4.559769892003159,211.9779930937267
1789459200,1789459245.0,63500206.0,0.0857211707269615,0.0850398740257929,212.71565361540382
1789462800,1789462834.0,63535569.0,0.0855096438058762,0.1425347878101158,211.06357017611847
1789466400,1789466455.0,63571335.0,0.0857958765918796,4.946234037902251,211.77007895134486
1789470000,1789470048.0,63606760.0,0.0856315249927789,0.5835850635759628,212.48911459937128
1789473600,1789473627.0,63641942.0,0.0858172944861568,-0.0153189195293279,212.95008963363316
1789477200,1789477234.0,63677192.0,0.0858221246685306,-0.1830901816062926,212.96207542013002
1789480800,1789480855.0,63712220.0,0.0868127313639766,0.1566393686725156,212.87227656166647
1789484400,1789484459.0,63747005.0,0.0883470276004331,-0.1425249866190148,212.7166722346668
1789488000,1789488068.0,63782049.0,0.0876979440095921,-0.3384949701394468,212.4457612020382
1789491600,1789491644.0,63816949.0,0.0875810345122845,-1.135828842012852,212.16255128842212
1789495200,1789495224.0,63851644.0,0.0869310290856872,0.0012094204597537,211.69357271917463
1789498800,1789498871.0,63886327.0,0.0882910209535923,-2.3730413656725298,211.67727480145476
1789502400,1789502479.0,63921281.0,0.0879206833005877,2.9602116592887766,211.86438110280096
1789506000,1789506083.0,63956406.0,0.0885202296473382,-7.07861971916751,212.2332818460318
1789509600,1789509672.0,63991487.0,0.0889708369985309,-1.1121877065959562,213.31364367234625
1789513200,1789513253.0,64027140.0,0.0886945498689662,4.700363435127781,212.60075640771902
1789516800,1789516847.0,64062846.0,0.088682429699441,0.0138955173779606,212.52808872156544
1789520400,1789520445.0,64098582.0,0.0886239578695141,0.0170664963766634,212.38796055524733
1789524000,1789524053.0,64134455.0,0.0888124993590174,-8.277553428953642,212.83980160814428
1789527600,1789527662.0,64170290.0,0.0885494975453621,3.944922016617753,212.20951584606146
1789531200,1789531253.0,64206017.0,0.0887895985676839,0.0113903820502586,213.86306659005183
1789534800,1789534852.0,64241822.0,0.088731660638967,-1.4497477910225,213.72351439804785
1789538400,1789538447.0,64277580.0,0.0888466441312264,0.0005543202581979,212.78267349743308
1789542000,1789542049.0,64313306.0,0.0889015061053773,-1.0395975070357362,212.87198932414276
1789545600,1789545656.0,64349129.0,0.0892797875266138,0.0231208153785814,213.76705926434772
1789549200,1789549233.0,64384689.0,0.0890449211906339,0.0070227355772005,213.20470705279428
1789552800,1789552840.0,64420487.0,0.0888413565446758,0.0429805739462754,212.7173020427445
1789556400,1789556458.0,64456436.0,0.088786536090846,0.3812227430742413,212.5860426891171
1789560000,1789560059.0,64492161.0,0.0884450747631135,0.0099710137720827,213.9881980273225
1789563600,1789563659.0,64527931.0,0.0891486735106531,-1.625,214.6116358471542
1789567200,1789567265.0,64563756.0,0.0898829050081836,2.411308896142367,215.28891912442842
1789570800,1789570859.0,64599562.0,0.0902471616240529,-2.3030001771293787,214.96493958298962
1789574400,1789574424.0,64635131.0,0.0904202525291826,-0.1094341528406355,216.50955170598027
1789578000,1789578049.0,64671059.0,0.090405509977165,0.4063709072354903,216.47425094935716
1789581600,1789581668.0,64706805.0,0.0904461020331598,5.219567347882838,215.6855442284375
1789585200,1789585265.0,64742548.0,0.0890000430849509,3.5800134886263955,213.58011746876696
1789588800,1789588849.0,64778283.0,0.0890075263892636,0.0228128630529952,213.74906461157232
1789592400,1789592456.0,64814137.0,0.0890905945116168,-0.5553407633447884,215.0370022529176
1789596000,1789596057.0,64849823.0,0.0893956714567217,-2.394443942111327,214.6872273572606
1789599600,1789599662.0,64885535.0,0.0899878336935497,-2.5497569002496108,215.96119762567196
1789603200,1789603257.0,64921255.0,0.0892894109264523,0.4190724909233918,215.36482490796863
1789606800,1789606860.0,64957070.0,0.0892518668100414,-4.171784828609173,216.39178243347837
1789610400,1789610458.0,64992832.0,0.0888625205232591,0.3155167725917336,215.58491791545276
1789614000,1789614055.0,65028579.0,0.0888674581612296,1.04e-16,215.59689687205108
1789617600,1789617648.0,65064297.0,0.0887350412396887,-0.2300061555556958,215.2756467995468
1789621200,1789621249.0,65100082.0,0.088471053417387,0.987196203663162,215.75067672206796
1789624800,1789624852.0,65135842.0,0.0885645496644997,0.0062416448639517,215.97868212955842
1789628400,1789628440.0,65171496.0,0.0884727026884799,-1.4519546369982603,215.7546987308567
1789632000,1789632057.0,65207434.0,0.0886168790199233,-3.483555017577452,217.18756411476923
1789635600,1789635643.0,65243034.0,0.0888950579437441,-0.0005156249989514,216.75185097033173
1789639200,1789639257.0,65278938.0,0.0891879819161141,0.0042138230829732,217.46608429975888
1789642800,1789642860.0,65314674.0,0.0892611823899618,4.439794529741102,217.64456821737366
1789646400,1789646443.0,65350279.0,0.0890033558386869,8.293576924870338,217.11473283087932
1789650000,1789650062.0,65386265.0,0.0888464915549611,-0.0505873160348128,219.09487357761924
1789653600,1789653664.0,65422067.0,0.0890739541519062,-0.4565487589343611,218.4238241004493
1789657200,1789657260.0,65457844.0,0.0892617847884761,-0.1108544214760736,220.03092732278643
1789660800,1789660858.0,65493618.0,0.0888477884637683,-2.050794798888431,219.0323125927856
1789664400,1789664464.0,65529475.0,0.0887327442148074,-2.5820812570078573,218.74869936688427
1789668000,1789668032.0,65564996.0,0.0891695795075493,-1.1097063043513995,219.82560905755622
1789671600,1789671659.0,65601092.0,0.0895666607024417,0.0003763409182625,219.67741152802301
1789675200,1789675258.0,65636859.0,0.0896823067511695,16.71229332974817,219.96105305756905
1789678800,1789678858.0,65672667.0,0.0894471373039838,-0.8907219263521013,219.38426014128672
1789682400,1789682443.0,65708284.0,0.0898019014708823,-2.980443884050384,220.25437937176764
1789686000,1789686059.0,65744316.0,0.0897866742539174,0.0035906705746121,219.1137840931635
1789689600,1789689640.0,65779887.0,0.0896513802888805,-0.0001103725339397,218.78361513557002
1789693200,1789693259.0,65815845.0,0.0896093365236237,4.228583363975394,218.6810122874359
1789696800,1789696855.0,65851489.0,0.0893350652375938,-0.6686132359052946,219.17401386998523
1789700400,1789700458.0,65887241.0,0.0893333961711196,-0.055942163160575,219.1699189941647
1789704000,1789704049.0,65922901.0,0.0891168490370727,0.037507099259393,219.8215282819347
1789707600,1789707602.0,65958068.0,0.0890983248549944,0.7222991103617489,220.92812374124452
1789711200,1789711252.0,65994121.0,0.089023471170582,12.249396605513262,220.74251661474392
1789714800,1789714852.0,66029792.0,0.0890815254808515,0.7701107242541821,220.8864680286881
1789718400,1789718460.0,66065555.0,0.0891676044609237,2.374102413793526,222.2378341174869
1789722000,1789722053.0,66101202.0,0.0885215367266941,-0.0101536397503665,220.62760027957663
1789725600,1789725651.0,66136935.0,0.0882168017756496,0.0932873362407987,220.98749928809104
1789729200,1789729252.0,66172651.0,0.08791655810041,4.415973327188617,221.37326948137772
1789732800,1789732855.0,66208432.0,0.0879119144097451,-6.34702498189505,220.22725766870838
1789736400,1789736457.0,66244297.0,0.0877745360949007,1.0664955717532472,219.8831126259748
1789740000,1789740050.0,66280032.0,0.0858324213583275,0.0001491818686831,219.40222617054746
1789743600,1789743659.0,66315902.0,0.0849493336169956,-0.2513893025371104,218.54642752516764
1789747200,1789747259.0,66351713.0,0.0850812537674073,-2.3831447638571808,219.913770675306
1789750800,1789750858.0,66387449.0,0.0847634382808833,0.0125182431698118,220.29088907490205
1789754400,1789754436.0,66422899.0,0.0843949790058124,0.0003224498591658,219.30466861129142
1789758000,1789758058.0,66458791.0,0.0841299831894746,-0.1591990508581649,220.09185166208667
1789761600,1789761656.0,66494478.0,0.0843854285637577,-2.651978572750408,223.16759787059098
1789765200,1789765251.0,66530203.0,0.0843534523473106,0.249526193158888,221.83655557967674
1789768800,1789768848.0,66565866.0,0.0845993252192575,-0.0236290405724279,222.48316327035675
1789772400,1789772451.0,66601688.0,0.0848674997962491,0.0002872895899607,223.18842100194203
1789776000,1789776060.0,66637523.0,0.0852479239394733,-0.3520620622168048,223.06200360592362
1789779600,1789779655.0,66673252.0,0.0848002688679259,1.7243388040402874,221.89065734235228
1789783200,1789783258.0,66709037.0,0.0851511535805619,0.3032056171483266,222.8856990317282
1789786800,1789786857.0,66744727.0,0.0848201650547805,0.1817531699276211,222.01932663583963
1789790400,1789790450.0,66780332.0,0.0849328512576185,-8.98170561218098,223.44997426623053
1789794000,1789794004.0,66815552.0,0.0849775278273843,0.0019689283326136,222.42781592723992
1789797600,1789797640.0,66851617.0,0.0846555885738167,0.0914175494394348,222.7000230069763
1789801200,,,,,
1789804800,1789804854.0,66923241.0,0.084649663626891,0.6390767184224375,222.68443648943034
1789808400,1789808454.0,66958855.0,0.0841360874493015,0.0009489511436825,223.31119576578575
1789812000,1789812053.0,66994555.0,0.0842208136728747,0.942689863706496,222.33372019448777
1789815600,1789815660.0,67030353.0,0.0843111783549743,-0.4438026166205643,222.57227305415773
1789819200,1789819252.0,67066038.0,0.0842432444100033,0.0168101956244568,222.39293488281737
1789822800,1789822831.0,67101596.0,0.0841511548223455,-1.5391142317482676,222.1498284614681
1789826400,1789826433.0,67137354.0,0.0842976048027765,0.4942313081841242,222.53644036358182
1789830000,1789830061.0,67173284.0,0.0842577247592213,2.407656160512104,222.43116141817072
1789833600,1789833666.0,67209029.0,0.084281856116864,1.384310884447761,222.49486555832405
1789837200,1789837261.0,67244785.0,0.0840150955043535,-1.922261571989331,221.79064676970978
1789840800,1789840863.0,67280605.0,0.0841002217616137,-0.4753884499542012,223.17879378816912
1789844400,1789844448.0,67316319.0,0.0843226385754881,-3.202158231745098,222.37601956692708
1789848000,1789848053.0,67352296.0,0.0844133691875816,0.0319189701670389,222.61529472139418
1789851600,1789851656.0,67388185.0,0.0844317638220395,0.2363818658650505,222.66380512928984
1789855200,1789855212.0,67423554.0,0.0846566453304367,-9.826261004619822,222.10940752120024
1789858800,1789858833.0,67459411.0,0.0845448280605748,-0.131344112947458,221.81603814112708
1789862400,1789862452.0,67495179.0,0.0845418743882524,0.0081578682354446,221.80828873873844
1789866000,1789866040.0,67530849.0,0.0846407270540397,-0.0584532909695128,222.06764353533129
1789869600,1789869641.0,67566475.0,0.0848918134889214,0.2286611135397105,222.72640646020864
1789873200,1789873252.0,67602311.0,0.0862749991976322,0.0008793789251722,222.21812021188367
1789876800,1789876840.0,67637896.0,0.0855131917444514,-2.3887738924436026,221.360787580435
1789880400,1789880438.0,67673298.0,0.0856401636390128,0.0367449478335284,221.68946901551328
1789884000,1789884038.0,67708700.0,0.0857062390414332,0.0045252173779171,220.70597340304255
1789887600,1789887642.0,67744148.0,0.0858285053770919,-0.1152888939985545,221.02082691811665
1789891200,1789891247.0,67779580.0,0.0857371334170774,0.0522155986051956,220.7855308929697
1789894800,1789894856.0,67815338.0,0.0857885518724551,0.9702147707768743,220.91794085952452
1789898400,1789898412.0,67850459.0,0.0855798616430596,0.0097201963102144,220.38053330631044
1789902000,1789902063.0,67886453.0,0.0859086045532144,0.0124984175945774,221.22709389275724
1789905600,1789905652.0,67922072.0,0.0856435234539156,0.0140843973993068,220.54447168571807
1789909200,1789909263.0,67957918.0,0.0854371264125014,-0.6434346235899405,220.01296942354543
1789912800,1789912863.0,67993687.0,0.0854950921880464,1.2837811099803962,220.1622396874003
1789916400,1789916463.0,68029564.0,0.0852958880141132,5.704906879044416,219.6492601003177
1789920000,1789920047.0,68065280.0,0.0847268336504507,-0.5308595991941264,220.74169376063963
1789923600,1789923646.0,68101199.0,0.0839413740559727,0.6509593914122989,220.99439024608702
1789927200,1789927260.0,68137196.0,0.0843219937271844,0.0679053699558352,222.07916717708486
1789930800,1789930841.0,68172919.0,0.0842901138115131,0.1341594748723286,221.99520491754836
1789934400,1789934426.0,68208635.0,0.0841029536247483,3.664902432954431,221.5022803961013
1789938000,1789938045.0,68244657.0,0.0840810895275863,-0.2353699977922516,221.44469683724327
1789941600,1789941655.0,68280580.0,0.0841047309184988,0.1723288559521475,221.66054147763114
1789945200,1789945238.0,68316066.0,0.0842726833768283,-3.3178647800656367,222.10318522013233
1789948800,,,,,
1789952400,1789952421.0,68387122.0,0.0830903140319369,-1.4343668730836447,224.0909597809712
1789956000,1789956056.0,68423151.0,0.0843351475709295,-2.746833001089954,223.31284804675178
1789959600,1789959669.0,68458882.0,0.0839326599672473,-0.0498686832084877,223.3954323581427
1789963200,1789963241.0,68494475.0,0.083881682286067,0.429508410390738,223.25975000121116
1789966800,1789966793.0,68529763.0,0.08395990505223,2.1280880159260835,223.46794796222005
1789970400,1789970447.0,68565989.0,0.0837980101912359,3.1509978158755327,223.0370480898408
1789974000,1789974050.0,68601632.0,0.0839710923580499,-0.4742172326483495,223.558758317607
1789977600,1789977651.0,68637335.0,0.0839835905378153,0.0123721461809809,223.72510084084266
1789981200,1789981245.0,68673049.0,0.0832867076913708,-0.2791980953208902,225.37867679924338
1789984800,1789984853.0,68708907.0,0.0826702913900145,0.5644380261887765,225.0976028478569
1789988400,1789988450.0,68744653.0,0.0826870003931553,0.2493781950276521,224.0018631627379
1789992000,1789992063.0,68780530.0,0.082511274984548,3.1115091904011334,224.69867310748575
1789995600,1789995655.0,68816299.0,0.0818795764456139,-2.182646501012022,224.1634850340084
1789999200,1789999263.0,68852254.0,0.0821332196363996,0.2527848427796511,224.58136764041888
1790002800,1790002859.0,68888169.0,0.0821949928339735,0.0867085730075865,224.7987117266116
1790006400,1790006462.0,68924120.0,0.0817198699697253,0.100218384733706,225.92275251830256
1790010000,1790010057.0,68960068.0,0.0821442402392845,0.5168369449990988,227.00890651001706
1790013600,1790013659.0,68996045.0,0.0829546960739299,-2.2700000000000005,226.92837793896044
1790017200,1790017251.0,69031897.0,0.0826464473996799,3.4632878340446975,227.23882866632871
1790020800,1790020850.0,69067801.0,0.0823074343256188,-0.0026108444060987,227.44342556935544
1790024400,1790024448.0,69103601.0,0.0816751967039919,-3.322926038684457,227.07688849156398
1790028000,1790028056.0,69139478.0,0.0820212688250034,0.0068326537499342,226.86812372028913
1790031600,1790031648.0,69175198.0,0.0818765991704361,1.4374279887652084,227.6994873151904
1790035200,1790035243.0,69210925.0,0.0820513367828204,-5.033434761128323,227.00445090826898
1790038800,1790038857.0,69246907.0,0.0828090650631488,-2.1252790770474843,229.10079325877695
1790042400,1790042452.0,69282633.0,0.0828674161927126,-0.0886908237604878,227.98353798254232
1790046000,1790046061.0,69318381.0,0.083104822946892,0.0108376204529773,227.41385484948154
1790049600,1790049630.0,69353723.0,0.0831259309584916,-4.562515169137613,227.4716162899835
1790053200,1790053228.0,69389369.0,0.0831519775548024,-2.5487389042225064,227.5428920193901
1790056800,1790056854.0,69425129.0,0.0829009097670764,0.0243508612208055,226.83230224307593
1790060400,1790060454.0,69460439.0,0.0829223203806596,-0.0480001971102151,226.89088566254816
1790064000,1790064040.0,69495724.0,0.0830110846292751,-0.0602028757209503,225.98495219020262
1790067600,1790067658.0,69531468.0,0.0826363949974671,-3.1705645192247767,227.39776872109746
1790071200,1790071250.0,69566920.0,0.0826395363498479,3.051225791349683,227.2636833342627
1790074800,1790074838.0,69602401.0,0.0829730925553828,0.0055968758273842,227.0026073496937
1790078400,1790078447.0,69638202.0,0.0827291798761455,-0.0335937213147951,226.33529687050967
1790082000,1790082050.0,69673985.0,0.0821029752885714,0.0019189642394711,225.85191987535418
1790085600,1790085652.0,69709841.0,0.0826049621589132,-1.2203786919552295,227.23280403966655
1790089200,1790089260.0,69745783.0,0.0833001712471033,0.5313811044986695,227.71018112279407
1790092800,1790092859.0,69781669.0,0.0832679037499658,2.3460790836004732,228.79605181281855
1790096400,1790096455.0,69817509.0,0.0836246512638765,0.0003619256716918,229.83352807578592
1790100000,1790100060.0,69853389.0,0.0832547125080732,-2.4011711343951,228.8167904495811
1790103600,1790103656.0,69889218.0,0.0833791270909491,1.2340958815131489,229.15873079963671
1790107200,1790107250.0,69925011.0,0.0832403912701328,-0.2120556604244385,228.76040272128108
1790110800,1790110855.0,69960785.0,0.0830211721568968,-0.0220879474943762,228.15794696797587
1790114400,1790114452.0,69996619.0,0.0830994492128806,3.1026532117714236,228.37306718278333
1790118000,1790118029.0,70032232.0,0.0829781938019703,-0.5144253940758837,228.0398342869653
1790121600,1790121654.0,70068275.0,0.0832299990884694,0.225240833186062,228.771105803363
1790125200,1790125259.0,70104077.0,0.0827821313714567,0.4164853448150689,228.70906689591345
1790128800,1790128850.0,70139797.0,0.0829626693289178,0.0255583254860711,228.0569113449554
1790132400,1790132460.0,70175636.0,0.0827706935239492,-0.026907528513173,227.52918713491917
1790136000,1790136052.0,70211367.0,0.0824457734078727,0.5879488301245054,229.00880033731391
1790139600,1790139621.0,70246803.0,0.0823682294128543,-2.3938580357817916,228.79340715779125
1790143200,1790143260.0,70282839.0,0.0830313223203862,0.7165832431698386,229.13317025920236
1790146800,1790146806.0,70318027.0,0.0831769170125177,0.0006998207555787,229.53495325444695
1790150400,1790150452.0,70354141.0,0.0834793965729251,3.2580016065233934,229.2145336640574
1790154000,1790154039.0,70389669.0,0.0837541756235259,2.0326503858959915,228.70585229164968
1790157600,1790157641.0,70425339.0,0.0837928732353725,2.0967625551779028,228.81152308636698
1790161200,1790161262.0,70461147.0,0.0836999705384487,0.126788733449582,228.5578355499311
1790164800,1790164851.0,70496724.0,0.0835871191480647,0.1472740704208134,228.2496745152373
1790168400,1790168438.0,70532333.0,0.0837147803653048,-0.0895452728179205,227.24209700601259
1790172000,1790172059.0,70568335.0,0.0838797831100512,3.4128797514769875,227.6899936565718
1790175600,1790175660.0,70604132.0,0.0845813255154873,6.629101756711965,226.5156618667504
1790179200,1790179266.0,70639992.0,0.0847665865945019,-2.315445496981383,225.8270787026868
1790182800,1790182854.0,70675742.0,0.0845089955142335,-0.4223215874921398,225.06287794608517
1790186400,1790186444.0,70711533.0,0.0845292888136068,0.0456746685500344,225.11398339762346
1790190000,1790190057.0,70747447.0,0.0844881974336997,-1.9652544205034015,225.0045509826106
1790193600,1790193618.0,70782884.0,0.0842601594362548,0.872300245190054,225.52821494229653
1790197200,1790197253.0,70819040.0,0.0844122677400126,-3.176869156072996,225.93534346488556
1790200800,1790200846.0,70854676.0,0.0842123576854437,-9.465322950884248,225.40027021012807
1790204400,1790204448.0,70890336.0,0.0838367751135113,-0.590144999392922,225.86569433118126
1790208000,1790208063.0,70926158.0,0.0839060252925312,3.363339222382214,226.05226209629046
1790211600,1790211646.0,70961689.0,0.0839555025916661,-0.2763497986716741,225.04373508716228
1790215200,1790215255.0,70997495.0,0.0842251480201092,-1.780089804583632,225.76652290324088
1790218800,,,,,
1790222400,1790222426.0,71068359.0,0.084208754102233,1.1032170447027898,225.64156705463844
1790226000,1790226059.0,71104102.0,0.083995080149894,3.0168510078996538,225.06901701564848
1790229600,1790229644.0,71139433.0,0.0837340960303571,0.0003634640808251,225.50069432992137
1790233200,,,,,
1790236800,,,,,
1790240400,1790240445.0,71246268.0,0.0833993406898034,-2.2770563712903e-05,222.29488781653689
1790244000,1790244006.0,71281541.0,0.0844181307162109,-3.5926399840070364,222.56832156606978
1790247600,1790247663.0,71317652.0,0.0844032237746071,3.597637944724003,223.66580924981332
1790251200,1790251250.0,71353230.0,0.0843418647917593,-1.7598479278983017,223.50320993263503
1790254800,1790254857.0,71389000.0,0.0842822375756433,7.635973779545376,223.34519974120548
1790258400,1790258457.0,71424807.0,0.0835121135841411,-0.866146887167333,222.48470764161186
1790262000,1790262056.0,71460620.0,0.0835250107667857,2.4629681966412527,221.16675696436542
1790265600,1790265654.0,71496391.0,0.0830959001605411,0.0014606445894486,222.3561930468341
1790269200,1790269256.0,71532222.0,0.0835985803039672,-0.0119081235256769,225.09719534306177
1790272800,1790272863.0,71568070.0,0.0839901929391548,2.1698387945446047,225.00171907002294
1790276400,1790276454.0,71603838.0,0.0834581994450215,-1.7815156650962376,224.60689755462437
1790280000,1790280029.0,71639510.0,0.0833725169519147,0.8469245344593929,224.37630452626476
1790283600,1790283647.0,71675520.0,0.08342300924412,0.065674337465976,224.51219191873273
1790287200,1790287249.0,71711336.0,0.0834918613712065,-0.0237030393233865,224.69749022085009
1790290800,1790290803.0,71746716.0,0.0835536648722161,0.5043221819148468,223.69430216934697
1790294400,1790294428.0,71782616.0,0.0834069234254588,0.401359062348844,224.45555648271255
1790298000,1790298007.0,71818188.0,0.0833276347945437,-0.3838369897513444,224.24218362295585
1790301600,1790301629.0,71854123.0,0.083671863759143,1.3280717773513988,225.16853482539113
1790305200,1790305230.0,71889767.0,0.0840340446856825,0.4012124897906656,224.97892260913693
1790308800,1790308840.0,71925454.0,0.0839580969921395,0.010601513587641,224.77559275238826
1790312400,1790312453.0,71961119.0,0.0838522553275168,0.0003977666367488,224.49222969681907
1790316000,,,,,
1790319600,1790319623.0,72031950.0,0.0842724724556415,-1.2054173488307784,225.61724988477994
1790323200,1790323268.0,72067927.0,0.0843921831715351,4.040970464715739,225.93774365593242
1790326800,1790326817.0,72103137.0,0.0841871498621353,-1.1518721212718253,226.53900742929417
1790330400,1790330454.0,72139125.0,0.083752097756922,-2.317645123844503,226.51759863532635
1790334000,1790334056.0,72174723.0,0.0832543283392185,6.267241867850125,225.17132151281714
1790337600,1790337651.0,72210313.0,0.0832367632243271,-0.071759401555276,226.24021226636043
1790341200,1790341261.0,72246147.0,0.0831859130598362,-1.829158054356338,225.97100477271985
1790344800,1790344863.0,72281972.0,0.0836595380007245,2.094559826824549,224.7265410025763
1790348400,1790348458.0,72317809.0,0.0833460758149193,3.032687541133112,223.9452965237858
1790352000,1790352061.0,72353639.0,0.0838363205655099,2.111553035065647,225.25226445861765
1790355600,1790355658.0,72389478.0,0.08380337336278,0.0245662396662219,225.16374158485092
1790359200,1790359253.0,72425251.0,0.083772296278159,0.2230552835139557,225.0802433631204
1790362800,1790362807.0,72460635.0,0.0833032775272023,0.0005865530491836,223.82007909286241
1790366400,1790366456.0,72496923.0,0.0835719206734677,0.0102122229304369,224.54187218467976
1790370000,1790370039.0,72532594.0,0.0838928309984937,0.4298834988554954,225.40409725506288
1790373600,1790373645.0,72568451.0,0.0840323141098391,-0.0059471174013574,225.7788618734568
1790377200,1790377246.0,72604139.0,0.083749007339674,-0.0014830030334657,225.01767041030948
1790380800,1790380862.0,72639928.0,0.083666188605047,0.0011550442479038,224.79515220592634
1790384400,1790384443.0,72675422.0,0.0836768184804299,2.2767248440490913,224.82371266140387
1790388000,1790388064.0,72711149.0,0.0836062453914964,-6.285142756973038,224.63409618032645
1790391600,1790391624.0,72746293.0,0.083567692990839,-2.772511737280766,224.5305132047161
1790395200,1790395242.0,72782058.0,0.0836555594184874,0.0004683553279852,224.76659360118614
1790398800,1790398821.0,72817319.0,0.0836168488844069,-0.5917556142157304,224.6625857511133
1790402400,1790402454.0,72853050.0,0.083694426718466,-0.1764077125013622,224.87102265144162
1790406000,,,,,
1790409600,1790409650.0,72923958.0,0.0835313214629025,-0.0019168247952343,224.43278981974106
1790413200,1790413246.0,72959426.0,0.0834630051617226,-0.3556708738852744,224.2492368985679
1790416800,1790416855.0,72995140.0,0.0837058987816683,3.769248141812602,224.9018459055742
1790420400,1790420425.0,73030482.0,0.0836128940773043,0.0024062138123675,224.65195993584194
1790424000,1790424051.0,73066398.0,0.0835313714283161,0.0049130002431398,224.43292406731396
1790427600,1790427660.0,73102205.0,0.0835447376933246,-0.002880748974796,224.46883668180146
1790431200,1790431264.0,73138052.0,0.0836175420612909,1.76036862206e-07,224.664448185697
1790434800,1790434855.0,73173790.0,0.0836192614854286,0.8031654474660881,224.6690679516644
