hour,ts,block,price_quote,amount_stock,price_usd
1782086400,,,,,
1782090000,,,,,
1782093600,,,,,
1782097200,,,,,
1782100800,,,,,
1782104400,,,,,
1782108000,,,,,
1782111600,,,,,
1782115200,,,,,
1782118800,,,,,
1782122400,,,,,
1782126000,,,,,
1782129600,,,,,
1782133200,,,,,
1782136800,,,,,
1782140400,,,,,
1782144000,,,,,
1782147600,,,,,
1782151200,,,,,
1782154800,,,,,
1782158400,,,,,
1782162000,,,,,
1782165600,,,,,
1782169200,,,,,
1782172800,,,,,
1782176400,,,,,
1782180000,,,,,
1782183600,,,,,
1782187200,,,,,
1782190800,,,,,
1782194400,,,,,
1782198000,,,,,
1782201600,,,,,
1782205200,,,,,
1782208800,,,,,
1782212400,,,,,
1782216000,,,,,
1782219600,,,,,
1782223200,,,,,
1782226800,,,,,
1782230400,,,,,
1782234000,,,,,
1782237600,,,,,
1782241200,,,,,
1782244800,,,,,
1782248400,,,,,
1782252000,,,,,
1782255600,,,,,
1782259200,,,,,
1782262800,,,,,
1782266400,,,,,
1782270000,,,,,
1782273600,,,,,
1782277200,,,,,
1782280800,,,,,
1782284400,,,,,
1782288000,,,,,
1782291600,,,,,
1782295200,,,,,
1782298800,,,,,
1782302400,,,,,
1782306000,,,,,
1782309600,,,,,
1782313200,,,,,
1782316800,,,,,
1782320400,,,,,
1782324000,,,,,
1782327600,,,,,
1782331200,,,,,
1782334800,,,,,
1782338400,,,,,
1782342000,,,,,
1782345600,,,,,
1782349200,,,,,
1782352800,,,,,
1782356400,,,,,
1782360000,,,,,
1782363600,,,,,
1782367200,,,,,
1782370800,,,,,
1782374400,,,,,
1782378000,,,,,
1782381600,,,,,
1782385200,,,,,
1782388800,,,,,
1782392400,,,,,
1782396000,,,,,
1782399600,,,,,
1782403200,,,,,
1782406800,,,,,
1782410400,,,,,
1782414000,,,,,
1782417600,,,,,
1782421200,,,,,
1782424800,,,,,
1782428400,,,,,
1782432000,,,,,
1782435600,,,,,
1782439200,,,,,
1782442800,,,,,
1782446400,,,,,
1782450000,,,,,
1782453600,,,,,
1782457200,,,,,
1782460800,,,,,
1782464400,,,,,
1782468000,,,,,
1782471600,,,,,
1782475200,,,,,
1782478800,,,,,
1782482400,,,,,
1782486000,,,,,
1782489600,,,,,
1782493200,,,,,
1782496800,,,,,
1782500400,,,,,
1782504000,,,,,
1782507600,,,,,
1782511200,,,,,
1782514800,,,,,
1782518400,,,,,
1782522000,,,,,
1782525600,,,,,
1782529200,,,,,
1782532800,,,,,
1782536400,,,,,
1782540000,,,,,
1782543600,,,,,
1782547200,,,,,
1782550800,,,,,
1782554400,,,,,
1782558000,,,,,
1782561600,,,,,
1782565200,,,,,
1782568800,,,,,
1782572400,,,,,
1782576000,,,,,
1782579600,,,,,
1782583200,,,,,
1782586800,,,,,
1782590400,,,,,
1782594000,,,,,
1782597600,,,,,
1782601200,,,,,
1782604800,,,,,
1782608400,,,,,
1782612000,,,,,
1782615600,,,,,
1782619200,,,,,
1782622800,,,,,
1782626400,,,,,
1782630000,,,,,
1782633600,,,,,
1782637200,,,,,
1782640800,,,,,
1782644400,,,,,
1782648000,,,,,
1782651600,,,,,
1782655200,,,,,
1782658800,,,,,
1782662400,,,,,
1782666000,,,,,
1782669600,,,,,
1782673200,,,,,
1782676800,,,,,
1782680400,,,,,
1782684000,,,,,
1782687600,,,,,
1782691200,,,,,
1782694800,,,,,
1782698400,,,,,
1782702000,,,,,
1782705600,,,,,
1782709200,,,,,
1782712800,,,,,
1782716400,,,,,
1782720000,,,,,
1782723600,,,,,
1782727200,,,,,
1782730800,,,,,
1782734400,,,,,
1782738000,,,,,
1782741600,,,,,
1782745200,,,,,
1782748800,,,,,
1782752400,,,,,
1782756000,,,,,
1782759600,,,,,
1782763200,,,,,
1782766800,,,,,
1782770400,,,,,
1782774000,,,,,
1782777600,,,,,
1782781200,,,,,
1782784800,,,,,
1782788400,,,,,
1782792000,,,,,
1782795600,,,,,
1782799200,,,,,
1782802800,,,,,
1782806400,,,,,
1782810000,,,,,
1782813600,,,,,
1782817200,,,,,
1782820800,,,,,
1782824400,,,,,
1782828000,,,,,
1782831600,,,,,
1782835200,,,,,
1782838800,,,,,
1782842400,,,,,
1782846000,,,,,
1782849600,,,,,
1782853200,,,,,
1782856800,,,,,
1782860400,,,,,
1782864000,,,,,
1782867600,,,,,
1782871200,,,,,
1782874800,,,,,
1782878400,,,,,
1782882000,,,,,
1782885600,,,,,
1782889200,,,,,
1782892800,,,,,
1782896400,,,,,
1782900000,,,,,
1782903600,,,,,
1782907200,,,,,
1782910800,,,,,
1782914400,,,,,
1782918000,,,,,
1782921600,,,,,
1782925200,,,,,
1782928800,,,,,
1782932400,,,,,
1782936000,,,,,
1782939600,,,,,
1782943200,,,,,
1782946800,,,,,
1782950400,,,,,
1782954000,,,,,
1782957600,,,,,
1782961200,,,,,
1782964800,,,,,
1782968400,,,,,
1782972000,,,,,
1782975600,,,,,
1782979200,,,,,
1782982800,,,,,
1782986400,,,,,
1782990000,,,,,
1782993600,,,,,
1782997200,,,,,
1783000800,,,,,
1783004400,,,,,
1783008000,,,,,
1783011600,,,,,
1783015200,,,,,
1783018800,,,,,
1783022400,,,,,
1783026000,,,,,
1783029600,,,,,
1783033200,,,,,
1783036800,,,,,
1783040400,,,,,
1783044000,,,,,
1783047600,,,,,
1783051200,,,,,
1783054800,,,,,
1783058400,,,,,
1783062000,,,,,
1783065600,,,,,
1783069200,,,,,
1783072800,,,,,
1783076400,,,,,
1783080000,,,,,
1783083600,,,,,
1783087200,,,,,
1783090800,,,,,
1783094400,,,,,
1783098000,,,,,
1783101600,,,,,
1783105200,,,,,
1783108800,,,,,
1783112400,,,,,
1783116000,,,,,
1783119600,,,,,
1783123200,,,,,
1783126800,,,,,
1783130400,,,,,
1783134000,,,,,
1783137600,,,,,
1783141200,,,,,
1783144800,,,,,
1783148400,,,,,
1783152000,,,,,
1783155600,,,,,
1783159200,,,,,
1783162800,,,,,
1783166400,,,,,
1783170000,,,,,
1783173600,,,,,
1783177200,,,,,
1783180800,,,,,
1783184400,,,,,
1783188000,,,,,
1783191600,,,,,
1783195200,,,,,
1783198800,,,,,
1783202400,,,,,
1783206000,,,,,
1783209600,,,,,
1783213200,,,,,
1783216800,,,,,
1783220400,,,,,
1783224000,,,,,
1783227600,,,,,
1783231200,,,,,
1783234800,,,,,
1783238400,,,,,
1783242000,,,,,
1783245600,,,,,
1783249200,,,,,
1783252800,,,,,
1783256400,,,,,
1783260000,,,,,
1783263600,,,,,
1783267200,,,,,
1783270800,,,,,
1783274400,,,,,
1783278000,,,,,
1783281600,,,,,
1783285200,,,,,
1783288800,,,,,
1783292400,,,,,
1783296000,,,,,
1783299600,,,,,
1783303200,,,,,
1783306800,,,,,
1783310400,,,,,
1783314000,,,,,
1783317600,,,,,
1783321200,,,,,
1783324800,,,,,
1783328400,,,,,
1783332000,,,,,
1783335600,,,,,
1783339200,,,,,
1783342800,,,,,
1783346400,,,,,
1783350000,,,,,
1783353600,,,,,
1783357200,,,,,
1783360800,,,,,
1783364400,,,,,
1783368000,,,,,
1783371600,,,,,
1783375200,,,,,
1783378800,,,,,
1783382400,,,,,
1783386000,,,,,
1783389600,,,,,
1783393200,,,,,
1783396800,,,,,
1783400400,,,,,
1783404000,,,,,
1783407600,,,,,
1783411200,,,,,
1783414800,,,,,
1783418400,,,,,
1783422000,,,,,
1783425600,,,,,
1783429200,,,,,
1783432800,,,,,
1783436400,,,,,
1783440000,,,,,
1783443600,,,,,
1783447200,,,,,
1783450800,,,,,
1783454400,,,,,
1783458000,,,,,
1783461600,,,,,
1783465200,,,,,
1783468800,,,,,
1783472400,,,,,
1783476000,,,,,
1783479600,,,,,
1783483200,,,,,
1783486800,,,,,
1783490400,,,,,
1783494000,,,,,
1783497600,,,,,
1783501200,,,,,
1783504800,,,,,
1783508400,,,,,
1783512000,,,,,
1783515600,,,,,
1783519200,,,,,
1783522800,,,,,
1783526400,,,,,
1783530000,,,,,
1783533600,,,,,
1783537200,,,,,
1783540800,,,,,
1783544400,,,,,
1783548000,,,,,
1783551600,,,,,
1783555200,,,,,
1783558800,,,,,
1783562400,,,,,
1783566000,,,,,
1783569600,,,,,
1783573200,,,,,
1783576800,,,,,
1783580400,,,,,
1783584000,,,,,
1783587600,,,,,
1783591200,,,,,
1783594800,,,,,
1783598400,,,,,
1783602000,,,,,
1783605600,,,,,
1783609200,,,,,
1783612800,,,,,
1783616400,,,,,
1783620000,,,,,
1783623600,,,,,
1783627200,,,,,
1783630800,,,,,
1783634400,,,,,
1783638000,,,,,
1783641600,,,,,
1783645200,,,,,
1783648800,,,,,
1783652400,,,,,
1783656000,,,,,
1783659600,,,,,
1783663200,,,,,
1783666800,,,,,
1783670400,,,,,
1783674000,,,,,
1783677600,,,,,
1783681200,,,,,
1783684800,,,,,
1783688400,,,,,
1783692000,,,,,
1783695600,,,,,
1783699200,,,,,
1783702800,,,,,
1783706400,,,,,
1783710000,,,,,
1783713600,,,,,
1783717200,,,,,
1783720800,,,,,
1783724400,,,,,
1783728000,,,,,
1783731600,,,,,
1783735200,,,,,
1783738800,,,,,
1783742400,,,,,
1783746000,,,,,
1783749600,,,,,
1783753200,,,,,
1783756800,,,,,
1783760400,,,,,
1783764000,,,,,
1783767600,,,,,
1783771200,,,,,
1783774800,,,,,
1783778400,,,,,
1783782000,,,,,
1783785600,,,,,
1783789200,,,,,
1783792800,,,,,
1783796400,,,,,
1783800000,,,,,
1783803600,,,,,
1783807200,,,,,
1783810800,,,,,
1783814400,,,,,
1783818000,,,,,
1783821600,,,,,
1783825200,,,,,
1783828800,,,,,
1783832400,,,,,
1783836000,,,,,
1783839600,,,,,
1783843200,,,,,
1783846800,,,,,
1783850400,,,,,
1783854000,,,,,
1783857600,,,,,
1783861200,,,,,
1783864800,,,,,
1783868400,,,,,
1783872000,,,,,
1783875600,,,,,
1783879200,,,,,
1783882800,,,,,
1783886400,,,,,
1783890000,,,,,
1783893600,,,,,
1783897200,,,,,
1783900800,,,,,
1783904400,,,,,
1783908000,,,,,
1783911600,,,,,
1783915200,,,,,
1783918800,,,,,
1783922400,,,,,
1783926000,,,,,
1783929600,,,,,
1783933200,,,,,
1783936800,,,,,
1783940400,,,,,
1783944000,,,,,
1783947600,,,,,
1783951200,,,,,
1783954800,,,,,
1783958400,,,,,
1783962000,,,,,
1783965600,,,,,
1783969200,,,,,
1783972800,,,,,
1783976400,,,,,
1783980000,,,,,
1783983600,,,,,
1783987200,,,,,
1783990800,,,,,
1783994400,,,,,
1783998000,,,,,
1784001600,,,,,
1784005200,,,,,
1784008800,,,,,
1784012400,,,,,
1784016000,,,,,
1784019600,,,,,
1784023200,,,,,
1784026800,,,,,
1784030400,,,,,
1784034000,,,,,
1784037600,,,,,
1784041200,,,,,
1784044800,,,,,
1784048400,,,,,
1784052000,,,,,
1784055600,,,,,
1784059200,,,,,
1784062800,,,,,
1784066400,,,,,
1784070000,,,,,
1784073600,,,,,
1784077200,,,,,
1784080800,,,,,
1784084400,,,,,
1784088000,,,,,
1784091600,,,,,
1784095200,,,,,
1784098800,,,,,
1784102400,,,,,
1784106000,,,,,
1784109600,,,,,
1784113200,,,,,
1784116800,,,,,
1784120400,,,,,
1784124000,,,,,
1784127600,,,,,
1784131200,,,,,
1784134800,,,,,
1784138400,,,,,
1784142000,,,,,
1784145600,,,,,
1784149200,,,,,
1784152800,,,,,
1784156400,,,,,
1784160000,,,,,
1784163600,,,,,
1784167200,,,,,
1784170800,,,,,
1784174400,,,,,
1784178000,,,,,
1784181600,,,,,
1784185200,,,,,
1784188800,,,,,
1784192400,,,,,
1784196000,,,,,
1784199600,,,,,
1784203200,,,,,
1784206800,,,,,
1784210400,,,,,
1784214000,,,,,
1784217600,,,,,
1784221200,,,,,
1784224800,,,,,
1784228400,,,,,
1784232000,,,,,
1784235600,,,,,
1784239200,,,,,
1784242800,,,,,
1784246400,,,,,
1784250000,,,,,
1784253600,,,,,
1784257200,,,,,
1784260800,,,,,
1784264400,,,,,
1784268000,,,,,
1784271600,,,,,
1784275200,,,,,
1784278800,,,,,
1784282400,,,,,
1784286000,,,,,
1784289600,,,,,
1784293200,,,,,
1784296800,,,,,
1784300400,,,,,
1784304000,,,,,
1784307600,,,,,
1784311200,,,,,
1784314800,,,,,
1784318400,,,,,
1784322000,,,,,
1784325600,,,,,
1784329200,,,,,
1784332800,,,,,
1784336400,,,,,
1784340000,,,,,
1784343600,,,,,
1784347200,,,,,
1784350800,,,,,
1784354400,,,,,
1784358000,,,,,
1784361600,,,,,
1784365200,,,,,
1784368800,,,,,
1784372400,,,,,
1784376000,,,,,
1784379600,,,,,
1784383200,,,,,
1784386800,,,,,
1784390400,,,,,
1784394000,,,,,
1784397600,,,,,
1784401200,,,,,
1784404800,,,,,
1784408400,,,,,
1784412000,,,,,
1784415600,,,,,
1784419200,,,,,
1784422800,,,,,
1784426400,,,,,
1784430000,,,,,
1784433600,,,,,
1784437200,,,,,
1784440800,,,,,
1784444400,,,,,
1784448000,,,,,
1784451600,,,,,
1784455200,,,,,
1784458800,,,,,
1784462400,,,,,
1784466000,,,,,
1784469600,,,,,
1784473200,,,,,
1784476800,,,,,
1784480400,,,,,
1784484000,,,,,
1784487600,,,,,
1784491200,,,,,
1784494800,,,,,
1784498400,,,,,
1784502000,,,,,
1784505600,,,,,
1784509200,,,,,
1784512800,,,,,
1784516400,,,,,
1784520000,,,,,
1784523600,,,,,
1784527200,,,,,
1784530800,,,,,
1784534400,,,,,
1784538000,,,,,
1784541600,,,,,
1784545200,,,,,
1784548800,,,,,
1784552400,,,,,
1784556000,,,,,
1784559600,,,,,
1784563200,,,,,
1784566800,,,,,
1784570400,,,,,
1784574000,,,,,
1784577600,,,,,
1784581200,,,,,
1784584800,,,,,
1784588400,,,,,
1784592000,,,,,
1784595600,,,,,
1784599200,,,,,
1784602800,,,,,
1784606400,,,,,
1784610000,,,,,
1784613600,,,,,
1784617200,,,,,
1784620800,,,,,
1784624400,,,,,
1784628000,,,,,
1784631600,,,,,
1784635200,,,,,
1784638800,,,,,
1784642400,,,,,
1784646000,,,,,
1784649600,,,,,
1784653200,,,,,
1784656800,,,,,
1784660400,,,,,
1784664000,,,,,
1784667600,,,,,
1784671200,,,,,
1784674800,,,,,
1784678400,,,,,
1784682000,,,,,
1784685600,,,,,
1784689200,,,,,
1784692800,,,,,
1784696400,,,,,
1784700000,,,,,
1784703600,,,,,
1784707200,,,,,
1784710800,,,,,
1784714400,,,,,
1784718000,,,,,
1784721600,,,,,
1784725200,,,,,
1784728800,,,,,
1784732400,,,,,
1784736000,,,,,
1784739600,,,,,
1784743200,,,,,
1784746800,,,,,
1784750400,,,,,
1784754000,,,,,
1784757600,,,,,
1784761200,,,,,
1784764800,,,,,
1784768400,,,,,
1784772000,,,,,
1784775600,,,,,
1784779200,,,,,
1784782800,,,,,
1784786400,,,,,
1784790000,,,,,
1784793600,,,,,
1784797200,,,,,
1784800800,,,,,
1784804400,,,,,
1784808000,,,,,
1784811600,,,,,
1784815200,,,,,
1784818800,,,,,
1784822400,,,,,
1784826000,,,,,
1784829600,,,,,
1784833200,,,,,
1784836800,,,,,
1784840400,,,,,
1784844000,,,,,
1784847600,,,,,
1784851200,,,,,
1784854800,,,,,
1784858400,,,,,
1784862000,,,,,
1784865600,,,,,
1784869200,,,,,
1784872800,,,,,
1784876400,,,,,
1784880000,,,,,
1784883600,,,,,
1784887200,,,,,
1784890800,,,,,
1784894400,,,,,
1784898000,,,,,
1784901600,,,,,
1784905200,,,,,
1784908800,,,,,
1784912400,,,,,
1784916000,,,,,
1784919600,,,,,
1784923200,,,,,
1784926800,,,,,
1784930400,,,,,
1784934000,,,,,
1784937600,,,,,
1784941200,,,,,
1784944800,,,,,
1784948400,,,,,
1784952000,,,,,
1784955600,,,,,
1784959200,,,,,
1784962800,,,,,
1784966400,,,,,
1784970000,,,,,
1784973600,,,,,
1784977200,,,,,
1784980800,,,,,
1784984400,,,,,
1784988000,,,,,
1784991600,,,,,
1784995200,,,,,
1784998800,,,,,
1785002400,,,,,
1785006000,,,,,
1785009600,,,,,
1785013200,,,,,
1785016800,,,,,
1785020400,,,,,
1785024000,,,,,
1785027600,,,,,
1785031200,,,,,
1785034800,,,,,
1785038400,,,,,
1785042000,,,,,
1785045600,,,,,
1785049200,,,,,
1785052800,,,,,
1785056400,,,,,
1785060000,,,,,
1785063600,,,,,
1785067200,,,,,
1785070800,,,,,
1785074400,,,,,
1785078000,,,,,
1785081600,,,,,
1785085200,,,,,
1785088800,,,,,
1785092400,,,,,
1785096000,,,,,
1785099600,,,,,
1785103200,,,,,
1785106800,,,,,
1785110400,,,,,
1785114000,,,,,
1785117600,,,,,
1785121200,,,,,
1785124800,,,,,
1785128400,,,,,
1785132000,,,,,
1785135600,,,,,
1785139200,,,,,
1785142800,,,,,
1785146400,,,,,
1785150000,,,,,
1785153600,,,,,
1785157200,,,,,
1785160800,,,,,
1785164400,,,,,
1785168000,,,,,
1785171600,,,,,
1785175200,,,,,
1785178800,,,,,
1785182400,,,,,
1785186000,,,,,
1785189600,,,,,
1785193200,,,,,
1785196800,,,,,
1785200400,,,,,
1785204000,,,,,
1785207600,,,,,
1785211200,,,,,
1785214800,,,,,
1785218400,,,,,
1785222000,,,,,
1785225600,,,,,
1785229200,,,,,
1785232800,,,,,
1785236400,,,,,
1785240000,,,,,
1785243600,,,,,
1785247200,,,,,
1785250800,,,,,
1785254400,,,,,
1785258000,,,,,
1785261600,,,,,
1785265200,,,,,
1785268800,,,,,
1785272400,,,,,
1785276000,,,,,
1785279600,,,,,
1785283200,,,,,
1785286800,,,,,
1785290400,,,,,
1785294000,,,,,
1785297600,,,,,
1785301200,,,,,
1785304800,,,,,
1785308400,,,,,
1785312000,,,,,
1785315600,,,,,
1785319200,,,,,
1785322800,,,,,
1785326400,,,,,
1785330000,,,,,
1785333600,,,,,
1785337200,,,,,
1785340800,,,,,
1785344400,,,,,
1785348000,,,,,
1785351600,,,,,
1785355200,,,,,
1785358800,,,,,
1785362400,,,,,
1785366000,,,,,
1785369600,,,,,
1785373200,,,,,
1785376800,,,,,
1785380400,,,,,
1785384000,,,,,
1785387600,,,,,
1785391200,,,,,
1785394800,,,,,
1785398400,,,,,
1785402000,,,,,
1785405600,,,,,
1785409200,,,,,
1785412800,,,,,
1785416400,,,,,
1785420000,,,,,
1785423600,,,,,
1785427200,,,,,
1785430800,,,,,
1785434400,,,,,
1785438000,,,,,
1785441600,,,,,
1785445200,,,,,
1785448800,,,,,
1785452400,,,,,
1785456000,,,,,
1785459600,,,,,
1785463200,,,,,
1785466800,,,,,
1785470400,,,,,
1785474000,,,,,
1785477600,,,,,
1785481200,,,,,
1785484800,,,,,
1785488400,,,,,
1785492000,,,,,
1785495600,,,,,
1785499200,,,,,
1785502800,,,,,
1785506400,,,,,
1785510000,,,,,
1785513600,,,,,
1785517200,,,,,
1785520800,,,,,
1785524400,,,,,
1785528000,,,,,
1785531600,,,,,
1785535200,,,,,
1785538800,,,,,
1785542400,,,,,
1785546000,,,,,
1785549600,,,,,
1785553200,,,,,
1785556800,,,,,
1785560400,,,,,
1785564000,,,,,
1785567600,,,,,
1785571200,,,,,
1785574800,,,,,
1785578400,,,,,
1785582000,,,,,
1785585600,,,,,
1785589200,,,,,
1785592800,,,,,
1785596400,,,,,
1785600000,,,,,
1785603600,,,,,
1785607200,,,,,
1785610800,,,,,
1785614400,,,,,
1785618000,,,,,
1785621600,,,,,
1785625200,,,,,
1785628800,,,,,
1785632400,,,,,
1785636000,,,,,
1785639600,,,,,
1785643200,,,,,
1785646800,,,,,
1785650400,,,,,
1785654000,,,,,
1785657600,,,,,
1785661200,,,,,
1785664800,,,,,
1785668400,,,,,
1785672000,,,,,
1785675600,,,,,
1785679200,,,,,
1785682800,,,,,
1785686400,,,,,
1785690000,,,,,
1785693600,,,,,
1785697200,,,,,
1785700800,,,,,
1785704400,,,,,
1785708000,,,,,
1785711600,,,,,
1785715200,,,,,
1785718800,,,,,
1785722400,,,,,
1785726000,,,,,
1785729600,,,,,
1785733200,,,,,
1785736800,,,,,
1785740400,,,,,
1785744000,,,,,
1785747600,,,,,
1785751200,,,,,
1785754800,,,,,
1785758400,,,,,
1785762000,,,,,
1785765600,,,,,
1785769200,,,,,
1785772800,,,,,
1785776400,,,,,
1785780000,,,,,
1785783600,1785783615.0,26997036.0,0.4051073499192181,0.018012898421443,757.5490023873332
1785787200,,,,,
1785790800,1785790806.0,27068796.0,0.4056062683433546,-0.0186574874460316,758.4819776951192
1785794400,,,,,
1785798000,1785798043.0,27140977.0,0.407562702394273,0.0595532353022704,757.8991385404207
1785801600,,,,,
1785805200,,,,,
1785808800,,,,,
1785812400,,,,,
1785816000,,,,,
1785819600,,,,,
1785823200,1785823232.0,27392218.0,0.407203207571995,-0.0140834045562696,761.9150661225303
1785826800,,,,,
1785830400,,,,,
1785834000,,,,,
1785837600,,,,,
1785841200,1785841245.0,27571847.0,0.407289074346723,-0.0144698364319029,758.1410406743273
1785844800,,,,,
1785848400,,,,,
1785852000,1785852047.0,27679548.0,0.4104399692580668,0.0123495585651391,764.368735892335
1785855600,1785855642.0,27715443.0,0.4092211522036241,-0.0433213295422288,766.5391540594221
1785859200,1785859226.0,27751217.0,0.4099861119319459,-0.0001119402835044,767.4927304074615
1785862800,,,,,
1785866400,,,,,
1785870000,,,,,
1785873600,,,,,
1785877200,1785877221.0,27930473.0,0.4116330338513667,-0.0204095748827146,770.5757631344676
1785880800,,,,,
1785884400,,,,,
1785888000,1785888048.0,28038450.0,0.4139984898597895,-0.0480742290890157,775.003889448328
1785891600,,,,,
1785895200,,,,,
1785898800,,,,,
1785902400,1785902431.0,28181936.0,0.4140055785620221,0.0458344592774427,774.9295953139768
1785906000,1785906038.0,28217897.0,0.4147015840982425,0.0508213343789415,776.2323683113672
1785909600,1785909615.0,28253551.0,0.4143541533911073,-0.0027004751015917,775.58205258805
1785913200,,,,,
1785916800,1785916845.0,28325609.0,0.4131592891645765,0.0183365938580139,773.6304812943694
1785920400,,,,,
1785924000,1785924015.0,28397083.0,0.4133611212037139,-0.0258365549824715,774.0084067620363
1785927600,,,,,
1785931200,1785931252.0,28469244.0,0.4146584232566705,-0.0309695508854785,776.4375725533765
1785934800,,,,,
1785938400,1785938455.0,28541082.0,0.4127586635829526,-0.0151490821067058,773.1646690145117
1785942000,1785942045.0,28576891.0,0.4128433277349184,-0.0479519061131438,773.3232588560035
1785945600,1785945646.0,28612837.0,0.4114086458603574,-0.0622207046261622,770.6358644181563
1785949200,1785949232.0,28648752.0,0.4075719763522578,-0.0066233442076381,771.627492789385
1785952800,,,,,
1785956400,,,,,
1785960000,,,,,
1785963600,1785963650.0,28793168.0,0.4025524500681061,-0.0519110294052812,770.6507861836932
1785967200,,,,,
1785970800,1785970834.0,28864922.0,0.4053361323457167,-0.0567430255327321,771.4855126164776
1785974400,,,,,
1785978000,,,,,
1785981600,,,,,
1785985200,,,,,
1785988800,,,,,
1785992400,1785992438.0,29080660.0,0.4042462977028457,-0.0161542152969861,769.2887894544695
1785996000,1785996029.0,29116482.0,0.403309436035613,0.0523126256960312,771.7793641869735
1785999600,1785999652.0,29152639.0,0.4031103445385387,-0.021252500058724,771.3983795253266
1786003200,1786003233.0,29188347.0,0.4036866884062662,-0.0532004832663282,772.5012803355831
1786006800,1786006815.0,29224044.0,0.4024311287151777,-0.0095808350552626,770.0986213013385
1786010400,,,,,
1786014000,,,,,
1786017600,,,,,
1786021200,,,,,
1786024800,1786024807.0,29403543.0,0.4045094076031633,-0.0685013577097361,770.2815868275835
1786028400,1786028457.0,29439879.0,0.4032530528986637,-0.0437621444177163,772.267957465456
1786032000,,,,,
1786035600,1786035649.0,29511728.0,0.4022073433901469,-0.0016512161186713,770.2653242790747
1786039200,,,,,
1786042800,,,,,
1786046400,1786046422.0,29619346.0,0.4034358389796934,0.0044138456326218,768.7173619440947
1786050000,,,,,
1786053600,,,,,
1786057200,,,,,
1786060800,1786060834.0,29763351.0,0.404849238715205,0.0003579323062672,771.4104913368695
1786064400,1786064439.0,29799673.0,0.4044513143179945,0.0321854591891066,770.6522756224441
1786068000,,,,,
1786071600,1786071652.0,29871643.0,0.4046605434323612,-0.05550900871425,771.0509463336149
1786075200,1786075211.0,29907116.0,0.4057461274370912,0.0250617731311052,769.2357713525381
1786078800,,,,,
1786082400,,,,,
1786086000,,,,,
1786089600,1786089608.0,30050606.0,0.4048279078617773,-0.0333351675449423,771.4719571102767
1786093200,,,,,
1786096800,1786096844.0,30122717.0,0.4029796289320312,0.0041818707086568,771.9276282007523
1786100400,,,,,
1786104000,1786104028.0,30194309.0,0.4024390847434604,0.0573639849560462,770.8921887803356
1786107600,,,,,
1786111200,,,,,
1786114800,1786114806.0,30301893.0,0.4038954173866848,-0.0064660501207312,773.8671066955065
1786118400,1786118418.0,30337936.0,0.4037236922053809,0.0025624366671518,773.5380797655596
1786122000,,,,,
1786125600,1786125656.0,30410193.0,0.4043229146996607,0.0020358958441214,770.5987196677515
1786129200,,,,,
1786132800,1786132845.0,30481973.0,0.403088784161172,-0.042740529217731,772.136968552709
1786136400,1786136457.0,30518027.0,0.4041848565277159,-0.0646344170093643,774.2365506489432
1786140000,1786140040.0,30553878.0,0.403395055589156,-0.0185461642581281,772.723646975057
1786143600,1786143657.0,30590050.0,0.404035888824268,0.0134719139909673,773.9511954729318
1786147200,1786147226.0,30625699.0,0.4042068946120678,-0.0030990743027368,774.2787657149853
1786150800,,,,,
1786154400,1786154407.0,30697465.0,0.4039672046226392,-0.0064577897482965,773.8196274082349
1786158000,1786158026.0,30733580.0,0.4040579773983327,-0.0660773117742514,773.9935072545743
1786161600,,,,,
1786165200,,,,,
1786168800,,,,,
1786172400,,,,,
1786176000,,,,,
1786179600,1786179608.0,30948803.0,0.40401348911808,-0.0426874874025091,773.908287701959
1786183200,,,,,
1786186800,1786186827.0,31020772.0,0.4027574201596315,0.0260263835592769,771.5022240356433
1786190400,,,,,
1786194000,,,,,
1786197600,,,,,
1786201200,1786201263.0,31164816.0,0.4025495682599001,0.0064566602844197,771.104073201205
1786204800,1786204844.0,31200639.0,0.4032278103896042,0.1456452342588976,772.4032803301362
1786208400,,,,,
1786212000,,,,,
1786215600,1786215637.0,31308474.0,0.4033619183990961,-0.0008672782956504,772.6601710102458
1786219200,1786219252.0,31344565.0,0.4034331971842516,-0.0049303598824519,774.4729180647524
1786222800,1786222848.0,31380519.0,0.4038235745500264,0.0006803202612995,775.2223276317593
1786226400,1786226407.0,31416058.0,0.403480289621654,0.0052611599082964,774.5633216747389
1786230000,1786230029.0,31452247.0,0.4042121103922468,-0.0025346337767114,775.9682020159136
1786233600,1786233603.0,31487917.0,0.4044067065513426,-0.006447787925333,776.3417693282493
1786237200,,,,,
1786240800,1786240858.0,31560330.0,0.4045132709403948,0.0727898589936495,776.5463415695201
1786244400,,,,,
1786248000,1786248042.0,31632054.0,0.4049082290098143,-0.002055645263128,777.3045447384003
1786251600,,,,,
1786255200,1786255253.0,31703978.0,0.4052462143262198,-0.0090610909485607,777.9533770013041
1786258800,1786258821.0,31739560.0,0.4044823306086066,0.0129081134994818,776.4869452451394
1786262400,1786262419.0,31775418.0,0.4045055750431123,0.0144750991423048,776.5315677133598
1786266000,1786266022.0,31811347.0,0.4045928686946552,0.0055501514630858,776.6991458142966
1786269600,1786269631.0,31847311.0,0.4030761421522968,-0.0191358859794026,773.787477564472
1786273200,,,,,
1786276800,1786276844.0,31919288.0,0.4040310197592751,-0.0023196650237447,775.6205613360422
1786280400,1786280426.0,31955015.0,0.4050935574026776,0.0012853175757963,777.6603206691439
1786284000,,,,,
1786287600,1786287624.0,32026852.0,0.4032758520562564,0.0239129125644746,774.1708617608284
1786291200,,,,,
1786294800,1786294829.0,32098823.0,0.4036142034458496,0.0041259817444309,774.8203967764356
1786298400,,,,,
1786302000,,,,,
1786305600,,,,,
1786309200,1786309207.0,32242493.0,0.4038903154412807,-0.0012824609082392,775.7880876913642
1786312800,1786312851.0,32278911.0,0.4021459635410669,0.0001584322532141,772.4375556949506
1786316400,1786316404.0,32314429.0,0.4028915599019749,-0.0064629493175535,774.1641901828428
1786320000,1786320056.0,32350922.0,0.4051783211109491,-0.0088265969753024,773.1032120165576
1786323600,1786323637.0,32386719.0,0.4039398985387241,0.0383365820158963,772.7988894696952
1786327200,1786327226.0,32422558.0,0.4019232327353773,-0.0119390027680486,774.4837238515631
1786330800,1786330846.0,32458686.0,0.4027151686747919,0.0838798017910777,771.9653966233852
1786334400,1786334422.0,32494357.0,0.4032959571823269,0.0005618238921423,773.0787111082827
1786338000,1786338007.0,32530124.0,0.4037628811715594,-0.0056059477974745,773.9737585030132
1786341600,1786341657.0,32566524.0,0.402570772558824,0.0119234641478638,771.6886034613575
1786345200,1786345232.0,32602186.0,0.4020591763402389,0.0032850351896558,774.8222303846111
1786348800,,,,,
1786352400,,,,,
1786356000,,,,,
1786359600,1786359617.0,32745693.0,0.403375106204049,-0.0284317964732095,773.2680723828687
1786363200,1786363233.0,32781765.0,0.403428298441639,-0.0037163665015788,773.370041637774
1786366800,1786366805.0,32817424.0,0.4053517401143363,-0.0560895802680839,773.0531400845193
1786370400,1786370406.0,32853377.0,0.4074797053825268,-0.0064644483595557,773.200316002918
1786374000,1786374059.0,32889842.0,0.4095386478957957,-0.2403145402970958,777.1071976975459
1786377600,1786377643.0,32925636.0,0.4130312421468982,-0.0953026018835228,774.3261909024759
1786381200,1786381259.0,32961761.0,0.4133120109626086,0.0122906459727079,774.8525594320408
1786384800,1786384813.0,32997303.0,0.4129247087812803,0.0054746217065669,774.1264685406175
1786388400,1786388431.0,33033428.0,0.4132934471839943,-0.000366245155084,774.8177571737215
1786392000,1786392038.0,33069425.0,0.4119211108300964,0.0674300182053907,772.2449833176149
1786395600,1786395632.0,33105343.0,0.4117268687766863,0.0176995860515209,771.8808299704049
1786399200,1786399236.0,33141403.0,0.4123746035165328,0.0674913970058748,773.0951641965847
1786402800,,,,,
1786406400,1786406438.0,33213400.0,0.4130674362095373,0.0409002027636624,774.3940453594679
1786410000,,,,,
1786413600,,,,,
1786417200,1786417241.0,33321323.0,0.4117967606304497,-0.0022560719677369,772.0118590243293
1786420800,1786420840.0,33357264.0,0.4120062373000835,0.0062295693838655,772.4045733159586
1786424400,,,,,
1786428000,,,,,
1786431600,1786431628.0,33465178.0,0.4131402914199493,0.0239556963277823,774.5306299366357
1786435200,1786435207.0,33500875.0,0.4123292209798406,0.0049586631344105,773.0100837397464
1786438800,1786438814.0,33536831.0,0.4116918090852817,0.0022445532966434,771.815102164541
1786442400,1786442413.0,33572711.0,0.410871006105916,0.0640807011445286,770.2763099870049
1786446000,1786446010.0,33608579.0,0.4106645612884357,0.0032726417411042,773.7614624878937
1786449600,1786449645.0,33645082.0,0.4089288627904097,0.0987726832373428,774.3599624458035
1786453200,1786453246.0,33681092.0,0.410751865354055,-0.0481901244081321,777.8120547903992
1786456800,1786456853.0,33717131.0,0.4097194338506486,0.0007726684766117,771.6926623005684
1786460400,1786460441.0,33753018.0,0.4130528304614327,0.0405742660069618,774.0606814178494
1786464000,1786464042.0,33789082.0,0.4147885102395914,-0.02577124892121,771.9006781303676
1786467600,1786467647.0,33825139.0,0.414016418992108,0.0128443400607426,770.4638549233634
1786471200,1786471259.0,33861383.0,0.4138360081570467,0.008909564684126,770.128119379856
1786474800,1786474854.0,33897409.0,0.4136125654378222,-0.0128532372885083,769.7123036515153
1786478400,,,,,
1786482000,1786482036.0,33969348.0,0.4095035597615233,-0.1042687723119805,770.0514363035891
1786485600,1786485624.0,34005300.0,0.4094262579214277,0.1568088192123053,769.9060739701599
1786489200,1786489279.0,34041925.0,0.4099232455996451,-0.0809408900869963,770.8406350168559
1786492800,1786492849.0,34077980.0,0.4100869081136797,-0.0240487829125947,771.1483943781537
1786496400,1786496434.0,34114131.0,0.4104376299010391,0.0197436413644942,771.8079095634585
1786500000,,,,,
1786503600,,,,,
1786507200,1786507252.0,34222917.0,0.4099957195396706,0.1163363126094983,770.9769187200885
1786510800,,,,,
1786514400,,,,,
1786518000,1786518042.0,34331033.0,0.4099123317865219,0.0004546590563043,775.1626616838516
1786521600,1786521638.0,34366981.0,0.4086765863414148,-0.0042523253562098,772.8258114500027
1786525200,,,,,
1786528800,,,,,
1786532400,,,,,
1786536000,1786536017.0,34511519.0,0.4036273451530255,0.1785510371806586,771.654743509161
1786539600,,,,,
1786543200,1786543243.0,34583796.0,0.4078443553005135,0.1773174795653809,775.4793356119494
1786546800,1786546846.0,34619781.0,0.4096847828979898,-0.1591084545455089,775.1423954534283
1786550400,1786550416.0,34655386.0,0.4085119815513876,-0.1092360215695221,772.9234015265229
1786554000,1786554061.0,34691767.0,0.4095400191122789,0.0265092379425846,774.8684957326793
1786557600,,,,,
1786561200,1786561219.0,34763280.0,0.4104525568378219,-0.0290021253000912,776.5950589540796
1786564800,1786564849.0,34799572.0,0.4120795622435511,-0.1490234396064444,775.5007697773837
1786568400,1786568418.0,34835182.0,0.4102282012804176,0.0455066846427722,772.0166565536435
1786572000,1786572058.0,34871505.0,0.4122986114791478,0.01653460070188,775.9130029148379
1786575600,1786575657.0,34907446.0,0.4119743882656566,0.3669099946697758,775.3028407649044
1786579200,1786579257.0,34943401.0,0.4116812236306333,-0.0420824539117038,774.7511283749615
1786582800,1786582853.0,34979296.0,0.4116068548244688,0.0089402041353686,774.6111722312644
1786586400,1786586454.0,35015268.0,0.4121076369874085,-0.0258552252289219,775.5536041993438
1786590000,1786590002.0,35050658.0,0.4116370691674034,0.1456866150555823,770.7483473260619
1786593600,1786593658.0,35087116.0,0.4103389056316718,-0.0266021604752994,772.1716492286237
1786597200,,,,,
1786600800,1786600844.0,35158744.0,0.4086039382814953,0.1113708836798356,772.8776180909547
1786604400,1786604413.0,35194295.0,0.4080865316463394,1.675423369186e-06,771.8989393013042
1786608000,,,,,
1786611600,1786611638.0,35266249.0,0.4098380242861209,0.2183589478849583,775.211901641392
1786615200,1786615259.0,35302298.0,0.4101331800587415,-0.5251713421049377,771.443999535901
1786618800,,,,,
1786622400,1786622411.0,35373537.0,0.4120773823777499,-0.1266436079222682,775.1009658234566
1786626000,,,,,
1786629600,1786629660.0,35445839.0,0.411585066507465,0.0024751484241312,778.1344950376832
1786633200,1786633257.0,35481729.0,0.4114598878300181,-0.1457600057235555,777.8978347336755
1786636800,1786636838.0,35517447.0,0.4130500275076236,0.3468339260886995,776.9966677451408
1786640400,1786640461.0,35553563.0,0.4146531198224915,-0.0797363505875136,774.0931083554863
1786644000,1786644060.0,35589536.0,0.4141674116626643,0.0422157871884382,777.0625544311374
1786647600,1786647651.0,35625372.0,0.412860326759639,-0.0726214616946669,774.6101965077418
1786651200,1786651256.0,35661357.0,0.4121792577134954,0.2392435329412144,777.3932033040101
1786654800,1786654860.0,35697311.0,0.412536267126085,-0.0149987709341446,778.066543084382
1786658400,1786658457.0,35733222.0,0.4121929971501908,0.0018638015091219,777.4191166524
1786662000,1786662060.0,35769204.0,0.4122302469095256,-0.0628563634264584,777.4893717882169
1786665600,1786665653.0,35805086.0,0.4128397245263555,0.0048070597663213,778.6388807652523
1786669200,,,,,
1786672800,,,,,
1786676400,1786676432.0,35912702.0,0.4125935781220152,-0.4368049858248745,778.1746348378533
1786680000,1786680053.0,35948832.0,0.4133898836698819,0.0023849470545096,779.6765117738711
1786683600,1786683630.0,35984529.0,0.4130282947785322,-0.121003133811516,778.9945348396488
1786687200,1786687257.0,36020732.0,0.4135925259568734,-0.5218375459105553,780.0587064953694
1786690800,1786690841.0,36056581.0,0.4160454054559089,0.1271623128366268,780.5383675308274
1786694400,1786694416.0,36092250.0,0.4154879017211695,-0.0089489363025984,779.4924406937578
1786698000,1786698050.0,36128490.0,0.4148757599483084,-0.0229623464993994,778.3440080135246
1786701600,1786701654.0,36164448.0,0.4163093393592247,0.0291898275311472,781.0335311243405
1786705200,1786705249.0,36200294.0,0.4152019051985991,0.085503658324785,778.955885654526
1786708800,,,,,
1786712400,1786712454.0,36272165.0,0.4158401876732465,0.0128835631343195,780.1533606278138
1786716000,1786716047.0,36308013.0,0.4162292586573147,-0.4961373502892378,776.900235869051
1786719600,1786719656.0,36344049.0,0.4168317287203401,-0.0077071955608565,778.0247582910891
1786723200,1786723224.0,36379630.0,0.4131918723252175,-0.1058628695419942,775.5029500805814
1786726800,1786726848.0,36415777.0,0.4124058135528949,-0.1199711992418093,774.0276284740783
1786730400,1786730454.0,36451770.0,0.4137510052597209,-0.3187044816543084,776.5523638499146
1786734000,1786734060.0,36487782.0,0.4142359311805654,-0.3023618427942286,777.4625015059851
1786737600,1786737627.0,36523426.0,0.4134470653273771,0.01580916347026,775.9819114040484
1786741200,1786741255.0,36559633.0,0.4134185971258597,0.0156626518349722,775.9284805992846
1786744800,1786744852.0,36595599.0,0.4138491955231354,2.117797917129e-05,776.7366531451484
1786748400,1786748409.0,36631177.0,0.4135960329627775,0.0441901722335903,776.2615026749742
1786752000,,,,,
1786755600,1786755620.0,36703108.0,0.4132547521765365,-0.0026241358343142,775.6209667054587
1786759200,1786759243.0,36739277.0,0.4129438789195401,-0.0120537556954547,775.0375013857147
1786762800,1786762836.0,36775107.0,0.4128446607351911,0.2621627012221897,774.85128282766
1786766400,1786766451.0,36811176.0,0.4132228954119539,-0.134926646981421,775.5611760450694
1786770000,,,,,
1786773600,,,,,
1786777200,1786777259.0,36918850.0,0.4133307188877893,-0.0623425726592695,775.7635455232678
1786780800,1786780835.0,36954458.0,0.4138622769299152,0.0161653756435743,776.7612051032781
1786784400,1786784440.0,36990373.0,0.4142232544462906,-0.0242388164340507,777.4387090611526
1786788000,1786788061.0,37026445.0,0.4140241606709166,0.0169591948132888,777.0650380853021
1786791600,,,,,
1786795200,1786795238.0,37097953.0,0.4138716021068583,-0.0200391187618103,776.778707147035
1786798800,1786798814.0,37133601.0,0.4134983239491178,0.067336157148594,776.0781166177504
1786802400,1786802441.0,37169775.0,0.4133039110169866,0.0232067837372428,775.7132309254131
1786806000,,,,,
1786809600,1786809624.0,37241447.0,0.4128280363216483,0.4391321770880272,777.0793077107053
1786813200,1786813242.0,37277548.0,0.4129300231792826,0.0146992682403303,777.2712808078627
1786816800,1786816827.0,37313387.0,0.4130777251377005,-0.0041805341668773,777.5493048893121
1786820400,,,,,
1786824000,,,,,
1786827600,1786827658.0,37421382.0,0.413238430092157,0.0029491356736042,777.8518049226611
1786831200,1786831248.0,37457161.0,0.4128176746263529,0.0123992004473483,777.0598035629768
1786834800,1786834814.0,37492734.0,0.4130269183487253,0.0203599626913675,777.4536696588281
1786838400,,,,,
1786842000,1786842052.0,37564896.0,0.4132915130517292,-0.0952566251762457,777.9517246612601
1786845600,1786845659.0,37600856.0,0.4136938737206145,-0.0478380655113069,778.7091009112196
1786849200,1786849206.0,37636201.0,0.4133360463128691,0.0103925128617169,778.0355510313028
1786852800,,,,,
1786856400,,,,,
1786860000,,,,,
1786863600,1786863652.0,37780089.0,0.4139063436907367,-0.2756270166490248,779.1090398755472
1786867200,1786867234.0,37815716.0,0.4137263728458266,-0.0075976082200439,778.7702750454814
1786870800,1786870836.0,37851564.0,0.4137944791662521,0.0161267801251004,778.898473732757
1786874400,,,,,
1786878000,,,,,
1786881600,,,,,
1786885200,,,,,
1786888800,1786888828.0,38030684.0,0.4136693453247141,0.0068963113345508,778.6629303335734
1786892400,1786892440.0,38066691.0,0.4134559308457966,0.0051720169757092,778.2612134903804
1786896000,1786896047.0,38102635.0,0.4135348335284721,0.0082556371835365,778.3317309920232
1786899600,1786899628.0,38138334.0,0.4121340271246875,-0.0128373748877128,775.6952128933192
1786903200,1786903233.0,38174274.0,0.4129782473146498,-0.9253325792844556,777.2841560935454
1786906800,,,,,
1786910400,1786910428.0,38245993.0,0.4127631245351655,0.7513051430918067,776.8792642398092
1786914000,1786914060.0,38282214.0,0.4134843628333369,-0.3618118847632102,778.2367379217327
1786917600,1786917656.0,38318088.0,0.4152457786884304,-0.2572289902853601,777.1075987571253
1786921200,1786921253.0,38353928.0,0.4150586086826219,0.0048627666668518,776.7573213040165
1786924800,1786924854.0,38389818.0,0.4151991173401486,1.417527746055e-06,777.0202748391494
1786928400,1786928456.0,38425700.0,0.4140724500476371,0.9602043457858552,774.9117844962801
1786932000,1786932052.0,38461533.0,0.4113943327026274,-0.0607393960828658,778.6569143166462
1786935600,1786935648.0,38497359.0,0.409268038735741,-0.7627961000289977,778.6016173273041
1786939200,1786939224.0,38532961.0,0.4094992649842404,0.0866923777765376,779.0415078489443
1786942800,,,,,
1786946400,1786946439.0,38604855.0,0.4098341536526729,0.0102249369029495,779.6786083165781
1786950000,1786950050.0,38640818.0,0.4084074651272334,-0.0679219955151934,776.9644408561508
1786953600,1786953616.0,38676338.0,0.4093191230804536,-0.0529092702991644,778.6988014454096
1786957200,,,,,
1786960800,,,,,
1786964400,1786964457.0,38784306.0,0.4085817489395112,0.0062942204220716,777.0121694107366
1786968000,1786968054.0,38820144.0,0.4087326834786069,0.66,777.2992061517712
1786971600,1786971648.0,38855941.0,0.4096355802331105,-0.1213919877637204,779.0162719967132
1786975200,1786975253.0,38891994.0,0.4082015498749571,-0.1293881020422821,776.2891334437022
1786978800,1786978828.0,38927724.0,0.4073294389086687,-0.3055458634367427,774.6306138557825
1786982400,1786982449.0,38963870.0,0.4062288307033078,-0.295343666115149,776.5348834227547
1786986000,1786986013.0,38999435.0,0.4066232011461343,0.0060610260302499,777.2887501665687
1786989600,1786989645.0,39035669.0,0.406229466939244,-0.8622690366763525,776.5360996323419
1786993200,1786993235.0,39071461.0,0.4059333202389276,-0.0006564298365794,775.969994457069
1786996800,1786996855.0,39107533.0,0.406048048528829,-0.0001639379943541,776.1893056247909
1787000400,1787000425.0,39143141.0,0.4060555253029666,-0.0006562322797142,776.2035980026197
1787004000,1787004045.0,39179226.0,0.4061977697092536,-0.0055312686380219,776.475508155482
1787007600,1787007644.0,39215143.0,0.4064392133642698,-0.0316182632290564,773.0293782690529
1787011200,,,,,
1787014800,1787014853.0,39287082.0,0.4055743986225958,-0.5165061652399469,775.513231312227
1787018400,1787018451.0,39322963.0,0.40710929982123,0.2614878560622713,774.487210229273
1787022000,1787022046.0,39358832.0,0.4077495357351915,0.2322053055592512,771.7210425661742
1787025600,1787025624.0,39394510.0,0.407519521167106,0.0020307722723523,771.2857089441056
1787029200,,,,,
1787032800,,,,,
1787036400,1787036438.0,39502245.0,0.40548557113726,0.108612868127467,772.2915149714748
1787040000,1787040051.0,39538245.0,0.4058090745986027,0.0063640437478305,772.9076626128277
1787043600,1787043639.0,39574012.0,0.405325725362594,0.6996028015909055,768.0126435896543
1787047200,1787047220.0,39609720.0,0.4060673986818447,0.0116705761294003,769.4179688649946
1787050800,1787050833.0,39645707.0,0.4059518846527234,0.0063639676135209,769.199092466765
1787054400,1787054437.0,39681641.0,0.4049502791470516,-0.0006580233662255,767.3012467488384
1787058000,1787058031.0,39717487.0,0.405534336007265,-0.0213182671813897,768.4079197901754
1787061600,1787061634.0,39753393.0,0.40528574998037,0.1485447154166197,767.936898091505
1787065200,1787065258.0,39789550.0,0.4019172377513531,0.0184468349343462,770.5344943424245
1787068800,,,,,
1787072400,1787072438.0,39861148.0,0.4010930803644322,-0.0064977998601394,768.8753804045983
1787076000,1787076039.0,39897110.0,0.4017446061350781,-0.01394446419307,770.124322730638
1787079600,1787079659.0,39933212.0,0.4010621295308575,0.0001285785230953,768.8160492041774
1787083200,1787083217.0,39968710.0,0.4015665193377196,-0.0006635681355726,769.7829392444415
1787086800,,,,,
1787090400,1787090446.0,40040819.0,0.4016522653058992,0.650844525939578,769.9473099781435
1787094000,,,,,
1787097600,1787097650.0,40112724.0,0.4003652928994816,-0.0001662649208411,767.4802482236612
1787101200,1787101224.0,40148366.0,0.4012917768226284,-0.0110913458129761,769.2562715801375
1787104800,1787104836.0,40184354.0,0.4012953537896112,0.0001398994160395,769.2631284469952
1787108400,1787108442.0,40220299.0,0.4023241145251492,-0.7807415578096606,767.3263466346248
1787112000,1787112019.0,40255907.0,0.4014672320900028,-0.0017468445633925,765.6920710724146
1787115600,1787115642.0,40291936.0,0.4015688610880176,-0.0066664395406176,765.8859013822157
1787119200,,,,,
1787122800,1787122807.0,40363099.0,0.4006400462575779,0.2112087133626397,764.1144338891907
1787126400,,,,,
1787130000,,,,,
1787133600,1787133631.0,40470579.0,0.400479800011311,0.0012014468331287,767.9539106930399
1787137200,1787137246.0,40506457.0,0.4003832932297777,0.0053437847065215,767.7688507717036
1787140800,1787140830.0,40542033.0,0.3995837620947819,0.6217433002815778,766.235682152903
1787144400,1787144445.0,40578060.0,0.398733544536856,-0.0166554960616883,772.6778246098556
1787148000,1787148053.0,40614011.0,0.3988411566888798,0.2337930864230319,768.7452990304416
1787151600,1787151649.0,40649887.0,0.3918770896867322,0.2300629282184734,772.4421497347979
1787155200,1787155256.0,40685843.0,0.3705479017147597,0.0060057303662425,770.2653342525052
1787158800,1787158831.0,40721507.0,0.3695610829358987,0.0955637949339467,773.3352626055869
1787162400,1787162413.0,40757253.0,0.3689167818389322,-0.0139766680478508,771.5768780632062
1787166000,,,,,
1787169600,1787169652.0,40829577.0,0.3663700967080904,0.0614507632185651,770.1582942814797
1787173200,1787173255.0,40865501.0,0.3471416822327536,-0.0274364652819094,768.1904340383685
1787176800,1787176859.0,40901471.0,0.3376337418216296,-0.1257848702900508,772.1256011546537
1787180400,1787180450.0,40937423.0,0.3430717052362637,-0.2595262840035983,770.7360135127165
1787184000,1787184038.0,40973221.0,0.3419426608584836,0.1082148129164766,768.2929431626112
1787187600,1787187640.0,41009087.0,0.3408037680671112,0.1555636802336696,770.1176827389319
1787191200,1787191257.0,41045149.0,0.340120991604188,-0.0810653142365732,768.5748059378997
1787194800,1787194828.0,41080706.0,0.3429461518113048,-0.2020969005843037,774.9588487095235
1787198400,1787198453.0,41116838.0,0.3421780149855916,0.0001228760182718,768.5933110469316
1787202000,1787202022.0,41152398.0,0.3425257112662279,0.0085785835614881,769.3742993742624
1787205600,1787205646.0,41188581.0,0.342877892707237,-0.0146731123648263,770.1653621777739
1787209200,,,,,
1787212800,1787212804.0,41259976.0,0.3421394846983738,0.4603586141989834,768.8348426498252
1787216400,,,,,
1787220000,,,,,
1787223600,1787223650.0,41368125.0,0.3370440175134838,0.1754296872545205,768.3491354049636
1787227200,1787227225.0,41403770.0,0.3345313200792763,0.257020586967979,768.457840186418
1787230800,1787230855.0,41439972.0,0.3353924223876959,-0.223085046263308,765.9667240273621
1787234400,1787234458.0,41475919.0,0.3376802182665445,0.2792861200127255,766.1855081757395
1787238000,1787238045.0,41511713.0,0.3367015305361664,0.2608389487045129,767.8440062832238
1787241600,1787241628.0,41547450.0,0.3306073560947075,-0.1168846012900243,768.9512475117809
1787245200,1787245231.0,41583409.0,0.3280336561350915,0.0233025285178459,769.5964803219769
1787248800,1787248844.0,41619447.0,0.3268196435987153,8.6280363425898e-05,766.74829765051
1787252400,1787252451.0,41655440.0,0.3303441855837832,-0.0481104640001976,766.7825026356996
1787256000,1787256045.0,41691267.0,0.3288298305241743,0.0782013500843631,763.2674386110857
1787259600,1787259637.0,41727028.0,0.3298697541549679,-0.3247693125185225,765.6812702417553
1787263200,1787263252.0,41763084.0,0.3298217889910556,0.0392978535621552,765.5699353067722
1787266800,1787266803.0,41798485.0,0.3299742113363209,-0.0026175071933876,761.9203202044839
1787270400,,,,,
1787274000,1787274006.0,41870237.0,0.3265621350126156,-0.0028666623660012,766.213651754078
1787277600,1787277637.0,41906487.0,0.3242862790673257,0.0264330222651423,766.1827488920524
1787281200,1787281213.0,41942127.0,0.3260964359149846,0.0011236570166154,765.362226800639
1787284800,1787284836.0,41978172.0,0.3261276163285074,0.2062592926237727,765.4354085594625
1787288400,1787288405.0,42013738.0,0.3247728889356446,-0.036323603145836,762.2558056570266
1787292000,1787292049.0,42050029.0,0.3228709803484859,0.0177610140764103,761.6236874466408
1787295600,1787295628.0,42085656.0,0.3224123205912229,-0.1223982688139922,763.8850629303726
1787299200,1787299248.0,42121689.0,0.3227316059819565,0.0004631026202509,765.3644582183294
1787302800,1787302863.0,42157695.0,0.3149889123597094,-0.1138843322698738,767.1460463847013
1787306400,1787306458.0,42193547.0,0.3192476501536263,-0.0447798868597314,763.9928325127596
1787310000,1787310036.0,42229209.0,0.3198758908417936,-0.0897582140051894,765.3840614145523
1787313600,1787313625.0,42264964.0,0.3234100471522215,0.0114398882577439,765.2601727516843
1787317200,1787317237.0,42300975.0,0.3212389343460328,-0.0668463364484415,768.4813255297861
1787320800,1787320857.0,42337054.0,0.3208971422041329,0.0385343966703521,768.0255932371056
1787324400,1787324417.0,42372565.0,0.3200940052586439,0.0021257603429531,765.093691061521
1787328000,1787328051.0,42408757.0,0.3202422141473923,0.2086460884051798,769.4224662781407
1787331600,1787331616.0,42444303.0,0.318885604598319,-0.0146973181555116,765.8651607124583
1787335200,1787335240.0,42480467.0,0.3162219579831735,0.0006463618089967,764.6246944033135
1787338800,1787338842.0,42516397.0,0.3170230171041472,-0.1129812164519068,764.1785933382562
1787342400,1787342431.0,42552105.0,0.3177976156105638,-0.1999327767163262,766.0457498697987
1787346000,1787346047.0,42588192.0,0.3140625889959089,0.0316199958607998,765.7095213998089
1787349600,1787349651.0,42624159.0,0.3050751503477409,-0.1143635616910338,768.4506076722295
1787353200,1787353249.0,42660063.0,0.3048232452328244,-0.3044478817063521,768.640939337488
1787356800,1787356852.0,42695989.0,0.3053005851296082,-0.2297303523549297,769.1951009782706
1787360400,,,,,
1787364000,1787364054.0,42767831.0,0.3061281088274749,0.1781177060815921,770.8577798274408
1787367600,1787367652.0,42803684.0,0.3055417326355895,-0.3,767.2494367973364
1787371200,1787371246.0,42839517.0,0.3052787639873737,0.0551183120289552,771.109735530987
1787374800,,,,,
1787378400,1787378445.0,42911320.0,0.314194154664688,0.289170278940301,764.3231991140192
1787382000,,,,,
1787385600,,,,,
1787389200,1787389205.0,43018588.0,0.3163052333996479,0.0283231774782882,767.8207323007877
1787392800,,,,,
1787396400,1787396460.0,43090862.0,0.317729911141342,0.009657483272077,766.9389644066265
1787400000,1787400057.0,43126708.0,0.3164523183308823,-0.1737588767467943,763.8551008085548
1787403600,,,,,
1787407200,1787407207.0,43197948.0,0.3155572506882104,0.0704127001076105,765.5461713285074
1787410800,1787410862.0,43234372.0,0.3177384139457314,-0.3420970272085579,766.9121669506733
1787414400,,,,,
1787418000,,,,,
1787421600,1787421636.0,43341824.0,0.3161309468229584,-0.0082138942164124,767.0024986996204
1787425200,1787425260.0,43377974.0,0.3160665106115693,-0.1827403913503493,766.8461624230273
1787428800,1787428806.0,43413437.0,0.3146055194310916,-0.1549766609683068,767.2354511021078
1787432400,,,,,
1787436000,1787436017.0,43485340.0,0.318278650683408,0.0040773740484093,767.8537932137343
1787439600,1787439647.0,43521522.0,0.317882595621535,-0.0188364782193044,766.8431576880826
1787443200,1787443202.0,43556957.0,0.3165546862436901,-0.0032441043329044,767.5424361780192
1787446800,1787446836.0,43593193.0,0.3161944733111122,0.0063000795435824,766.6690366555089
1787450400,1787450423.0,43628950.0,0.3169800315339988,0.2731351545596907,768.5737605416366
1787454000,1787454040.0,43665011.0,0.3178563985111607,0.005827284560074,769.9153882796139
1787457600,1787457657.0,43701067.0,0.3185174773745959,0.0022656137978903,767.4710469088626
1787461200,1787461244.0,43736817.0,0.3225161505970576,0.2084489795936329,767.3765775616699
1787464800,1787464852.0,43772781.0,0.323465326177384,-0.0100510211860864,769.4097742405683
1787468400,1787468420.0,43808318.0,0.321469000648022,0.0752119008816236,768.4928009885543
1787472000,,,,,
1787475600,1787475650.0,43880326.0,0.3185262777664021,-0.1057082133765345,770.2745671516753
1787479200,1787479202.0,43915720.0,0.3185153565203633,-0.1980798600639055,766.280302859822
1787482800,,,,,
1787486400,1787486458.0,43987994.0,0.3162211588042259,0.1112891767626419,768.8502573451916
1787490000,1787490059.0,44023843.0,0.3167433391909927,0.0123675256475898,770.1198704421279
1787493600,,,,,
1787497200,1787497256.0,44095524.0,0.3165474076403048,-0.1072239487195132,772.9209495552145
1787500800,1787500834.0,44131191.0,0.3153331613188535,0.0156820808266942,768.3401347834043
1787504400,,,,,
1787508000,,,,,
1787511600,,,,,
1787515200,,,,,
1787518800,1787518848.0,44310848.0,0.3142934403662431,0.0129466150814821,769.8334957674796
1787522400,1787522440.0,44346738.0,0.312266095789016,-0.1031586224256089,773.756352103208
1787526000,1787526031.0,44382742.0,0.3139468571813864,-0.0460721360984984,773.0363422395319
1787529600,1787529659.0,44418938.0,0.3131819018229866,0.1321881023222962,771.1456447885879
1787533200,1787533253.0,44454788.0,0.3121096951328789,-0.1705423374516261,768.5593936181649
1787536800,1787536820.0,44490365.0,0.3157688893163665,0.1894547152278299,768.989797346811
1787540400,1787540419.0,44526250.0,0.3138177043936568,0.1875752335461873,768.6043820620895
1787544000,1787544035.0,44562313.0,0.3148548463664392,0.1179774269680924,767.1761687645509
1787547600,1787547619.0,44598057.0,0.3142889609992727,0.0411129863012857,765.7973309510226
1787551200,1787551242.0,44634171.0,0.3122298795067522,-0.1039452003496797,765.6875781119986
1787554800,1787554822.0,44669869.0,0.3112750093177867,-0.0028500787835843,763.3459308501947
1787558400,,,,,
1787562000,1787562059.0,44742036.0,0.3118734749448283,0.1985663155083886,765.7818818356958
1787565600,,,,,
1787569200,1787569226.0,44813500.0,0.3102142458214823,0.2378451662324875,766.535739305383
1787572800,1787572857.0,44849720.0,0.307406060367411,-0.0646868049578431,765.1395546097255
1787576400,1787576406.0,44885124.0,0.304516975231471,-0.1207973251016904,765.9072693505866
1787580000,1787580063.0,44921611.0,0.3061010482429554,0.1536730721183577,762.0694267876883
1787583600,1787583647.0,44957448.0,0.3040080645254326,-0.1409711921165894,765.0788555072846
1787587200,1787587236.0,44993323.0,0.3072164461066707,0.0177520769281088,763.1195078000479
1787590800,1787590857.0,45029490.0,0.3092555545102188,-0.2351788143316206,767.8588217308468
1787594400,1787594453.0,45065401.0,0.3089413427845838,0.081329734817758,760.5074121354271
1787598000,1787598050.0,45101319.0,0.3084562037242677,0.2576653892721176,763.1523521511089
1787601600,1787601654.0,45137332.0,0.3094573328974348,-0.9521140189302206,765.6292486248544
1787605200,1787605242.0,45173156.0,0.3087109497960055,0.3427210471675347,763.7826201162225
1787608800,1787608830.0,45209017.0,0.3081176988346698,-0.4841933936396207,762.3148562616042
1787612400,1787612437.0,45245043.0,0.3088550351072038,0.0009927545634644,764.1391019856866
1787616000,,,,,
1787619600,1787619603.0,45316515.0,0.3065974235498495,-0.0125652122814389,766.5303444917548
1787623200,1787623226.0,45352644.0,0.3065684530071187,-0.0762966851553329,766.6477444172478
1787626800,1787626845.0,45388757.0,0.3047538721446026,0.0038270861160972,762.7558745630039
1787630400,1787630445.0,45424556.0,0.306062368760318,0.2852973178142451,766.030856677125
1787634000,,,,,
1787637600,1787637659.0,45496422.0,0.3053082638931468,-0.0177582068015695,764.1621584712293
1787641200,1787641259.0,45532324.0,0.3062676808284431,0.1119675979714427,766.5635023025461
1787644800,1787644861.0,45568243.0,0.3086420459856216,-0.3702027912499989,766.5544953291006
1787648400,1787648445.0,45604009.0,0.3082783147086457,0.3656273250997965,765.6985952901871
1787652000,1787652019.0,45639626.0,0.3102962285668529,0.3833357452350207,766.3851401258416
1787655600,,,,,
1787659200,1787659235.0,45711531.0,0.3094619257602462,0.0816350400645201,768.2485145575841
1787662800,1787662855.0,45747648.0,0.3097228810669929,-0.5924167028579592,764.7695325795893
1787666400,1787666408.0,45783056.0,0.3116218133498091,0.3075736240584379,764.2485788111229
1787670000,1787670060.0,45819486.0,0.3094307754902557,-0.0802008625914888,766.9644030534125
1787673600,1787673666.0,45855493.0,0.3086961464029735,0.0275769229623187,765.1435293588022
1787677200,1787677240.0,45891286.0,0.3103191173688367,0.1227640205316538,769.1662738839198
1787680800,1787680804.0,45926892.0,0.3097622938416896,0.018833990459557,763.6786663653886
1787684400,1787684421.0,45962892.0,0.3104084220576798,-0.0630582470252596,765.271611485238
1787688000,1787688051.0,45998946.0,0.3109944597042295,-0.0321393108975302,766.7164111179063
1787691600,1787691646.0,46034613.0,0.3142017750451636,0.0470878099746965,766.4510950597044
1787695200,1787695251.0,46070465.0,0.3133867217669505,0.1326442186111419,762.4392474669163
1787698800,1787698858.0,46106240.0,0.3124688546904394,-0.2665907158594672,764.2922808650853
1787702400,,,,,
1787706000,1787706041.0,46177545.0,0.3126687302903139,0.0339851770444386,764.7811724004312
1787709600,1787709613.0,46213008.0,0.3114390358483468,0.3423383814673755,765.8894443386896
1787713200,,,,,
1787716800,1787716835.0,46284677.0,0.3108987625619133,0.0013259230496274,764.5608067579494
1787720400,1787720440.0,46320460.0,0.3116696999896144,-0.0528257689430593,766.0659131756327
1787724000,1787724056.0,46356360.0,0.3106922804808419,0.4811617792856423,763.6634731291077
1787727600,1787727639.0,46391934.0,0.3114775928490708,0.0248298208164539,765.5937250480957
1787731200,1787731254.0,46427818.0,0.3111147411339643,-0.0491614713246515,764.7018567320879
1787734800,1787734846.0,46463478.0,0.3119761814405739,0.017363168974451,766.8192266758173
1787738400,,,,,
1787742000,1787742055.0,46535054.0,0.3103316813731079,-0.0289871440722597,767.6209304604511
1787745600,1787745616.0,46570415.0,0.3106880992083533,-0.0026100659363658,764.6025732938896
1787749200,1787749248.0,46606433.0,0.3117917869750941,0.0090279375690171,767.3187459078816
1787752800,1787752845.0,46642003.0,0.3122886305962967,0.1152395711955673,764.4839105408458
1787756400,1787756447.0,46677635.0,0.3139292635513542,0.1594128976496122,768.6401053423132
1787760000,1787760059.0,46713324.0,0.3124127794703457,-0.0490683563888777,764.7065689544178
1787763600,1787763626.0,46748579.0,0.3128808581550422,-0.2182229033397882,765.8523058400273
1787767200,1787767254.0,46784411.0,0.3114819157394933,-0.0003613045562405,766.5054953331647
1787770800,,,,,
1787774400,,,,,
1787778000,1787778054.0,46891330.0,0.3106849440422882,-0.0955513671094821,764.6182240794479
1787781600,1787781658.0,46926978.0,0.3079126711519424,-0.1223753216126651,770.2533449048727
1787785200,1787785245.0,46962513.0,0.3093013498303254,-0.2863210950780581,773.542585797743
1787788800,1787788838.0,46998069.0,0.3078499800933545,0.0022634097586336,769.9128043567601
1787792400,1787792457.0,47033890.0,0.3086387684512051,-0.0031653391949055,771.885512805377
1787796000,1787796034.0,47069385.0,0.3080304488140915,0.3334117921809225,769.9725131013641
1787799600,1787799634.0,47105086.0,0.3087432814318843,-0.323773507051818,771.7543548779017
1787803200,1787803257.0,47141019.0,0.3086437000914395,-2.0010188181131583,771.5054350219086
1787806800,1787806847.0,47176563.0,0.3095176758864261,0.0062002627779002,769.7230108698283
1787810400,1787810406.0,47211855.0,0.3079067768838473,-0.0003246112873803,765.716952001232
1787814000,1787814056.0,47248079.0,0.3087983644260516,0.1406386468170442,767.9341935383238
1787817600,1787817652.0,47283712.0,0.307892324773152,-0.0320722920918476,765.6810118174412
1787821200,1787821233.0,47319161.0,0.3043674376747629,0.2881859738200907,769.8251850291409
1787824800,,,,,
1787828400,1787828439.0,47390560.0,0.3073611021810752,0.2919194042159347,769.3029779313594
1787832000,1787832036.0,47426204.0,0.3073482700555915,0.1051303031148574,769.270860033949
1787835600,1787835635.0,47461877.0,0.3079525983901933,-0.0481986324837568,770.7834508730577
1787839200,1787839257.0,47497674.0,0.3081714001238224,0.0022075329440643,767.4422030398548
1787842800,1787842855.0,47533382.0,0.3059089411204815,0.3590039707097879,769.5941744728805
1787846400,1787846457.0,47569095.0,0.3053490771086647,-0.2175069616443511,772.2930385706835
1787850000,1787850055.0,47604742.0,0.3060671689201341,0.1587963107859754,774.1092461463004
1787853600,1787853658.0,47640439.0,0.3064244644439192,-0.3221596869530628,775.0129228442769
1787857200,1787857260.0,47676118.0,0.307034628652125,-0.547085845937951,767.9357928169414
1787860800,1787860820.0,47711396.0,0.3085745875060494,-0.0196579153102204,771.7049286562536
1787864400,1787864456.0,47747432.0,0.3075383002944917,-0.0061929465959374,769.1133090574854
1787868000,1787868045.0,47783009.0,0.3074287360915737,0.1365095963886362,768.8393032293338
1787871600,1787871650.0,47818775.0,0.3066435637443362,0.0127140418682839,770.7393981644767
1787875200,1787875257.0,47854560.0,0.3069454265570302,-0.9347590910135116,771.4981212882986
1787878800,1787878859.0,47890283.0,0.3061314671882721,-0.0387176977966103,769.4522588337062
1787882400,1787882447.0,47925786.0,0.3071285622191478,0.2348739707468541,772.6218249753548
1787886000,1787886046.0,47961455.0,0.3098782621096395,-0.3105168099721274,771.3035288752023
1787889600,1787889642.0,47996942.0,0.3101384401125654,0.120111511909557,771.9511258070629
1787893200,1787893251.0,48032727.0,0.3109301085853665,0.020338909704439,773.9216308777112
1787896800,1787896850.0,48068397.0,0.3092019057986657,0.626604944072404,769.6200419281686
1787900400,1787900406.0,48103675.0,0.3085012570184211,0.007587342889499,771.8968612689475
1787904000,1787904055.0,48139858.0,0.30910527785836,0.043306066590917,773.4081737186793
1787907600,1787907661.0,48175601.0,0.3100862651061688,-0.0395670310917522,771.8166761029188
1787911200,1787911261.0,48211316.0,0.3099679978705165,0.011180567814232,771.5223043909637
1787914800,1787914853.0,48246965.0,0.3077385486005091,0.3412764768472852,769.8686730963499
1787918400,1787918426.0,48282430.0,0.307938326798788,0.5048964071623607,770.3684576606237
1787922000,1787922054.0,48318427.0,0.309120019349094,0.0007305031300402,773.3246946346692
1787925600,1787925653.0,48354006.0,0.3075814213792864,-0.284364760784361,773.4165598724295
1787929200,1787929226.0,48389346.0,0.30767965835385,-0.0833822621154343,770.4237109248734
1787932800,1787932852.0,48425026.0,0.3119866405744693,0.4259845626659935,772.9661715317975
1787936400,1787936464.0,48460729.0,0.315910269151751,0.0957463534571425,772.056002555651
1787940000,1787940058.0,48496318.0,0.3150899876221685,-0.6282156385770477,770.0513090064347
1787943600,1787943656.0,48532001.0,0.3166553241202491,-0.3125300831121737,765.9990085539155
1787947200,1787947252.0,48567646.0,0.3159541262686293,0.1630489280552831,768.2664359135155
1787950800,1787950849.0,48603269.0,0.3170597823569478,0.014029566450293,770.9549226009668
1787954400,1787954459.0,48638960.0,0.317478779723748,0.5164795372076822,771.9737464962276
1787958000,1787958042.0,48674434.0,0.3154150743948578,-0.3115454279553803,770.9185999314476
1787961600,1787961659.0,48710271.0,0.3154778214811736,-0.1584187513684206,771.0719625949956
1787965200,,,,,
1787968800,1787968824.0,48781310.0,0.3151660196363363,0.0126497776635383,770.3098752339549
1787972400,1787972448.0,48817185.0,0.3160878855919924,0.0004671610922148,772.5630446908123
1787976000,1787976035.0,48852681.0,0.3166561962310308,0.0254360548292476,773.9520754561116
1787979600,1787979658.0,48888560.0,0.3162101463368074,-0.0550809873373541,772.8618670676443
1787983200,,,,,
1787986800,1787986850.0,48959775.0,0.3167536082363404,0.1411505120100548,770.2911298080136
1787990400,1787990459.0,48995512.0,0.3168482424779876,-0.0516141545076842,770.5212642564348
1787994000,1787994034.0,49030933.0,0.3171110225647512,0.0270611762327096,771.1603009229822
1787997600,1787997641.0,49066715.0,0.3169643320896633,-0.0788358315155861,770.803574531082
1788001200,1788001236.0,49102324.0,0.31713651060949,-0.0472753105267085,771.2222835311292
1788004800,1788004843.0,49138051.0,0.3172223810412653,0.05713107404654,771.4311058781818
1788008400,1788008425.0,49173567.0,0.3170303331957589,-0.0312118846233466,770.9640780431525
1788012000,1788012056.0,49209510.0,0.3167918168284523,-0.002366302677478,770.3840466330187
1788015600,1788015653.0,49245136.0,0.3152463873040378,-0.3138977518576191,770.4846628932559
1788019200,1788019272.0,49280733.0,0.3157593891101442,-0.1566902166716443,771.7384759092328
1788022800,1788022860.0,49316264.0,0.3153091341410412,-0.0031699051087269,770.638020639778
1788026400,1788026453.0,49351851.0,0.3155607074590433,-0.0713554304010623,771.2528837783262
1788030000,1788030062.0,49387479.0,0.3152176541481892,0.0252947172954599,770.4144370102974
1788033600,1788033664.0,49423099.0,0.3151294581721708,-0.097202141757152,774.0560490711805
1788037200,1788037260.0,49458750.0,0.3153604249276206,-0.0174448668726593,774.6233753225162
1788040800,1788040858.0,49494358.0,0.3154968036939886,-0.0784085134670057,774.9583640274259
1788044400,1788044452.0,49529978.0,0.3153731832450038,-1.3015139372634028,774.6547137216735
1788048000,1788048062.0,49565689.0,0.3149637426418186,-1.5711718847332397,773.6490001413908
1788051600,1788051654.0,49601282.0,0.3143460120181034,-0.6295658433877719,772.1316614300032
1788055200,1788055257.0,49636970.0,0.3148783340853073,0.7036022398796185,773.4392101389154
1788058800,1788058852.0,49672593.0,0.3149063717144709,0.2173582119649704,773.5080792842551
1788062400,1788062458.0,49708221.0,0.3148922290036549,0.3329883380860436,773.4733403838652
1788066000,1788066060.0,49743818.0,0.3153618163831016,0.2039155295158507,774.6267931703376
1788069600,1788069659.0,49779468.0,0.3153315314439885,-0.519587517378484,774.5524039321742
1788073200,1788073260.0,49815119.0,0.3148194555194925,-0.0323456771346868,773.2945860523766
1788076800,1788076860.0,49850730.0,0.3151549188546318,0.1442109558706197,774.1185884332151
1788080400,1788080462.0,49886388.0,0.3151299982743444,0.0358867152885055,774.0573757302526
1788084000,1788084057.0,49922016.0,0.3153787703424254,-0.0313751325072831,774.6684373722043
1788087600,1788087655.0,49957617.0,0.3152044440218466,0.2080115120545918,774.2402376610793
1788091200,1788091250.0,49993203.0,0.3153351055189655,0.2478513625233524,774.5611829729272
1788094800,1788094848.0,50028699.0,0.3147375598553016,-0.0476350372216041,776.9694493303778
1788098400,1788098449.0,50064283.0,0.3142441051065429,0.0033824320341319,775.7512939103866
1788102000,1788102059.0,50099779.0,0.313727466413439,-0.0159055510785726,774.4759059933289
1788105600,1788105666.0,50135402.0,0.3137118835037588,-0.1577104607077023,778.4603533204022
1788109200,1788109264.0,50171003.0,0.3084843465997823,-0.0048114540584585,778.266460345117
1788112800,1788112861.0,50206625.0,0.3108622572134946,0.0186900518982652,779.4629500652865
1788116400,1788116459.0,50242193.0,0.3101629865540638,0.1094819194361481,777.7095832333663
1788120000,1788120052.0,50277635.0,0.3109432083283638,0.0113763683450177,779.665928694383
1788123600,1788123658.0,50313080.0,0.3127741246988806,0.4201262002478985,779.4837491454952
1788127200,1788127268.0,50348621.0,0.313975823639778,-0.06303104305943,777.1953632934328
1788130800,1788130858.0,50384148.0,0.3154002498837096,-0.1045775274299521,776.6859340059069
1788134400,1788134467.0,50419753.0,0.3212659557190475,0.1289369576638412,776.4053779649854
1788138000,1788138065.0,50455376.0,0.3190113466130886,-0.1550915293090151,775.1517882621873
1788141600,1788141661.0,50491035.0,0.3210436260095044,-0.012849887200734,775.9666836194172
1788145200,1788145259.0,50526675.0,0.3213482170091185,-0.3079330787477791,772.4872800576572
1788148800,1788148854.0,50562310.0,0.3199506198783311,-0.0510436849623929,772.9940485402459
1788152400,1788152456.0,50598005.0,0.3194635266448928,0.0722277221039059,771.8172414108357
1788156000,1788156059.0,50633723.0,0.3161773333995838,-0.1251846802775358,768.2375492662827
1788159600,1788159659.0,50669427.0,0.3155038463734136,-0.0784067916725358,770.4637371846476
1788163200,1788163257.0,50705103.0,0.3152402157083904,-0.2448340752278618,769.8199483061759
1788166800,1788166858.0,50740828.0,0.3145925289536189,0.1237485819693098,768.2382903855442
1788170400,1788170456.0,50776546.0,0.3143194579121127,-0.0330549526828449,771.456247915752
1788174000,1788174062.0,50812323.0,0.3134640429079715,-0.9470556912147636,769.6608031136587
1788177600,1788177676.0,50848168.0,0.314551720206905,0.001456741047976,772.3314206928221
1788181200,1788181277.0,50883964.0,0.3132683401977948,-0.0478583630888141,769.1802864212535
1788184800,1788184863.0,50919624.0,0.3146930058409442,-0.0458080885766931,768.5149364942282
1788188400,1788188458.0,50955171.0,0.3111771163170187,0.1643250702757179,769.0220376857856
1788192000,1788192061.0,50990697.0,0.3106254215746075,-0.0637105352165275,767.7718370834515
1788195600,1788195665.0,51026210.0,0.3102308406155081,-2.22306099594388,766.796552619256
1788199200,1788199264.0,51061762.0,0.3100824549576517,-0.0651113033482786,766.4297882747546
1788202800,1788202860.0,51097287.0,0.3091344949599594,0.0189545057445528,768.895823646442
1788206400,1788206454.0,51132867.0,0.3092740131075797,0.3127428014579874,769.2428406334722
1788210000,1788210061.0,51168487.0,0.3106254445456178,2.104814338275058,768.311908554779
1788213600,1788213660.0,51204078.0,0.3097127948713391,0.0289035031956857,766.0545287251497
1788217200,1788217260.0,51239638.0,0.3110536414849963,0.3366432465270356,769.3710259371701
1788220800,1788220860.0,51275261.0,0.3113436899976584,-0.1589089900880026,770.0884421380961
1788224400,1788224462.0,51310920.0,0.310829550001318,-0.2396347333142539,768.81675017342
1788228000,1788228065.0,51346577.0,0.3118864023407152,-0.190359010045261,767.3740729086126
1788231600,1788231660.0,51382213.0,0.3116618055925803,0.0812081854209993,766.8214687550335
1788235200,1788235258.0,51417899.0,0.310771710460276,0.1799427831942325,768.7682571833602
1788238800,1788238860.0,51453559.0,0.310999256990199,-9.322805026130895,769.3311480236428
1788242400,1788242460.0,51489269.0,0.3095049226937763,-0.1596588183662624,765.6345542409952
1788246000,1788246054.0,51524920.0,0.310683360009183,0.0069721188817564,768.5497011822122
1788249600,1788249660.0,51560679.0,0.310456769138495,1.4527889228308848,767.9891743939326
1788253200,1788253259.0,51596385.0,0.3121385829404021,-0.0330256063059227,764.0028811482457
1788256800,1788256859.0,51632098.0,0.3113795748964025,0.0212960575238233,762.1451026994306
1788260400,1788260460.0,51667774.0,0.3108099679625743,-0.1694254605653903,764.5708944367149
1788264000,1788264059.0,51703473.0,0.3104612251362889,-0.0480978961478956,763.7130113502446
1788267600,1788267659.0,51739132.0,0.3118895575759837,0.0024278609321648,763.0409215052199
1788271200,1788271257.0,51774749.0,0.312115968630994,4.706941317469359,763.9159653624491
1788274800,1788274859.0,51810377.0,0.3123478005862651,0.0002656238046085,764.4833830844248
1788278400,1788278454.0,51845843.0,0.3121022092608257,-0.0792613096418129,763.9437555358637
1788282000,1788282050.0,51881213.0,0.313866387886561,-0.025221052733713,764.055556716166
1788285600,1788285653.0,51916811.0,0.3150591829830456,-0.0628139225127124,763.0665242777495
1788289200,1788289263.0,51952545.0,0.3155618434087047,0.2587349406984854,758.066232706093
1788292800,1788292856.0,51988203.0,0.3154352781695733,0.007169180261283,762.3152218566528
1788296400,1788296460.0,52023747.0,0.3155307739273161,0.0092840002079854,762.5460072975601
1788300000,1788300076.0,52059305.0,0.3159758782625121,0.1004365460911784,763.4703963342297
1788303600,1788303660.0,52094824.0,0.3161669095650818,0.6110518033573682,763.9319718984376
1788307200,1788307261.0,52130431.0,0.3153902562386909,0.0332429651015196,762.055398831612
1788310800,1788310865.0,52166055.0,0.3168069079653801,0.2098619506558895,765.4783552331903
1788314400,1788314460.0,52201672.0,0.317551546645193,0.7388642177549886,759.1799971266668
1788318000,1788318061.0,52237351.0,0.316693590043796,0.4081736394116934,761.1026348185281
1788321600,1788321660.0,52273046.0,0.3159408662351725,0.2089259084083053,764.0555938598293
1788325200,1788325261.0,52308755.0,0.3157423603935458,-0.3133952118010856,759.7287533583489
1788328800,1788328866.0,52344481.0,0.3149570087434016,-0.0157085853925291,761.8920526216853
1788332400,1788332455.0,52380169.0,0.3150454054575201,0.2566175536362485,762.1058873740327
1788336000,1788336060.0,52415925.0,0.3152975013357342,-0.0596281297066163,762.7157161467795
1788339600,1788339660.0,52451619.0,0.3179842388953527,-0.0068668199589645,760.5007092954189
1788343200,1788343256.0,52487306.0,0.3203376775022759,-0.1266985110933351,761.5387607261605
1788346800,1788346856.0,52523041.0,0.3208118620952338,-0.0308437830852587,758.7284732609855
1788350400,1788350451.0,52558724.0,0.3203275514104619,0.0289289161513715,761.6892343323333
1788354000,1788354058.0,52594478.0,0.3206442986971802,-0.0364867370354972,762.4424102525281
1788357600,1788357656.0,52630032.0,0.3181562184342816,0.0825553226261385,762.9276390460337
1788361200,1788361260.0,52665636.0,0.3199869857578261,-0.1546178987909438,763.4577759675766
1788364800,1788364855.0,52701177.0,0.3204762561583008,-0.0277884743127147,764.6251274800405
1788368400,1788368427.0,52736315.0,0.3209837604073704,0.0480776771693815,765.8074710421421
1788372000,1788372094.0,52770959.0,0.320624431071507,1.344733944815521,765.3282405342267
1788375600,1788375664.0,52805294.0,0.3207192115986758,0.0738570802632277,765.5544809796368
1788379200,1788379259.0,52840070.0,0.3206828503487633,-0.3085658477507056,765.4676869342607
1788382800,1788382867.0,52874849.0,0.3202271279137044,-0.0618002161671368,764.3798807174043
1788386400,1788386465.0,52909714.0,0.3205856169438739,-0.2629725961667675,765.2355914871467
1788390000,1788390071.0,52944637.0,0.3219717258747772,-0.8141835622322144,768.5442236638395
1788393600,1788393666.0,52979557.0,0.320503783120399,0.0063617224413256,765.0402547315324
1788397200,1788397264.0,53014606.0,0.3220244606338318,-0.0923171255469592,768.670101159286
1788400800,1788400860.0,53049661.0,0.3209857396847982,0.0908540959187926,765.73610162432
1788404400,1788404457.0,53084703.0,0.3187335404451947,-0.0574529406700643,764.7104824793421
1788408000,1788408060.0,53119787.0,0.319181829347237,0.2009042061470432,765.7860242064288
1788411600,1788411666.0,53154904.0,0.318565190144805,0.0472762874405388,764.3065738123825
1788415200,1788415262.0,53190053.0,0.3189369103918256,-0.3102516519633875,764.3556205875418
1788418800,1788418856.0,53225235.0,0.3184331593024188,0.0008541355796422,767.0401701185539
1788422400,1788422459.0,53260468.0,0.31950288011797,0.1491641157195798,765.6662870011069
1788426000,1788426056.0,53295589.0,0.3189579738098452,0.0031646950103359,768.2788424891464
1788429600,1788429660.0,53330854.0,0.3197880737869998,-0.0326896893181733,766.3834180240756
1788433200,1788433240.0,53365867.0,0.3195907831472255,-0.1032880506902649,765.9106040349113
1788436800,1788436855.0,53401253.0,0.3181663237242571,-0.1274804032036235,766.361496960791
1788440400,1788440440.0,53436028.0,0.3168629853376518,-0.0039035208884264,767.1404969257511
1788444000,1788444043.0,53470814.0,0.316860861015812,-0.5240905631848677,771.0782690344695
1788447600,1788447656.0,53505532.0,0.3090700746296992,-0.2582155607459319,768.3333892014759
1788451200,1788451237.0,53540005.0,0.3075346739287993,-0.3959238450042358,773.0026169112616
1788454800,1788454852.0,53574466.0,0.3103612910721208,-0.0318823649618868,775.7108036798373
1788458400,1788458481.0,53609121.0,0.3095349350459265,0.0629868186893365,773.6454259550878
1788462000,1788462121.0,53644584.0,0.308165420732674,-0.0168722438325317,774.1027664987663
1788465600,1788465669.0,53679907.0,0.3083606988172557,-4.501439729732904,774.1919556995193
1788469200,1788469262.0,53715181.0,0.3086015277118098,-0.0737963264499386,774.7965975802095
1788472800,1788472859.0,53750576.0,0.3079406891201457,-0.6462743281106176,773.7464741113306
1788476400,1788476454.0,53786183.0,0.3096548862847957,-0.1448505612275223,773.5048755131704
1788480000,1788480061.0,53821895.0,0.308589107308268,-0.0064130911818963,770.8426044782951
1788483600,1788483659.0,53857488.0,0.3090969756658251,0.1025768991625303,776.1739719690096
1788487200,1788487258.0,53893181.0,0.3089182158711235,-0.1941293020762636,771.569705437798
1788490800,1788490845.0,53928717.0,0.3090944064513583,6.240623179157235,772.0097679109975
1788494400,1788494449.0,53964262.0,0.3090888233834309,0.0751171018031519,776.3188825625772
1788498000,1788498059.0,53999939.0,0.3086136471178189,-0.1603148124701284,775.1254123377333
1788501600,1788501654.0,54035471.0,0.3087082348453586,-0.0797194762554003,775.3629823609516
1788505200,1788505259.0,54071037.0,0.3085215822548735,-0.0641451028306655,774.8941788342288
1788508800,1788508861.0,54106581.0,0.3091506933053752,1.338893619396134,776.4742773392057
1788512400,1788512465.0,54142157.0,0.3068644130476903,-0.6644832598120803,775.007390963656
1788516000,1788516061.0,54177749.0,0.3073674487367041,-0.0422521825168223,776.5853749546944
1788519600,1788519660.0,54213363.0,0.3066665377617483,0.4636526004592471,774.8144743127004
1788523200,1788523260.0,54248958.0,0.3069859457445625,0.0905629576805043,775.6214809398393
1788526800,1788526860.0,54284498.0,0.314760008510538,-1.5807798649660447,773.4406629804284
1788530400,1788530460.0,54320134.0,0.3152981560439954,-0.0012961800010792,774.2723305506292
1788534000,1788534062.0,54355706.0,0.3158867841599909,-0.0501195839702957,771.2755282483072
1788537600,1788537660.0,54391260.0,0.3145867473756988,0.0753440937029896,772.3802716065833
1788541200,1788541258.0,54426828.0,0.3135632339601896,2.1402714158847487,769.8673190538813
1788544800,1788544855.0,54462392.0,0.3151762730772074,0.1142371240357861,773.82768801954
1788548400,1788548459.0,54497951.0,0.3146074559008529,0.1405462178221059,772.4311156310582
1788552000,1788552058.0,54533562.0,0.3140533922793339,0.0920426245468124,771.0707664935114
1788555600,1788555653.0,54569132.0,0.3143905846343674,-0.7948169988333613,771.8986485481024
1788559200,1788559262.0,54604830.0,0.3144029440197237,0.0258133655322756,771.9289935816996
1788562800,1788562863.0,54640498.0,0.3145877492593947,-0.0157270209459082,772.3827314533746
1788566400,1788566463.0,54676148.0,0.3140632759116008,0.1632317016225121,771.0950330039049
1788570000,1788570049.0,54711729.0,0.3144808561827209,-0.0314647508006845,772.1202852305668
1788573600,1788573650.0,54747440.0,0.3143932510307623,-2.873206097723909,771.9051951429252
1788577200,1788577259.0,54783242.0,0.3145145003987814,-1.5730914063501806,772.2028892466469
1788580800,1788580857.0,54818936.0,0.3142859219786028,0.2852863052150776,771.6416785035568
1788584400,1788584457.0,54854622.0,0.314668787531458,0.2343145937742101,772.5816983936826
1788588000,1788588035.0,54890112.0,0.3146235919828329,0.0141034106193285,772.4707332929157
1788591600,1788591657.0,54926087.0,0.3143620087153904,0.0836311250235243,771.8284883260174
1788595200,1788595260.0,54961799.0,0.3138106805172752,-0.0945960488629432,770.4748552599174
1788598800,1788598853.0,54997435.0,0.3140979121707442,4.12119005841046,771.1800727058876
1788602400,1788602459.0,55033198.0,0.3136862186826181,-0.0471274413351102,770.169273837753
1788606000,1788606059.0,55068878.0,0.314203603495032,-0.1590531580392701,771.4395683599191
1788609600,1788609659.0,55104571.0,0.3143224255274571,0.0061999302959554,771.7313028161317
1788613200,1788613261.0,55140306.0,0.3137749645155049,-0.1911244696366145,770.3871645501905
1788616800,1788616860.0,55176018.0,0.3144364058535703,-0.0314691869972306,772.011149808974
1788620400,1788620459.0,55211764.0,0.3143163434201708,0.0282830233313343,771.7163698931242
1788624000,1788624062.0,55247455.0,0.3139556949804921,-0.4727658999735817,771.9108648416199
1788627600,1788627661.0,55283103.0,0.3121143999545052,0.1850455735349248,771.4229496936349
1788631200,1788631260.0,55318753.0,0.3116349524627325,-0.0254016493027197,770.2379457387375
1788634800,1788634856.0,55354419.0,0.3118290538978142,0.0783493896281281,770.71768746681
1788638400,1788638459.0,55390105.0,0.3121147314007838,-0.0142664623440752,771.4237688973177
1788642000,1788642061.0,55425763.0,0.3119541459279963,-0.0792989696949819,771.0268653289027
1788645600,1788645660.0,55461418.0,0.3107260663862424,-0.2024508615699418,772.0377378359971
1788649200,1788649257.0,55497105.0,0.3115842643544392,-0.0317572284222719,774.170037921689
1788652800,1788652855.0,55532794.0,0.3116032542006363,-0.1587766357650267,774.2172205673883
1788656400,1788656447.0,55568450.0,0.3104696676259675,-0.0637425984969944,771.40068307851
1788660000,1788660058.0,55604231.0,0.3084690292309788,0.0011380496601223,770.2665069978868
1788663600,1788663645.0,55639816.0,0.3089751559386259,-0.4827559715451299,771.5303371210263
1788667200,1788667256.0,55675631.0,0.3082775099857708,-0.000715621929954,773.6871495863888
1788670800,1788670862.0,55711372.0,0.3088207982939695,-0.0320414362529289,775.0506456863583
1788674400,1788674461.0,55747095.0,0.3079589246559598,0.0690425341510149,776.7863527844534
1788678000,1788678056.0,55782762.0,0.3087163754052063,0.0449671478833391,774.6910504193871
1788681600,1788681650.0,55818420.0,0.3098501070115514,0.3761778075858221,771.3091264298337
1788685200,1788685261.0,55854194.0,0.3100812428846364,0.7404802575206322,771.884492402998
1788688800,1788688860.0,55889888.0,0.3097121348832286,-0.0047923779039267,774.8223334441171
1788692400,1788692461.0,55925591.0,0.3093355946846641,0.1142385955877813,773.8803240023584
1788696000,1788696058.0,55961284.0,0.3092953677467514,-0.0319922693612451,773.7796862604354
1788699600,1788699660.0,55997024.0,0.3093718007297553,0.0665491420675637,773.9709024756653
1788703200,1788703260.0,56032724.0,0.3101484150518209,-0.0063808487528269,771.8149466288127
1788706800,1788706858.0,56068427.0,0.3122345885738973,-0.0633822865644322,774.0938873437844
1788710400,1788710460.0,56104139.0,0.3118606095224283,0.0555625594119712,773.1667162092249
1788714000,1788714051.0,56139748.0,0.3112606317787326,0.0031472506707947,771.6792477450217
1788717600,1788717660.0,56175560.0,0.3104715810999078,-0.2897381868284009,773.6703423744823
1788721200,1788721226.0,56210935.0,0.3100475935871854,0.8015621344125765,772.6137994117792
1788724800,1788724858.0,56246895.0,0.3106370451631172,-0.4778133095038678,774.082665582875
1788728400,1788728460.0,56282590.0,0.3095411332664144,0.1577077734181608,771.3517408092434
1788732000,1788732063.0,56318293.0,0.3084954722391108,-3.2512098033131345,773.26396643781
1788735600,1788735658.0,56353958.0,0.3084431105527063,0.1962461149825408,772.3137889440268
1788739200,1788739254.0,56389599.0,0.3077908985714446,-4.429353072319256,774.8912883344832
1788742800,1788742861.0,56425325.0,0.3077854828631026,-0.0241118864852454,774.8776538013185
1788746400,1788746457.0,56460985.0,0.3086396429474011,0.3098504161460755,772.9813947158949
1788750000,1788750050.0,56496576.0,0.3079650306131127,0.2580216339006037,775.7791086457869
1788753600,1788753654.0,56532305.0,0.3091802332522883,-0.032004170419048,774.7719948028332
1788757200,1788757255.0,56567984.0,0.3095757323480625,-0.1009797522548542,771.6302811026362
1788760800,1788760859.0,56603690.0,0.3085757345906706,0.0648278296854871,773.3247342150256
1788764400,1788764460.0,56639389.0,0.3095428206746417,0.0839891061597882,775.7483583209264
1788768000,1788768056.0,56675057.0,0.310420602932776,-0.0089887922343659,770.0576520805192
1788771600,1788771661.0,56710777.0,0.3102046496997574,-0.0318984902296426,773.4026358974799
1788775200,1788775257.0,56746429.0,0.3107218589717605,0.3523481011614287,774.6921427268101
1788778800,1788778858.0,56782122.0,0.3104634702514517,-0.084983361189956,774.0479276334308
1788782400,1788782455.0,56817792.0,0.3104034186531908,-0.0637561864311773,773.8982069105797
1788786000,1788786052.0,56853466.0,0.3082293453755502,0.1526967225163621,772.3365304232465
1788789600,1788789658.0,56889193.0,0.308924875520484,-0.064061266518661,774.0793344326714
1788793200,1788793256.0,56924875.0,0.3099877305507416,0.1442986961954647,768.2994042054756
1788796800,1788796861.0,56960571.0,0.3118386053642024,-0.0317313488047909,772.88676646628
1788800400,1788800460.0,56996232.0,0.3110728517213938,-0.0636189279943338,770.9888588733158
1788804000,1788804058.0,57031893.0,0.309920292497319,0.0062177530360479,772.0061059227921
1788807600,1788807661.0,57067578.0,0.3099787540568971,-0.031921714035115,772.1517326598877
1788811200,1788811260.0,57103284.0,0.3097483493040979,0.0408147124639762,771.5777983925916
1788814800,1788814856.0,57138925.0,0.3097783280140247,6.487878165096e-06,771.652474842219
1788818400,1788818462.0,57174615.0,0.3102325823311885,-0.3189567967741669,772.7840145154247
1788822000,1788822057.0,57210272.0,0.3111537417033807,0.0097469090267993,771.1903580594397
1788825600,1788825658.0,57245937.0,0.3102250882507694,0.292664937034344,772.767592581784
1788829200,1788829257.0,57281586.0,0.3102375964533734,0.0810788558402272,772.7987503893885
1788832800,1788832858.0,57317282.0,0.3093353501167364,-0.0032230436065149,774.419626074639
1788836400,1788836451.0,57352908.0,0.3110425841623792,0.0261337902357147,774.6297828755139
1788840000,1788840057.0,57388658.0,0.310826237302839,0.0066284556859722,774.0909861661092
1788843600,1788843655.0,57424300.0,0.3114893336264862,0.1999139138450649,771.4381359278606
1788847200,1788847262.0,57460013.0,0.3115342389504777,0.1495370718699227,771.549348979781
1788850800,1788850859.0,57495673.0,0.311876372330801,1.6678576661477835,768.1507671419097
1788854400,1788854462.0,57531365.0,0.3105801525084328,-3.101849189568297,768.7945805117491
1788858000,1788858057.0,57567010.0,0.3104298724965005,-0.1608256812972348,768.4225848842125
1788861600,1788861648.0,57602619.0,0.3093653350057654,0.0246909859515134,769.9466190590426
1788865200,1788865248.0,57638289.0,0.3098515050811199,-1.1811656932101218,771.1565962719062
1788868800,1788868860.0,57674087.0,0.3110594222771879,-0.6798516866948535,769.9573937355707
1788872400,1788872460.0,57709764.0,0.3115059008071317,0.7661973720211478,771.0625505662424
1788876000,1788876053.0,57745354.0,0.3126138848270925,-0.1360478593015347,769.1815359062775
1788879600,1788879655.0,57781079.0,0.3094148823643585,0.0017874764230772,766.8839436632464
1788883200,1788883252.0,57816719.0,0.3078746030586336,-0.0012920877811385,767.5555847137936
1788886800,1788886860.0,57852445.0,0.3077325891675637,1.196684484286581,767.2015329209053
1788890400,1788890457.0,57888156.0,0.3086674653077105,0.0126668751885743,769.532252620603
1788894000,1788894054.0,57923808.0,0.3089616853191825,0.0337033649838455,765.7504901508937
1788897600,1788897657.0,57959534.0,0.3092492263823104,0.009125900695051,766.0896677074535
1788901200,1788901259.0,57995248.0,0.3089137203164785,-0.0800794622878489,769.3125508017517
1788904800,1788904854.0,58030878.0,0.3091055086245079,1.159219480536584,769.7901765683021
1788908400,1788908458.0,58066614.0,0.3084815688505297,1.406077745824347,768.2363294339822
1788912000,1788912053.0,58102239.0,0.3086852416677719,1.8793384982770176,768.7435521445858
1788915600,1788915629.0,58137681.0,0.3074214838226632,0.0627530155515578,765.596314882284
1788919200,1788919260.0,58173662.0,0.3074201495362462,0.1412344885306603,765.5929920020768
1788922800,1788922844.0,58209177.0,0.3078192605405623,-3.3655120797164626,766.5869300650056
1788926400,1788926459.0,58245031.0,0.30789217449207,0.0014511645549311,766.7685135115613
1788930000,1788930059.0,58280712.0,0.3061291254320203,0.0251731361763717,766.8123460656653
1788933600,1788933658.0,58316365.0,0.3074553268590574,0.0716112281129475,766.0593284794069
1788937200,1788937242.0,58351909.0,0.3069540863009992,0.1570054348290395,768.8963089214199
1788940800,1788940853.0,58387699.0,0.3056905918544455,-0.1716572338407795,765.7313527939253
1788944400,1788944454.0,58423399.0,0.30452488564678,-0.2614500963202983,766.8332502937261
1788948000,1788948050.0,58459036.0,0.3072716015149284,-0.0650565479538828,765.7843749789939
1788951600,1788951656.0,58494757.0,0.3074572758209738,-0.1040137223507738,766.2471137472486
1788955200,1788955247.0,58530344.0,0.3056428004157764,0.0195584365894171,765.5649171974243
1788958800,1788958858.0,58566105.0,0.3046059221896277,0.0304260115050971,762.9677757229138
1788962400,1788962462.0,58601806.0,0.3055539623813,0.2238085183193194,764.4482044972932
1788966000,1788966061.0,58637471.0,0.304775113241001,-0.0256566087468352,762.4996458131388
1788969600,1788969662.0,58673159.0,0.3064985923561946,-0.1614215030451893,763.1538794437532
1788973200,1788973257.0,58708796.0,0.3059006653130653,0.1651772628460019,761.6650949795879
1788976800,1788976856.0,58744472.0,0.3061502394332139,-0.0323209210279107,762.2865120521298
1788980400,1788980462.0,58780209.0,0.3073344653493384,-0.1609824110013659,765.2351278845247
1788984000,1788984059.0,58815923.0,0.309440485024871,0.0620851688429313,762.412193440465
1788987600,1788987647.0,58851522.0,0.3089543909200709,0.0791718729861721,761.2145347933447
1788991200,1788991262.0,58887375.0,0.309757700352335,6.459736706576385,763.1937616104649
1788994800,1788994858.0,58923070.0,0.3111170671336222,-0.2120338422932354,761.5523569296805
1788998400,,,,,
1789002000,1789002061.0,58994501.0,0.3092964805332381,3.504736269180821,760.9172125590227
1789005600,1789005647.0,59030056.0,0.3099079736921467,0.0103065734232593,762.7615270933512
1789009200,1789009235.0,59065601.0,0.3086907624004483,-0.0394822772858733,763.6880363204668
1789012800,1789012814.0,59101066.0,0.3086109683066507,0.6947103013613025,763.4906290695067
1789016400,1789016442.0,59137029.0,0.3081862568938601,0.0041132643491135,762.4399107962588
1789020000,1789020059.0,59172848.0,0.3079757840938897,-0.0038555177726362,761.9192098913845
1789023600,1789023654.0,59208463.0,0.3081793325654717,-1.9611310492827347,762.4227802974106
1789027200,1789027245.0,59244027.0,0.3093269373632011,-0.124834018954,765.2619065726342
1789030800,1789030851.0,59279748.0,0.3091161166684915,0.0035778303167358,764.7403449907245
1789034400,1789034453.0,59315472.0,0.3093584227860048,-0.1945117712710806,765.3398001918882
1789038000,1789038058.0,59351192.0,0.3096884569899334,-0.000172607291908,766.1562910099383
1789041600,1789041655.0,59386889.0,0.3094536981555164,-0.0615695662428012,761.2098031893262
1789045200,1789045258.0,59422629.0,0.3141172485632905,1.546034380911406,760.1170267284264
1789048800,1789048853.0,59458284.0,0.3113388453750301,0.1583874054238339,757.409949692719
1789052400,1789052456.0,59494018.0,0.3112685769794455,-0.0317894511885381,757.2390041690385
1789056000,1789056060.0,59529739.0,0.3112951752701403,-0.011125352241185,757.3037111926442
1789059600,1789059667.0,59565433.0,0.3104719942888214,-0.2310353936375341,759.244189692223
1789063200,1789063259.0,59601124.0,0.3077007501513967,-0.0041805443497622,760.5100970666906
1789066800,1789066848.0,59636859.0,0.3074717583249721,2.477909235947014,755.5565269055812
1789070400,1789070430.0,59672468.0,0.3080151429631639,-0.0535420333096145,756.8917968901895
1789074000,1789074059.0,59708421.0,0.3079872704083689,-0.0081131605161004,756.8233051015073
1789077600,1789077660.0,59744091.0,0.3082993743041623,-0.3241986988436692,757.5902442728448
1789081200,1789081258.0,59779774.0,0.310077305137767,-0.0319115824512985,758.1132297308162
1789084800,1789084851.0,59815398.0,0.31078063644422,1.4180739299812488,759.8328162967179
1789088400,1789088392.0,59850429.0,0.3091871484161984,-0.0540136656524945,759.7769917832811
1789092000,1789092051.0,59886510.0,0.3094089282523922,2.4732742194789696,760.3219795605697
1789095600,1789095662.0,59921981.0,0.3101673992747752,0.0568902405604105,758.3182274700604
1789099200,1789099224.0,59957179.0,0.3101577993392741,0.4971507319258703,758.2947568987172
1789102800,1789102859.0,59992925.0,0.3089438662171933,-0.0161599044124639,759.5011128871573
1789106400,1789106452.0,60028345.0,0.3082890873892449,8.3461751619237e-05,757.8914183668844
1789110000,1789110060.0,60063881.0,0.3085973053532425,0.0065494820286681,758.6491349369988
1789113600,1789113658.0,60099342.0,0.3085667742058231,-0.3557754762774524,762.474670398073
1789117200,1789117231.0,60134487.0,0.3078353638833441,0.0594071518635406,760.667340863021
1789120800,1789120838.0,60169986.0,0.3088443369609317,0.0075598378849283,763.1605335172015
1789124400,1789124462.0,60205607.0,0.3096667261134798,-1.6878440175769858,765.1926735609308
1789128000,1789128055.0,60240958.0,0.3102398365850261,0.1401833530590941,762.5548091138684
1789131600,1789131658.0,60276260.0,0.3052777693729029,-2.9394131133834778,765.9557162397281
1789135200,1789135263.0,60311408.0,0.292105709777537,-0.0594011683558299,767.3909101565675
1789138800,1789138879.0,60346629.0,0.2933422001205089,0.0469564351376577,761.8555178684778
1789142400,1789142472.0,60381800.0,0.2977952195872949,2.158428668102205,765.3582277816732
1789146000,1789146057.0,60417092.0,0.2970814722829719,0.064894694925292,767.0645213565608
1789149600,1789149648.0,60452482.0,0.2982458696162838,-0.6702714129028922,766.022142560252
1789153200,1789153255.0,60487852.0,0.3016856266675884,-0.0655985827536321,766.2730143695652
1789156800,1789156861.0,60523124.0,0.3012853526743418,-0.3307620698538544,765.256329674418
1789160400,1789160473.0,60558446.0,0.3023949877507501,-0.0107116386841326,764.0995329127863
1789164000,1789164056.0,60593722.0,0.3047352619743294,-5.921960314140024,766.168503955531
1789167600,1789167644.0,60629087.0,0.3045683383504343,0.3008777298677789,765.7488228777131
1789171200,1789171249.0,60664210.0,0.3040318153135721,0.1208406004414686,764.3998911858992
1789174800,1789174845.0,60699526.0,0.3046696771485681,0.1559856577606305,766.0036099176367
1789178400,1789178411.0,60734571.0,0.3042270799860915,1.5018151442158016,764.890827617247
1789182000,1789182062.0,60770502.0,0.3042789606886099,-1.9595477295819776,765.0212666087019
1789185600,1789185660.0,60805930.0,0.3043892349550574,-3.1363461591333652,765.2985192942018
1789189200,1789189260.0,60841384.0,0.3045310254514508,0.0035029301149267,765.6550104064971
1789192800,1789192854.0,60876774.0,0.304616409305056,0.0466352865228569,765.8696833621467
1789196400,1789196435.0,60912053.0,0.3037799107161977,-9.824397248636e-06,763.7665500777535
1789200000,1789200068.0,60947808.0,0.3034094472427117,-0.0652258091111595,762.8351270339875
1789203600,1789203646.0,60983115.0,0.3023095531936588,-0.0065863114015889,763.9755109313356
1789207200,1789207258.0,61018826.0,0.3024370355611219,0.0003277377434017,764.2976754338744
1789210800,1789210858.0,61054419.0,0.302325608782485,0.0037571364033799,764.0160854899203
1789214400,1789214458.0,61089971.0,0.3019527413608085,0.0037504826943373,763.0738010798659
1789218000,1789218033.0,61125312.0,0.3022259875263664,0.0004773026571934,763.7643296349077
1789221600,1789221611.0,61160447.0,0.3009892415359628,0.0619420802774443,765.1808696175552
1789225200,1789225242.0,61195662.0,0.3013911032080902,0.3160797746245098,766.202490397671
1789228800,1789228866.0,61230914.0,0.3020507074139751,-0.0064366448512371,767.8793494019558
1789232400,1789232457.0,61266154.0,0.3024232367306567,0.0026638664618006,768.82640088141
1789236000,1789236055.0,61301666.0,0.3030887475109668,-0.0652948431016896,766.6649569058494
1789239600,1789239642.0,61336937.0,0.3034770442309105,0.8582075621547823,767.6471559828756
1789243200,1789243264.0,61372560.0,0.3039111009717137,0.0122265681971733,764.8272747983164
1789246800,1789246828.0,61407669.0,0.3036759619500636,-0.0069924363390886,764.2355203788418
1789250400,1789250432.0,61443171.0,0.3033264807452823,0.0839947789325745,763.3560106913329
1789254000,1789254049.0,61478752.0,0.3034920885008562,0.4405696522122398,763.7727816746108
1789257600,1789257655.0,61514288.0,0.3030967924801168,0.0030589824955846,762.777973728096
1789261200,1789261241.0,61549593.0,0.3031202994344009,-0.4896654594796569,762.8371316849011
1789264800,,,,,
1789268400,1789268427.0,61620522.0,0.3034164308780551,-0.4179219653553879,763.5823805563901
1789272000,1789272053.0,61656359.0,0.3035027745221754,0.1916541899593239,763.7996742775393
1789275600,1789275656.0,61691952.0,0.3034782362336702,0.1389705026940333,763.7379208494294
1789279200,1789279240.0,61727366.0,0.3028168362018836,-0.1633841469177935,762.0734315226314
1789282800,1789282847.0,61763039.0,0.3039779064166443,2.144953696138554,764.995398391777
1789286400,1789286416.0,61798321.0,0.3032735135368884,0.0319822531097114,763.2227126133093
1789290000,1789290057.0,61834236.0,0.3056230868995345,0.1588427450763398,760.7236054982154
1789293600,1789293652.0,61869693.0,0.3064761226067694,0.5761896016858986,758.2041645461916
1789297200,1789297254.0,61905228.0,0.307691806698588,0.7683187318662702,761.2116965305742
1789300800,1789300835.0,61940539.0,0.3067419161811246,-0.0745061514177562,758.8617224442479
1789304400,1789304452.0,61976217.0,0.3070463495842925,0.1061787737204395,759.6148730392945
1789308000,1789308057.0,62011728.0,0.3070662140388018,0.0263735492938833,759.6640165484438
1789311600,1789311633.0,62046846.0,0.3056704406260578,-0.0647433701377134,760.6014997313312
1789315200,1789315263.0,62082481.0,0.3053766383775206,-0.0130920342643429,759.8704299216232
1789318800,1789318844.0,62117751.0,0.3041461006457489,0.1702888614938903,761.1905216438644
1789322400,1789322460.0,62153324.0,0.3038229223071102,0.0761688522250784,760.3816988851637
1789326000,1789326056.0,62188690.0,0.3033764350670109,0.0010798754543125,759.2642692864381
1789329600,1789329657.0,62224176.0,0.3037596138112317,0.0553381843995475,760.2232558641946
1789333200,1789333246.0,62259545.0,0.3029947276615642,0.1018026902163015,758.3089650479475
1789336800,1789336860.0,62295184.0,0.3043691838864846,0.1050623407621817,765.6802500603573
1789340400,1789340454.0,62330570.0,0.3071417806627315,-0.1771918750882299,763.1254467484074
1789344000,1789344048.0,62365978.0,0.3070538554611958,-0.6508773726453981,758.7867781771988
1789347600,1789347659.0,62401538.0,0.3061934282573121,1.5110007423612342,760.7110503061103
1789351200,1789351256.0,62437009.0,0.3055572668499881,-1.6192498224566716,759.1305623933424
1789354800,1789354859.0,62472517.0,0.3034676334117549,-0.4549654544744766,761.9322698109747
1789358400,1789358439.0,62507811.0,0.302935289622027,-0.1633203150545673,760.5956860459548
1789362000,1789362060.0,62543508.0,0.3027001929732292,-0.3268958952341355,760.0054164306104
1789365600,1789365653.0,62578923.0,0.3025428195363662,-0.0033468252726107,759.6102906024985
1789369200,1789369230.0,62614213.0,0.3023205482619633,-2.303085751578763,758.6764390688796
1789372800,1789372813.0,62649545.0,0.3012634456754285,0.3738299852733197,759.8410517954966
1789376400,1789376454.0,62685472.0,0.3015749587615177,-0.0328112811688875,760.626744299449
1789380000,1789380056.0,62720979.0,0.3006402898193187,0.0210532052772788,758.269339701195
1789383600,1789383652.0,62756426.0,0.302291214117709,0.0026575170925325,762.4332702189224
1789387200,1789387239.0,62791767.0,0.3031399862603189,0.0149586160900065,760.5585525211015
1789390800,1789390851.0,62827342.0,0.3032854414201021,0.4503970113469965,760.9234900773315
1789394400,1789394461.0,62862787.0,0.3039970013996974,0.1793213638461721,761.5073125985766
1789398000,1789398045.0,62898033.0,0.3036637362185748,0.0046459727888517,760.6724889940975
1789401600,1789401660.0,62933468.0,0.3036356285214649,-6.822152057464263,760.602079691404
1789405200,1789405258.0,62968794.0,0.3018005464959492,0.0132742323440187,763.9447053397312
1789408800,1789408863.0,63004116.0,0.3011629260090666,-0.0165442356831643,762.3307029774901
1789412400,1789412465.0,63039452.0,0.3004167075450816,-0.0416430068781565,764.3528722083315
1789416000,1789416059.0,63074793.0,0.2996604251168635,2.7027952098084813,762.4286561721032
1789419600,1789419633.0,63109922.0,0.296531792438509,-1.6854652434485289,763.2863852396367
1789423200,1789423260.0,63145621.0,0.2989971716074852,-0.695329405529406,761.9875114588957
1789426800,1789426857.0,63181090.0,0.3004137784018195,0.0034086570671323,761.5309034219083
1789430400,1789430457.0,63216504.0,0.3025676163367997,0.0001333304179004,762.6742329718612
1789434000,1789434062.0,63251938.0,0.3026817145564663,-0.0014531208834262,758.8693623905281
1789437600,1789437654.0,63287325.0,0.3024115812094076,-0.0529415723027932,758.1920967646766
1789441200,1789441251.0,63322765.0,0.3027226119498977,-0.0387597681250133,758.9718984123099
1789444800,1789444861.0,63358395.0,0.3040583185064233,-0.3254351037309464,762.3207190847999
1789448400,1789448444.0,63393750.0,0.3045943979898597,-0.324992567055574,759.7406533205451
1789452000,1789452038.0,63429192.0,0.3042266016781489,-0.0650506261458652,758.8134603346112
1789455600,1789455660.0,63464874.0,0.3054360370516496,0.0021748233876956,757.9344251618497
1789459200,1789459247.0,63500226.0,0.306637057020876,-0.001305561487444,760.9147361584515
1789462800,1789462859.0,63535821.0,0.3059764598409171,-0.2549389076386522,755.2421122286999
1789466400,1789466444.0,63571230.0,0.3064538497354498,0.0140320771652228,756.4204543550549
1789470000,1789470036.0,63606638.0,0.3057171095236052,-0.0161833497510335,758.617319100973
1789473600,1789473607.0,63641743.0,0.3068016321173564,-0.1612620647142637,761.3084920741114
1789477200,1789477228.0,63677134.0,0.306731957061959,-0.0927949687710384,761.1355979112163
1789480800,1789480858.0,63712246.0,0.3095759372834039,0.2060232883843507,759.1067980793365
1789484400,1789484458.0,63746994.0,0.3147809160553105,-2.3101258247988414,757.9106028230133
1789488000,1789488065.0,63782022.0,0.3126463026851919,-0.0035839519587689,757.3767265706206
1789491600,1789491642.0,63816933.0,0.3129540635090987,-2.9999999999999996,758.1222683645752
1789495200,1789495224.0,63851644.0,0.3105293811482984,0.0011918066844431,756.1980436785249
1789498800,1789498872.0,63886335.0,0.3152330301754827,-0.5623582467522075,755.7695905456169
1789502400,1789502477.0,63921258.0,0.3136847256367141,0.1319622568398784,755.8928998676256
1789506000,1789506084.0,63956415.0,0.3156435830854014,0.0754010154522477,756.7769966113021
1789509600,1789509674.0,63991510.0,0.317169604743941,-0.0127911774305151,760.4357375121141
1789513200,1789513253.0,64027144.0,0.3163592497209925,-0.001647434093352,758.3128375602118
1789516800,1789516832.0,64062697.0,0.3162800803724092,-0.86911095850011,757.9675163396536
1789520400,1789520461.0,64098734.0,0.3160736793754228,0.5274214111341765,757.472874846988
1789524000,1789524047.0,64134398.0,0.3169673673129404,-0.0149845932848322,759.614604498711
1789527600,1789527660.0,64170271.0,0.3157881314846051,0.6570316382873072,756.788557246764
1789531200,1789531225.0,64205722.0,0.3161555551202911,0.0433650309008429,761.5080778404891
1789534800,1789534857.0,64241863.0,0.3157191909830284,0.0267492389421903,760.4570293612715
1789538400,1789538443.0,64277538.0,0.3156318691429111,0.9912949726605196,755.9204246141685
1789542000,1789542001.0,64312832.0,0.3156165307849563,1.5042857142857142,755.7343144686541
1789545600,1789545638.0,64348952.0,0.3167504944205703,-0.4459802093485777,758.4115463158925
1789549200,1789549255.0,64384903.0,0.3161790067467825,0.0223348821229906,757.0432048041587
1789552800,,,,,
1789556400,1789556453.0,64456394.0,0.3157102362767778,0.0636721616143958,755.9208042293029
1789560000,1789560059.0,64492170.0,0.314110213192403,-0.3150223556835079,759.973109673408
1789563600,1789563647.0,64527810.0,0.3159162901730445,-0.1667100733846415,760.5195809974607
1789567200,1789567247.0,64563577.0,0.3178965664892994,1.5602584058527995,761.4307546759533
1789570800,1789570851.0,64599478.0,0.3182274628642789,1.6688591724820134,758.0044191665257
1789574400,1789574410.0,64634991.0,0.318029814775093,-1.1085665682453056,761.5162610153992
1789578000,1789578029.0,64670873.0,0.3178692780354785,-0.001205443386817,761.1318588869594
1789581600,1789581668.0,64706805.0,0.3187935101753626,1.549808573990623,760.2223887266938
1789585200,1789585263.0,64742532.0,0.3136919319811561,1.1146812755745776,752.7901937933847
1789588800,1789588857.0,64778357.0,0.3139108367873923,-1.1244432054486062,753.8480222593251
1789592400,1789592447.0,64814052.0,0.3136969145262461,-0.6308813435283585,757.1668421958709
1789596000,1789596057.0,64849823.0,0.314346588473089,-0.0941990294599742,754.9157180521069
1789599600,1789599662.0,64885534.0,0.3164295306206465,-0.082382221185737,759.397105054018
1789603200,1789603259.0,64921273.0,0.3133813406109185,3.0699882059415,755.871461686398
1789606800,1789606861.0,64957079.0,0.3137635123741402,-1.1097281707892963,760.7218552608497
1789610400,1789610456.0,64992821.0,0.3122516472444516,-0.8970834047946618,757.5381087974018
1789614000,1789614060.0,65028630.0,0.3123113651901944,0.8565531952023969,757.6829875196712
1789617600,1789617652.0,65064330.0,0.3115462433147505,0.0870380854004356,755.8267635937506
1789621200,1789621250.0,65100094.0,0.3107432936547031,0.8044501476518677,757.796740325358
1789624800,1789624855.0,65135874.0,0.3112136518736142,0.0046302817051406,758.9437833423898
1789628400,1789628425.0,65171345.0,0.3110765698961151,-0.0318572769199138,758.6094872277916
1789632000,1789632003.0,65206895.0,0.3110539613813615,0.5326724569670896,762.3497117911237
1789635600,1789635659.0,65243197.0,0.3111184491108758,0.0512145052980222,758.5967237737427
1789639200,1789639255.0,65278911.0,0.3117973166806194,0.0154788350230416,760.2519991704781
1789642800,1789642860.0,65314677.0,0.3124509653583527,1.7069238428912108,761.8457836176705
1789646400,1789646443.0,65350277.0,0.3116725779614701,1.2373725775067868,760.2938996756633
1789650000,1789650062.0,65386266.0,0.3100910755400862,0.0221110115279497,764.6825868298397
1789653600,1789653663.0,65422057.0,0.3096034323819732,-1.3443885714648185,759.1979754280198
1789657200,1789657261.0,65457861.0,0.3095329898246794,-0.138527193743103,763.0009970057374
1789660800,1789660855.0,65493592.0,0.3089228597674952,-1.000239097226234,761.5731303795407
1789664400,1789664464.0,65529475.0,0.3089473574395583,-2.1651163831214624,761.6335233488865
1789668000,1789668057.0,65565246.0,0.3099269178719561,-0.3192735345973057,764.0483880353605
1789671600,1789671659.0,65601084.0,0.3113371031743595,0.2562072156647628,763.6069984253844
1789675200,1789675240.0,65636684.0,0.311742670118633,-0.0028442869633015,764.6017200753889
1789678800,1789678848.0,65672571.0,0.311181647701255,-0.0449673660284343,763.2257175372545
1789682400,1789682461.0,65708458.0,0.3120652854454316,-0.2222892774576467,765.3929888282325
1789686000,1789686058.0,65744303.0,0.3120014262712917,-0.0190288663077529,761.4026660507939
1789689600,1789689637.0,65779859.0,0.3117575217050289,1.1061246014319717,760.8074457364708
1789693200,1789693258.0,65815841.0,0.3113162760962622,0.0061061700591922,759.7306378932719
1789696800,1789696856.0,65851498.0,0.3102465292627768,-0.161082362579978,761.1566290001415
1789700400,1789700445.0,65887114.0,0.3098049475084963,-2.010192982929862,760.0732554638934
1789704000,1789704048.0,65922888.0,0.3082993847299793,0.0011457251383085,760.4717026241746
1789707600,1789707637.0,65958413.0,0.3082415521708667,0.0278087198629266,764.3154671092698
1789711200,1789711252.0,65994121.0,0.3080723177935567,0.836863349203031,763.8958337041249
1789714800,1789714856.0,66029834.0,0.3076413339884086,0.6718921444719461,762.8271666602809
1789718400,1789718460.0,66065555.0,0.3072220033256785,3.268764341703549,765.7080508679045
1789722000,1789722060.0,66101270.0,0.3053476674077764,0.1477893449657402,761.0365296655409
1789725600,1789725644.0,66136866.0,0.3047110862092508,-0.7151202606298621,763.3165065084838
1789729200,1789729256.0,66172686.0,0.30422804207617,0.0075546807944634,766.0440512855544
1789732800,1789732855.0,66208438.0,0.3046295788608869,-0.3251567554355132,763.1245117086191
1789736400,1789736457.0,66244291.0,0.3047862110328755,-0.4180889931011987,763.5168893963462
1789740000,1789740058.0,66280110.0,0.2975891862998291,0.3016703436738205,760.6884313083597
1789743600,1789743661.0,66315925.0,0.294745626551361,0.8619051335040124,758.2826252868883
1789747200,1789747259.0,66351713.0,0.294599643526405,-1.283611520214757,761.4664286048753
1789750800,1789750856.0,66387437.0,0.2934139444013686,0.0080272266647785,762.5506939084232
1789754400,1789754420.0,66422737.0,0.2927639800612858,-0.62470952180785,760.7621731174452
1789758000,1789758057.0,66458778.0,0.2922013665087203,-0.2013170302196606,764.4259201651925
1789761600,1789761657.0,66494486.0,0.2903095347930371,-1.2950012009538137,767.7591098531933
1789765200,1789765252.0,66530209.0,0.2902360608830051,0.1040420744194764,763.2760279473249
1789768800,1789768842.0,66565812.0,0.2907391450958915,-0.0084861876545456,764.5990617514867
1789772400,1789772445.0,66601620.0,0.2914878389802345,1.283634836279427,766.5680110696768
1789776000,1789776047.0,66637396.0,0.2924969416796203,0.0006698144528881,765.3553405709391
1789779600,1789779655.0,66673252.0,0.2910684556000385,3.0003339574970536,761.6175255918796
1789783200,1789783201.0,66708470.0,0.2923520531995177,-0.0201167346758934,765.2402698113335
1789786800,1789786856.0,66744721.0,0.2914507333346533,0.1475955304019913,762.8810380254552
1789790400,1789790457.0,66780404.0,0.2917355976131373,-1.336231579236416,767.5276505373591
1789794000,1789794058.0,66816079.0,0.2917441307067253,0.1696599085560904,763.6372987280108
1789797600,1789797615.0,66851365.0,0.290625823237944,0.3434362583501731,764.5375646414166
1789801200,1789801254.0,66887454.0,0.2906093549416377,3.0642779272212413,764.4942421623211
1789804800,,,,,
1789808400,1789808454.0,66958861.0,0.2888790890090694,-0.3693866419918772,766.733238424218
1789812000,1789812059.0,66994610.0,0.2891999560936816,0.0375,763.4561970409902
1789815600,1789815640.0,67030157.0,0.2894093983190295,0.0055773851017357,764.0091015677534
1789819200,1789819254.0,67066061.0,0.2893055010499768,-0.0247218479743254,763.734824161265
1789822800,1789822855.0,67101833.0,0.2890747375467587,-0.0096754514171054,763.1256337970533
1789826400,1789826455.0,67137578.0,0.2895749527738602,-1.0877977319813e-05,764.4461471890442
1789830000,1789830061.0,67173283.0,0.289577531790822,1.418932986068465,764.4529555112458
1789833600,1789833666.0,67209027.0,0.2894817513284584,-0.5232317843808248,764.2001055850747
1789837200,1789837251.0,67244682.0,0.2886280447062995,2.670325882921513,761.9464136414597
1789840800,1789840860.0,67280579.0,0.2890682942147705,1.0886872178103668,767.1075280648365
1789844400,1789844412.0,67315965.0,0.2899433462446088,0.182655011205798,764.6398206582475
1789848000,1789848020.0,67351943.0,0.2903088162317682,-0.4097103225128312,765.6036396561898
1789851600,1789851627.0,67387895.0,0.2903037040392077,0.0635805527915203,765.5901577603184
1789855200,1789855250.0,67423935.0,0.2910697433234191,-0.9190816529806204,763.6651320704885
1789858800,,,,,
1789862400,1789862448.0,67495143.0,0.2907531138884725,-0.6736173051332651,762.834407253491
1789866000,,,,,
1789869600,,,,,
1789873200,1789873252.0,67602314.0,0.2966690400055199,1.9665296650999984,764.1290873161788
1789876800,1789876840.0,67637896.0,0.2953347683576603,-1.5042311587492825,764.5082073290636
1789880400,1789880449.0,67673398.0,0.2960361598000609,-0.2977907959732594,766.3238402030646
1789884000,1789884040.0,67708722.0,0.2961417149598268,0.0537691102687698,762.6077890765649
1789887600,,,,,
1789891200,1789891232.0,67779427.0,0.2961585754669025,-1.090788093241407,762.6512073232157
1789894800,1789894804.0,67814829.0,0.2964848175730354,0.0985418895764122,763.4913279772595
1789898400,1789898455.0,67850885.0,0.2957395521388674,0.0012216433800322,761.5721615906423
1789902000,1789902026.0,67886089.0,0.2967036290147766,-1.5769990195505106,764.0547991175328
1789905600,1789905659.0,67922146.0,0.2960236897335114,-1.3116388271325607,762.3038570320441
1789909200,1789909265.0,67957936.0,0.2957237452013214,0.6260738361376432,761.5314564380581
1789912800,1789912863.0,67993694.0,0.2956044223849362,0.1809784510721176,761.2241829112527
1789916400,1789916463.0,68029561.0,0.2945912946600758,1.0061438875877593,758.6152323471189
1789920000,1789920053.0,68065338.0,0.292418810939791,-1.3068980353390185,761.8486473910425
1789923600,1789923662.0,68101354.0,0.2896852198311471,-1.6746493490152898,762.6609552185771
1789927200,1789927219.0,68136806.0,0.290770884783687,0.185204551593776,765.8044251305146
1789930800,,,,,
1789934400,1789934439.0,68208789.0,0.2899205112570298,0.6041849459843903,763.5647930221885
1789938000,1789938055.0,68244759.0,0.2900121969420512,1.0483485234666263,763.8062659721462
1789941600,1789941647.0,68280505.0,0.2902029087255405,-1.7682072076463595,764.8384720334238
1789945200,1789945257.0,68316252.0,0.2902550320509006,-0.955079759349699,764.9758446211101
1789948800,1789948845.0,68351653.0,0.2893369558667976,1.6653480228575004,762.556227295621
1789952400,1789952431.0,68387222.0,0.2847112473534661,-0.0999574609188411,767.853839803191
1789956000,1789956057.0,68423154.0,0.2892885898173679,-0.9448745623920166,766.0134684084358
1789959600,1789959670.0,68458893.0,0.2877239995755835,-0.3130491350689279,765.8071042915093
1789963200,1789963256.0,68494633.0,0.2875245583164696,0.3480981742924112,765.2762708075331
1789966800,1789966836.0,68530195.0,0.287682643061456,-1.1037618748749491,765.6970296631354
1789970400,1789970444.0,68565963.0,0.2874177513717643,3.3993990041575786,764.9919931068073
1789974000,1789974054.0,68601664.0,0.2879869814636234,-1.9162831544879948,766.7163803600484
1789977600,1789977646.0,68637279.0,0.2881304171412489,1.8149069227033492,762.8963120982803
1789981200,1789981241.0,68673007.0,0.2850423395836792,-0.8441200315286445,771.3411552439871
1789984800,1789984853.0,68708907.0,0.2822923659431468,1.1429187254289035,768.6356707789172
1789988400,1789988429.0,68744440.0,0.2829349159299766,-1.1654721597469675,766.4801966543909
1789992000,1789992064.0,68780543.0,0.2819653070903574,0.7773852669807786,767.8614877471358
1789995600,1789995655.0,68816299.0,0.2810658994507172,-1.5322171138254004,769.4801839496565
1789999200,1789999252.0,68852157.0,0.281459534912672,0.0079704906436831,769.6102449892346
1790002800,1790002844.0,68888019.0,0.2812338356562976,0.4202017523964209,769.1588230583591
1790006400,1790006461.0,68924111.0,0.2801855407753458,-0.0214800724184236,774.600946027521
1790010000,1790010059.0,68960088.0,0.2803139087933908,-0.0064625753294759,774.6587433199512
1790013600,1790013657.0,68996032.0,0.2819252638661496,-1.1556708266481306,771.2262940743228
1790017200,1790017228.0,69031664.0,0.2809766132179337,-0.011738884325604,772.553430657476
1790020800,1790020853.0,69067836.0,0.2803188203187903,1.0263175110041505,774.616208939726
1790024400,1790024441.0,69103534.0,0.2784103495532919,-0.473555781214415,774.0484070033503
1790028000,1790028034.0,69139263.0,0.2796395906375555,0.0061112147354639,773.4738825024427
1790031600,1790031654.0,69175262.0,0.2789182284219944,-0.244323912002964,775.6738586851471
1790035200,1790035258.0,69211083.0,0.2794849947006623,-0.4190887384633323,773.2273506652733
1790038800,1790038857.0,69246907.0,0.2817004447869945,-3.615083310157985,779.3566478843263
1790042400,1790042454.0,69282656.0,0.2820053495082438,-0.0074429465190012,775.8487022375236
1790046000,1790046031.0,69318084.0,0.2828657281650094,0.8033110581965052,774.0535791517032
1790049600,1790049611.0,69353527.0,0.2828227030444962,0.6705202453649132,773.9358422001725
1790053200,1790053226.0,69389349.0,0.2839214531917476,-1.178206268929882,776.9425390156215
1790056800,,,,,
1790060400,,,,,
1790064000,1790064057.0,69495891.0,0.2839214601760595,0.0068692296937206,772.9326497805047
1790067600,1790067660.0,69531483.0,0.2822157846503751,-1.145784313739542,776.5977657826928
1790071200,1790071249.0,69566911.0,0.2819284743585827,1.0367147042787808,775.320220194564
1790074800,1790074843.0,69602443.0,0.282687357966511,0.8470055546845907,773.3924980602786
1790078400,1790078464.0,69638369.0,0.2826991060289098,0.7529178660950354,773.4246390919517
1790082000,1790082051.0,69673992.0,0.2812698390883574,-0.001421410954311,773.7275407847501
1790085600,1790085657.0,69709887.0,0.2816465536017022,-0.9446755891307654,774.7638210874406
1790089200,1790089231.0,69745493.0,0.2825797406954899,2.3553868205529227,772.4628049625982
1790092800,1790092855.0,69781627.0,0.2821873894128545,-0.1753291775000792,775.3691117635944
1790096400,1790096459.0,69817547.0,0.2822777197884135,-0.1402181294677419,775.8105206494793
1790100000,1790100046.0,69853249.0,0.2813875738952955,-0.0498400671156196,773.3640486101292
1790103600,1790103658.0,69889232.0,0.2816538701280883,1.1090431941852623,774.0959357004912
1790107200,1790107237.0,69924869.0,0.2816536819982978,0.0420513648721668,774.0378047091255
1790110800,1790110846.0,69960694.0,0.2816726102497833,0.1746594559265157,774.089823138719
1790114400,1790114448.0,69996579.0,0.2819309070667772,0.479608159011517,774.7996718428824
1790118000,,,,,
1790121600,1790121648.0,70068211.0,0.2817330482868037,-0.0003947539042295,774.3888225856476
1790125200,1790125258.0,70104065.0,0.280585723086051,0.1983803132020544,775.1974713404467
1790128800,1790128813.0,70139424.0,0.2813696029121664,0.1270650914604221,773.4597151412833
1790132400,,,,,
1790136000,1790136042.0,70211261.0,0.2795142057826992,-0.0410909882146318,776.4038142605458
1790139600,1790139634.0,70246932.0,0.2791699490537095,-4.6412235124695105,775.4475757869984
1790143200,1790143261.0,70282847.0,0.2811620592435633,-1.542624979432148,775.8945924346166
1790146800,1790146832.0,70318277.0,0.2815546431140256,-0.2507923632287648,776.9779665676282
1790150400,1790150461.0,70354223.0,0.2825608612732633,1.2145291384505612,775.844803716171
1790154000,1790154043.0,70389715.0,0.283323751201215,0.8958844762116045,773.6665009301337
1790157600,1790157641.0,70425341.0,0.2833369374420273,2.9944053216869793,773.702508334195
1790161200,1790161256.0,70461085.0,0.2833060104543419,1.2911705785728131,773.6180566274622
1790164800,1790164839.0,70496590.0,0.2838511811339442,6.738315335222697,775.1067432988386
1790168400,1790168463.0,70532572.0,0.2845861352171607,-0.9069657654036216,772.5033723242784
1790172000,1790172059.0,70568337.0,0.2842372210314178,1.6371688418163517,771.5562517453629
1790175600,1790175660.0,70604131.0,0.2884893629688761,0.0648046715847032,772.5979534625136
1790179200,1790179265.0,70639984.0,0.2901151945465435,-1.473776905573677,772.8973113558998
1790182800,1790182862.0,70675824.0,0.2892862970574025,0.3377680238915295,770.4222038130758
1790186400,1790186441.0,70711499.0,0.2888747070164512,0.0024057845108416,769.3160194768703
1790190000,1790190060.0,70747473.0,0.2885162749729315,0.4745366897428687,768.361461994765
1790193600,1790193658.0,70783295.0,0.2874036724813455,-0.0688583609642671,769.2560476533951
1790197200,1790197254.0,70819051.0,0.2880790279338785,-1.327430879189013,771.0636837969813
1790200800,1790200848.0,70854699.0,0.2875779213620548,-1.37305350413949,769.722436980035
1790204400,1790204459.0,70890448.0,0.2861950012821576,-1.0427031178352404,771.0414980918089
1790208000,1790208051.0,70926041.0,0.2863467164361805,2.747765490163245,771.4502357675789
1790211600,,,,,
1790215200,1790215251.0,70997462.0,0.2874445017085326,0.0127967728703481,770.4984461754342
1790218800,1790218802.0,71032588.0,0.2862203360226862,0.0076499225658472,766.9417013895888
1790222400,1790222436.0,71068460.0,0.2871563225536702,0.912112228218492,769.4497240986869
1790226000,1790226059.0,71104099.0,0.2862810317308985,1.1697220516544673,767.1043385745292
1790229600,1790229652.0,71139514.0,0.2857616636969189,-0.0012907187341092,769.572451742558
1790233200,1790233261.0,71175159.0,0.2852131401203754,-0.0003469352824968,764.1625821106081
1790236800,1790236809.0,71210211.0,0.2844536880351495,0.0374720474585369,766.4082595694408
1790240400,1790240457.0,71246390.0,0.2860659216187827,-0.9749632417221836,762.4879456889557
1790244000,1790244051.0,71281989.0,0.2893912094398536,0.0004200505992153,762.9796492121875
1790247600,1790247639.0,71317417.0,0.289050502768606,1.030065050691135,762.0813763965898
1790251200,1790251261.0,71353337.0,0.2891471959146883,-1.3801501995668166,766.230703927566
1790254800,1790254863.0,71389060.0,0.2890395848984604,1.0016013784602695,765.9455382199968
1790258400,1790258442.0,71424665.0,0.2872467088034163,0.0002917509060901,765.2542521840734
1790262000,1790262054.0,71460604.0,0.2883713112240993,0.7669113561799434,763.5814365001863
1790265600,1790265660.0,71496449.0,0.2858691434872472,0.0822396869013152,764.9568069252086
1790269200,1790269255.0,71532212.0,0.2865287746663854,0.0106739787235687,771.5062065405284
1790272800,1790272859.0,71568039.0,0.2878326553814279,0.0002300540403301,771.0762411538577
1790276400,1790276449.0,71603784.0,0.2860173556524295,-0.0191039489787346,769.7442711089061
1790280000,1790280050.0,71639733.0,0.2852550863623435,0.1407693337358838,767.6928137148346
1790283600,1790283653.0,71675578.0,0.2858347328463792,-0.0204246842080318,769.2527874420833
1790287200,1790287260.0,71711446.0,0.2859649250059908,-1.0732050062141498,769.6031671201825
1790290800,1790290840.0,71747082.0,0.2861054890801313,2.4129844574853703,765.9767865895432
1790294400,1790294459.0,71782925.0,0.2855539477839908,0.0770124720855401,768.4514381227883
1790298000,1790298041.0,71818523.0,0.285264633634713,-0.4586510237354427,767.6728676431745
1790301600,1790301629.0,71854123.0,0.285853629051134,0.7285627336207031,769.2579074519704
1790305200,1790305208.0,71889555.0,0.287298691418491,-4.386522895729962,769.1662385656839
1790308800,,,,,
1790312400,1790312442.0,71961002.0,0.2867307057071157,-0.0452884732763977,767.645607089708
1790316000,1790316046.0,71996548.0,0.2869814411862748,-0.9914991992953566,768.3168850006083
1790319600,,,,,
1790323200,1790323261.0,72067857.0,0.2879900328700061,1.302063861974642,771.017122400904
1790326800,,,,,
1790330400,1790330454.0,72139126.0,0.2852116994696667,-1.2250456952432127,771.3892666196499
1790334000,1790334049.0,72174657.0,0.2841139800606916,0.0190691347671813,768.4203527517477
1790337600,1790337658.0,72210381.0,0.2838605865186243,0.7097381688176454,771.5422472033096
1790341200,1790341262.0,72246155.0,0.2842243632423938,-0.7884945056269034,772.0834283152208
1790344800,1790344863.0,72281972.0,0.2859957662088966,0.928797549016668,768.2428186604407
1790348400,1790348458.0,72317810.0,0.2857367578476723,0.7116732088675477,767.7554382528922
1790352000,1790352058.0,72353606.0,0.2868740799427921,0.9944098460861144,770.7761467310933
1790355600,1790355618.0,72389079.0,0.2874290920909167,5.899014056259168,772.2673589207959
1790359200,1790359255.0,72425274.0,0.2875331507099003,0.6933616525395279,772.5469446588672
1790362800,1790362851.0,72461081.0,0.2867745346922176,-0.7794104263008814,770.5086875563971
1790366400,1790366416.0,72496511.0,0.2867773343424786,1.6577498301265818,770.5162096847149
1790370000,1790370042.0,72532621.0,0.2877517534459738,0.0006766040520002,773.1342886761769
1790373600,,,,,
1790377200,1790377232.0,72603996.0,0.2871532063017641,0.9786338468117752,771.5261062236428
1790380800,1790380813.0,72639442.0,0.2873506513647705,-0.207657670553115,772.056603593379
1790384400,,,,,
1790388000,1790388064.0,72711149.0,0.2870003574713467,-1.6138197752061878,771.1154304575891
1790391600,1790391657.0,72746616.0,0.2868858329819226,-0.5047863496714834,770.8077249141595
1790395200,1790395238.0,72782011.0,0.2872668186223759,-0.1127769949591817,771.8313609427858
1790398800,1790398845.0,72817557.0,0.2870418041000546,3.1065751144941194,771.2267896740676
1790402400,1790402447.0,72852976.0,0.2875065512900805,0.0001777890029105,772.4754770717012
1790406000,,,,,
1790409600,1790409618.0,72923646.0,0.2868305936512159,-0.0348463933911201,770.6593073280234
1790413200,1790413240.0,72959372.0,0.2867350062998448,-0.345097895666319,770.4024822764859
1790416800,1790416857.0,72995160.0,0.287709330533328,0.0750472331487041,773.020306370251
1790420400,1790420454.0,73030769.0,0.2871748767380926,0.0255314320005663,771.5843305686745
1790424000,1790424060.0,73066485.0,0.2868872018255487,-0.130589632018692,770.8114027369026
1790427600,1790427659.0,73102194.0,0.2870817984454772,0.0068840448558035,771.3342468812926
1790431200,1790431213.0,73137542.0,0.287333067864423,0.0013151519510489,772.0093600688102
1790434800,1790434864.0,73173878.0,0.2870829054056092,0.1275149747760195,771.3372210728448
