Date,Open,High,Low,Close,Adj Close,Volume,Dividends,Stock Splits
2016-09-26 04:00:00+00:00,27.90999984741211,28.34749984741211,27.887500762939453,28.219999313354492,25.81403923034668,119477600,0.0,0.0
2016-09-27 04:00:00+00:00,28.25,28.295000076293945,28.084999084472656,28.272499084472656,25.862056732177734,98429600,0.0,0.0
2016-09-28 04:00:00+00:00,28.422500610351562,28.65999984741211,28.357500076293945,28.487499237060547,26.058732986450195,118564400,0.0,0.0
2016-09-29 04:00:00+00:00,28.290000915527344,28.450000762939453,27.950000762939453,28.045000076293945,25.65395736694336,143548000,0.0,0.0
2016-09-30 04:00:00+00:00,28.114999771118164,28.342500686645508,27.950000762939453,28.262500762939453,25.852909088134766,145516400,0.0,0.0
2016-10-03 04:00:00+00:00,28.177499771118164,28.262500762939453,28.06999969482422,28.1299991607666,25.731706619262695,86807200,0.0,0.0
2016-10-04 04:00:00+00:00,28.264999389648438,28.577499389648438,28.157499313354492,28.25,25.841474533081055,118947200,0.0,0.0
2016-10-05 04:00:00+00:00,28.350000381469727,28.415000915527344,28.172500610351562,28.262500762939453,25.852909088134766,85812400,0.0,0.0
2016-10-06 04:00:00+00:00,28.424999237060547,28.584999084472656,28.282499313354492,28.47249984741211,26.04500961303711,115117200,0.0,0.0
2016-10-07 04:00:00+00:00,28.577499389648438,28.639999389648438,28.377500534057617,28.514999389648438,26.083879470825195,97433600,0.0,0.0
2016-10-10 04:00:00+00:00,28.7549991607666,29.1875,28.68000030517578,29.012500762939453,26.53896713256836,144944000,0.0,0.0
2016-10-11 04:00:00+00:00,29.424999237060547,29.672500610351562,29.049999237060547,29.075000762939453,26.59613609313965,256164000,0.0,0.0
2016-10-12 04:00:00+00:00,29.337499618530273,29.4950008392334,29.1875,29.334999084472656,26.833972930908203,150347200,0.0,0.0
2016-10-13 04:00:00+00:00,29.197500228881836,29.360000610351562,28.93000030517578,29.2450008392334,26.751646041870117,140769600,0.0,0.0
2016-10-14 04:00:00+00:00,29.469999313354492,29.542499542236328,29.282499313354492,29.407499313354492,26.900283813476562,142608800,0.0,0.0
2016-10-17 04:00:00+00:00,29.332500457763672,29.459999084472656,29.19499969482422,29.387500762939453,26.881999969482422,94499600,0.0,0.0
2016-10-18 04:00:00+00:00,29.545000076293945,29.552499771118164,29.362499237060547,29.36750030517578,26.863704681396484,98214000,0.0,0.0
2016-10-19 04:00:00+00:00,29.3125,29.440000534057617,28.450000762939453,29.280000686645508,26.783668518066406,80138400,0.0,0.0
2016-10-20 04:00:00+00:00,29.21500015258789,29.344999313354492,29.082500457763672,29.264999389648438,26.76993751525879,96503200,0.0,0.0
2016-10-21 04:00:00+00:00,29.202499389648438,29.227500915527344,29.06999969482422,29.149999618530273,26.664749145507812,92770800,0.0,0.0
2016-10-24 04:00:00+00:00,29.274999618530273,29.434999465942383,29.25,29.412500381469727,26.904863357543945,94154800,0.0,0.0
2016-10-25 04:00:00+00:00,29.487499237060547,29.59000015258789,29.327499389648438,29.5625,27.042070388793945,192516000,0.0,0.0
2016-10-26 04:00:00+00:00,28.577499389648438,28.924999237060547,28.327499389648438,28.897499084472656,26.433773040771484,264536800,0.0,0.0
2016-10-27 04:00:00+00:00,28.84749984741211,28.96500015258789,28.524999618530273,28.6200008392334,26.1799259185791,138248000,0.0,0.0
2016-10-28 04:00:00+00:00,28.467500686645508,28.802499771118164,28.362499237060547,28.43000030517578,26.006134033203125,151446800,0.0,0.0
2016-10-31 04:00:00+00:00,28.412500381469727,28.5575008392334,28.299999237060547,28.385000228881836,25.964963912963867,105677600,0.0,0.0
2016-11-01 04:00:00+00:00,28.364999771118164,28.4424991607666,27.63249969482422,27.872499465942383,25.49616241455078,175303200,0.0,0.0
2016-11-02 04:00:00+00:00,27.850000381469727,28.087499618530273,27.8075008392334,27.897499084472656,25.519027709960938,113326800,0.0,0.0
2016-11-03 04:00:00+00:00,27.7450008392334,27.864999771118164,27.387500762939453,27.457500457763672,25.245494842529297,107730400,0.1425,0.0
2016-11-04 04:00:00+00:00,27.13249969482422,27.5625,27.02750015258789,27.209999084472656,25.0179386138916,123348000,0.0,0.0
2016-11-07 05:00:00+00:00,27.520000457763672,27.627500534057617,27.364999771118164,27.602500915527344,25.378812789916992,130240000,0.0,0.0
2016-11-08 05:00:00+00:00,27.577499389648438,27.93000030517578,27.424999237060547,27.764999389648438,25.528226852416992,97016800,0.0,0.0
2016-11-09 05:00:00+00:00,27.469999313354492,27.829999923706055,27.012500762939453,27.719999313354492,25.486846923828125,236705600,0.0,0.0
2016-11-10 05:00:00+00:00,27.772499084472656,27.772499084472656,26.457500457763672,26.947500228881836,24.776578903198242,228538000,0.0,0.0
2016-11-11 05:00:00+00:00,26.780000686645508,27.217500686645508,26.637500762939453,27.107500076293945,24.923696517944336,136575600,0.0,0.0
2016-11-14 05:00:00+00:00,26.927499771118164,26.952499389648438,26.020000457763672,26.427499771118164,24.298471450805664,204702000,0.0,0.0
2016-11-15 05:00:00+00:00,26.642499923706055,26.920000076293945,26.540000915527344,26.77750015258789,24.620285034179688,129058000,0.0,0.0
2016-11-16 05:00:00+00:00,26.674999237060547,27.5575008392334,26.649999618530273,27.497499465942383,25.282276153564453,235362000,0.0,0.0
2016-11-17 05:00:00+00:00,27.452499389648438,27.587499618530273,27.207500457763672,27.487499237060547,25.273080825805664,110528000,0.0,0.0
2016-11-18 05:00:00+00:00,27.43000030517578,27.635000228881836,27.415000915527344,27.514999389648438,25.298362731933594,113715600,0.0,0.0
2016-11-21 05:00:00+00:00,27.530000686645508,27.997499465942383,27.502500534057617,27.9325008392334,25.682231903076172,117058400,0.0,0.0
2016-11-22 05:00:00+00:00,27.987499237060547,28.104999542236328,27.850000381469727,27.950000762939453,25.69832420349121,103862000,0.0,0.0
2016-11-23 05:00:00+00:00,27.84000015258789,27.877500534057617,27.582500457763672,27.8075008392334,25.567302703857422,109705600,0.0,0.0
2016-11-25 05:00:00+00:00,27.782499313354492,27.967500686645508,27.737499237060547,27.947500228881836,25.696033477783203,45903600,0.0,0.0
2016-11-28 05:00:00+00:00,27.857500076293945,28.11750030517578,27.84749984741211,27.892499923706055,25.645450592041016,108776000,0.0,0.0
2016-11-29 05:00:00+00:00,27.69499969482422,28.00749969482422,27.517499923706055,27.864999771118164,25.62017250061035,114115200,0.0,0.0
2016-11-30 05:00:00+00:00,27.899999618530273,28.049999237060547,27.5674991607666,27.6299991607666,25.40410041809082,144649200,0.0,0.0
2016-12-01 05:00:00+00:00,27.592500686645508,27.735000610351562,27.25749969482422,27.372499465942383,25.16733741760254,148347600,0.0,0.0
2016-12-02 05:00:00+00:00,27.292499542236328,27.522499084472656,27.212499618530273,27.475000381469727,25.261585235595703,106112000,0.0,0.0
2016-12-05 05:00:00+00:00,27.5,27.50749969482422,27.0625,27.27750015258789,25.07999610900879,137298000,0.0,0.0
2016-12-06 05:00:00+00:00,27.375,27.59000015258789,27.297500610351562,27.487499237060547,25.273080825805664,104782000,0.0,0.0
2016-12-07 05:00:00+00:00,27.315000534057617,27.797500610351562,27.290000915527344,27.75749969482422,25.52132797241211,119994800,0.0,0.0
2016-12-08 05:00:00+00:00,27.71500015258789,28.107500076293945,27.649999618530273,28.030000686645508,25.771879196166992,108273200,0.0,0.0
2016-12-09 05:00:00+00:00,28.077499389648438,28.674999237060547,28.077499389648438,28.487499237060547,26.192522048950195,137610400,0.0,0.0
2016-12-12 05:00:00+00:00,28.322500228881836,28.75,28.122499465942383,28.325000762939453,26.04311180114746,105497600,0.0,0.0
2016-12-13 05:00:00+00:00,28.459999084472656,28.979999542236328,28.4375,28.797500610351562,26.4775447845459,174935200,0.0,0.0
2016-12-14 05:00:00+00:00,28.760000228881836,29.049999237060547,28.7450008392334,28.797500610351562,26.4775447845459,136127200,0.0,0.0
2016-12-15 05:00:00+00:00,28.844999313354492,29.1825008392334,28.8075008392334,28.954999923706055,26.62235450744629,186098000,0.0,0.0
2016-12-16 05:00:00+00:00,29.11750030517578,29.125,28.912500381469727,28.99250030517578,26.656837463378906,177404400,0.0,0.0
2016-12-19 05:00:00+00:00,28.950000762939453,29.344999313354492,28.9375,29.15999984741211,26.810850143432617,111117600,0.0,0.0
2016-12-20 05:00:00+00:00,29.184999465942383,29.375,29.170000076293945,29.237499237060547,26.88210105895996,85700000,0.0,0.0
2016-12-21 05:00:00+00:00,29.200000762939453,29.350000381469727,29.19499969482422,29.264999389648438,26.907379150390625,95132800,0.0,0.0
2016-12-22 05:00:00+00:00,29.087499618530273,29.127500534057617,28.90999984741211,29.072500228881836,26.730388641357422,104343600,0.0,0.0
2016-12-23 05:00:00+00:00,28.897499084472656,29.1299991607666,28.897499084472656,29.1299991607666,26.783262252807617,56998000,0.0,0.0
2016-12-27 05:00:00+00:00,29.1299991607666,29.450000762939453,29.122499465942383,29.315000534057617,26.953357696533203,73187600,0.0,0.0
2016-12-28 05:00:00+00:00,29.3799991607666,29.5049991607666,29.049999237060547,29.190000534057617,26.838424682617188,83623600,0.0,0.0
2016-12-29 05:00:00+00:00,29.112499237060547,29.27750015258789,29.100000381469727,29.1825008392334,26.831525802612305,60158000,0.0,0.0
2016-12-30 05:00:00+00:00,29.162500381469727,29.299999237060547,28.857500076293945,28.954999923706055,26.62235450744629,122345200,0.0,0.0
2017-01-03 05:00:00+00:00,28.950000762939453,29.082500457763672,28.690000534057617,29.037500381469727,26.698209762573242,115127600,0.0,0.0
2017-01-04 05:00:00+00:00,28.962499618530273,29.127500534057617,28.9375,29.0049991607666,26.6683292388916,84472400,0.0,0.0
2017-01-05 05:00:00+00:00,28.979999542236328,29.21500015258789,28.952499389648438,29.15250015258789,26.803937911987305,88774400,0.0,0.0
2017-01-06 05:00:00+00:00,29.19499969482422,29.540000915527344,29.11750030517578,29.477500915527344,27.102764129638672,127007600,0.0,0.0
2017-01-09 05:00:00+00:00,29.487499237060547,29.857500076293945,29.485000610351562,29.747499465942383,27.351009368896484,134247600,0.0,0.0
2017-01-10 05:00:00+00:00,29.6924991607666,29.844999313354492,29.575000762939453,29.77750015258789,27.378591537475586,97848400,0.0,0.0
2017-01-11 05:00:00+00:00,29.684999465942383,29.982500076293945,29.649999618530273,29.9375,27.52570915222168,110354400,0.0,0.0
2017-01-12 05:00:00+00:00,29.725000381469727,29.825000762939453,29.552499771118164,29.8125,27.410781860351562,108344800,0.0,0.0
2017-01-13 05:00:00+00:00,29.77750015258789,29.905000686645508,29.702499389648438,29.760000228881836,27.362506866455078,104447600,0.0,0.0
2017-01-17 05:00:00+00:00,29.584999084472656,30.059999465942383,29.55500030517578,30.0,27.583171844482422,137759200,0.0,0.0
2017-01-18 05:00:00+00:00,30.0,30.125,29.927499771118164,29.997499465942383,27.580869674682617,94852000,0.0,0.0
2017-01-19 05:00:00+00:00,29.850000381469727,30.022499084472656,29.842500686645508,29.94499969482422,27.53260040283203,102389200,0.0,0.0
2017-01-20 05:00:00+00:00,30.112499237060547,30.112499237060547,29.9325008392334,30.0,27.583171844482422,130391600,0.0,0.0
2017-01-23 05:00:00+00:00,30.0,30.202499389648438,29.9424991607666,30.020000457763672,27.601560592651367,88200800,0.0,0.0
2017-01-24 05:00:00+00:00,29.887500762939453,30.024999618530273,29.875,29.99250030517578,27.576274871826172,92844000,0.0,0.0
2017-01-25 05:00:00+00:00,30.104999542236328,30.524999618530273,30.06999969482422,30.469999313354492,28.015308380126953,129510400,0.0,0.0
2017-01-26 05:00:00+00:00,30.417499542236328,30.610000610351562,30.399999618530273,30.485000610351562,28.029102325439453,105350400,0.0,0.0
2017-01-27 05:00:00+00:00,30.53499984741211,30.587499618530273,30.399999618530273,30.487499237060547,28.031394958496094,82251600,0.0,0.0
2017-01-30 05:00:00+00:00,30.232500076293945,30.407499313354492,30.165000915527344,30.407499313354492,27.95784568786621,121510000,0.0,0.0
2017-01-31 05:00:00+00:00,30.287500381469727,30.34749984741211,30.155000686645508,30.337499618530273,27.89348030090332,196804000,0.0,0.0
2017-02-01 05:00:00+00:00,31.75749969482422,32.622501373291016,31.752500534057617,32.1875,29.594446182250977,447940000,0.0,0.0
2017-02-02 05:00:00+00:00,31.9950008392334,32.34749984741211,31.94499969482422,32.13249969482422,29.543872833251953,134841600,0.0,0.0
2017-02-03 05:00:00+00:00,32.07749938964844,32.29750061035156,32.040000915527344,32.27000045776367,29.670299530029297,98029200,0.0,0.0
2017-02-06 05:00:00+00:00,32.282501220703125,32.625,32.224998474121094,32.5724983215332,29.94843101501465,107383600,0.0,0.0
2017-02-07 05:00:00+00:00,32.6349983215332,33.022499084472656,32.61249923706055,32.88249969482422,30.23346519470215,152735200,0.0,0.0
2017-02-08 05:00:00+00:00,32.837501525878906,33.05500030517578,32.80500030517578,33.0099983215332,30.350679397583008,92016400,0.0,0.0
2017-02-09 05:00:00+00:00,32.912498474121094,33.11249923706055,32.779998779296875,33.10499954223633,30.56999969482422,113399600,0.1425,0.0
2017-02-10 05:00:00+00:00,33.1150016784668,33.23500061035156,33.01250076293945,33.029998779296875,30.50074577331543,80262000,0.0,0.0
2017-02-13 05:00:00+00:00,33.27000045776367,33.45500183105469,33.1875,33.3224983215332,30.77083396911621,92141600,0.0,0.0
2017-02-14 05:00:00+00:00,33.36750030517578,33.772499084472656,33.3125,33.755001068115234,31.17023277282715,132904800,0.0,0.0
2017-02-15 05:00:00+00:00,33.880001068115234,34.067501068115234,33.654998779296875,33.877498626708984,31.283342361450195,142492400,0.0,0.0
2017-02-16 05:00:00+00:00,33.91749954223633,33.974998474121094,33.709999084472656,33.837501525878906,31.246410369873047,90338400,0.0,0.0
2017-02-17 05:00:00+00:00,33.775001525878906,33.95750045776367,33.775001525878906,33.93000030517578,31.33182144165039,88792800,0.0,0.0
2017-02-21 05:00:00+00:00,34.057498931884766,34.1875,33.994998931884766,34.17499923706055,31.558061599731445,98028800,0.0,0.0
2017-02-22 05:00:00+00:00,34.10749816894531,34.279998779296875,34.02750015258789,34.27750015258789,31.652719497680664,83347600,0.0,0.0
2017-02-23 05:00:00+00:00,34.345001220703125,34.369998931884766,34.07500076293945,34.13249969482422,31.518808364868164,83152800,0.0,0.0
2017-02-24 05:00:00+00:00,33.977500915527344,34.165000915527344,33.81999969482422,34.165000915527344,31.5488338470459,87106400,0.0,0.0
2017-02-27 05:00:00+00:00,34.28499984741211,34.36000061035156,34.06999969482422,34.23249816894531,31.611154556274414,81029600,0.0,0.0
2017-02-28 05:00:00+00:00,34.27000045776367,34.36000061035156,34.17499923706055,34.247501373291016,31.625011444091797,93931600,0.0,0.0
2017-03-01 05:00:00+00:00,34.47249984741211,35.037498474121094,34.400001525878906,34.9474983215332,32.271419525146484,145658400,0.0,0.0
2017-03-02 05:00:00+00:00,35.0,35.06999969482422,34.689998626708984,34.7400016784668,32.07979202270508,104844000,0.0,0.0
2017-03-03 05:00:00+00:00,34.69499969482422,34.95750045776367,34.647499084472656,34.94499969482422,32.26909637451172,84432400,0.0,0.0
2017-03-06 05:00:00+00:00,34.842498779296875,34.942501068115234,34.650001525878906,34.834999084472656,32.16752624511719,87000000,0.0,0.0
2017-03-07 05:00:00+00:00,34.76499938964844,34.994998931884766,34.6974983215332,34.880001068115234,32.209075927734375,69785200,0.0,0.0
2017-03-08 05:00:00+00:00,34.73749923706055,34.95000076293945,34.70500183105469,34.75,32.08902359008789,74828800,0.0,0.0
2017-03-09 05:00:00+00:00,34.685001373291016,34.6974983215332,34.26250076293945,34.66999816894531,32.01515579223633,88623600,0.0,0.0
2017-03-10 05:00:00+00:00,34.8125,34.84000015258789,34.65999984741211,34.78499984741211,32.12135314941406,78451200,0.0,0.0
2017-03-13 04:00:00+00:00,34.712501525878906,34.85749816894531,34.70500183105469,34.79999923706055,32.13520812988281,69686800,0.0,0.0
2017-03-14 04:00:00+00:00,34.82500076293945,34.912498474121094,34.709999084472656,34.747501373291016,32.08671951293945,61236400,0.0,0.0
2017-03-15 04:00:00+00:00,34.852500915527344,35.1875,34.75749969482422,35.1150016784668,32.42607879638672,102767200,0.0,0.0
2017-03-16 04:00:00+00:00,35.18000030517578,35.255001068115234,35.064998626708984,35.17250061035156,32.47917556762695,76928000,0.0,0.0
2017-03-17 04:00:00+00:00,35.25,35.25,34.97249984741211,34.997501373291016,32.31758117675781,175540000,0.0,0.0
2017-03-20 04:00:00+00:00,35.099998474121094,35.375,35.057498931884766,35.3650016784668,32.65693664550781,86168000,0.0,0.0
2017-03-21 04:00:00+00:00,35.52750015258789,35.70000076293945,34.932498931884766,34.959999084472656,32.28294372558594,158119600,0.0,0.0
2017-03-22 04:00:00+00:00,34.962501525878906,35.400001525878906,34.939998626708984,35.35499954223633,32.647705078125,103440800,0.0,0.0
2017-03-23 04:00:00+00:00,35.314998626708984,35.39500045776367,35.15250015258789,35.22999954223633,32.532283782958984,81385200,0.0,0.0
2017-03-24 04:00:00+00:00,35.375,35.435001373291016,35.087501525878906,35.15999984741211,32.46763610839844,89582400,0.0,0.0
2017-03-27 04:00:00+00:00,34.84749984741211,35.30500030517578,34.654998779296875,35.220001220703125,32.52304458618164,94300400,0.0,0.0
2017-03-28 04:00:00+00:00,35.227500915527344,36.0099983215332,35.154998779296875,35.95000076293945,33.197139739990234,133499200,0.0,0.0
2017-03-29 04:00:00+00:00,35.91999816894531,36.122501373291016,35.79750061035156,36.029998779296875,33.27101135253906,116760000,0.0,0.0
2017-03-30 04:00:00+00:00,36.04750061035156,36.125,35.875,35.98249816894531,33.22715377807617,84829200,0.0,0.0
2017-03-31 04:00:00+00:00,35.93000030517578,36.067501068115234,35.752498626708984,35.915000915527344,33.164817810058594,78646800,0.0,0.0
2017-04-03 04:00:00+00:00,35.9275016784668,36.029998779296875,35.76250076293945,35.92499923706055,33.17405700683594,79942800,0.0,0.0
2017-04-04 04:00:00+00:00,35.8125,36.22249984741211,35.79249954223633,36.192501068115234,33.42107009887695,79565600,0.0,0.0
2017-04-05 04:00:00+00:00,36.05500030517578,36.3650016784668,35.95249938964844,36.005001068115234,33.24793243408203,110871600,0.0,0.0
2017-04-06 04:00:00+00:00,36.0724983215332,36.130001068115234,35.86249923706055,35.915000915527344,33.164817810058594,84596000,0.0,0.0
2017-04-07 04:00:00+00:00,35.932498931884766,36.04499816894531,35.817501068115234,35.834999084472656,33.09095001220703,66688800,0.0,0.0
2017-04-10 04:00:00+00:00,35.900001525878906,35.970001220703125,35.724998474121094,35.79249954223633,33.051700592041016,75733600,0.0,0.0
2017-04-11 04:00:00+00:00,35.73500061035156,35.837501525878906,35.01499938964844,35.407501220703125,32.69618225097656,121517600,0.0,0.0
2017-04-12 04:00:00+00:00,35.400001525878906,35.537498474121094,35.252498626708984,35.45000076293945,32.73542404174805,81400000,0.0,0.0
2017-04-13 04:00:00+00:00,35.477500915527344,35.595001220703125,35.26250076293945,35.26250076293945,32.56229019165039,71291600,0.0,0.0
2017-04-17 04:00:00+00:00,35.369998931884766,35.470001220703125,35.217498779296875,35.45750045776367,32.74236297607422,66328400,0.0,0.0
2017-04-18 04:00:00+00:00,35.352500915527344,35.5099983215332,35.27750015258789,35.29999923706055,32.596920013427734,58790000,0.0,0.0
2017-04-19 04:00:00+00:00,35.470001220703125,35.5,35.11249923706055,35.16999816894531,32.47686767578125,69313600,0.0,0.0
2017-04-20 04:00:00+00:00,35.30500030517578,35.72999954223633,35.290000915527344,35.61000061035156,32.8831787109375,93278400,0.0,0.0
2017-04-21 04:00:00+00:00,35.61000061035156,35.66999816894531,35.462501525878906,35.567501068115234,32.84392547607422,69283600,0.0,0.0
2017-04-24 04:00:00+00:00,35.875,35.98749923706055,35.79499816894531,35.90999984741211,33.160213470458984,68537200,0.0,0.0
2017-04-25 04:00:00+00:00,35.977500915527344,36.224998474121094,35.967498779296875,36.13249969482422,33.36566162109375,75486000,0.0,0.0
2017-04-26 04:00:00+00:00,36.11750030517578,36.150001525878906,35.845001220703125,35.91999816894531,33.169437408447266,80164800,0.0,0.0
2017-04-27 04:00:00+00:00,35.97999954223633,36.040000915527344,35.82749938964844,35.9474983215332,33.1948356628418,56985200,0.0,0.0
2017-04-28 04:00:00+00:00,36.022499084472656,36.07500076293945,35.817501068115234,35.912498474121094,33.162506103515625,83441600,0.0,0.0
2017-05-01 04:00:00+00:00,36.275001525878906,36.79999923706055,36.2400016784668,36.64500045776367,33.83891677856445,134411600,0.0,0.0
2017-05-02 04:00:00+00:00,36.8849983215332,37.022499084472656,36.709999084472656,36.877498626708984,34.053619384765625,181408800,0.0,0.0
2017-05-03 04:00:00+00:00,36.397499084472656,36.872501373291016,36.067501068115234,36.76499938964844,33.949729919433594,182788000,0.0,0.0
2017-05-04 04:00:00+00:00,36.630001068115234,36.78499984741211,36.45249938964844,36.63249969482422,33.82738494873047,93487600,0.0,0.0
2017-05-05 04:00:00+00:00,36.689998626708984,37.244998931884766,36.689998626708984,37.2400016784668,34.38835144042969,109310800,0.0,0.0
2017-05-08 04:00:00+00:00,37.25749969482422,38.42499923706055,37.25749969482422,38.252498626708984,35.323333740234375,195009600,0.0,0.0
2017-05-09 04:00:00+00:00,38.467498779296875,38.720001220703125,38.36249923706055,38.497501373291016,35.54957580566406,156521600,0.0,0.0
2017-05-10 04:00:00+00:00,38.407501220703125,38.48500061035156,38.02750015258789,38.314998626708984,35.381038665771484,103222800,0.0,0.0
2017-05-11 04:00:00+00:00,38.11249923706055,38.51750183105469,38.07749938964844,38.48749923706055,35.68702697753906,109020400,0.1575,0.0
2017-05-12 04:00:00+00:00,38.67499923706055,39.10499954223633,38.66749954223633,39.025001525878906,36.18543243408203,130108000,0.0,0.0
2017-05-15 04:00:00+00:00,39.002498626708984,39.162498474121094,38.76250076293945,38.92499923706055,36.09269332885742,104038800,0.0,0.0
2017-05-16 04:00:00+00:00,38.98500061035156,39.01499938964844,38.68000030517578,38.86750030517578,36.03938293457031,80194000,0.0,0.0
2017-05-17 04:00:00+00:00,38.400001525878906,38.64250183105469,37.4275016784668,37.5625,34.82933807373047,203070800,0.0,0.0
2017-05-18 04:00:00+00:00,37.817501068115234,38.334999084472656,37.782501220703125,38.1349983215332,35.36017608642578,134272800,0.0,0.0
2017-05-19 04:00:00+00:00,38.345001220703125,38.494998931884766,38.157501220703125,38.26499938964844,35.480709075927734,107843200,0.0,0.0
2017-05-22 04:00:00+00:00,38.5,38.64500045776367,38.227500915527344,38.497501373291016,35.69630432128906,91865600,0.0,0.0
2017-05-23 04:00:00+00:00,38.724998474121094,38.724998474121094,38.32749938964844,38.45000076293945,35.652259826660156,79675600,0.0,0.0
2017-05-24 04:00:00+00:00,38.459999084472656,38.54249954223633,38.16749954223633,38.334999084472656,35.545623779296875,76712000,0.0,0.0
2017-05-25 04:00:00+00:00,38.432498931884766,38.587501525878906,38.25749969482422,38.467498779296875,35.668487548828125,76942400,0.0,0.0
2017-05-26 04:00:00+00:00,38.5,38.560001373291016,38.32749938964844,38.40250015258789,35.608211517333984,87710400,0.0,0.0
2017-05-30 04:00:00+00:00,38.35499954223633,38.60749816894531,38.33250045776367,38.41749954223633,35.622127532958984,80507600,0.0,0.0
2017-05-31 04:00:00+00:00,38.49250030517578,38.54249954223633,38.095001220703125,38.189998626708984,35.41116714477539,97804800,0.0,0.0
2017-06-01 04:00:00+00:00,38.29249954223633,38.33250045776367,38.05500030517578,38.29499816894531,35.508544921875,65616400,0.0,0.0
2017-06-02 04:00:00+00:00,38.39500045776367,38.86249923706055,38.22249984741211,38.86249923706055,36.03474426269531,111082800,0.0,0.0
2017-06-05 04:00:00+00:00,38.584999084472656,38.61249923706055,38.3650016784668,38.48249816894531,35.682403564453125,101326800,0.0,0.0
2017-06-06 04:00:00+00:00,38.474998474121094,38.95249938964844,38.44499969482422,38.61249923706055,35.80293273925781,106499600,0.0,0.0
2017-06-07 04:00:00+00:00,38.755001068115234,38.994998931884766,38.619998931884766,38.842498779296875,36.01619338989258,84278400,0.0,0.0
2017-06-08 04:00:00+00:00,38.8125,38.8849983215332,38.599998474121094,38.747501373291016,35.92810821533203,85003200,0.0,0.0
2017-06-09 04:00:00+00:00,38.79750061035156,38.79750061035156,36.505001068115234,37.244998931884766,34.534934997558594,259530800,0.0,0.0
2017-06-12 04:00:00+00:00,36.435001373291016,36.522499084472656,35.627498626708984,36.35499954223633,33.709693908691406,289229200,0.0,0.0
2017-06-13 04:00:00+00:00,36.790000915527344,36.86249923706055,36.287498474121094,36.647499084472656,33.98090744018555,136661600,0.0,0.0
2017-06-14 04:00:00+00:00,36.875,36.875,35.959999084472656,36.290000915527344,33.64943313598633,126124800,0.0,0.0
2017-06-15 04:00:00+00:00,35.83000183105469,36.119998931884766,35.5525016784668,36.0724983215332,33.447757720947266,128661600,0.0,0.0
2017-06-16 04:00:00+00:00,35.94499969482422,36.125,35.54999923706055,35.567501068115234,32.97949981689453,201444400,0.0,0.0
2017-06-19 04:00:00+00:00,35.915000915527344,36.685001373291016,35.915000915527344,36.584999084472656,33.92295837402344,130165600,0.0,0.0
2017-06-20 04:00:00+00:00,36.717498779296875,36.717498779296875,36.23500061035156,36.252498626708984,33.61465835571289,99600400,0.0,0.0
2017-06-21 04:00:00+00:00,36.380001068115234,36.51750183105469,36.15250015258789,36.467498779296875,33.81400680541992,85063200,0.0,0.0
2017-06-22 04:00:00+00:00,36.442501068115234,36.67499923706055,36.279998779296875,36.407501220703125,33.75837707519531,76425200,0.0,0.0
2017-06-23 04:00:00+00:00,36.282501220703125,36.790000915527344,36.27750015258789,36.56999969482422,33.909053802490234,141757600,0.0,0.0
2017-06-26 04:00:00+00:00,36.79249954223633,37.06999969482422,36.345001220703125,36.45500183105469,33.802425384521484,102769600,0.0,0.0
2017-06-27 04:00:00+00:00,36.252498626708984,36.540000915527344,35.904998779296875,35.932498931884766,33.31794357299805,99047600,0.0,0.0
2017-06-28 04:00:00+00:00,36.122501373291016,36.52750015258789,35.790000915527344,36.45750045776367,33.80473327636719,88329600,0.0,0.0
2017-06-29 04:00:00+00:00,36.1775016784668,36.282501220703125,35.56999969482422,35.91999816894531,33.306339263916016,125997600,0.0,0.0
2017-06-30 04:00:00+00:00,36.11249923706055,36.2400016784668,35.94499969482422,36.005001068115234,33.38516616821289,92096400,0.0,0.0
2017-07-03 04:00:00+00:00,36.220001220703125,36.32500076293945,35.775001525878906,35.875,33.26462173461914,57111200,0.0,0.0
2017-07-05 04:00:00+00:00,35.92250061035156,36.1974983215332,35.68000030517578,36.022499084472656,33.40139389038086,86278400,0.0,0.0
2017-07-06 04:00:00+00:00,35.755001068115234,35.875,35.602500915527344,35.682498931884766,33.08613204956055,96515200,0.0,0.0
2017-07-07 04:00:00+00:00,35.724998474121094,36.1875,35.724998474121094,36.04499816894531,33.422245025634766,76806800,0.0,0.0
2017-07-10 04:00:00+00:00,36.02750015258789,36.48749923706055,35.842498779296875,36.26499938964844,33.6262321472168,84362400,0.0,0.0
2017-07-11 04:00:00+00:00,36.182498931884766,36.462501525878906,36.095001220703125,36.38249969482422,33.735198974609375,79127200,0.0,0.0
2017-07-12 04:00:00+00:00,36.467498779296875,36.54499816894531,36.20500183105469,36.435001373291016,33.78388595581055,99538000,0.0,0.0
2017-07-13 04:00:00+00:00,36.375,37.122501373291016,36.36000061035156,36.942501068115234,34.25445556640625,100797600,0.0,0.0
2017-07-14 04:00:00+00:00,36.99250030517578,37.33250045776367,36.83250045776367,37.2599983215332,34.548851013183594,80528400,0.0,0.0
2017-07-17 04:00:00+00:00,37.20500183105469,37.724998474121094,37.14250183105469,37.38999938964844,34.66938018798828,95174000,0.0,0.0
2017-07-18 04:00:00+00:00,37.29999923706055,37.532501220703125,37.16749954223633,37.52000045776367,34.7899284362793,71475200,0.0,0.0
2017-07-19 04:00:00+00:00,37.619998931884766,37.85499954223633,37.48749923706055,37.755001068115234,35.0078239440918,83692000,0.0,0.0
2017-07-20 04:00:00+00:00,37.875,37.935001373291016,37.54750061035156,37.584999084472656,34.850196838378906,68974800,0.0,0.0
2017-07-21 04:00:00+00:00,37.497501373291016,37.61000061035156,37.220001220703125,37.567501068115234,34.83397674560547,105010400,0.0,0.0
2017-07-24 04:00:00+00:00,37.64500045776367,38.11000061035156,37.474998474121094,38.022499084472656,35.25584411621094,85972800,0.0,0.0
2017-07-25 04:00:00+00:00,37.95000076293945,38.459999084472656,37.95000076293945,38.185001373291016,35.40654373168945,75415600,0.0,0.0
2017-07-26 04:00:00+00:00,38.337501525878906,38.48249816894531,38.26499938964844,38.3650016784668,35.573448181152344,63124000,0.0,0.0
2017-07-27 04:00:00+00:00,38.4375,38.497501373291016,36.82500076293945,37.63999938964844,34.90119552612305,129905200,0.0,0.0
2017-07-28 04:00:00+00:00,37.47249984741211,37.557498931884766,37.29750061035156,37.375,34.65547180175781,68854800,0.0,0.0
2017-07-31 04:00:00+00:00,37.474998474121094,37.58250045776367,37.032501220703125,37.182498931884766,34.47697448730469,79383600,0.0,0.0
2017-08-01 04:00:00+00:00,37.275001525878906,37.55500030517578,37.102500915527344,37.51250076293945,34.78296661376953,141474400,0.0,0.0
2017-08-02 04:00:00+00:00,39.81999969482422,39.9375,39.040000915527344,39.28499984741211,36.42649459838867,279747200,0.0,0.0
2017-08-03 04:00:00+00:00,39.26250076293945,39.3025016784668,38.755001068115234,38.89250183105469,36.06257629394531,108389200,0.0,0.0
2017-08-04 04:00:00+00:00,39.01750183105469,39.349998474121094,38.92250061035156,39.09749984741211,36.25263977050781,82239600,0.0,0.0
2017-08-07 04:00:00+00:00,39.26499938964844,39.72999954223633,39.16749954223633,39.70249938964844,36.813621520996094,87481200,0.0,0.0
2017-08-08 04:00:00+00:00,39.650001525878906,40.45750045776367,39.567501068115234,40.02000045776367,37.10801696777344,144823600,0.0,0.0
2017-08-09 04:00:00+00:00,39.814998626708984,40.317501068115234,39.77750015258789,40.26499938964844,37.3351936340332,104526000,0.0,0.0
2017-08-10 04:00:00+00:00,39.974998474121094,40.0,38.657501220703125,38.83000183105469,36.145999908447266,163217200,0.1575,0.0
2017-08-11 04:00:00+00:00,39.150001525878906,39.64250183105469,39.01750183105469,39.369998931884766,36.648658752441406,105028400,0.0,0.0
2017-08-14 04:00:00+00:00,39.83000183105469,40.0525016784668,39.6875,39.962501525878906,37.20022201538086,88490800,0.0,0.0
2017-08-15 04:00:00+00:00,40.165000915527344,40.54999923706055,40.03499984741211,40.400001525878906,37.60747528076172,117862000,0.0,0.0
2017-08-16 04:00:00+00:00,40.48500061035156,40.627498626708984,40.037498474121094,40.23749923706055,37.456199645996094,110686400,0.0,0.0
2017-08-17 04:00:00+00:00,40.130001068115234,40.1775016784668,39.459999084472656,39.46500015258789,36.73710632324219,111762400,0.0,0.0
2017-08-18 04:00:00+00:00,39.46500015258789,39.875,39.18000030517578,39.375,36.65332794189453,109712400,0.0,0.0
2017-08-21 04:00:00+00:00,39.375,39.47249984741211,38.77750015258789,39.3025016784668,36.58583068847656,105474000,0.0,0.0
2017-08-22 04:00:00+00:00,39.557498931884766,40.0,39.505001068115234,39.94499969482422,37.18392562866211,86418400,0.0,0.0
2017-08-23 04:00:00+00:00,39.76750183105469,40.11750030517578,39.720001220703125,39.994998931884766,37.23046112060547,77596400,0.0,0.0
2017-08-24 04:00:00+00:00,40.10749816894531,40.185001373291016,39.63750076293945,39.817501068115234,37.06523895263672,79275600,0.0,0.0
2017-08-25 04:00:00+00:00,39.912498474121094,40.13999938964844,39.817501068115234,39.96500015258789,37.20254898071289,101920400,0.0,0.0
2017-08-28 04:00:00+00:00,40.03499984741211,40.5,39.98249816894531,40.36750030517578,37.57720947265625,103864000,0.0,0.0
2017-08-29 04:00:00+00:00,40.025001525878906,40.779998779296875,40.0,40.727500915527344,37.91234588623047,118067600,0.0,0.0
2017-08-30 04:00:00+00:00,40.95000076293945,40.97249984741211,40.65250015258789,40.837501525878906,38.014747619628906,109078400,0.0,0.0
2017-08-31 04:00:00+00:00,40.90999984741211,41.130001068115234,40.869998931884766,41.0,38.1660041809082,107140400,0.0,0.0
2017-09-01 04:00:00+00:00,41.20000076293945,41.23500061035156,40.907501220703125,41.01250076293945,38.17763900756836,66364400,0.0,0.0
2017-09-05 04:00:00+00:00,40.9375,41.0625,40.13999938964844,40.52000045776367,37.719181060791016,117874000,0.0,0.0
2017-09-06 04:00:00+00:00,40.6775016784668,40.747501373291016,40.130001068115234,40.477500915527344,37.67961120605469,86606800,0.0,0.0
2017-09-07 04:00:00+00:00,40.522499084472656,40.560001373291016,40.09000015258789,40.314998626708984,37.528350830078125,87714000,0.0,0.0
2017-09-08 04:00:00+00:00,40.21500015258789,40.287498474121094,39.63249969482422,39.657501220703125,36.916297912597656,114446000,0.0,0.0
2017-09-11 04:00:00+00:00,40.125,40.51250076293945,39.97249984741211,40.375,37.584205627441406,126323200,0.0,0.0
2017-09-12 04:00:00+00:00,40.65250015258789,40.9900016784668,39.692501068115234,40.21500015258789,37.43525695800781,286856000,0.0,0.0
2017-09-13 04:00:00+00:00,39.967498779296875,39.9900016784668,39.477500915527344,39.912498474121094,37.153663635253906,179629600,0.0,0.0
2017-09-14 04:00:00+00:00,39.747501373291016,39.849998474121094,39.522499084472656,39.56999969482422,36.83484649658203,95042800,0.0,0.0
2017-09-15 04:00:00+00:00,39.61750030517578,40.24250030517578,39.5,39.970001220703125,37.20719528198242,196458400,0.0,0.0
2017-09-18 04:00:00+00:00,40.02750015258789,40.125,39.5,39.66749954223633,36.92560577392578,113077600,0.0,0.0
2017-09-19 04:00:00+00:00,39.877498626708984,39.942501068115234,39.61000061035156,39.682498931884766,36.9395751953125,83242400,0.0,0.0
2017-09-20 04:00:00+00:00,39.474998474121094,39.564998626708984,38.45750045776367,39.01750183105469,36.320533752441406,211805600,0.0,0.0
2017-09-21 04:00:00+00:00,38.95000076293945,38.95000076293945,38.1875,38.34749984741211,35.69684600830078,150046800,0.0,0.0
2017-09-22 04:00:00+00:00,37.8849983215332,38.067501068115234,37.63999938964844,37.97249984741211,35.347774505615234,186581600,0.0,0.0
2017-09-25 04:00:00+00:00,37.497501373291016,37.95750045776367,37.290000915527344,37.63750076293945,35.03593444824219,177549200,0.0,0.0
2017-09-26 04:00:00+00:00,37.94499969482422,38.47999954223633,37.92250061035156,38.28499984741211,35.638675689697266,146640000,0.0,0.0
2017-09-27 04:00:00+00:00,38.45000076293945,38.68000030517578,38.3849983215332,38.557498931884766,35.892337799072266,102016800,0.0,0.0
2017-09-28 04:00:00+00:00,38.47249984741211,38.56999969482422,38.17499923706055,38.31999969482422,35.671260833740234,88022000,0.0,0.0
2017-09-29 04:00:00+00:00,38.3025016784668,38.532501220703125,38.0,38.529998779296875,35.866722106933594,105199200,0.0,0.0
2017-10-02 04:00:00+00:00,38.564998626708984,38.61249923706055,38.18000030517578,38.45249938964844,35.79460525512695,74795200,0.0,0.0
2017-10-03 04:00:00+00:00,38.502498626708984,38.772499084472656,38.477500915527344,38.619998931884766,35.95050811767578,64921200,0.0,0.0
2017-10-04 04:00:00+00:00,38.407501220703125,38.46500015258789,38.1150016784668,38.369998931884766,35.71778869628906,80655200,0.0,0.0
2017-10-05 04:00:00+00:00,38.54499816894531,38.86000061035156,38.51250076293945,38.84749984741211,36.16228485107422,85135200,0.0,0.0
2017-10-06 04:00:00+00:00,38.74250030517578,38.872501373291016,38.63999938964844,38.82500076293945,36.141334533691406,69630400,0.0,0.0
2017-10-09 04:00:00+00:00,38.95249938964844,39.182498931884766,38.872501373291016,38.959999084472656,36.26700973510742,65051600,0.0,0.0
2017-10-10 04:00:00+00:00,39.01499938964844,39.5,38.775001525878906,38.974998474121094,36.28096389770508,62468000,0.0,0.0
2017-10-11 04:00:00+00:00,38.99250030517578,39.244998931884766,38.9375,39.13750076293945,36.43224334716797,67622400,0.0,0.0
2017-10-12 04:00:00+00:00,39.087501525878906,39.342498779296875,38.932498931884766,39.0,36.30425262451172,64500400,0.0,0.0
2017-10-13 04:00:00+00:00,39.182498931884766,39.31999969482422,39.102500915527344,39.247501373291016,36.53464126586914,65576800,0.0,0.0
2017-10-16 04:00:00+00:00,39.474998474121094,40.0,39.412498474121094,39.970001220703125,37.20719528198242,96486000,0.0,0.0
2017-10-17 04:00:00+00:00,39.94499969482422,40.217498779296875,39.807498931884766,40.11750030517578,37.344505310058594,75989200,0.0,0.0
2017-10-18 04:00:00+00:00,40.10499954223633,40.1775016784668,39.900001525878906,39.939998626708984,37.17927932739258,65496800,0.0,0.0
2017-10-19 04:00:00+00:00,39.1875,39.27000045776367,38.755001068115234,38.994998931884766,36.29958724975586,170336800,0.0,0.0
2017-10-20 04:00:00+00:00,39.15250015258789,39.4375,38.9900016784668,39.0625,36.362430572509766,95896400,0.0,0.0
2017-10-23 04:00:00+00:00,39.22249984741211,39.42250061035156,38.875,39.04249954223633,36.34381866455078,87937200,0.0,0.0
2017-10-24 04:00:00+00:00,39.0724983215332,39.35499954223633,39.04999923706055,39.275001525878906,36.56024932861328,71028800,0.0,0.0
2017-10-25 04:00:00+00:00,39.227500915527344,39.38750076293945,38.817501068115234,39.102500915527344,36.39966583251953,84828400,0.0,0.0
2017-10-26 04:00:00+00:00,39.307498931884766,39.45750045776367,39.19499969482422,39.352500915527344,36.632389068603516,68002000,0.0,0.0
2017-10-27 04:00:00+00:00,39.8224983215332,40.900001525878906,39.67499923706055,40.76250076293945,37.944923400878906,177816800,0.0,0.0
2017-10-30 04:00:00+00:00,40.97249984741211,42.01750183105469,40.93000030517578,41.68000030517578,38.79901123046875,178803200,0.0,0.0
2017-10-31 04:00:00+00:00,41.974998474121094,42.412498474121094,41.73500061035156,42.2599983215332,39.33890914916992,144187200,0.0,0.0
2017-11-01 04:00:00+00:00,42.467498779296875,42.48500061035156,41.40250015258789,41.72249984741211,38.83855438232422,134551200,0.0,0.0
2017-11-02 04:00:00+00:00,41.650001525878906,42.125,41.31999969482422,42.02750015258789,39.12247848510742,165573600,0.0,0.0
2017-11-03 04:00:00+00:00,43.5,43.564998626708984,42.779998779296875,43.125,40.14412307739258,237594400,0.0,0.0
2017-11-06 05:00:00+00:00,43.092498779296875,43.747501373291016,42.93000030517578,43.5625,40.5513801574707,140105200,0.0,0.0
2017-11-07 05:00:00+00:00,43.477500915527344,43.8125,43.400001525878906,43.70249938964844,40.681697845458984,97446000,0.0,0.0
2017-11-08 05:00:00+00:00,43.665000915527344,44.060001373291016,43.58250045776367,44.060001373291016,41.01449203491211,97638000,0.0,0.0
2017-11-09 05:00:00+00:00,43.77750015258789,44.025001525878906,43.28499984741211,43.970001220703125,40.93070983886719,117930400,0.0,0.0
2017-11-10 05:00:00+00:00,43.77750015258789,43.845001220703125,43.567501068115234,43.66749954223633,40.79525375366211,100582000,0.1575,0.0
2017-11-13 05:00:00+00:00,43.375,43.625,43.349998474121094,43.49250030517578,40.63175964355469,67928400,0.0,0.0
2017-11-14 05:00:00+00:00,43.2599983215332,43.369998931884766,42.79499816894531,42.834999084472656,40.01750946044922,99130000,0.0,0.0
2017-11-15 05:00:00+00:00,42.49250030517578,42.58000183105469,42.095001220703125,42.27000045776367,39.48967742919922,116632400,0.0,0.0
2017-11-16 05:00:00+00:00,42.79499816894531,42.967498779296875,42.57500076293945,42.775001525878906,39.96145248413086,94550000,0.0,0.0
2017-11-17 05:00:00+00:00,42.7599983215332,42.84749984741211,42.40999984741211,42.537498474121094,39.73956298828125,87598000,0.0,0.0
2017-11-20 05:00:00+00:00,42.5724983215332,42.63999938964844,42.38999938964844,42.494998931884766,39.69987106323242,65049600,0.0,0.0
2017-11-21 05:00:00+00:00,42.69499969482422,43.42499923706055,42.69499969482422,43.28499984741211,40.437896728515625,100525200,0.0,0.0
2017-11-22 05:00:00+00:00,43.34000015258789,43.75,43.26250076293945,43.7400016784668,40.86299133300781,102355600,0.0,0.0
2017-11-24 05:00:00+00:00,43.775001525878906,43.875,43.662498474121094,43.74250030517578,40.86530685424805,56106800,0.0,0.0
2017-11-27 05:00:00+00:00,43.76250076293945,43.77000045776367,43.334999084472656,43.522499084472656,40.65978240966797,82867200,0.0,0.0
2017-11-28 05:00:00+00:00,43.57500076293945,43.717498779296875,42.96500015258789,43.26750183105469,40.42155838012695,105715200,0.0,0.0
2017-11-29 05:00:00+00:00,43.157501220703125,43.22999954223633,41.790000915527344,42.369998931884766,39.583091735839844,166665600,0.0,0.0
2017-11-30 05:00:00+00:00,42.60749816894531,43.03499984741211,42.11000061035156,42.962501525878906,40.136619567871094,166108800,0.0,0.0
2017-12-01 05:00:00+00:00,42.48749923706055,42.91749954223633,42.125,42.76250076293945,39.94976806640625,159037200,0.0,0.0
2017-12-04 05:00:00+00:00,43.119998931884766,43.154998779296875,42.407501220703125,42.45000076293945,39.6578369140625,130169600,0.0,0.0
2017-12-05 05:00:00+00:00,42.26499938964844,42.880001068115234,42.099998474121094,42.40999984741211,39.62046432495117,109400800,0.0,0.0
2017-12-06 05:00:00+00:00,41.875,42.54999923706055,41.6150016784668,42.252498626708984,39.47331619262695,114240000,0.0,0.0
2017-12-07 05:00:00+00:00,42.25749969482422,42.61000061035156,42.227500915527344,42.33000183105469,39.545719146728516,102693200,0.0,0.0
2017-12-08 05:00:00+00:00,42.622501373291016,42.75,42.20500183105469,42.342498779296875,39.55739974975586,93420800,0.0,0.0
2017-12-11 05:00:00+00:00,42.29999923706055,43.22249984741211,42.1974983215332,43.16749954223633,40.32814025878906,141095200,0.0,0.0
2017-12-12 05:00:00+00:00,43.037498474121094,43.09749984741211,42.8650016784668,42.92499923706055,40.10158157348633,77636800,0.0,0.0
2017-12-13 05:00:00+00:00,43.125,43.3849983215332,43.0,43.067501068115234,40.2347297668457,95273600,0.0,0.0
2017-12-14 05:00:00+00:00,43.099998474121094,43.282501220703125,42.912498474121094,43.05500030517578,40.223026275634766,81906000,0.0,0.0
2017-12-15 05:00:00+00:00,43.407501220703125,43.54249954223633,43.1150016784668,43.49250030517578,40.63175964355469,160677200,0.0,0.0
2017-12-18 05:00:00+00:00,43.720001220703125,44.29999923706055,43.71500015258789,44.10499954223633,41.2039680480957,117684400,0.0,0.0
2017-12-19 05:00:00+00:00,43.75749969482422,43.84749984741211,43.522499084472656,43.6349983215332,40.764888763427734,109745600,0.0,0.0
2017-12-20 05:00:00+00:00,43.717498779296875,43.85499954223633,43.3125,43.587501525878906,40.720523834228516,93902400,0.0,0.0
2017-12-21 05:00:00+00:00,43.54249954223633,44.005001068115234,43.525001525878906,43.752498626708984,40.874664306640625,83799600,0.0,0.0
2017-12-22 05:00:00+00:00,43.66999816894531,43.85499954223633,43.625,43.752498626708984,40.874664306640625,65397600,0.0,0.0
2017-12-26 05:00:00+00:00,42.70000076293945,42.86750030517578,42.41999816894531,42.64250183105469,39.83766555786133,132742000,0.0,0.0
2017-12-27 05:00:00+00:00,42.525001525878906,42.69499969482422,42.4275016784668,42.650001525878906,39.84468078613281,85992800,0.0,0.0
2017-12-28 05:00:00+00:00,42.75,42.962501525878906,42.619998931884766,42.77000045776367,39.95677185058594,65920800,0.0,0.0
2017-12-29 05:00:00+00:00,42.630001068115234,42.647499084472656,42.30500030517578,42.307498931884766,39.52470397949219,103999600,0.0,0.0
2018-01-02 05:00:00+00:00,42.540000915527344,43.07500076293945,42.314998626708984,43.064998626708984,40.232383728027344,102223600,0.0,0.0
2018-01-03 05:00:00+00:00,43.13249969482422,43.63750076293945,42.9900016784668,43.057498931884766,40.22537612915039,118071600,0.0,0.0
2018-01-04 05:00:00+00:00,43.1349983215332,43.36750030517578,43.02000045776367,43.25749969482422,40.41221237182617,89738400,0.0,0.0
2018-01-05 05:00:00+00:00,43.36000061035156,43.842498779296875,43.26250076293945,43.75,40.8723258972168,94640000,0.0,0.0
2018-01-08 05:00:00+00:00,43.587501525878906,43.90250015258789,43.48249816894531,43.587501525878906,40.720523834228516,82271200,0.0,0.0
2018-01-09 05:00:00+00:00,43.63750076293945,43.76499938964844,43.352500915527344,43.58250045776367,40.71583938598633,86336000,0.0,0.0
2018-01-10 05:00:00+00:00,43.290000915527344,43.57500076293945,43.25,43.5724983215332,40.70650100708008,95839600,0.0,0.0
2018-01-11 05:00:00+00:00,43.647499084472656,43.872501373291016,43.622501373291016,43.81999969482422,40.937721252441406,74670800,0.0,0.0
2018-01-12 05:00:00+00:00,44.04499816894531,44.34000015258789,43.912498474121094,44.272499084472656,41.36045455932617,101672400,0.0,0.0
2018-01-16 05:00:00+00:00,44.474998474121094,44.84749984741211,44.03499984741211,44.04750061035156,41.15025329589844,118263600,0.0,0.0
2018-01-17 05:00:00+00:00,44.037498474121094,44.8125,43.76750183105469,44.775001525878906,41.829898834228516,137547200,0.0,0.0
2018-01-18 05:00:00+00:00,44.842498779296875,45.025001525878906,44.5625,44.814998626708984,41.86726760864258,124773600,0.0,0.0
2018-01-19 05:00:00+00:00,44.65250015258789,44.89500045776367,44.352500915527344,44.6150016784668,41.680423736572266,129700400,0.0,0.0
2018-01-22 05:00:00+00:00,44.32500076293945,44.44499969482422,44.150001525878906,44.25,41.33944320678711,108434400,0.0,0.0
2018-01-23 05:00:00+00:00,44.32500076293945,44.86000061035156,44.20500183105469,44.2599983215332,41.34877395629883,130756400,0.0,0.0
2018-01-24 05:00:00+00:00,44.3125,44.32500076293945,43.29999923706055,43.55500030517578,40.690155029296875,204420400,0.0,0.0
2018-01-25 05:00:00+00:00,43.627498626708984,43.73749923706055,42.63249969482422,42.77750015258789,39.963783264160156,166116000,0.0,0.0
2018-01-26 05:00:00+00:00,43.0,43.0,42.51499938964844,42.877498626708984,40.057212829589844,156572000,0.0,0.0
2018-01-29 05:00:00+00:00,42.540000915527344,42.540000915527344,41.76750183105469,41.9900016784668,39.228084564208984,202561600,0.0,0.0
2018-01-30 05:00:00+00:00,41.38249969482422,41.842498779296875,41.17499923706055,41.74250030517578,38.99686813354492,184192800,0.0,0.0
2018-01-31 05:00:00+00:00,41.717498779296875,42.11000061035156,41.625,41.85749816894531,39.104312896728516,129915600,0.0,0.0
2018-02-01 05:00:00+00:00,41.79249954223633,42.154998779296875,41.689998626708984,41.94499969482422,39.18604278564453,188923200,0.0,0.0
2018-02-02 05:00:00+00:00,41.5,41.70000076293945,40.025001525878906,40.125,37.48575973510742,346375200,0.0,0.0
2018-02-05 05:00:00+00:00,39.775001525878906,40.970001220703125,39.0,39.122501373291016,36.549198150634766,290954000,0.0,0.0
2018-02-06 05:00:00+00:00,38.70750045776367,40.93000030517578,38.5,40.75749969482422,38.076656341552734,272975200,0.0,0.0
2018-02-07 05:00:00+00:00,40.772499084472656,40.849998474121094,39.76750183105469,39.8849983215332,37.26155090332031,206434400,0.0,0.0
2018-02-08 05:00:00+00:00,40.0724983215332,40.25,38.75749969482422,38.787498474121094,36.23622512817383,217562000,0.0,0.0
2018-02-09 05:00:00+00:00,39.26750183105469,39.47249984741211,37.560001373291016,39.102500915527344,36.67945861816406,282690400,0.1575,0.0
2018-02-12 05:00:00+00:00,39.625,40.97249984741211,39.377498626708984,40.6775016784668,38.1568603515625,243278000,0.0,0.0
2018-02-13 05:00:00+00:00,40.48749923706055,41.1875,40.412498474121094,41.084999084472656,38.53909683227539,130196800,0.0,0.0
2018-02-14 05:00:00+00:00,40.7599983215332,41.8849983215332,40.720001220703125,41.842498779296875,39.249664306640625,162579600,0.0,0.0
2018-02-15 05:00:00+00:00,42.4474983215332,43.272499084472656,42.25,43.247501373291016,40.56761169433594,204588800,0.0,0.0
2018-02-16 05:00:00+00:00,43.09000015258789,43.70500183105469,42.942501068115234,43.10749816894531,40.436279296875,160704400,0.0,0.0
2018-02-20 05:00:00+00:00,43.01250076293945,43.564998626708984,42.85499954223633,42.962501525878906,40.300262451171875,135722000,0.0,0.0
2018-02-21 05:00:00+00:00,43.20750045776367,43.529998779296875,42.752498626708984,42.76750183105469,40.117347717285156,149886400,0.0,0.0
2018-02-22 05:00:00+00:00,42.95000076293945,43.48749923706055,42.9275016784668,43.125,40.452701568603516,123967600,0.0,0.0
2018-02-23 05:00:00+00:00,43.41749954223633,43.912498474121094,43.3849983215332,43.875,41.156219482421875,135249600,0.0,0.0
2018-02-26 05:00:00+00:00,44.087501525878906,44.84749984741211,44.0525016784668,44.74250030517578,41.96995162963867,152648800,0.0,0.0
2018-02-27 05:00:00+00:00,44.775001525878906,45.119998931884766,44.540000915527344,44.59749984741211,41.833946228027344,155712400,0.0,0.0
2018-02-28 05:00:00+00:00,44.814998626708984,45.154998779296875,44.51250076293945,44.529998779296875,41.7706298828125,151128400,0.0,0.0
2018-03-01 05:00:00+00:00,44.6349983215332,44.94499969482422,43.165000915527344,43.75,41.03896713256836,195208000,0.0,0.0
2018-03-02 05:00:00+00:00,43.20000076293945,44.07500076293945,43.11249923706055,44.0525016784668,41.322723388671875,153816000,0.0,0.0
2018-03-05 05:00:00+00:00,43.8025016784668,44.435001373291016,43.630001068115234,44.20500183105469,41.46576690673828,113605600,0.0,0.0
2018-03-06 05:00:00+00:00,44.477500915527344,44.5625,44.032501220703125,44.16749954223633,41.43058776855469,95154000,0.0,0.0
2018-03-07 05:00:00+00:00,43.73500061035156,43.962501525878906,43.567501068115234,43.75749969482422,41.04598617553711,126814000,0.0,0.0
2018-03-08 05:00:00+00:00,43.869998931884766,44.279998779296875,43.76750183105469,44.23500061035156,41.49391174316406,95096400,0.0,0.0
2018-03-09 05:00:00+00:00,44.4900016784668,45.0,44.34749984741211,44.994998931884766,42.206809997558594,128740800,0.0,0.0
2018-03-12 04:00:00+00:00,45.0724983215332,45.59749984741211,45.0525016784668,45.43000030517578,42.6148567199707,128828400,0.0,0.0
2018-03-13 04:00:00+00:00,45.647499084472656,45.875,44.810001373291016,44.99250030517578,42.20447540283203,126774000,0.0,0.0
2018-03-14 04:00:00+00:00,45.08000183105469,45.130001068115234,44.45249938964844,44.61000061035156,41.84567642211914,117473600,0.0,0.0
2018-03-15 04:00:00+00:00,44.625,45.060001373291016,44.51750183105469,44.662498474121094,41.894901275634766,90975200,0.0,0.0
2018-03-16 04:00:00+00:00,44.662498474121094,44.779998779296875,44.404998779296875,44.505001068115234,41.74718475341797,157618800,0.0,0.0
2018-03-19 04:00:00+00:00,44.33000183105469,44.36750030517578,43.415000915527344,43.82500076293945,41.10932922363281,133787200,0.0,0.0
2018-03-20 04:00:00+00:00,43.810001373291016,44.20000076293945,43.73500061035156,43.810001373291016,41.095252990722656,78597600,0.0,0.0
2018-03-21 04:00:00+00:00,43.7599983215332,43.772499084472656,42.814998626708984,42.817501068115234,40.16423797607422,148219600,0.0,0.0
2018-03-22 04:00:00+00:00,42.5,43.16999816894531,42.150001525878906,42.212501525878906,39.59674072265625,165963200,0.0,0.0
2018-03-23 04:00:00+00:00,42.09749984741211,42.47999954223633,41.23500061035156,41.23500061035156,38.67979431152344,164115200,0.0,0.0
2018-03-26 04:00:00+00:00,42.01750183105469,43.275001525878906,41.61000061035156,43.192501068115234,40.51601028442383,150164800,0.0,0.0
2018-03-27 04:00:00+00:00,43.41999816894531,43.787498474121094,41.72999954223633,42.084999084472656,39.477134704589844,163690400,0.0,0.0
2018-03-28 04:00:00+00:00,41.8125,42.505001068115234,41.29750061035156,41.619998931884766,39.040958404541016,166674000,0.0,0.0
2018-03-29 04:00:00+00:00,41.95249938964844,42.9375,41.724998474121094,41.94499969482422,39.34581756591797,153594000,0.0,0.0
2018-04-02 04:00:00+00:00,41.65999984741211,42.23500061035156,41.11750030517578,41.66999816894531,39.087852478027344,150347200,0.0,0.0
2018-04-03 04:00:00+00:00,41.90999984741211,42.1875,41.220001220703125,42.09749984741211,39.488868713378906,121112000,0.0,0.0
2018-04-04 04:00:00+00:00,41.220001220703125,43.002498626708984,41.192501068115234,42.90250015258789,40.243988037109375,138422000,0.0,0.0
2018-04-05 04:00:00+00:00,43.14500045776367,43.557498931884766,43.02000045776367,43.20000076293945,40.523048400878906,107732800,0.0,0.0
2018-04-06 04:00:00+00:00,42.74250030517578,43.119998931884766,42.04999923706055,42.095001220703125,39.48652267456055,140021200,0.0,0.0
2018-04-09 04:00:00+00:00,42.470001220703125,43.272499084472656,42.462501525878906,42.51250076293945,39.87813949584961,116070800,0.0,0.0
2018-04-10 04:00:00+00:00,43.25,43.5,42.88249969482422,43.3125,40.62856674194336,113634400,0.0,0.0
2018-04-11 04:00:00+00:00,43.057498931884766,43.47999954223633,42.92499923706055,43.11000061035156,40.438629150390625,89726400,0.0,0.0
2018-04-12 04:00:00+00:00,43.352500915527344,43.75,43.2599983215332,43.53499984741211,40.8372917175293,91557200,0.0,0.0
2018-04-13 04:00:00+00:00,43.69499969482422,43.959999084472656,43.462501525878906,43.682498931884766,40.975650787353516,100497200,0.0,0.0
2018-04-16 04:00:00+00:00,43.75749969482422,44.04750061035156,43.70750045776367,43.95500183105469,41.23125457763672,86313600,0.0,0.0
2018-04-17 04:00:00+00:00,44.122501373291016,44.73500061035156,44.102500915527344,44.560001373291016,41.798770904541016,106421600,0.0,0.0
2018-04-18 04:00:00+00:00,44.45249938964844,44.70500183105469,44.220001220703125,44.459999084472656,41.70496368408203,83018000,0.0,0.0
2018-04-19 04:00:00+00:00,43.439998626708984,43.84749984741211,43.165000915527344,43.20000076293945,40.523048400878906,139235200,0.0,0.0
2018-04-20 04:00:00+00:00,42.650001525878906,42.80500030517578,41.35749816894531,41.43000030517578,38.86272048950195,261964400,0.0,0.0
2018-04-23 04:00:00+00:00,41.70750045776367,41.72999954223633,41.022499084472656,41.310001373291016,38.750160217285156,146062000,0.0,0.0
2018-04-24 04:00:00+00:00,41.41749954223633,41.58250045776367,40.30500030517578,40.73500061035156,38.210792541503906,134768000,0.0,0.0
2018-04-25 04:00:00+00:00,40.654998779296875,41.35499954223633,40.602500915527344,40.912498474121094,38.37730026245117,113528400,0.0,0.0
2018-04-26 04:00:00+00:00,41.029998779296875,41.432498931884766,40.842498779296875,41.05500030517578,38.510955810546875,111852000,0.0,0.0
2018-04-27 04:00:00+00:00,41.0,41.08250045776367,40.157501220703125,40.58000183105469,38.065406799316406,142623200,0.0,0.0
2018-04-30 04:00:00+00:00,40.532501220703125,41.814998626708984,40.459999084472656,41.314998626708984,38.75484848022461,169709600,0.0,0.0
2018-05-01 04:00:00+00:00,41.602500915527344,42.29999923706055,41.317501068115234,42.275001525878906,39.655357360839844,214277600,0.0,0.0
2018-05-02 04:00:00+00:00,43.807498931884766,44.4375,43.45000076293945,44.14250183105469,41.407135009765625,266157600,0.0,0.0
2018-05-03 04:00:00+00:00,43.970001220703125,44.375,43.61000061035156,44.22249984741211,41.482181549072266,136272800,0.0,0.0
2018-05-04 04:00:00+00:00,44.5625,46.0625,44.54249954223633,45.95750045776367,43.10966491699219,224805200,0.0,0.0
2018-05-07 04:00:00+00:00,46.29499816894531,46.91749954223633,46.1875,46.290000915527344,43.42158508300781,169805600,0.0,0.0
2018-05-08 04:00:00+00:00,46.247501373291016,46.55500030517578,45.91749954223633,46.51250076293945,43.63028335571289,113611200,0.0,0.0
2018-05-09 04:00:00+00:00,46.63750076293945,46.849998474121094,46.30500030517578,46.84000015258789,43.93748474121094,92844800,0.0,0.0
2018-05-10 04:00:00+00:00,46.935001373291016,47.592498779296875,46.912498474121094,47.5099983215332,44.56596755981445,111957200,0.0,0.0
2018-05-11 04:00:00+00:00,47.372501373291016,47.51499938964844,46.86249923706055,47.147499084472656,44.3964729309082,104848800,0.1825,0.0
2018-05-14 04:00:00+00:00,47.252498626708984,47.38249969482422,46.96500015258789,47.037498474121094,44.292884826660156,83115200,0.0,0.0
2018-05-15 04:00:00+00:00,46.69499969482422,46.76750183105469,46.275001525878906,46.61000061035156,43.89033889770508,94780800,0.0,0.0
2018-05-16 04:00:00+00:00,46.51750183105469,47.1150016784668,46.5,47.04499816894531,44.299957275390625,76732400,0.0,0.0
2018-05-17 04:00:00+00:00,47.0,47.227500915527344,46.59000015258789,46.747501373291016,44.01982116699219,69176000,0.0,0.0
2018-05-18 04:00:00+00:00,46.79750061035156,46.95249938964844,46.532501220703125,46.57749938964844,43.8597412109375,73190800,0.0,0.0
2018-05-21 04:00:00+00:00,47.0,47.317501068115234,46.727500915527344,46.907501220703125,44.17047119140625,73603200,0.0,0.0
2018-05-22 04:00:00+00:00,47.095001220703125,47.220001220703125,46.69499969482422,46.790000915527344,44.059837341308594,60962800,0.0,0.0
2018-05-23 04:00:00+00:00,46.587501525878906,47.125,46.439998626708984,47.09000015258789,44.34233093261719,80233600,0.0,0.0
2018-05-24 04:00:00+00:00,47.192501068115234,47.209999084472656,46.5525016784668,47.037498474121094,44.292884826660156,92936000,0.0,0.0
2018-05-25 04:00:00+00:00,47.057498931884766,47.412498474121094,46.912498474121094,47.14500045776367,44.39412307739258,69844000,0.0,0.0
2018-05-29 04:00:00+00:00,46.900001525878906,47.1875,46.717498779296875,46.974998474121094,44.23402786254883,90056400,0.0,0.0
2018-05-30 04:00:00+00:00,46.93000030517578,47.0,46.69499969482422,46.875,44.1398811340332,74762000,0.0,0.0
2018-05-31 04:00:00+00:00,46.80500030517578,47.057498931884766,46.53499984741211,46.717498779296875,43.99156188964844,109931200,0.0,0.0
2018-06-01 04:00:00+00:00,46.997501373291016,47.564998626708984,46.9375,47.560001373291016,44.784915924072266,93770000,0.0,0.0
2018-06-04 04:00:00+00:00,47.90999984741211,48.35499954223633,47.837501525878906,47.95750045776367,45.159217834472656,105064800,0.0,0.0
2018-06-05 04:00:00+00:00,48.26750183105469,48.48500061035156,48.09000015258789,48.32749938964844,45.50761413574219,86264000,0.0,0.0
2018-06-06 04:00:00+00:00,48.407501220703125,48.52000045776367,47.97999954223633,48.494998931884766,45.66534423828125,83734400,0.0,0.0
2018-06-07 04:00:00+00:00,48.53499984741211,48.54999923706055,48.084999084472656,48.3650016784668,45.542938232421875,85388800,0.0,0.0
2018-06-08 04:00:00+00:00,47.79249954223633,48.0,47.442501068115234,47.92499923706055,45.128597259521484,106627200,0.0,0.0
2018-06-11 04:00:00+00:00,47.837501525878906,47.99250030517578,47.5525016784668,47.807498931884766,45.0179557800293,73234000,0.0,0.0
2018-06-12 04:00:00+00:00,47.84749984741211,48.15250015258789,47.787498474121094,48.06999969482422,45.26514434814453,67644400,0.0,0.0
2018-06-13 04:00:00+00:00,48.10499954223633,48.220001220703125,47.61000061035156,47.67499923706055,44.893184661865234,86553600,0.0,0.0
2018-06-14 04:00:00+00:00,47.88750076293945,47.89250183105469,47.55500030517578,47.70000076293945,44.9167366027832,86440400,0.0,0.0
2018-06-15 04:00:00+00:00,47.50749969482422,47.540000915527344,47.064998626708984,47.209999084472656,44.455318450927734,246876800,0.0,0.0
2018-06-18 04:00:00+00:00,46.970001220703125,47.30500030517578,46.79999923706055,47.185001373291016,44.4317741394043,73939600,0.0,0.0
2018-06-19 04:00:00+00:00,46.28499984741211,46.58250045776367,45.86249923706055,46.42250061035156,43.713783264160156,134314000,0.0,0.0
2018-06-20 04:00:00+00:00,46.587501525878906,46.79999923706055,46.432498931884766,46.625,43.90446090698242,82514800,0.0,0.0
2018-06-21 04:00:00+00:00,46.8125,47.087501525878906,46.23500061035156,46.3650016784668,43.65963363647461,102847600,0.0,0.0
2018-06-22 04:00:00+00:00,46.529998779296875,46.537498474121094,46.17499923706055,46.22999954223633,43.53250503540039,108801600,0.0,0.0
2018-06-25 04:00:00+00:00,45.849998474121094,46.22999954223633,45.182498931884766,45.54249954223633,42.885128021240234,126652400,0.0,0.0
2018-06-26 04:00:00+00:00,45.747501373291016,46.63249969482422,45.6349983215332,46.10749816894531,43.41715621948242,98276800,0.0,0.0
2018-06-27 04:00:00+00:00,46.307498931884766,46.81999969482422,46.00749969482422,46.040000915527344,43.35358810424805,101141200,0.0,0.0
2018-06-28 04:00:00+00:00,46.025001525878906,46.5525016784668,45.95000076293945,46.375,43.669036865234375,69460800,0.0,0.0
2018-06-29 04:00:00+00:00,46.5724983215332,46.79750061035156,45.727500915527344,46.27750015258789,43.57722854614258,90950800,0.0,0.0
2018-07-02 04:00:00+00:00,45.95500183105469,46.82500076293945,45.85499954223633,46.79499816894531,44.064544677734375,70925200,0.0,0.0
2018-07-03 04:00:00+00:00,46.9474983215332,46.98749923706055,45.8849983215332,45.97999954223633,43.29710388183594,55819200,0.0,0.0
2018-07-05 04:00:00+00:00,46.314998626708984,46.602500915527344,46.06999969482422,46.349998474121094,43.64550018310547,66416800,0.0,0.0
2018-07-06 04:00:00+00:00,46.35499954223633,47.10749816894531,46.29999923706055,46.99250030517578,44.25051498413086,69940800,0.0,0.0
2018-07-09 04:00:00+00:00,47.375,47.66999816894531,47.32500076293945,47.64500045776367,44.864952087402344,79026400,0.0,0.0
2018-07-10 04:00:00+00:00,47.6775016784668,47.81999969482422,47.54499816894531,47.587501525878906,44.810794830322266,63756400,0.0,0.0
2018-07-11 04:00:00+00:00,47.125,47.44499969482422,46.90250015258789,46.970001220703125,44.22932434082031,75326000,0.0,0.0
2018-07-12 04:00:00+00:00,47.38249969482422,47.852500915527344,47.32749938964844,47.75749969482422,44.970882415771484,72164400,0.0,0.0
2018-07-13 04:00:00+00:00,47.77000045776367,47.959999084472656,47.724998474121094,47.83250045776367,45.04149627685547,50055600,0.0,0.0
2018-07-16 04:00:00+00:00,47.880001068115234,48.162498474121094,47.60499954223633,47.727500915527344,44.942630767822266,60172400,0.0,0.0
2018-07-17 04:00:00+00:00,47.4375,47.967498779296875,47.29999923706055,47.86249923706055,45.06974792480469,62138000,0.0,0.0
2018-07-18 04:00:00+00:00,47.94499969482422,47.95000076293945,47.48249816894531,47.599998474121094,44.82255554199219,65573600,0.0,0.0
2018-07-19 04:00:00+00:00,47.42250061035156,48.13750076293945,47.42250061035156,47.970001220703125,45.17097473144531,81147200,0.0,0.0
2018-07-20 04:00:00+00:00,47.94499969482422,48.10749816894531,47.54249954223633,47.86000061035156,45.0673942565918,82704800,0.0,0.0
2018-07-23 04:00:00+00:00,47.66999816894531,47.9900016784668,47.38999938964844,47.90250015258789,45.107425689697266,63957600,0.0,0.0
2018-07-24 04:00:00+00:00,48.11249923706055,48.415000915527344,48.01250076293945,48.25,45.43465042114258,74791600,0.0,0.0
2018-07-25 04:00:00+00:00,48.26499938964844,48.712501525878906,48.10749816894531,48.70500183105469,45.86310577392578,66839600,0.0,0.0
2018-07-26 04:00:00+00:00,48.65250015258789,48.9900016784668,48.40250015258789,48.5525016784668,45.7194938659668,76304000,0.0,0.0
2018-07-27 04:00:00+00:00,48.747501373291016,48.79750061035156,47.525001525878906,47.744998931884766,44.9591064453125,96096000,0.0,0.0
2018-07-30 04:00:00+00:00,47.974998474121094,48.04999923706055,47.26750183105469,47.477500915527344,44.70722198486328,84118000,0.0,0.0
2018-07-31 04:00:00+00:00,47.57500076293945,48.03499984741211,47.334999084472656,47.5724983215332,44.79665756225586,157492000,0.0,0.0
2018-08-01 04:00:00+00:00,49.782501220703125,50.439998626708984,49.32749938964844,50.375,47.435646057128906,271742800,0.0,0.0
2018-08-02 04:00:00+00:00,50.14500045776367,52.095001220703125,50.087501525878906,51.84749984741211,48.822235107421875,249616000,0.0,0.0
2018-08-03 04:00:00+00:00,51.75749969482422,52.185001373291016,51.369998931884766,51.997501373291016,48.96346664428711,133789600,0.0,0.0
2018-08-06 04:00:00+00:00,52.0,52.3125,51.76750183105469,52.26750183105469,49.21772384643555,101701600,0.0,0.0
2018-08-07 04:00:00+00:00,52.33000183105469,52.375,51.689998626708984,51.77750015258789,48.756309509277344,102349600,0.0,0.0
2018-08-08 04:00:00+00:00,51.51250076293945,51.95249938964844,51.130001068115234,51.8125,48.78927993774414,90102000,0.0,0.0
2018-08-09 04:00:00+00:00,52.38249969482422,52.44499969482422,51.79999923706055,52.220001220703125,49.172996520996094,93970400,0.0,0.0
2018-08-10 04:00:00+00:00,51.84000015258789,52.275001525878906,51.66749954223633,51.88249969482422,49.02652359008789,98444800,0.1825,0.0
2018-08-13 04:00:00+00:00,52.32749938964844,52.73749923706055,51.92499923706055,52.217498779296875,49.34308624267578,103563600,0.0,0.0
2018-08-14 04:00:00+00:00,52.540000915527344,52.63999938964844,52.064998626708984,52.4375,49.55097198486328,82992000,0.0,0.0
2018-08-15 04:00:00+00:00,52.30500030517578,52.685001373291016,52.08250045776367,52.560001373291016,49.6667366027832,115230400,0.0,0.0
2018-08-16 04:00:00+00:00,52.9375,53.45249938964844,52.86750030517578,53.33000183105469,50.394344329833984,114001600,0.0,0.0
2018-08-17 04:00:00+00:00,53.36000061035156,54.48749923706055,53.290000915527344,54.39500045776367,51.400718688964844,141708000,0.0,0.0
2018-08-20 04:00:00+00:00,54.525001525878906,54.79499816894531,53.77750015258789,53.8650016784668,50.899906158447266,121150800,0.0,0.0
2018-08-21 04:00:00+00:00,54.20000076293945,54.29750061035156,53.50749969482422,53.7599983215332,50.80067825317383,104639200,0.0,0.0
2018-08-22 04:00:00+00:00,53.525001525878906,54.09000015258789,53.459999084472656,53.76250076293945,50.80304718017578,76072400,0.0,0.0
2018-08-23 04:00:00+00:00,53.662498474121094,54.26250076293945,53.650001525878906,53.872501373291016,50.90699005126953,75532800,0.0,0.0
2018-08-24 04:00:00+00:00,54.150001525878906,54.224998474121094,53.77750015258789,54.040000915527344,51.065250396728516,73905600,0.0,0.0
2018-08-27 04:00:00+00:00,54.287498474121094,54.685001373291016,54.08250045776367,54.48500061035156,51.48575973510742,82100400,0.0,0.0
2018-08-28 04:00:00+00:00,54.752498626708984,55.1349983215332,54.72999954223633,54.92499923706055,51.90156173706055,91107200,0.0,0.0
2018-08-29 04:00:00+00:00,55.037498474121094,55.872501373291016,54.852500915527344,55.744998931884766,52.676414489746094,109019200,0.0,0.0
2018-08-30 04:00:00+00:00,55.8125,57.064998626708984,55.599998474121094,56.25749969482422,53.16068649291992,195175200,0.0,0.0
2018-08-31 04:00:00+00:00,56.627498626708984,57.217498779296875,56.5,56.907501220703125,53.77492141723633,173360400,0.0,0.0
2018-09-04 04:00:00+00:00,57.102500915527344,57.29499816894531,56.657501220703125,57.09000015258789,53.94736862182617,109560400,0.0,0.0
2018-09-05 04:00:00+00:00,57.247501373291016,57.41749954223633,56.275001525878906,56.717498779296875,53.59538269042969,133332000,0.0,0.0
2018-09-06 04:00:00+00:00,56.557498931884766,56.837501525878906,55.32500076293945,55.775001525878906,52.70476150512695,137160000,0.0,0.0
2018-09-07 04:00:00+00:00,55.462501525878906,56.342498779296875,55.1775016784668,55.32500076293945,52.279518127441406,150479200,0.0,0.0
2018-09-10 04:00:00+00:00,55.23749923706055,55.462501525878906,54.11750030517578,54.58250045776367,51.57789993286133,158066000,0.0,0.0
2018-09-11 04:00:00+00:00,54.502498626708984,56.07500076293945,54.13999938964844,55.962501525878906,52.881935119628906,142996000,0.0,0.0
2018-09-12 04:00:00+00:00,56.23500061035156,56.25,54.959999084472656,55.26750183105469,52.22520065307617,197114800,0.0,0.0
2018-09-13 04:00:00+00:00,55.880001068115234,57.087501525878906,55.64250183105469,56.602500915527344,53.486690521240234,166825600,0.0,0.0
2018-09-14 04:00:00+00:00,56.4375,56.709999084472656,55.630001068115234,55.959999084472656,52.87956619262695,127997200,0.0,0.0
2018-09-17 04:00:00+00:00,55.537498474121094,55.73749923706055,54.317501068115234,54.470001220703125,51.47159957885742,148780400,0.0,0.0
2018-09-18 04:00:00+00:00,54.4474983215332,55.462501525878906,54.279998779296875,54.560001373291016,51.55664825439453,126286800,0.0,0.0
2018-09-19 04:00:00+00:00,54.625,54.904998779296875,53.82500076293945,54.592498779296875,51.58734130859375,108495200,0.0,0.0
2018-09-20 04:00:00+00:00,55.060001373291016,55.56999969482422,54.787498474121094,55.00749969482422,51.9795036315918,106435200,0.0,0.0
2018-09-21 04:00:00+00:00,55.19499969482422,55.34000015258789,54.3224983215332,54.415000915527344,51.419612884521484,384986800,0.0,0.0
2018-09-24 04:00:00+00:00,54.20500183105469,55.314998626708984,54.157501220703125,55.1974983215332,52.159034729003906,110773600,0.0,0.0
2018-09-25 04:00:00+00:00,54.9375,55.70500183105469,54.92499923706055,55.54750061035156,52.48978042602539,98217600,0.0,0.0
2018-09-26 04:00:00+00:00,55.25,55.9375,54.939998626708984,55.10499954223633,52.07163619995117,95938800,0.0,0.0
2018-09-27 04:00:00+00:00,55.95500183105469,56.61000061035156,55.8849983215332,56.23749923706055,53.14179992675781,120724800,0.0,0.0
2018-09-28 04:00:00+00:00,56.1974983215332,56.459999084472656,56.005001068115234,56.435001373291016,53.32842254638672,91717600,0.0,0.0
2018-10-01 04:00:00+00:00,56.98749923706055,57.35499954223633,56.587501525878906,56.814998626708984,53.68751525878906,94403200,0.0,0.0
2018-10-02 04:00:00+00:00,56.8125,57.5,56.657501220703125,57.31999969482422,54.16471481323242,99152800,0.0,0.0
2018-10-03 04:00:00+00:00,57.51250076293945,58.36750030517578,57.44499969482422,58.01750183105469,54.823822021484375,114619200,0.0,0.0
2018-10-04 04:00:00+00:00,57.69499969482422,58.087501525878906,56.682498931884766,56.997501373291016,53.85996627807617,128168000,0.0,0.0
2018-10-05 04:00:00+00:00,56.9900016784668,57.102500915527344,55.14500045776367,56.0724983215332,52.985870361328125,134322000,0.0,0.0
2018-10-08 04:00:00+00:00,55.5525016784668,56.20000076293945,55.04999923706055,55.942501068115234,52.863037109375,118655600,0.0,0.0
2018-10-09 04:00:00+00:00,55.90999984741211,56.817501068115234,55.5625,56.717498779296875,53.59538269042969,107564000,0.0,0.0
2018-10-10 04:00:00+00:00,56.3650016784668,56.587501525878906,54.01250076293945,54.09000015258789,51.11250305175781,167962400,0.0,0.0
2018-10-11 04:00:00+00:00,53.630001068115234,54.875,53.08000183105469,53.61249923706055,50.661293029785156,212497600,0.0,0.0
2018-10-12 04:00:00+00:00,55.10499954223633,55.720001220703125,54.209999084472656,55.52750015258789,52.47087860107422,161351600,0.0,0.0
2018-10-15 04:00:00+00:00,55.290000915527344,55.45750045776367,54.317501068115234,54.34000015258789,51.3487548828125,123164000,0.0,0.0
2018-10-16 04:00:00+00:00,54.73249816894531,55.747501373291016,54.189998626708984,55.537498474121094,52.48031997680664,116736000,0.0,0.0
2018-10-17 04:00:00+00:00,55.57500076293945,55.65999984741211,54.834999084472656,55.29750061035156,52.2535400390625,91541600,0.0,0.0
2018-10-18 04:00:00+00:00,54.46500015258789,54.935001373291016,53.25,54.005001068115234,51.032196044921875,130325200,0.0,0.0
2018-10-19 04:00:00+00:00,54.51499938964844,55.314998626708984,54.35749816894531,54.82749938964844,51.809425354003906,132314800,0.0,0.0
2018-10-22 04:00:00+00:00,54.9474983215332,55.84000015258789,54.73500061035156,55.162498474121094,52.1259651184082,115168400,0.0,0.0
2018-10-23 04:00:00+00:00,53.95750045776367,55.8125,53.67499923706055,55.682498931884766,52.61735916137695,155071200,0.0,0.0
2018-10-24 04:00:00+00:00,55.650001525878906,56.057498931884766,53.6349983215332,53.772499084472656,50.81248092651367,163702000,0.0,0.0
2018-10-25 04:00:00+00:00,54.4275016784668,55.345001220703125,54.1875,54.95000076293945,51.9251708984375,119423200,0.0,0.0
2018-10-26 04:00:00+00:00,53.974998474121094,55.04750061035156,53.16749954223633,54.07500076293945,51.098350524902344,189033600,0.0,0.0
2018-10-29 04:00:00+00:00,54.79750061035156,54.92250061035156,51.522499084472656,53.060001373291016,50.13920974731445,183742000,0.0,0.0
2018-10-30 04:00:00+00:00,52.787498474121094,53.79499816894531,52.317501068115234,53.32500076293945,50.389625549316406,146640000,0.0,0.0
2018-10-31 04:00:00+00:00,54.220001220703125,55.11249923706055,54.154998779296875,54.71500015258789,51.70310974121094,153435600,0.0,0.0
2018-11-01 04:00:00+00:00,54.76250076293945,55.59000015258789,54.20249938964844,55.55500030517578,52.49687576293945,233292800,0.0,0.0
2018-11-02 04:00:00+00:00,52.38750076293945,53.412498474121094,51.35749816894531,51.869998931884766,49.014713287353516,365314800,0.0,0.0
2018-11-05 05:00:00+00:00,51.07500076293945,51.09749984741211,49.54249954223633,50.397499084472656,47.62327194213867,264654800,0.0,0.0
2018-11-06 05:00:00+00:00,50.47999954223633,51.18000030517578,50.42250061035156,50.942501068115234,48.13825607299805,127531600,0.0,0.0
2018-11-07 05:00:00+00:00,51.49250030517578,52.51499938964844,51.032501220703125,52.48749923706055,49.59823226928711,133697600,0.0,0.0
2018-11-08 05:00:00+00:00,52.494998931884766,52.529998779296875,51.6875,52.122501373291016,49.4251708984375,101450400,0.1825,0.0
2018-11-09 05:00:00+00:00,51.38750076293945,51.502498626708984,50.5625,51.11750030517578,48.47219467163086,137463200,0.0,0.0
2018-11-12 05:00:00+00:00,49.75,49.962501525878906,48.4474983215332,48.54249954223633,46.03044128417969,204542000,0.0,0.0
2018-11-13 05:00:00+00:00,47.907501220703125,49.29499816894531,47.86249923706055,48.057498931884766,45.57053756713867,187531600,0.0,0.0
2018-11-14 05:00:00+00:00,48.474998474121094,48.619998931884766,46.48249816894531,46.70000076293945,44.283287048339844,243204000,0.0,0.0
2018-11-15 05:00:00+00:00,47.09749984741211,47.99250030517578,46.724998474121094,47.852500915527344,45.37613296508789,185915200,0.0,0.0
2018-11-16 05:00:00+00:00,47.625,48.74250030517578,47.3650016784668,48.38249969482422,45.87871551513672,147713200,0.0,0.0
2018-11-19 05:00:00+00:00,47.5,47.67499923706055,46.247501373291016,46.46500015258789,44.06044387817383,167701200,0.0,0.0
2018-11-20 05:00:00+00:00,44.592498779296875,45.36750030517578,43.877498626708984,44.244998931884766,41.9553337097168,271300800,0.0,0.0
2018-11-21 05:00:00+00:00,44.932498931884766,45.067501068115234,44.13750076293945,44.19499969482422,41.90791702270508,124496800,0.0,0.0
2018-11-23 05:00:00+00:00,43.73500061035156,44.150001525878906,43.025001525878906,43.0724983215332,40.843509674072266,94496000,0.0,0.0
2018-11-26 05:00:00+00:00,43.560001373291016,43.73749923706055,42.564998626708984,43.654998779296875,41.39584732055664,179994000,0.0,0.0
2018-11-27 05:00:00+00:00,42.877498626708984,43.692501068115234,42.720001220703125,43.560001373291016,41.305782318115234,165549600,0.0,0.0
2018-11-28 05:00:00+00:00,44.182498931884766,45.3224983215332,43.73249816894531,45.23500061035156,42.894100189208984,184250000,0.0,0.0
2018-11-29 05:00:00+00:00,45.665000915527344,45.70000076293945,44.42499923706055,44.88750076293945,42.5645751953125,167080000,0.0,0.0
2018-11-30 05:00:00+00:00,45.0724983215332,45.08250045776367,44.25749969482422,44.64500045776367,42.334625244140625,158126000,0.0,0.0
2018-12-03 05:00:00+00:00,46.1150016784668,46.23500061035156,45.3025016784668,46.20500183105469,43.81390380859375,163210000,0.0,0.0
2018-12-04 05:00:00+00:00,45.23749923706055,45.59749984741211,44.067501068115234,44.17250061035156,41.886592864990234,165377200,0.0,0.0
2018-12-06 05:00:00+00:00,42.939998626708984,43.69499969482422,42.60499954223633,43.68000030517578,41.419578552246094,172393600,0.0,0.0
2018-12-07 05:00:00+00:00,43.372501373291016,43.622501373291016,42.07500076293945,42.122501373291016,39.94266891479492,169126400,0.0,0.0
2018-12-10 05:00:00+00:00,41.25,42.522499084472656,40.83250045776367,42.400001525878906,40.205814361572266,248104000,0.0,0.0
2018-12-11 05:00:00+00:00,42.915000915527344,42.9474983215332,41.75,42.157501220703125,39.97587203979492,189126800,0.0,0.0
2018-12-12 05:00:00+00:00,42.599998474121094,42.97999954223633,42.255001068115234,42.275001525878906,40.0872688293457,142510800,0.0,0.0
2018-12-13 05:00:00+00:00,42.622501373291016,43.14250183105469,42.38750076293945,42.73749923706055,40.52584457397461,127594400,0.0,0.0
2018-12-14 05:00:00+00:00,42.25,42.27000045776367,41.31999969482422,41.369998931884766,39.22911071777344,162814800,0.0,0.0
2018-12-17 05:00:00+00:00,41.36249923706055,42.087501525878906,40.682498931884766,40.98500061035156,38.864036560058594,177151600,0.0,0.0
2018-12-18 05:00:00+00:00,41.345001220703125,41.88249969482422,41.09749984741211,41.51750183105469,39.36897659301758,135366000,0.0,0.0
2018-12-19 05:00:00+00:00,41.5,41.86249923706055,39.772499084472656,40.22249984741211,38.140987396240234,196189200,0.0,0.0
2018-12-20 05:00:00+00:00,40.099998474121094,40.52750015258789,38.82500076293945,39.20750045776367,37.17850875854492,259092000,0.0,0.0
2018-12-21 05:00:00+00:00,39.21500015258789,39.540000915527344,37.407501220703125,37.682498931884766,35.73244857788086,382978400,0.0,0.0
2018-12-24 05:00:00+00:00,37.037498474121094,37.88750076293945,36.647499084472656,36.70750045776367,34.80788803100586,148676800,0.0,0.0
2018-12-26 05:00:00+00:00,37.07500076293945,39.307498931884766,36.68000030517578,39.29249954223633,37.259117126464844,234330000,0.0,0.0
2018-12-27 05:00:00+00:00,38.959999084472656,39.192501068115234,37.51750183105469,39.037498474121094,37.01731491088867,212468400,0.0,0.0
2018-12-28 05:00:00+00:00,39.375,39.630001068115234,38.63750076293945,39.057498931884766,37.036277770996094,169165600,0.0,0.0
2018-12-31 05:00:00+00:00,39.63249969482422,39.84000015258789,39.119998931884766,39.435001373291016,37.394248962402344,140014000,0.0,0.0
2019-01-02 05:00:00+00:00,38.72249984741211,39.712501525878906,38.557498931884766,39.47999954223633,37.436920166015625,148158800,0.0,0.0
2019-01-03 05:00:00+00:00,35.994998931884766,36.43000030517578,35.5,35.54750061035156,33.70793533325195,365248800,0.0,0.0
2019-01-04 05:00:00+00:00,36.13249969482422,37.13750076293945,35.95000076293945,37.064998626708984,35.146888732910156,234428400,0.0,0.0
2019-01-07 05:00:00+00:00,37.17499923706055,37.20750045776367,36.474998474121094,36.98249816894531,35.068668365478516,219111200,0.0,0.0
2019-01-08 05:00:00+00:00,37.38999938964844,37.95500183105469,37.130001068115234,37.6875,35.73717498779297,164101200,0.0,0.0
2019-01-09 05:00:00+00:00,37.8224983215332,38.63249969482422,37.407501220703125,38.32749938964844,36.34406280517578,180396400,0.0,0.0
2019-01-10 05:00:00+00:00,38.125,38.49250030517578,37.71500015258789,38.45000076293945,36.4602165222168,143122800,0.0,0.0
2019-01-11 05:00:00+00:00,38.220001220703125,38.42499923706055,37.877498626708984,38.0724983215332,36.102256774902344,108092800,0.0,0.0
2019-01-14 05:00:00+00:00,37.712501525878906,37.817501068115234,37.30500030517578,37.5,35.55937576293945,129756800,0.0,0.0
2019-01-15 05:00:00+00:00,37.567501068115234,38.34749984741211,37.51250076293945,38.26750183105469,36.287174224853516,114843600,0.0,0.0
2019-01-16 05:00:00+00:00,38.27000045776367,38.970001220703125,38.25,38.73500061035156,36.730472564697266,122278800,0.0,0.0
2019-01-17 05:00:00+00:00,38.54999923706055,39.415000915527344,38.314998626708984,38.96500015258789,36.94856262207031,119284800,0.0,0.0
2019-01-18 05:00:00+00:00,39.375,39.470001220703125,38.994998931884766,39.20500183105469,37.176151275634766,135004000,0.0,0.0
2019-01-22 05:00:00+00:00,39.102500915527344,39.182498931884766,38.154998779296875,38.32500076293945,36.341678619384766,121576000,0.0,0.0
2019-01-23 05:00:00+00:00,38.537498474121094,38.78499984741211,37.92499923706055,38.47999954223633,36.48866653442383,92522400,0.0,0.0
2019-01-24 05:00:00+00:00,38.52750015258789,38.619998931884766,37.935001373291016,38.17499923706055,36.19944763183594,101766000,0.0,0.0
2019-01-25 05:00:00+00:00,38.869998931884766,39.532501220703125,38.58000183105469,39.439998626708984,37.39898681640625,134142000,0.0,0.0
2019-01-28 05:00:00+00:00,38.9474983215332,39.08250045776367,38.415000915527344,39.07500076293945,37.05287551879883,104768400,0.0,0.0
2019-01-29 05:00:00+00:00,39.0625,39.532501220703125,38.52750015258789,38.66999816894531,36.6688232421875,166348800,0.0,0.0
2019-01-30 05:00:00+00:00,40.8125,41.537498474121094,40.057498931884766,41.3125,39.174583435058594,244439200,0.0,0.0
2019-01-31 05:00:00+00:00,41.52750015258789,42.25,41.13999938964844,41.61000061035156,39.45669174194336,162958400,0.0,0.0
2019-02-01 05:00:00+00:00,41.7400016784668,42.244998931884766,41.48249816894531,41.630001068115234,39.47566223144531,130672400,0.0,0.0
2019-02-04 05:00:00+00:00,41.852500915527344,42.915000915527344,41.81999969482422,42.8125,40.596961975097656,125982000,0.0,0.0
2019-02-05 05:00:00+00:00,43.21500015258789,43.77000045776367,43.087501525878906,43.54499816894531,41.291561126708984,144406400,0.0,0.0
2019-02-06 05:00:00+00:00,43.662498474121094,43.89250183105469,43.212501525878906,43.560001373291016,41.305782318115234,112958400,0.0,0.0
2019-02-07 05:00:00+00:00,43.099998474121094,43.48500061035156,42.584999084472656,42.73500061035156,40.52347183227539,126966800,0.0,0.0
2019-02-08 05:00:00+00:00,42.247501373291016,42.665000915527344,42.10499954223633,42.602500915527344,40.571083068847656,95280000,0.1825,0.0
2019-02-11 05:00:00+00:00,42.76250076293945,42.8025016784668,42.3125,42.35749816894531,40.3377685546875,83973600,0.0,0.0
2019-02-12 05:00:00+00:00,42.525001525878906,42.75,42.42499923706055,42.72249984741211,40.685359954833984,89134000,0.0,0.0
2019-02-13 05:00:00+00:00,42.84749984741211,43.119998931884766,42.47999954223633,42.54499816894531,40.51631546020508,89960800,0.0,0.0
2019-02-14 05:00:00+00:00,42.4275016784668,42.814998626708984,42.345001220703125,42.70000076293945,40.663936614990234,87342800,0.0,0.0
2019-02-15 05:00:00+00:00,42.8125,42.92499923706055,42.4375,42.60499954223633,40.57347106933594,98507200,0.0,0.0
2019-02-19 05:00:00+00:00,42.4275016784668,42.86000061035156,42.372501373291016,42.73249816894531,40.69488525390625,75891200,0.0,0.0
2019-02-20 05:00:00+00:00,42.79750061035156,43.33000183105469,42.747501373291016,43.00749969482422,40.956783294677734,104457600,0.0,0.0
2019-02-21 05:00:00+00:00,42.95000076293945,43.092498779296875,42.57500076293945,42.76499938964844,40.725833892822266,68998800,0.0,0.0
2019-02-22 05:00:00+00:00,42.89500045776367,43.25,42.845001220703125,43.24250030517578,41.18056869506836,75652800,0.0,0.0
2019-02-25 05:00:00+00:00,43.540000915527344,43.967498779296875,43.48749923706055,43.557498931884766,41.48056411743164,87493600,0.0,0.0
2019-02-26 05:00:00+00:00,43.4275016784668,43.82500076293945,43.29249954223633,43.58250045776367,41.50436019897461,68280800,0.0,0.0
2019-02-27 05:00:00+00:00,43.3025016784668,43.75,43.182498931884766,43.717498779296875,41.63291549682617,111341600,0.0,0.0
2019-02-28 05:00:00+00:00,43.58000183105469,43.727500915527344,43.22999954223633,43.287498474121094,41.223426818847656,112861600,0.0,0.0
2019-03-01 05:00:00+00:00,43.56999969482422,43.787498474121094,43.22249984741211,43.74250030517578,41.65673065185547,103544800,0.0,0.0
2019-03-04 05:00:00+00:00,43.92250061035156,44.4375,43.49250030517578,43.962501525878906,41.86623001098633,109744800,0.0,0.0
2019-03-05 05:00:00+00:00,43.98500061035156,44.0,43.6349983215332,43.88249969482422,41.79005432128906,78949600,0.0,0.0
2019-03-06 05:00:00+00:00,43.66749954223633,43.872501373291016,43.48500061035156,43.630001068115234,41.549598693847656,83241600,0.0,0.0
2019-03-07 05:00:00+00:00,43.467498779296875,43.61000061035156,43.005001068115234,43.125,41.068668365478516,99185600,0.0,0.0
2019-03-08 05:00:00+00:00,42.58000183105469,43.26750183105469,42.375,43.227500915527344,41.166282653808594,95997600,0.0,0.0
2019-03-11 04:00:00+00:00,43.872501373291016,44.779998779296875,43.837501525878906,44.724998474121094,42.592376708984375,128044000,0.0,0.0
2019-03-12 04:00:00+00:00,45.0,45.66749954223633,44.842498779296875,45.227500915527344,43.0709342956543,129870400,0.0,0.0
2019-03-13 04:00:00+00:00,45.5625,45.82500076293945,45.22999954223633,45.4275016784668,43.26138687133789,124130000,0.0,0.0
2019-03-14 04:00:00+00:00,45.974998474121094,46.025001525878906,45.63999938964844,45.932498931884766,43.74230194091797,94318000,0.0,0.0
2019-03-15 04:00:00+00:00,46.212501525878906,46.83250045776367,45.935001373291016,46.529998779296875,44.31131362915039,156171600,0.0,0.0
2019-03-18 04:00:00+00:00,46.45000076293945,47.09749984741211,46.4474983215332,47.005001068115234,44.76365661621094,104879200,0.0,0.0
2019-03-19 04:00:00+00:00,47.087501525878906,47.247501373291016,46.47999954223633,46.63249969482422,44.4089241027832,126585600,0.0,0.0
2019-03-20 04:00:00+00:00,46.557498931884766,47.372501373291016,46.182498931884766,47.040000915527344,44.79700469970703,124140800,0.0,0.0
2019-03-21 04:00:00+00:00,47.505001068115234,49.08250045776367,47.45249938964844,48.772499084472656,46.44688034057617,204136800,0.0,0.0
2019-03-22 04:00:00+00:00,48.834999084472656,49.42250061035156,47.69499969482422,47.76250076293945,45.48504638671875,169630800,0.0,0.0
2019-03-25 04:00:00+00:00,47.877498626708984,47.994998931884766,46.650001525878906,47.185001373291016,44.93507385253906,175381200,0.0,0.0
2019-03-26 04:00:00+00:00,47.915000915527344,48.220001220703125,46.14500045776367,46.6974983215332,44.47081756591797,199202000,0.0,0.0
2019-03-27 04:00:00+00:00,47.1875,47.439998626708984,46.63750076293945,47.11750030517578,44.870784759521484,119393600,0.0,0.0
2019-03-28 04:00:00+00:00,47.23749923706055,47.38999938964844,46.88249969482422,47.18000030517578,44.930320739746094,83121600,0.0,0.0
2019-03-29 04:00:00+00:00,47.45750045776367,47.52000045776367,47.1349983215332,47.48749923706055,45.22315979003906,94256000,0.0,0.0
2019-04-01 04:00:00+00:00,47.90999984741211,47.91999816894531,47.095001220703125,47.810001373291016,45.530269622802734,111448000,0.0,0.0
2019-04-02 04:00:00+00:00,47.772499084472656,48.6150016784668,47.76250076293945,48.505001068115234,46.192138671875,91062800,0.0,0.0
2019-04-03 04:00:00+00:00,48.3125,49.125,48.287498474121094,48.837501525878906,46.50879669189453,93087200,0.0,0.0
2019-04-04 04:00:00+00:00,48.6974983215332,49.092498779296875,48.28499984741211,48.92250061035156,46.58974075317383,76457200,0.0,0.0
2019-04-05 04:00:00+00:00,49.11249923706055,49.275001525878906,48.98249816894531,49.25,46.901615142822266,74106400,0.0,0.0
2019-04-08 04:00:00+00:00,49.10499954223633,50.057498931884766,49.084999084472656,50.025001525878906,47.63966751098633,103526800,0.0,0.0
2019-04-09 04:00:00+00:00,50.08000183105469,50.712501525878906,49.807498931884766,49.875,47.49681091308594,143072800,0.0,0.0
2019-04-10 04:00:00+00:00,49.66999816894531,50.185001373291016,49.54499816894531,50.154998779296875,47.763458251953125,86781200,0.0,0.0
2019-04-11 04:00:00+00:00,50.212501525878906,50.25,49.61000061035156,49.73749923706055,47.36587142944336,83603200,0.0,0.0
2019-04-12 04:00:00+00:00,49.79999923706055,50.03499984741211,49.0525016784668,49.717498779296875,47.34682083129883,111042800,0.0,0.0
2019-04-15 04:00:00+00:00,49.64500045776367,49.962501525878906,49.502498626708984,49.807498931884766,47.432533264160156,70146400,0.0,0.0
2019-04-16 04:00:00+00:00,49.8650016784668,50.342498779296875,49.63999938964844,49.8125,47.437294006347656,102785600,0.0,0.0
2019-04-17 04:00:00+00:00,49.8849983215332,50.845001220703125,49.65250015258789,50.782501220703125,48.36103820800781,115627200,0.0,0.0
2019-04-18 04:00:00+00:00,50.779998779296875,51.037498474121094,50.630001068115234,50.96500015258789,48.53483581542969,96783200,0.0,0.0
2019-04-22 04:00:00+00:00,50.70750045776367,51.23500061035156,50.584999084472656,51.13249969482422,48.694358825683594,77758000,0.0,0.0
2019-04-23 04:00:00+00:00,51.10749816894531,51.9375,50.974998474121094,51.869998931884766,49.39668655395508,93292000,0.0,0.0
2019-04-24 04:00:00+00:00,51.84000015258789,52.119998931884766,51.76250076293945,51.790000915527344,49.32050323486328,70162400,0.0,0.0
2019-04-25 04:00:00+00:00,51.70750045776367,51.939998626708984,51.279998779296875,51.31999969482422,48.8729133605957,74172800,0.0,0.0
2019-04-26 04:00:00+00:00,51.224998474121094,51.25,50.529998779296875,51.07500076293945,48.639591217041016,74596400,0.0,0.0
2019-04-29 04:00:00+00:00,51.099998474121094,51.49250030517578,50.96500015258789,51.15250015258789,48.71338653564453,88818800,0.0,0.0
2019-04-30 04:00:00+00:00,50.76499938964844,50.849998474121094,49.77750015258789,50.16749954223633,47.77535629272461,186139600,0.0,0.0
2019-05-01 04:00:00+00:00,52.470001220703125,53.82749938964844,52.307498931884766,52.630001068115234,50.12043762207031,259309200,0.0,0.0
2019-05-02 04:00:00+00:00,52.459999084472656,53.162498474121094,52.032501220703125,52.287498474121094,49.79427719116211,127985200,0.0,0.0
2019-05-03 04:00:00+00:00,52.72249984741211,52.959999084472656,52.557498931884766,52.9375,50.41328811645508,83569600,0.0,0.0
2019-05-06 04:00:00+00:00,51.0724983215332,52.209999084472656,50.875,52.119998931884766,49.63475799560547,129772400,0.0,0.0
2019-05-07 04:00:00+00:00,51.470001220703125,51.85499954223633,50.20750045776367,50.71500015258789,48.296756744384766,155054800,0.0,0.0
2019-05-08 04:00:00+00:00,50.474998474121094,51.334999084472656,50.4375,50.724998474121094,48.30628967285156,105358000,0.0,0.0
2019-05-09 04:00:00+00:00,50.099998474121094,50.41999816894531,49.165000915527344,50.18000030517578,47.78726577758789,139634400,0.0,0.0
2019-05-10 04:00:00+00:00,49.35499954223633,49.712501525878906,48.192501068115234,49.29499816894531,47.12525177001953,164834800,0.1925,0.0
2019-05-13 04:00:00+00:00,46.9275016784668,47.369998931884766,45.712501525878906,46.43000030517578,44.38636016845703,229722400,0.0,0.0
2019-05-14 04:00:00+00:00,46.602500915527344,47.42499923706055,46.352500915527344,47.165000915527344,45.08900451660156,146118800,0.0,0.0
2019-05-15 04:00:00+00:00,46.567501068115234,47.9375,46.505001068115234,47.72999954223633,45.62912368774414,106178800,0.0,0.0
2019-05-16 04:00:00+00:00,47.477500915527344,48.11750030517578,47.209999084472656,47.52000045776367,45.42838668823242,132125600,0.0,0.0
2019-05-17 04:00:00+00:00,46.73249816894531,47.724998474121094,46.689998626708984,47.25,45.170265197753906,131516400,0.0,0.0
2019-05-20 04:00:00+00:00,45.880001068115234,46.087501525878906,45.06999969482422,45.772499084472656,43.75780487060547,154449200,0.0,0.0
2019-05-21 04:00:00+00:00,46.30500030517578,47.0,46.17499923706055,46.650001525878906,44.59667205810547,113459200,0.0,0.0
2019-05-22 04:00:00+00:00,46.165000915527344,46.4275016784668,45.63750076293945,45.69499969482422,43.6837158203125,118994400,0.0,0.0
2019-05-23 04:00:00+00:00,44.95000076293945,45.1349983215332,44.45249938964844,44.915000915527344,42.93805694580078,146118800,0.0,0.0
2019-05-24 04:00:00+00:00,45.04999923706055,45.53499984741211,44.654998779296875,44.74250030517578,42.773136138916016,94858800,0.0,0.0
2019-05-28 04:00:00+00:00,44.72999954223633,45.147499084472656,44.477500915527344,44.557498931884766,42.59627914428711,111792800,0.0,0.0
2019-05-29 04:00:00+00:00,44.10499954223633,44.837501525878906,44.0,44.345001220703125,42.39313507080078,113924800,0.0,0.0
2019-05-30 04:00:00+00:00,44.48749923706055,44.807498931884766,44.16749954223633,44.57500076293945,42.613014221191406,84873600,0.0,0.0
2019-05-31 04:00:00+00:00,44.057498931884766,44.497501373291016,43.747501373291016,43.76750183105469,41.84104537963867,108174400,0.0,0.0
2019-06-03 04:00:00+00:00,43.900001525878906,44.47999954223633,42.567501068115234,43.32500076293945,41.418025970458984,161584400,0.0,0.0
2019-06-04 04:00:00+00:00,43.86000061035156,44.95750045776367,43.630001068115234,44.90999984741211,42.933265686035156,123872000,0.0,0.0
2019-06-05 04:00:00+00:00,46.06999969482422,46.247501373291016,45.28499984741211,45.6349983215332,43.626346588134766,119093600,0.0,0.0
2019-06-06 04:00:00+00:00,45.77000045776367,46.36750030517578,45.537498474121094,46.30500030517578,44.2668571472168,90105200,0.0,0.0
2019-06-07 04:00:00+00:00,46.627498626708984,47.97999954223633,46.442501068115234,47.537498474121094,45.44510269165039,122737600,0.0,0.0
2019-06-10 04:00:00+00:00,47.95249938964844,48.842498779296875,47.904998779296875,48.14500045776367,46.02587127685547,104883600,0.0,0.0
2019-06-11 04:00:00+00:00,48.71500015258789,49.0,48.400001525878906,48.70249938964844,46.558837890625,107731600,0.0,0.0
2019-06-12 04:00:00+00:00,48.48749923706055,48.99250030517578,48.34749984741211,48.54750061035156,46.410648345947266,73012800,0.0,0.0
2019-06-13 04:00:00+00:00,48.67499923706055,49.1974983215332,48.400001525878906,48.537498474121094,46.40108871459961,86698400,0.0,0.0
2019-06-14 04:00:00+00:00,47.88750076293945,48.397499084472656,47.57500076293945,48.185001373291016,46.064109802246094,75046000,0.0,0.0
2019-06-17 04:00:00+00:00,48.224998474121094,48.7400016784668,48.04249954223633,48.47249984741211,46.33894729614258,58676400,0.0,0.0
2019-06-18 04:00:00+00:00,49.01250076293945,50.0724983215332,48.8025016784668,49.61249923706055,47.42877197265625,106204000,0.0,0.0
2019-06-19 04:00:00+00:00,49.91999816894531,49.970001220703125,49.32749938964844,49.467498779296875,47.290157318115234,84496800,0.0,0.0
2019-06-20 04:00:00+00:00,50.092498779296875,50.15250015258789,49.50749969482422,49.8650016784668,47.670166015625,86056000,0.0,0.0
2019-06-21 04:00:00+00:00,49.70000076293945,50.212501525878906,49.537498474121094,49.69499969482422,47.507652282714844,191202400,0.0,0.0
2019-06-24 04:00:00+00:00,49.6349983215332,50.040000915527344,49.54249954223633,49.64500045776367,47.45984649658203,72881600,0.0,0.0
2019-06-25 04:00:00+00:00,49.60749816894531,49.814998626708984,48.8224983215332,48.89250183105469,46.740478515625,84281200,0.0,0.0
2019-06-26 04:00:00+00:00,49.442501068115234,50.247501373291016,49.337501525878906,49.95000076293945,47.75142288208008,104270000,0.0,0.0
2019-06-27 04:00:00+00:00,50.0724983215332,50.39250183105469,49.89250183105469,49.935001373291016,47.737083435058594,83598800,0.0,0.0
2019-06-28 04:00:00+00:00,49.66999816894531,49.875,49.26250076293945,49.47999954223633,47.302101135253906,124442400,0.0,0.0
2019-07-01 04:00:00+00:00,50.79249954223633,51.122501373291016,50.162498474121094,50.38750076293945,48.169654846191406,109012000,0.0,0.0
2019-07-02 04:00:00+00:00,50.352500915527344,50.782501220703125,50.34000015258789,50.682498931884766,48.45168685913086,67740800,0.0,0.0
2019-07-03 04:00:00+00:00,50.81999969482422,51.11000061035156,50.67250061035156,51.102500915527344,48.85319137573242,45448000,0.0,0.0
2019-07-05 04:00:00+00:00,50.837501525878906,51.27000045776367,50.724998474121094,51.057498931884766,48.810176849365234,69062000,0.0,0.0
2019-07-08 04:00:00+00:00,50.20249938964844,50.349998474121094,49.602500915527344,50.005001068115234,47.80400085449219,101354400,0.0,0.0
2019-07-09 04:00:00+00:00,49.79999923706055,50.377498626708984,49.70249938964844,50.310001373291016,48.09557342529297,82312000,0.0,0.0
2019-07-10 04:00:00+00:00,50.462501525878906,50.932498931884766,50.38999938964844,50.807498931884766,48.57117462158203,71588400,0.0,0.0
2019-07-11 04:00:00+00:00,50.82749938964844,51.09749984741211,50.4275016784668,50.4375,48.217464447021484,80767200,0.0,0.0
2019-07-12 04:00:00+00:00,50.61249923706055,51.0,50.54999923706055,50.82500076293945,48.58790588378906,70380800,0.0,0.0
2019-07-15 04:00:00+00:00,51.022499084472656,51.467498779296875,51.0,51.3025016784668,49.04438400268555,67789600,0.0,0.0
2019-07-16 04:00:00+00:00,51.147499084472656,51.52750015258789,50.875,51.125,48.87470245361328,67467200,0.0,0.0
2019-07-17 04:00:00+00:00,51.01250076293945,51.272499084472656,50.817501068115234,50.837501525878906,48.59986114501953,56430000,0.0,0.0
2019-07-18 04:00:00+00:00,51.0,51.470001220703125,50.92499923706055,51.415000915527344,49.151947021484375,74162400,0.0,0.0
2019-07-19 04:00:00+00:00,51.4474983215332,51.625,50.59000015258789,50.647499084472656,48.41822052001953,83717200,0.0,0.0
2019-07-22 04:00:00+00:00,50.912498474121094,51.807498931884766,50.90250015258789,51.80500030517578,49.524784088134766,89111600,0.0,0.0
2019-07-23 04:00:00+00:00,52.1150016784668,52.227500915527344,51.8224983215332,52.209999084472656,49.91194534301758,73420800,0.0,0.0
2019-07-24 04:00:00+00:00,51.91749954223633,52.287498474121094,51.79249954223633,52.16749954223633,49.871315002441406,59966400,0.0,0.0
2019-07-25 04:00:00+00:00,52.22249984741211,52.310001373291016,51.682498931884766,51.755001068115234,49.47697067260742,55638400,0.0,0.0
2019-07-26 04:00:00+00:00,51.869998931884766,52.432498931884766,51.78499984741211,51.935001373291016,49.6490478515625,70475600,0.0,0.0
2019-07-29 04:00:00+00:00,52.1150016784668,52.65999984741211,52.11000061035156,52.41999816894531,50.11268997192383,86693600,0.0,0.0
2019-07-30 04:00:00+00:00,52.189998626708984,52.540000915527344,51.82749938964844,52.19499969482422,49.89760208129883,135742800,0.0,0.0
2019-07-31 04:00:00+00:00,54.10499954223633,55.342498779296875,52.82500076293945,53.2599983215332,50.91573715209961,277125600,0.0,0.0
2019-08-01 04:00:00+00:00,53.474998474121094,54.50749969482422,51.685001373291016,52.10749816894531,49.8139533996582,216071600,0.0,0.0
2019-08-02 04:00:00+00:00,51.38249969482422,51.60749816894531,50.407501220703125,51.005001068115234,48.75998306274414,163448400,0.0,0.0
2019-08-05 04:00:00+00:00,49.497501373291016,49.662498474121094,48.14500045776367,48.334999084472656,46.20750427246094,209572000,0.0,0.0
2019-08-06 04:00:00+00:00,49.07749938964844,49.51750183105469,48.5099983215332,49.25,47.08222579956055,143299200,0.0,0.0
2019-08-07 04:00:00+00:00,48.852500915527344,49.88999938964844,48.45500183105469,49.7599983215332,47.56978988647461,133457600,0.0,0.0
2019-08-08 04:00:00+00:00,50.04999923706055,50.88249969482422,49.84749984741211,50.85749816894531,48.61896514892578,108038000,0.0,0.0
2019-08-09 04:00:00+00:00,50.32500076293945,50.689998626708984,49.8224983215332,50.247501373291016,48.21834182739258,98478800,0.1925,0.0
2019-08-12 04:00:00+00:00,49.904998779296875,50.51250076293945,49.787498474121094,50.119998931884766,48.09598159790039,89927600,0.0,0.0
2019-08-13 04:00:00+00:00,50.255001068115234,53.03499984741211,50.119998931884766,52.24250030517578,50.132774353027344,188874000,0.0,0.0
2019-08-14 04:00:00+00:00,50.790000915527344,51.61000061035156,50.647499084472656,50.6875,48.640567779541016,146189600,0.0,0.0
2019-08-15 04:00:00+00:00,50.8650016784668,51.28499984741211,49.91749954223633,50.435001373291016,48.39826965332031,108909600,0.0,0.0
2019-08-16 04:00:00+00:00,51.06999969482422,51.790000915527344,50.959999084472656,51.625,49.54020690917969,110481600,0.0,0.0
2019-08-19 04:00:00+00:00,52.654998779296875,53.182498931884766,52.50749969482422,52.587501525878906,50.46384811401367,97654400,0.0,0.0
2019-08-20 04:00:00+00:00,52.720001220703125,53.337501525878906,52.58000183105469,52.59000015258789,50.466243743896484,107537200,0.0,0.0
2019-08-21 04:00:00+00:00,53.247501373291016,53.412498474121094,52.900001525878906,53.15999984741211,51.01322555541992,86141600,0.0,0.0
2019-08-22 04:00:00+00:00,53.29750061035156,53.61000061035156,52.6875,53.1150016784668,50.970035552978516,89014800,0.0,0.0
2019-08-23 04:00:00+00:00,52.35749816894531,53.01250076293945,50.25,50.65999984741211,48.61417770385742,187272000,0.0,0.0
2019-08-26 04:00:00+00:00,51.46500015258789,51.79750061035156,51.26499938964844,51.622501373291016,49.537803649902344,104174400,0.0,0.0
2019-08-27 04:00:00+00:00,51.96500015258789,52.13750076293945,50.88249969482422,51.040000915527344,48.978824615478516,103493200,0.0,0.0
2019-08-28 04:00:00+00:00,51.025001525878906,51.43000030517578,50.83000183105469,51.38249969482422,49.30750274658203,63755200,0.0,0.0
2019-08-29 04:00:00+00:00,52.125,52.33000183105469,51.665000915527344,52.252498626708984,50.142364501953125,83962000,0.0,0.0
2019-08-30 04:00:00+00:00,52.540000915527344,52.61249923706055,51.79999923706055,52.185001373291016,50.07759094238281,84573600,0.0,0.0
2019-09-03 04:00:00+00:00,51.60749816894531,51.744998931884766,51.05500030517578,51.42499923706055,49.34828186035156,80092000,0.0,0.0
2019-09-04 04:00:00+00:00,52.09749984741211,52.369998931884766,51.83000183105469,52.29750061035156,50.185550689697266,76752400,0.0,0.0
2019-09-05 04:00:00+00:00,53.0,53.49250030517578,52.877498626708984,53.31999969482422,51.166751861572266,95654800,0.0,0.0
2019-09-06 04:00:00+00:00,53.51250076293945,53.60499954223633,53.127498626708984,53.314998626708984,51.16195297241211,77449200,0.0,0.0
2019-09-09 04:00:00+00:00,53.709999084472656,54.11000061035156,52.76750183105469,53.54249954223633,51.38027572631836,109237600,0.0,0.0
2019-09-10 04:00:00+00:00,53.46500015258789,54.19499969482422,52.9275016784668,54.17499923706055,51.98723220825195,127111600,0.0,0.0
2019-09-11 04:00:00+00:00,54.51750183105469,55.9275016784668,54.432498931884766,55.897499084472656,53.640167236328125,177158400,0.0,0.0
2019-09-12 04:00:00+00:00,56.20000076293945,56.60499954223633,55.71500015258789,55.772499084472656,53.52021789550781,128906800,0.0,0.0
2019-09-13 04:00:00+00:00,55.0,55.1974983215332,54.255001068115234,54.6875,52.47903823852539,159053200,0.0,0.0
2019-09-16 04:00:00+00:00,54.432498931884766,55.032501220703125,54.38999938964844,54.974998474121094,52.75491714477539,84632400,0.0,0.0
2019-09-17 04:00:00+00:00,54.9900016784668,55.20500183105469,54.779998779296875,55.17499923706055,52.94685363769531,73274800,0.0,0.0
2019-09-18 04:00:00+00:00,55.26499938964844,55.712501525878906,54.86000061035156,55.692501068115234,53.443443298339844,101360000,0.0,0.0
2019-09-19 04:00:00+00:00,55.502498626708984,55.939998626708984,55.092498779296875,55.2400016784668,53.00922775268555,88242400,0.0,0.0
2019-09-20 04:00:00+00:00,55.345001220703125,55.63999938964844,54.36750030517578,54.432498931884766,52.23432540893555,221652400,0.0,0.0
2019-09-23 04:00:00+00:00,54.73749923706055,54.959999084472656,54.412498474121094,54.68000030517578,52.47184753417969,76662000,0.0,0.0
2019-09-24 04:00:00+00:00,55.25749969482422,55.622501373291016,54.29750061035156,54.41999816894531,52.22234344482422,124763200,0.0,0.0
2019-09-25 04:00:00+00:00,54.63750076293945,55.375,54.28499984741211,55.25749969482422,53.02601623535156,87613600,0.0,0.0
2019-09-26 04:00:00+00:00,55.0,55.23500061035156,54.70750045776367,54.97249984741211,52.75252914428711,75334000,0.0,0.0
2019-09-27 04:00:00+00:00,55.1349983215332,55.2400016784668,54.31999969482422,54.70500183105469,52.49583053588867,101408000,0.0,0.0
2019-09-30 04:00:00+00:00,55.224998474121094,56.14500045776367,55.1974983215332,55.99250030517578,53.73133850097656,103909600,0.0,0.0
2019-10-01 04:00:00+00:00,56.26750183105469,57.05500030517578,56.04999923706055,56.147499084472656,53.880069732666016,139223200,0.0,0.0
2019-10-02 04:00:00+00:00,55.76499938964844,55.89500045776367,54.48249816894531,54.7400016784668,52.529415130615234,138449200,0.0,0.0
2019-10-03 04:00:00+00:00,54.60749816894531,55.2400016784668,53.782501220703125,55.20500183105469,52.975643157958984,114426000,0.0,0.0
2019-10-04 04:00:00+00:00,56.40999984741211,56.872501373291016,55.97249984741211,56.752498626708984,54.460636138916016,138478800,0.0,0.0
2019-10-07 04:00:00+00:00,56.567501068115234,57.48249816894531,56.459999084472656,56.76499938964844,54.472625732421875,122306000,0.0,0.0
2019-10-08 04:00:00+00:00,56.45500183105469,57.01499938964844,56.08250045776367,56.099998474121094,53.83449935913086,111820000,0.0,0.0
2019-10-09 04:00:00+00:00,56.75749969482422,56.9474983215332,56.40999984741211,56.75749969482422,54.46543502807617,74770400,0.0,0.0
2019-10-10 04:00:00+00:00,56.98249816894531,57.61000061035156,56.82500076293945,57.522499084472656,55.19955062866211,113013600,0.0,0.0
2019-10-11 04:00:00+00:00,58.23749923706055,59.40999984741211,58.07749938964844,59.0525016784668,56.667762756347656,166795600,0.0,0.0
2019-10-14 04:00:00+00:00,58.724998474121094,59.532501220703125,58.66749954223633,58.967498779296875,56.58620071411133,96427600,0.0,0.0
2019-10-15 04:00:00+00:00,59.09749984741211,59.412498474121094,58.720001220703125,58.83000183105469,56.45425033569336,87360000,0.0,0.0
2019-10-16 04:00:00+00:00,58.342498779296875,58.810001373291016,58.29999923706055,58.592498779296875,56.2263298034668,73903200,0.0,0.0
2019-10-17 04:00:00+00:00,58.772499084472656,59.037498474121094,58.380001068115234,58.81999969482422,56.44465637207031,67585200,0.0,0.0
2019-10-18 04:00:00+00:00,58.647499084472656,59.39500045776367,58.5724983215332,59.102500915527344,56.71574020385742,97433600,0.0,0.0
2019-10-21 04:00:00+00:00,59.380001068115234,60.247501373291016,59.33000183105469,60.127498626708984,57.6993522644043,87247200,0.0,0.0
2019-10-22 04:00:00+00:00,60.290000915527344,60.54999923706055,59.904998779296875,59.9900016784668,57.56739807128906,82293600,0.0,0.0
2019-10-23 04:00:00+00:00,60.525001525878906,60.810001373291016,60.30500030517578,60.79499816894531,58.33988952636719,75828800,0.0,0.0
2019-10-24 04:00:00+00:00,61.127498626708984,61.20000076293945,60.45249938964844,60.89500045776367,58.43585205078125,69275200,0.0,0.0
2019-10-25 04:00:00+00:00,60.790000915527344,61.682498931884766,60.720001220703125,61.64500045776367,59.15556716918945,73477200,0.0,0.0
2019-10-28 04:00:00+00:00,61.85499954223633,62.3125,61.68000030517578,62.26250076293945,59.748130798339844,96572800,0.0,0.0
2019-10-29 04:00:00+00:00,62.24250030517578,62.4375,60.64250183105469,60.8224983215332,58.36627197265625,142839600,0.0,0.0
2019-10-30 04:00:00+00:00,61.189998626708984,61.32500076293945,60.3025016784668,60.814998626708984,58.35908508300781,124522000,0.0,0.0
2019-10-31 04:00:00+00:00,61.810001373291016,62.29249954223633,59.314998626708984,62.189998626708984,59.67857360839844,139162000,0.0,0.0
2019-11-01 04:00:00+00:00,62.3849983215332,63.98249816894531,62.290000915527344,63.95500183105469,61.37228012084961,151125200,0.0,0.0
2019-11-04 05:00:00+00:00,64.3324966430664,64.4625015258789,63.845001220703125,64.375,61.77531433105469,103272000,0.0,0.0
2019-11-05 05:00:00+00:00,64.26249694824219,64.54750061035156,64.08000183105469,64.28250122070312,61.686561584472656,79897600,0.0,0.0
2019-11-06 05:00:00+00:00,64.19249725341797,64.37249755859375,63.842498779296875,64.30999755859375,61.71294021606445,75864400,0.0,0.0
2019-11-07 05:00:00+00:00,64.68499755859375,65.0875015258789,64.52749633789062,64.85749816894531,62.42518997192383,94940400,0.1925,0.0
2019-11-08 05:00:00+00:00,64.67250061035156,65.11000061035156,64.2125015258789,65.03500366210938,62.59603500366211,69986400,0.0,0.0
2019-11-11 05:00:00+00:00,64.57499694824219,65.61750030517578,64.56999969482422,65.55000305175781,63.09170913696289,81821200,0.0,0.0
2019-11-12 05:00:00+00:00,65.38749694824219,65.69750213623047,65.2300033569336,65.48999786376953,63.03396987915039,87388800,0.0,0.0
2019-11-13 05:00:00+00:00,65.28250122070312,66.19499969482422,65.26750183105469,66.11750030517578,63.63794708251953,102734400,0.0,0.0
2019-11-14 05:00:00+00:00,65.9375,66.22000122070312,65.5250015258789,65.66000366210938,63.197593688964844,89182800,0.0,0.0
2019-11-15 05:00:00+00:00,65.91999816894531,66.44499969482422,65.75250244140625,66.44000244140625,63.94834899902344,100206400,0.0,0.0
2019-11-18 05:00:00+00:00,66.44999694824219,66.85749816894531,66.05750274658203,66.7750015258789,64.27079010009766,86703200,0.0,0.0
2019-11-19 05:00:00+00:00,66.9749984741211,67.0,66.34750366210938,66.57250213623047,64.07587432861328,76167200,0.0,0.0
2019-11-20 05:00:00+00:00,66.38500213623047,66.5199966430664,65.0999984741211,65.79750061035156,63.3299560546875,106234400,0.0,0.0
2019-11-21 05:00:00+00:00,65.92250061035156,66.00250244140625,65.29499816894531,65.50250244140625,63.04600524902344,121395200,0.0,0.0
2019-11-22 05:00:00+00:00,65.64749908447266,65.79499816894531,65.20999908447266,65.44499969482422,62.99067687988281,65325200,0.0,0.0
2019-11-25 05:00:00+00:00,65.67749786376953,66.61000061035156,65.62999725341797,66.59249877929688,64.09512329101562,84020400,0.0,0.0
2019-11-26 05:00:00+00:00,66.73500061035156,66.79000091552734,65.625,66.07250213623047,63.59463119506836,105207600,0.0,0.0
2019-11-27 05:00:00+00:00,66.3949966430664,66.99500274658203,66.32749938964844,66.95999908447266,64.44883728027344,65235600,0.0,0.0
2019-11-29 05:00:00+00:00,66.6500015258789,67.0,66.4749984741211,66.8125,64.30687713623047,46617600,0.0,0.0
2019-12-02 05:00:00+00:00,66.81749725341797,67.0625,65.86250305175781,66.04000091552734,63.563350677490234,94487200,0.0,0.0
2019-12-03 05:00:00+00:00,64.57749938964844,64.88249969482422,64.07250213623047,64.86250305175781,62.43000030517578,114430400,0.0,0.0
2019-12-04 05:00:00+00:00,65.26750183105469,65.82749938964844,65.16999816894531,65.43499755859375,62.98103713989258,67181600,0.0,0.0
2019-12-05 05:00:00+00:00,65.94750213623047,66.47250366210938,65.68250274658203,66.3949966430664,63.90504837036133,74424400,0.0,0.0
2019-12-06 05:00:00+00:00,66.87000274658203,67.75,66.82499694824219,67.67749786376953,65.13944244384766,106075600,0.0,0.0
2019-12-09 05:00:00+00:00,67.5,67.69999694824219,66.22750091552734,66.7300033569336,64.22747039794922,128042400,0.0,0.0
2019-12-10 05:00:00+00:00,67.1500015258789,67.51750183105469,66.46499633789062,67.12000274658203,64.60283660888672,90420400,0.0,0.0
2019-12-11 05:00:00+00:00,67.20249938964844,67.7750015258789,67.125,67.69249725341797,65.15388488769531,78756800,0.0,0.0
2019-12-12 05:00:00+00:00,66.94499969482422,68.13999938964844,66.83000183105469,67.86499786376953,65.31990814208984,137310400,0.0,0.0
2019-12-13 05:00:00+00:00,67.86499786376953,68.82499694824219,67.73249816894531,68.7874984741211,66.20780944824219,133587600,0.0,0.0
2019-12-16 05:00:00+00:00,69.25,70.19750213623047,69.24500274658203,69.96499633789062,67.34114837646484,128186000,0.0,0.0
2019-12-17 05:00:00+00:00,69.89250183105469,70.44249725341797,69.69999694824219,70.10250091552734,67.47348022460938,114158400,0.0,0.0
2019-12-18 05:00:00+00:00,69.94999694824219,70.4749984741211,69.77999877929688,69.93499755859375,67.31224822998047,116028400,0.0,0.0
2019-12-19 05:00:00+00:00,69.875,70.29499816894531,69.73750305175781,70.00499725341797,67.37963104248047,98369200,0.0,0.0
2019-12-20 05:00:00+00:00,70.55750274658203,70.6624984741211,69.63999938964844,69.86000061035156,67.24008178710938,275978000,0.0,0.0
2019-12-23 05:00:00+00:00,70.13249969482422,71.0625,70.09249877929688,71.0,68.33733367919922,98572000,0.0,0.0
2019-12-24 05:00:00+00:00,71.17250061035156,71.22250366210938,70.7300033569336,71.06749725341797,68.4023208618164,48478800,0.0,0.0
2019-12-26 05:00:00+00:00,71.20500183105469,72.49500274658203,71.17500305175781,72.47750091552734,69.75941467285156,93121200,0.0,0.0
2019-12-27 05:00:00+00:00,72.77999877929688,73.49250030517578,72.02999877929688,72.44999694824219,69.73294830322266,146266000,0.0,0.0
2019-12-30 05:00:00+00:00,72.36499786376953,73.17250061035156,71.30500030517578,72.87999725341797,70.14683532714844,144114400,0.0,0.0
2019-12-31 05:00:00+00:00,72.48249816894531,73.41999816894531,72.37999725341797,73.4124984741211,70.65936279296875,100805600,0.0,0.0
2020-01-02 05:00:00+00:00,74.05999755859375,75.1500015258789,73.79750061035156,75.0875015258789,72.27155303955078,135480400,0.0,0.0
2020-01-03 05:00:00+00:00,74.2874984741211,75.1449966430664,74.125,74.35749816894531,71.56892395019531,146322800,0.0,0.0
2020-01-06 05:00:00+00:00,73.44750213623047,74.98999786376953,73.1875,74.94999694824219,72.13917541503906,118387200,0.0,0.0
2020-01-07 05:00:00+00:00,74.95999908447266,75.2249984741211,74.37000274658203,74.59750366210938,71.79991149902344,108872000,0.0,0.0
2020-01-08 05:00:00+00:00,74.29000091552734,76.11000061035156,74.29000091552734,75.79750061035156,72.95494079589844,132079200,0.0,0.0
2020-01-09 05:00:00+00:00,76.80999755859375,77.60749816894531,76.55000305175781,77.40750122070312,74.5045394897461,170108400,0.0,0.0
2020-01-10 05:00:00+00:00,77.6500015258789,78.1675033569336,77.0625,77.5824966430664,74.6729507446289,140644800,0.0,0.0
2020-01-13 05:00:00+00:00,77.91000366210938,79.26750183105469,77.7874984741211,79.23999786376953,76.26830291748047,121532000,0.0,0.0
2020-01-14 05:00:00+00:00,79.17500305175781,79.39250183105469,78.0425033569336,78.16999816894531,75.23843383789062,161954400,0.0,0.0
2020-01-15 05:00:00+00:00,77.9625015258789,78.875,77.38749694824219,77.83499908447266,74.91600036621094,121923600,0.0,0.0
2020-01-16 05:00:00+00:00,78.39749908447266,78.92500305175781,78.02249908447266,78.80999755859375,75.85443115234375,108829200,0.0,0.0
2020-01-17 05:00:00+00:00,79.06749725341797,79.68499755859375,78.75,79.68250274658203,76.69422149658203,137816400,0.0,0.0
2020-01-21 05:00:00+00:00,79.29750061035156,79.75499725341797,79.0,79.14250183105469,76.17445373535156,110843200,0.0,0.0
2020-01-22 05:00:00+00:00,79.6449966430664,79.99749755859375,79.32749938964844,79.42500305175781,76.44636535644531,101832400,0.0,0.0
2020-01-23 05:00:00+00:00,79.4800033569336,79.88999938964844,78.9124984741211,79.80750274658203,76.81452178955078,104472000,0.0,0.0
2020-01-24 05:00:00+00:00,80.0625,80.8324966430664,79.37999725341797,79.57749938964844,76.5931625366211,146537600,0.0,0.0
2020-01-27 05:00:00+00:00,77.51499938964844,77.94249725341797,76.22000122070312,77.23750305175781,74.34093475341797,161940000,0.0,0.0
2020-01-28 05:00:00+00:00,78.1500015258789,79.5999984741211,78.04750061035156,79.42250061035156,76.4439697265625,162234000,0.0,0.0
2020-01-29 05:00:00+00:00,81.11250305175781,81.9625015258789,80.34500122070312,81.08499908447266,78.04412078857422,216229200,0.0,0.0
2020-01-30 05:00:00+00:00,80.13500213623047,81.02249908447266,79.6875,80.96749877929688,77.93102264404297,126743200,0.0,0.0
2020-01-31 05:00:00+00:00,80.23249816894531,80.66999816894531,77.07250213623047,77.37750244140625,74.47567749023438,199588400,0.0,0.0
2020-02-03 05:00:00+00:00,76.07499694824219,78.37249755859375,75.55500030517578,77.16500091552734,74.27112579345703,173788400,0.0,0.0
2020-02-04 05:00:00+00:00,78.82749938964844,79.91000366210938,78.40750122070312,79.7125015258789,76.72309112548828,136616400,0.0,0.0
2020-02-05 05:00:00+00:00,80.87999725341797,81.19000244140625,79.73750305175781,80.36250305175781,77.34870147705078,118826800,0.0,0.0
2020-02-06 05:00:00+00:00,80.64250183105469,81.30500030517578,80.06500244140625,81.30249786376953,78.25348663330078,105425600,0.0,0.0
2020-02-07 05:00:00+00:00,80.59249877929688,80.8499984741211,79.5,80.00749969482422,77.18980407714844,117684000,0.1925,0.0
2020-02-10 05:00:00+00:00,78.54499816894531,80.38749694824219,78.4625015258789,80.38749694824219,77.55640411376953,109348800,0.0,0.0
2020-02-11 05:00:00+00:00,80.9000015258789,80.9749984741211,79.67749786376953,79.90249633789062,77.08848571777344,94323200,0.0,0.0
2020-02-12 05:00:00+00:00,80.36750030517578,81.80500030517578,80.36750030517578,81.80000305175781,78.91917419433594,113730400,0.0,0.0
2020-02-13 05:00:00+00:00,81.04750061035156,81.55500030517578,80.8375015258789,81.21749877929688,78.35718536376953,94747600,0.0,0.0
2020-02-14 05:00:00+00:00,81.18499755859375,81.49500274658203,80.7125015258789,81.23750305175781,78.37647247314453,80113600,0.0,0.0
2020-02-18 05:00:00+00:00,78.83999633789062,79.9375,78.65249633789062,79.75,76.94134521484375,152531200,0.0,0.0
2020-02-19 05:00:00+00:00,80.0,81.14250183105469,80.0,80.90499877929688,78.05567169189453,93984000,0.0,0.0
2020-02-20 05:00:00+00:00,80.65750122070312,81.1624984741211,79.55249786376953,80.07499694824219,77.25491333007812,100566000,0.0,0.0
2020-02-21 05:00:00+00:00,79.65499877929688,80.11250305175781,77.625,78.26249694824219,75.50624084472656,129554000,0.0,0.0
2020-02-24 05:00:00+00:00,74.31500244140625,76.04499816894531,72.30750274658203,74.54499816894531,71.919677734375,222195200,0.0,0.0
2020-02-25 05:00:00+00:00,75.23750305175781,75.63249969482422,71.53250122070312,72.0199966430664,69.48358917236328,230673600,0.0,0.0
2020-02-26 05:00:00+00:00,71.63249969482422,74.47000122070312,71.625,73.1624984741211,70.58584594726562,198054800,0.0,0.0
2020-02-27 05:00:00+00:00,70.2750015258789,71.5,68.23999786376953,68.37999725341797,65.97177124023438,320605600,0.0,0.0
2020-02-28 05:00:00+00:00,64.31500244140625,69.60250091552734,64.09249877929688,68.33999633789062,65.9332046508789,426510000,0.0,0.0
2020-03-02 05:00:00+00:00,70.56999969482422,75.36000061035156,69.43000030517578,74.70249938964844,72.07162475585938,341397200,0.0,0.0
2020-03-03 05:00:00+00:00,75.9175033569336,76.0,71.44999694824219,72.33000183105469,69.78266906738281,319475600,0.0,0.0
2020-03-04 05:00:00+00:00,74.11000061035156,75.8499984741211,73.28250122070312,75.68499755859375,73.01951599121094,219178400,0.0,0.0
2020-03-05 05:00:00+00:00,73.87999725341797,74.88749694824219,72.85250091552734,73.2300033569336,70.6510009765625,187572800,0.0,0.0
2020-03-06 05:00:00+00:00,70.5,72.70500183105469,70.30750274658203,72.25749969482422,69.71273040771484,226176800,0.0,0.0
2020-03-09 04:00:00+00:00,65.9375,69.52249908447266,65.75,66.5425033569336,64.19902038574219,286744800,0.0,0.0
2020-03-10 04:00:00+00:00,69.28500366210938,71.61000061035156,67.34249877929688,71.33499908447266,68.82271575927734,285290000,0.0,0.0
2020-03-11 04:00:00+00:00,69.34750366210938,70.30500030517578,67.96499633789062,68.85749816894531,66.43247985839844,255598800,0.0,0.0
2020-03-12 04:00:00+00:00,63.98500061035156,67.5,62.0,62.057498931884766,59.8719482421875,418474000,0.0,0.0
2020-03-13 04:00:00+00:00,66.22250366210938,69.9800033569336,63.23749923706055,69.49250030517578,67.04511260986328,370732000,0.0,0.0
2020-03-16 04:00:00+00:00,60.48749923706055,64.7699966430664,60.0,60.5525016784668,58.419960021972656,322423600,0.0,0.0
2020-03-17 04:00:00+00:00,61.877498626708984,64.40249633789062,59.599998474121094,63.21500015258789,60.988685607910156,324056000,0.0,0.0
2020-03-18 04:00:00+00:00,59.942501068115234,62.5,59.279998779296875,61.66749954223633,59.495689392089844,300233600,0.0,0.0
2020-03-19 04:00:00+00:00,61.84749984741211,63.209999084472656,60.65250015258789,61.19499969482422,59.039825439453125,271857200,0.0,0.0
2020-03-20 04:00:00+00:00,61.79499816894531,62.95750045776367,57.0,57.310001373291016,55.29165267944336,401693200,0.0,0.0
2020-03-23 04:00:00+00:00,57.02000045776367,57.125,53.15250015258789,56.092498779296875,54.11703109741211,336752800,0.0,0.0
2020-03-24 04:00:00+00:00,59.09000015258789,61.92250061035156,58.57500076293945,61.720001220703125,59.546348571777344,287531200,0.0,0.0
2020-03-25 04:00:00+00:00,62.6875,64.5625,61.07500076293945,61.380001068115234,59.21832275390625,303602000,0.0,0.0
2020-03-26 04:00:00+00:00,61.630001068115234,64.66999816894531,61.59000015258789,64.61000061035156,62.334564208984375,252087200,0.0,0.0
2020-03-27 04:00:00+00:00,63.1875,63.967498779296875,61.76250076293945,61.935001373291016,59.75376892089844,204216800,0.0,0.0
2020-03-30 04:00:00+00:00,62.685001373291016,63.880001068115234,62.349998474121094,63.70249938964844,61.459014892578125,167976400,0.0,0.0
2020-03-31 04:00:00+00:00,63.900001525878906,65.62249755859375,63.0,63.5724983215332,61.33358383178711,197002000,0.0,0.0
2020-04-01 04:00:00+00:00,61.625,62.18000030517578,59.782501220703125,60.227500915527344,58.10640335083008,176218400,0.0,0.0
2020-04-02 04:00:00+00:00,60.084999084472656,61.287498474121094,59.224998474121094,61.23249816894531,59.076011657714844,165934000,0.0,0.0
2020-04-03 04:00:00+00:00,60.70000076293945,61.42499923706055,59.74250030517578,60.352500915527344,58.22700881958008,129880000,0.0,0.0
2020-04-06 04:00:00+00:00,62.724998474121094,65.77749633789062,62.345001220703125,65.61750030517578,63.30658721923828,201820400,0.0,0.0
2020-04-07 04:00:00+00:00,67.69999694824219,67.92500305175781,64.75,64.85749816894531,62.57334899902344,202887200,0.0,0.0
2020-04-08 04:00:00+00:00,65.68499755859375,66.84249877929688,65.30750274658203,66.51750183105469,64.17487335205078,168895200,0.0,0.0
2020-04-09 04:00:00+00:00,67.17500305175781,67.51750183105469,66.17500305175781,66.99749755859375,64.6379623413086,161834800,0.0,0.0
2020-04-13 04:00:00+00:00,67.07749938964844,68.42500305175781,66.4574966430664,68.3125,65.90666961669922,131022800,0.0,0.0
2020-04-14 04:00:00+00:00,70.0,72.0625,69.51249694824219,71.76249694824219,69.23516082763672,194994800,0.0,0.0
2020-04-15 04:00:00+00:00,70.5999984741211,71.5824966430664,70.15750122070312,71.10749816894531,68.60322570800781,131154400,0.0,0.0
2020-04-16 04:00:00+00:00,71.84500122070312,72.05000305175781,70.5875015258789,71.67250061035156,69.1483383178711,157125200,0.0,0.0
2020-04-17 04:00:00+00:00,71.17250061035156,71.73750305175781,69.21499633789062,70.69999694824219,68.21009063720703,215250000,0.0,0.0
2020-04-20 04:00:00+00:00,69.48750305175781,70.41999816894531,69.2125015258789,69.23249816894531,66.79426574707031,130015200,0.0,0.0
2020-04-21 04:00:00+00:00,69.06999969482422,69.3125,66.35749816894531,67.09249877929688,64.72964477539062,180991600,0.0,0.0
2020-04-22 04:00:00+00:00,68.40249633789062,69.4749984741211,68.05000305175781,69.0250015258789,66.59408569335938,116862400,0.0,0.0
2020-04-23 04:00:00+00:00,68.96749877929688,70.4375,68.71749877929688,68.75749969482422,66.33598327636719,124814400,0.0,0.0
2020-04-24 04:00:00+00:00,69.30000305175781,70.75250244140625,69.25,70.74250030517578,68.25109100341797,126161200,0.0,0.0
2020-04-27 04:00:00+00:00,70.44999694824219,71.13500213623047,69.98750305175781,70.7925033569336,68.29930114746094,117087600,0.0,0.0
2020-04-28 04:00:00+00:00,71.2699966430664,71.4574966430664,69.55000305175781,69.6449966430664,67.19223022460938,112004800,0.0,0.0
2020-04-29 04:00:00+00:00,71.18250274658203,72.4175033569336,70.97250366210938,71.93250274658203,69.39917755126953,137280800,0.0,0.0
2020-04-30 04:00:00+00:00,72.48999786376953,73.63249969482422,72.0875015258789,73.44999694824219,70.86322784423828,183064000,0.0,0.0
2020-05-01 04:00:00+00:00,71.5625,74.75,71.4625015258789,72.26750183105469,69.72238159179688,240616800,0.0,0.0
2020-05-04 04:00:00+00:00,72.2925033569336,73.42250061035156,71.58000183105469,73.29000091552734,70.70887756347656,133568000,0.0,0.0
2020-05-05 04:00:00+00:00,73.76499938964844,75.25,73.61499786376953,74.38999938964844,71.7701187133789,147751200,0.0,0.0
2020-05-06 04:00:00+00:00,75.11499786376953,75.80999755859375,74.71749877929688,75.15750122070312,72.5105972290039,142333600,0.0,0.0
2020-05-07 04:00:00+00:00,75.80500030517578,76.2925033569336,75.49250030517578,75.93499755859375,73.26073455810547,115215200,0.0,0.0
2020-05-08 04:00:00+00:00,76.41000366210938,77.5875015258789,76.07250213623047,77.53250122070312,75.00442504882812,133838400,0.205,0.0
2020-05-11 04:00:00+00:00,77.0250015258789,79.26249694824219,76.80999755859375,78.75250244140625,76.1846694946289,145946400,0.0,0.0
2020-05-12 04:00:00+00:00,79.4574966430664,79.92250061035156,77.72750091552734,77.85250091552734,75.31400299072266,162301200,0.0,0.0
2020-05-13 04:00:00+00:00,78.0374984741211,78.98750305175781,75.80249786376953,76.9124984741211,74.40464782714844,200622400,0.0,0.0
2020-05-14 04:00:00+00:00,76.12750244140625,77.44750213623047,75.38249969482422,77.38500213623047,74.86175537109375,158929200,0.0,0.0
2020-05-15 04:00:00+00:00,75.0875015258789,76.9749984741211,75.05249786376953,76.92749786376953,74.41917419433594,166348400,0.0,0.0
2020-05-18 04:00:00+00:00,78.2925033569336,79.125,77.58000183105469,78.73999786376953,76.17256927490234,135178400,0.0,0.0
2020-05-19 04:00:00+00:00,78.75749969482422,79.62999725341797,78.25250244140625,78.28500366210938,75.73240661621094,101729600,0.0,0.0
2020-05-20 04:00:00+00:00,79.16999816894531,79.87999725341797,79.12999725341797,79.80750274658203,77.20524597167969,111504800,0.0,0.0
2020-05-21 04:00:00+00:00,79.66500091552734,80.22250366210938,78.96749877929688,79.2125015258789,76.6296615600586,102688800,0.0,0.0
2020-05-22 04:00:00+00:00,78.94249725341797,79.80750274658203,78.8375015258789,79.72250366210938,77.123046875,81803200,0.0,0.0
2020-05-26 04:00:00+00:00,80.875,81.05999755859375,79.125,79.18250274658203,76.60064697265625,125522000,0.0,0.0
2020-05-27 04:00:00+00:00,79.03500366210938,79.67749786376953,78.27249908447266,79.52749633789062,76.93439483642578,112945200,0.0,0.0
2020-05-28 04:00:00+00:00,79.19249725341797,80.86000061035156,78.90750122070312,79.5625,76.96823120117188,133560800,0.0,0.0
2020-05-29 04:00:00+00:00,79.8125,80.2874984741211,79.11750030517578,79.48500061035156,76.8932876586914,153532400,0.0,0.0
2020-06-01 04:00:00+00:00,79.4375,80.5875015258789,79.30249786376953,80.4625015258789,77.8388900756836,80791200,0.0,0.0
2020-06-02 04:00:00+00:00,80.1875,80.86000061035156,79.73249816894531,80.83499908447266,78.19926452636719,87642800,0.0,0.0
2020-06-03 04:00:00+00:00,81.16500091552734,81.55000305175781,80.57499694824219,81.27999877929688,78.6297378540039,104491200,0.0,0.0
2020-06-04 04:00:00+00:00,81.09750366210938,81.40499877929688,80.19499969482422,80.58000183105469,77.95254516601562,87560400,0.0,0.0
2020-06-05 04:00:00+00:00,80.8375015258789,82.9375,80.80750274658203,82.875,80.1727523803711,137250400,0.0,0.0
2020-06-08 04:00:00+00:00,82.5625,83.4000015258789,81.83000183105469,83.36499786376953,80.64676666259766,95654400,0.0,0.0
2020-06-09 04:00:00+00:00,83.03500366210938,86.40249633789062,83.00250244140625,85.99749755859375,83.19342803955078,147712400,0.0,0.0
2020-06-10 04:00:00+00:00,86.9749984741211,88.69249725341797,86.52249908447266,88.20999908447266,85.33378601074219,166651600,0.0,0.0
2020-06-11 04:00:00+00:00,87.32749938964844,87.76499938964844,83.87000274658203,83.9749984741211,81.23687744140625,201662400,0.0,0.0
2020-06-12 04:00:00+00:00,86.18000030517578,86.94999694824219,83.55500030517578,84.69999694824219,81.93824005126953,200146000,0.0,0.0
2020-06-15 04:00:00+00:00,83.3125,86.41999816894531,83.1449966430664,85.74749755859375,82.95159149169922,138808800,0.0,0.0
2020-06-16 04:00:00+00:00,87.86499786376953,88.30000305175781,86.18000030517578,88.0199966430664,85.14999389648438,165428800,0.0,0.0
2020-06-17 04:00:00+00:00,88.7874984741211,88.8499984741211,87.77249908447266,87.89749908447266,85.0314712524414,114406400,0.0,0.0
2020-06-18 04:00:00+00:00,87.85250091552734,88.36250305175781,87.30500030517578,87.93250274658203,85.06532287597656,96820400,0.0,0.0
2020-06-19 04:00:00+00:00,88.66000366210938,89.13999938964844,86.2874984741211,87.43000030517578,84.5792236328125,264476000,0.0,0.0
2020-06-22 04:00:00+00:00,87.83499908447266,89.86499786376953,87.7874984741211,89.71749877929688,86.79212188720703,135445200,0.0,0.0
2020-06-23 04:00:00+00:00,91.0,93.09500122070312,90.56749725341797,91.63249969482422,88.64468383789062,212155600,0.0,0.0
2020-06-24 04:00:00+00:00,91.25,92.19750213623047,89.62999725341797,90.01499938964844,87.07994079589844,192623200,0.0,0.0
2020-06-25 04:00:00+00:00,90.17500305175781,91.25,89.39250183105469,91.20999908447266,88.23597717285156,137522400,0.0,0.0
2020-06-26 04:00:00+00:00,91.10250091552734,91.33000183105469,88.25499725341797,88.40750122070312,85.52483367919922,205256800,0.0,0.0
2020-06-29 04:00:00+00:00,88.3125,90.5425033569336,87.81999969482422,90.44499969482422,87.49591827392578,130646000,0.0,0.0
2020-06-30 04:00:00+00:00,90.0199966430664,91.49500274658203,90.0,91.19999694824219,88.2262954711914,140223200,0.0,0.0
2020-07-01 04:00:00+00:00,91.27999877929688,91.83999633789062,90.97750091552734,91.02749633789062,88.05941772460938,110737200,0.0,0.0
2020-07-02 04:00:00+00:00,91.9625015258789,92.61750030517578,90.91000366210938,91.02749633789062,88.05941772460938,114041600,0.0,0.0
2020-07-06 04:00:00+00:00,92.5,93.94499969482422,92.46749877929688,93.4625015258789,90.41502380371094,118655600,0.0,0.0
2020-07-07 04:00:00+00:00,93.85250091552734,94.65499877929688,93.05750274658203,93.17250061035156,90.13446807861328,112424400,0.0,0.0
2020-07-08 04:00:00+00:00,94.18000030517578,95.375,94.08999633789062,95.34249877929688,92.23372650146484,117092000,0.0,0.0
2020-07-09 04:00:00+00:00,96.26249694824219,96.31749725341797,94.67250061035156,95.75250244140625,92.63035583496094,125642800,0.0,0.0
2020-07-10 04:00:00+00:00,95.33499908447266,95.9800033569336,94.70500183105469,95.91999816894531,92.79238891601562,90257200,0.0,0.0
2020-07-13 04:00:00+00:00,97.26499938964844,99.95500183105469,95.25749969482422,95.47750091552734,92.36431884765625,191649200,0.0,0.0
2020-07-14 04:00:00+00:00,94.83999633789062,97.25499725341797,93.87750244140625,97.05750274658203,93.8927993774414,170989200,0.0,0.0
2020-07-15 04:00:00+00:00,98.98999786376953,99.24749755859375,96.48999786376953,97.7249984741211,94.5385513305664,153198000,0.0,0.0
2020-07-16 04:00:00+00:00,96.5625,97.40499877929688,95.90499877929688,96.52249908447266,93.375244140625,110577600,0.0,0.0
2020-07-17 04:00:00+00:00,96.98750305175781,97.14749908447266,95.83999633789062,96.32749938964844,93.18659210205078,92186800,0.0,0.0
2020-07-20 04:00:00+00:00,96.4175033569336,98.5,96.0625,98.35749816894531,95.1504135131836,90318000,0.0,0.0
2020-07-21 04:00:00+00:00,99.17250061035156,99.25,96.74250030517578,97.0,93.83718872070312,103433200,0.0,0.0
2020-07-22 04:00:00+00:00,96.69249725341797,97.9749984741211,96.60250091552734,97.27249908447266,94.10079956054688,89001600,0.0,0.0
2020-07-23 04:00:00+00:00,96.99749755859375,97.07749938964844,92.01000213623047,92.84500122070312,89.8176498413086,197004400,0.0,0.0
2020-07-24 04:00:00+00:00,90.98750305175781,92.97000122070312,89.1449966430664,92.61499786376953,89.59516143798828,185438800,0.0,0.0
2020-07-27 04:00:00+00:00,93.70999908447266,94.90499877929688,93.4800033569336,94.80999755859375,91.71858215332031,121214000,0.0,0.0
2020-07-28 04:00:00+00:00,94.36750030517578,94.55000305175781,93.24749755859375,93.25250244140625,90.21187591552734,103625600,0.0,0.0
2020-07-29 04:00:00+00:00,93.75,95.2300033569336,93.7125015258789,95.04000091552734,91.94107818603516,90329200,0.0,0.0
2020-07-30 04:00:00+00:00,94.1875,96.29750061035156,93.76750183105469,96.19000244140625,93.0535888671875,158130000,0.0,0.0
2020-07-31 04:00:00+00:00,102.88500213623047,106.41500091552734,100.82499694824219,106.26000213623047,102.79524230957031,374336800,0.0,0.0
2020-08-03 04:00:00+00:00,108.19999694824219,111.63749694824219,107.89250183105469,108.9375,105.38545227050781,308151200,0.0,0.0
2020-08-04 04:00:00+00:00,109.13249969482422,110.79000091552734,108.38749694824219,109.66500091552734,106.08920288085938,173071600,0.0,0.0
2020-08-05 04:00:00+00:00,109.37750244140625,110.39250183105469,108.89749908447266,110.0625,106.4737548828125,121776800,0.0,0.0
2020-08-06 04:00:00+00:00,110.40499877929688,114.4124984741211,109.79750061035156,113.90249633789062,110.18852996826172,202428800,0.0,0.0
2020-08-07 04:00:00+00:00,113.20500183105469,113.67500305175781,110.2925033569336,111.11250305175781,107.68333435058594,198045600,0.205,0.0
2020-08-10 04:00:00+00:00,112.5999984741211,113.7750015258789,110.0,112.72750091552734,109.24847412109375,212403600,0.0,0.0
2020-08-11 04:00:00+00:00,111.97000122070312,112.48249816894531,109.10749816894531,109.375,105.99943542480469,187902400,0.0,0.0
2020-08-12 04:00:00+00:00,110.49749755859375,113.2750015258789,110.29750061035156,113.01000213623047,109.52224731445312,165598000,0.0,0.0
2020-08-13 04:00:00+00:00,114.43000030517578,116.0425033569336,113.92749786376953,115.01000213623047,111.4605484008789,210082000,0.0,0.0
2020-08-14 04:00:00+00:00,114.83000183105469,115.0,113.04499816894531,114.90750122070312,111.36119842529297,165565200,0.0,0.0
2020-08-17 04:00:00+00:00,116.0625,116.0875015258789,113.9625015258789,114.60749816894531,111.07046508789062,119561600,0.0,0.0
2020-08-18 04:00:00+00:00,114.35250091552734,116.0,114.00749969482422,115.5625,111.99598693847656,105633600,0.0,0.0
2020-08-19 04:00:00+00:00,115.98249816894531,117.1624984741211,115.61000061035156,115.7074966430664,112.13650512695312,145538000,0.0,0.0
2020-08-20 04:00:00+00:00,115.75,118.39250183105469,115.73249816894531,118.2750015258789,114.62477111816406,126907200,0.0,0.0
2020-08-21 04:00:00+00:00,119.26249694824219,124.86750030517578,119.25,124.37000274658203,120.53166961669922,338054800,0.0,0.0
2020-08-24 04:00:00+00:00,128.69749450683594,128.78500366210938,123.9375,125.85749816894531,121.9732666015625,345937600,0.0,0.0
2020-08-25 04:00:00+00:00,124.69750213623047,125.18000030517578,123.05249786376953,124.82499694824219,120.9726333618164,211495600,0.0,0.0
2020-08-26 04:00:00+00:00,126.18000030517578,126.99250030517578,125.0824966430664,126.52249908447266,122.61774444580078,163022400,0.0,0.0
2020-08-27 04:00:00+00:00,127.14250183105469,127.48500061035156,123.8324966430664,125.01000213623047,121.15190887451172,155552400,0.0,0.0
2020-08-28 04:00:00+00:00,126.01249694824219,126.44249725341797,124.57749938964844,124.80750274658203,120.95567321777344,187630000,0.0,0.0
2020-08-31 04:00:00+00:00,127.58000183105469,131.0,126.0,129.0399932861328,125.05758666992188,225702700,0.0,4.0
2020-09-01 04:00:00+00:00,132.75999450683594,134.8000030517578,130.52999877929688,134.17999267578125,130.03890991210938,151948100,0.0,0.0
2020-09-02 04:00:00+00:00,137.58999633789062,137.97999572753906,127.0,131.39999389648438,127.34469604492188,200119000,0.0,0.0
2020-09-03 04:00:00+00:00,126.91000366210938,128.83999633789062,120.5,120.87999725341797,117.14936065673828,257599600,0.0,0.0
2020-09-04 04:00:00+00:00,120.06999969482422,123.69999694824219,110.88999938964844,120.95999908447266,117.2269058227539,332607200,0.0,0.0
2020-09-08 04:00:00+00:00,113.94999694824219,118.98999786376953,112.68000030517578,112.81999969482422,109.33811950683594,231366600,0.0,0.0
2020-09-09 04:00:00+00:00,117.26000213623047,119.13999938964844,115.26000213623047,117.31999969482422,113.69926452636719,176940500,0.0,0.0
2020-09-10 04:00:00+00:00,120.36000061035156,120.5,112.5,113.48999786376953,109.9874496459961,182274400,0.0,0.0
2020-09-11 04:00:00+00:00,114.56999969482422,115.2300033569336,110.0,112.0,108.5434341430664,180860300,0.0,0.0
2020-09-14 04:00:00+00:00,114.72000122070312,115.93000030517578,112.80000305175781,115.36000061035156,111.79974365234375,140150100,0.0,0.0
2020-09-15 04:00:00+00:00,118.33000183105469,118.83000183105469,113.61000061035156,115.54000091552734,111.97418975830078,184642000,0.0,0.0
2020-09-16 04:00:00+00:00,115.2300033569336,116.0,112.04000091552734,112.12999725341797,108.66944122314453,154679000,0.0,0.0
2020-09-17 04:00:00+00:00,109.72000122070312,112.19999694824219,108.70999908447266,110.33999633789062,106.93466186523438,178011000,0.0,0.0
2020-09-18 04:00:00+00:00,110.4000015258789,110.87999725341797,106.08999633789062,106.83999633789062,103.54267120361328,287104900,0.0,0.0
2020-09-21 04:00:00+00:00,104.54000091552734,110.19000244140625,103.0999984741211,110.08000183105469,106.68270874023438,195713800,0.0,0.0
2020-09-22 04:00:00+00:00,112.68000030517578,112.86000061035156,109.16000366210938,111.80999755859375,108.35929870605469,183055400,0.0,0.0
2020-09-23 04:00:00+00:00,111.62000274658203,112.11000061035156,106.7699966430664,107.12000274658203,103.81402587890625,150718700,0.0,0.0
2020-09-24 04:00:00+00:00,105.16999816894531,110.25,105.0,108.22000122070312,104.88008880615234,167743300,0.0,0.0
2020-09-25 04:00:00+00:00,108.43000030517578,112.44000244140625,107.66999816894531,112.27999877929688,108.81480407714844,149981400,0.0,0.0
2020-09-28 04:00:00+00:00,115.01000213623047,115.31999969482422,112.77999877929688,114.95999908447266,111.4120864868164,137672400,0.0,0.0
2020-09-29 04:00:00+00:00,114.55000305175781,115.30999755859375,113.56999969482422,114.08999633789062,110.5689468383789,99382200,0.0,0.0
2020-09-30 04:00:00+00:00,113.79000091552734,117.26000213623047,113.62000274658203,115.80999755859375,112.23584747314453,142675200,0.0,0.0
2020-10-01 04:00:00+00:00,117.63999938964844,117.72000122070312,115.83000183105469,116.79000091552734,113.18559265136719,116120400,0.0,0.0
2020-10-02 04:00:00+00:00,112.88999938964844,115.37000274658203,112.22000122070312,113.0199966430664,109.53195190429688,144712000,0.0,0.0
2020-10-05 04:00:00+00:00,113.91000366210938,116.6500015258789,113.55000305175781,116.5,112.904541015625,106243800,0.0,0.0
2020-10-06 04:00:00+00:00,115.69999694824219,116.12000274658203,112.25,113.16000366210938,109.66764068603516,161498200,0.0,0.0
2020-10-07 04:00:00+00:00,114.62000274658203,115.55000305175781,114.12999725341797,115.08000183105469,111.52838897705078,96849000,0.0,0.0
2020-10-08 04:00:00+00:00,116.25,116.4000015258789,114.58999633789062,114.97000122070312,111.4217758178711,83477200,0.0,0.0
2020-10-09 04:00:00+00:00,115.27999877929688,117.0,114.91999816894531,116.97000122070312,113.36006164550781,100506900,0.0,0.0
2020-10-12 04:00:00+00:00,120.05999755859375,125.18000030517578,119.27999877929688,124.4000015258789,120.5607681274414,240226800,0.0,0.0
2020-10-13 04:00:00+00:00,125.2699966430664,125.38999938964844,119.6500015258789,121.0999984741211,117.36257934570312,262330500,0.0,0.0
2020-10-14 04:00:00+00:00,121.0,123.02999877929688,119.62000274658203,121.19000244140625,117.44983673095703,150712000,0.0,0.0
2020-10-15 04:00:00+00:00,118.72000122070312,121.19999694824219,118.1500015258789,120.70999908447266,116.984619140625,112559200,0.0,0.0
2020-10-16 04:00:00+00:00,121.27999877929688,121.55000305175781,118.80999755859375,119.0199966430664,115.3467788696289,115393800,0.0,0.0
2020-10-19 04:00:00+00:00,119.95999908447266,120.41999816894531,115.66000366210938,115.9800033569336,112.4006118774414,120639300,0.0,0.0
2020-10-20 04:00:00+00:00,116.19999694824219,118.9800033569336,115.62999725341797,117.51000213623047,113.8833999633789,124423700,0.0,0.0
2020-10-21 04:00:00+00:00,116.66999816894531,118.70999908447266,116.44999694824219,116.87000274658203,113.26313018798828,89946000,0.0,0.0
2020-10-22 04:00:00+00:00,117.44999694824219,118.04000091552734,114.58999633789062,115.75,112.17771911621094,101988000,0.0,0.0
2020-10-23 04:00:00+00:00,116.38999938964844,116.55000305175781,114.27999877929688,115.04000091552734,111.48960876464844,82572600,0.0,0.0
2020-10-26 04:00:00+00:00,114.01000213623047,116.55000305175781,112.87999725341797,115.05000305175781,111.49932098388672,111850700,0.0,0.0
2020-10-27 04:00:00+00:00,115.48999786376953,117.27999877929688,114.54000091552734,116.5999984741211,113.00146484375,92276800,0.0,0.0
2020-10-28 04:00:00+00:00,115.05000305175781,115.43000030517578,111.0999984741211,111.19999694824219,107.76811981201172,143937800,0.0,0.0
2020-10-29 04:00:00+00:00,112.37000274658203,116.93000030517578,112.19999694824219,115.31999969482422,111.76097869873047,146129200,0.0,0.0
2020-10-30 04:00:00+00:00,111.05999755859375,111.98999786376953,107.72000122070312,108.86000061035156,105.50035095214844,190272600,0.0,0.0
2020-11-02 05:00:00+00:00,109.11000061035156,110.68000030517578,107.31999969482422,108.7699966430664,105.4131088256836,122866900,0.0,0.0
2020-11-03 05:00:00+00:00,109.66000366210938,111.48999786376953,108.7300033569336,110.44000244140625,107.03157806396484,107624400,0.0,0.0
2020-11-04 05:00:00+00:00,114.13999938964844,115.58999633789062,112.3499984741211,114.94999694824219,111.40238952636719,138235500,0.0,0.0
2020-11-05 05:00:00+00:00,117.94999694824219,119.62000274658203,116.87000274658203,119.02999877929688,115.35647583007812,126387100,0.0,0.0
2020-11-06 05:00:00+00:00,118.31999969482422,119.19999694824219,116.12999725341797,118.69000244140625,115.22543334960938,114457900,0.205,0.0
2020-11-09 05:00:00+00:00,120.5,121.98999786376953,116.05000305175781,116.31999969482422,112.92459869384766,154515300,0.0,0.0
2020-11-10 05:00:00+00:00,115.55000305175781,117.58999633789062,114.12999725341797,115.97000122070312,112.58483123779297,138023400,0.0,0.0
2020-11-11 05:00:00+00:00,117.19000244140625,119.62999725341797,116.44000244140625,119.48999786376953,116.00206756591797,112295000,0.0,0.0
2020-11-12 05:00:00+00:00,119.62000274658203,120.52999877929688,118.56999969482422,119.20999908447266,115.730224609375,103162300,0.0,0.0
2020-11-13 05:00:00+00:00,119.44000244140625,119.66999816894531,117.87000274658203,119.26000213623047,115.7787857055664,81581900,0.0,0.0
2020-11-16 05:00:00+00:00,118.91999816894531,120.98999786376953,118.1500015258789,120.30000305175781,116.78843688964844,91183000,0.0,0.0
2020-11-17 05:00:00+00:00,119.55000305175781,120.66999816894531,118.95999908447266,119.38999938964844,115.90499114990234,74271000,0.0,0.0
2020-11-18 05:00:00+00:00,118.61000061035156,119.81999969482422,118.0,118.02999877929688,114.58466339111328,76322100,0.0,0.0
2020-11-19 05:00:00+00:00,117.58999633789062,119.05999755859375,116.80999755859375,118.63999938964844,115.17688751220703,74113000,0.0,0.0
2020-11-20 05:00:00+00:00,118.63999938964844,118.7699966430664,117.29000091552734,117.33999633789062,113.9148178100586,73604300,0.0,0.0
2020-11-23 05:00:00+00:00,117.18000030517578,117.62000274658203,113.75,113.8499984741211,110.52671813964844,127959300,0.0,0.0
2020-11-24 05:00:00+00:00,113.91000366210938,115.8499984741211,112.58999633789062,115.16999816894531,111.80815887451172,113874200,0.0,0.0
2020-11-25 05:00:00+00:00,115.55000305175781,116.75,115.16999816894531,116.02999877929688,112.64306640625,76499200,0.0,0.0
2020-11-27 05:00:00+00:00,116.56999969482422,117.48999786376953,116.22000122070312,116.58999633789062,113.18671417236328,46691300,0.0,0.0
2020-11-30 05:00:00+00:00,116.97000122070312,120.97000122070312,116.80999755859375,119.05000305175781,115.57491302490234,169410200,0.0,0.0
2020-12-01 05:00:00+00:00,121.01000213623047,123.47000122070312,120.01000213623047,122.72000122070312,119.1377944946289,127728200,0.0,0.0
2020-12-02 05:00:00+00:00,122.0199966430664,123.37000274658203,120.88999938964844,123.08000183105469,119.48727416992188,89004200,0.0,0.0
2020-12-03 05:00:00+00:00,123.5199966430664,123.77999877929688,122.20999908447266,122.94000244140625,119.35137176513672,78967600,0.0,0.0
2020-12-04 05:00:00+00:00,122.5999984741211,122.86000061035156,121.5199966430664,122.25,118.68150329589844,78260400,0.0,0.0
2020-12-07 05:00:00+00:00,122.30999755859375,124.56999969482422,122.25,123.75,120.1376953125,86712000,0.0,0.0
2020-12-08 05:00:00+00:00,124.37000274658203,124.9800033569336,123.08999633789062,124.37999725341797,120.74932861328125,82225500,0.0,0.0
2020-12-09 05:00:00+00:00,124.52999877929688,125.94999694824219,121.0,121.77999877929688,118.22521209716797,115089200,0.0,0.0
2020-12-10 05:00:00+00:00,120.5,123.87000274658203,120.1500015258789,123.23999786376953,119.64262390136719,81312200,0.0,0.0
2020-12-11 05:00:00+00:00,122.43000030517578,122.76000213623047,120.55000305175781,122.41000366210938,118.83683776855469,86939800,0.0,0.0
2020-12-14 05:00:00+00:00,122.5999984741211,123.3499984741211,121.54000091552734,121.77999877929688,118.22521209716797,79184500,0.0,0.0
2020-12-15 05:00:00+00:00,124.33999633789062,127.9000015258789,124.12999725341797,127.87999725341797,124.14715576171875,157243700,0.0,0.0
2020-12-16 05:00:00+00:00,127.41000366210938,128.3699951171875,126.55999755859375,127.80999755859375,124.07919311523438,98208600,0.0,0.0
2020-12-17 05:00:00+00:00,128.89999389648438,129.5800018310547,128.0399932861328,128.6999969482422,124.9432144165039,94359800,0.0,0.0
2020-12-18 05:00:00+00:00,128.9600067138672,129.10000610351562,126.12000274658203,126.66000366210938,122.96278381347656,192541500,0.0,0.0
2020-12-21 05:00:00+00:00,125.0199966430664,128.30999755859375,123.44999694824219,128.22999572753906,124.48693084716797,121251600,0.0,0.0
2020-12-22 05:00:00+00:00,131.61000061035156,134.41000366210938,129.64999389648438,131.8800048828125,128.0304412841797,168904800,0.0,0.0
2020-12-23 05:00:00+00:00,132.16000366210938,132.42999267578125,130.77999877929688,130.9600067138672,127.13726806640625,88223700,0.0,0.0
2020-12-24 05:00:00+00:00,131.32000732421875,133.4600067138672,131.10000610351562,131.97000122070312,128.1177978515625,54930100,0.0,0.0
2020-12-28 05:00:00+00:00,133.99000549316406,137.33999633789062,133.50999450683594,136.69000244140625,132.69993591308594,124486200,0.0,0.0
2020-12-29 05:00:00+00:00,138.0500030517578,138.7899932861328,134.33999633789062,134.8699951171875,130.93310546875,121047300,0.0,0.0
2020-12-30 05:00:00+00:00,135.5800018310547,135.99000549316406,133.39999389648438,133.72000122070312,129.81666564941406,96452100,0.0,0.0
2020-12-31 05:00:00+00:00,134.0800018310547,134.74000549316406,131.72000122070312,132.69000244140625,128.81674194335938,99116600,0.0,0.0
2021-01-04 05:00:00+00:00,133.52000427246094,133.61000061035156,126.76000213623047,129.41000366210938,125.63250732421875,143301900,0.0,0.0
2021-01-05 05:00:00+00:00,128.88999938964844,131.74000549316406,128.42999267578125,131.00999450683594,127.18582153320312,97664900,0.0,0.0
2021-01-06 05:00:00+00:00,127.72000122070312,131.0500030517578,126.37999725341797,126.5999984741211,122.90451049804688,155088000,0.0,0.0
2021-01-07 05:00:00+00:00,128.36000061035156,131.6300048828125,127.86000061035156,130.9199981689453,127.09841918945312,109578200,0.0,0.0
2021-01-08 05:00:00+00:00,132.42999267578125,132.6300048828125,130.22999572753906,132.0500030517578,128.19541931152344,105158200,0.0,0.0
2021-01-11 05:00:00+00:00,129.19000244140625,130.1699981689453,128.5,128.97999572753906,125.21502685546875,100384500,0.0,0.0
2021-01-12 05:00:00+00:00,128.5,129.69000244140625,126.86000061035156,128.8000030517578,125.04032897949219,91951100,0.0,0.0
2021-01-13 05:00:00+00:00,128.75999450683594,131.4499969482422,128.49000549316406,130.88999938964844,127.06926727294922,88636800,0.0,0.0
2021-01-14 05:00:00+00:00,130.8000030517578,131.0,128.75999450683594,128.91000366210938,125.14710235595703,90221800,0.0,0.0
2021-01-15 05:00:00+00:00,128.77999877929688,130.22000122070312,127.0,127.13999938964844,123.42876434326172,111598500,0.0,0.0
2021-01-19 05:00:00+00:00,127.77999877929688,128.7100067138672,126.94000244140625,127.83000183105469,124.09861755371094,90757300,0.0,0.0
2021-01-20 05:00:00+00:00,128.66000366210938,132.49000549316406,128.5500030517578,132.02999877929688,128.17599487304688,104319500,0.0,0.0
2021-01-21 05:00:00+00:00,133.8000030517578,139.6699981689453,133.58999633789062,136.8699951171875,132.87474060058594,120150900,0.0,0.0
2021-01-22 05:00:00+00:00,136.27999877929688,139.85000610351562,135.02000427246094,139.07000732421875,135.01052856445312,114459400,0.0,0.0
2021-01-25 05:00:00+00:00,143.07000732421875,145.08999633789062,136.5399932861328,142.9199981689453,138.7481231689453,157611700,0.0,0.0
2021-01-26 05:00:00+00:00,143.60000610351562,144.3000030517578,141.3699951171875,143.16000366210938,138.9811248779297,98390600,0.0,0.0
2021-01-27 05:00:00+00:00,143.42999267578125,144.3000030517578,140.41000366210938,142.05999755859375,137.91322326660156,140843800,0.0,0.0
2021-01-28 05:00:00+00:00,139.52000427246094,141.99000549316406,136.6999969482422,137.08999633789062,133.08831787109375,142621100,0.0,0.0
2021-01-29 05:00:00+00:00,135.8300018310547,136.74000549316406,130.2100067138672,131.9600067138672,128.10804748535156,177523800,0.0,0.0
2021-02-01 05:00:00+00:00,133.75,135.3800048828125,130.92999267578125,134.13999938964844,130.2244110107422,106239800,0.0,0.0
2021-02-02 05:00:00+00:00,135.72999572753906,136.30999755859375,134.61000061035156,134.99000549316406,131.04959106445312,83305400,0.0,0.0
2021-02-03 05:00:00+00:00,135.75999450683594,135.77000427246094,133.61000061035156,133.94000244140625,130.03025817871094,89880900,0.0,0.0
2021-02-04 05:00:00+00:00,136.3000030517578,137.39999389648438,134.58999633789062,137.38999938964844,133.37954711914062,84183100,0.0,0.0
2021-02-05 05:00:00+00:00,137.35000610351562,137.4199981689453,135.86000061035156,136.75999450683594,132.9663543701172,75693800,0.205,0.0
2021-02-08 05:00:00+00:00,136.02999877929688,136.9600067138672,134.9199981689453,136.91000366210938,133.11216735839844,71297200,0.0,0.0
2021-02-09 05:00:00+00:00,136.6199951171875,137.8800048828125,135.85000610351562,136.00999450683594,132.23715209960938,76774200,0.0,0.0
2021-02-10 05:00:00+00:00,136.47999572753906,136.99000549316406,134.39999389648438,135.38999938964844,131.6343231201172,73046600,0.0,0.0
2021-02-11 05:00:00+00:00,135.89999389648438,136.38999938964844,133.77000427246094,135.1300048828125,131.38156127929688,64280000,0.0,0.0
2021-02-12 05:00:00+00:00,134.35000610351562,135.52999877929688,133.69000244140625,135.3699951171875,131.6149139404297,60145100,0.0,0.0
2021-02-16 05:00:00+00:00,135.49000549316406,136.00999450683594,132.7899932861328,133.19000244140625,129.49534606933594,80576300,0.0,0.0
2021-02-17 05:00:00+00:00,131.25,132.22000122070312,129.47000122070312,130.83999633789062,127.21054077148438,97918500,0.0,0.0
2021-02-18 05:00:00+00:00,129.1999969482422,130.0,127.41000366210938,129.7100067138672,126.11193084716797,96856700,0.0,0.0
2021-02-19 05:00:00+00:00,130.24000549316406,130.7100067138672,128.8000030517578,129.8699951171875,126.26746368408203,87668800,0.0,0.0
2021-02-22 05:00:00+00:00,128.00999450683594,129.72000122070312,125.5999984741211,126.0,122.50482177734375,103916400,0.0,0.0
2021-02-23 05:00:00+00:00,123.76000213623047,126.70999908447266,118.38999938964844,125.86000061035156,122.36869049072266,158273000,0.0,0.0
2021-02-24 05:00:00+00:00,124.94000244140625,125.55999755859375,122.2300033569336,125.3499984741211,121.87286376953125,111039900,0.0,0.0
2021-02-25 05:00:00+00:00,124.68000030517578,126.45999908447266,120.54000091552734,120.98999786376953,117.63379669189453,148199500,0.0,0.0
2021-02-26 05:00:00+00:00,122.58999633789062,124.8499984741211,121.19999694824219,121.26000213623047,117.89629364013672,164560400,0.0,0.0
2021-03-01 05:00:00+00:00,123.75,127.93000030517578,122.79000091552734,127.79000091552734,124.24517059326172,116307900,0.0,0.0
2021-03-02 05:00:00+00:00,128.41000366210938,128.72000122070312,125.01000213623047,125.12000274658203,121.64923858642578,102260900,0.0,0.0
2021-03-03 05:00:00+00:00,124.80999755859375,125.70999908447266,121.83999633789062,122.05999755859375,118.67411041259766,112966300,0.0,0.0
2021-03-04 05:00:00+00:00,121.75,123.5999984741211,118.62000274658203,120.12999725341797,116.79763793945312,178155000,0.0,0.0
2021-03-05 05:00:00+00:00,120.9800033569336,121.94000244140625,117.56999969482422,121.41999816894531,118.05187225341797,153766600,0.0,0.0
2021-03-08 05:00:00+00:00,120.93000030517578,121.0,116.20999908447266,116.36000061035156,113.13223266601562,154376600,0.0,0.0
2021-03-09 05:00:00+00:00,119.02999877929688,122.05999755859375,118.79000091552734,121.08999633789062,117.73101043701172,129525800,0.0,0.0
2021-03-10 05:00:00+00:00,121.69000244140625,122.16999816894531,119.44999694824219,119.9800033569336,116.65181732177734,111943300,0.0,0.0
2021-03-11 05:00:00+00:00,122.54000091552734,123.20999908447266,121.26000213623047,121.95999908447266,118.576904296875,103026500,0.0,0.0
2021-03-12 05:00:00+00:00,120.4000015258789,121.16999816894531,119.16000366210938,121.02999877929688,117.67269134521484,88105100,0.0,0.0
2021-03-15 04:00:00+00:00,121.41000366210938,124.0,120.41999816894531,123.98999786376953,120.5505599975586,92403800,0.0,0.0
2021-03-16 04:00:00+00:00,125.69999694824219,127.22000122070312,124.72000122070312,125.56999969482422,122.08676147460938,115227900,0.0,0.0
2021-03-17 04:00:00+00:00,124.05000305175781,125.86000061035156,122.33999633789062,124.76000213623047,121.29922485351562,111932600,0.0,0.0
2021-03-18 04:00:00+00:00,122.87999725341797,123.18000030517578,120.31999969482422,120.52999877929688,117.1865463256836,121229700,0.0,0.0
2021-03-19 04:00:00+00:00,119.9000015258789,121.43000030517578,119.68000030517578,119.98999786376953,116.66153717041016,185549500,0.0,0.0
2021-03-22 04:00:00+00:00,120.33000183105469,123.87000274658203,120.26000213623047,123.38999938964844,119.96721649169922,111912300,0.0,0.0
2021-03-23 04:00:00+00:00,123.33000183105469,124.23999786376953,122.13999938964844,122.54000091552734,119.14080047607422,95467100,0.0,0.0
2021-03-24 04:00:00+00:00,122.81999969482422,122.9000015258789,120.06999969482422,120.08999633789062,116.75875091552734,88530500,0.0,0.0
2021-03-25 04:00:00+00:00,119.54000091552734,121.66000366210938,119.0,120.58999633789062,117.2448959350586,98844700,0.0,0.0
2021-03-26 04:00:00+00:00,120.3499984741211,121.4800033569336,118.91999816894531,121.20999908447266,117.84770965576172,94071200,0.0,0.0
2021-03-29 04:00:00+00:00,121.6500015258789,122.58000183105469,120.7300033569336,121.38999938964844,118.02268981933594,80819200,0.0,0.0
2021-03-30 04:00:00+00:00,120.11000061035156,120.4000015258789,118.86000061035156,119.9000015258789,116.57403564453125,85671900,0.0,0.0
2021-03-31 04:00:00+00:00,121.6500015258789,123.5199966430664,121.1500015258789,122.1500015258789,118.76161193847656,118323800,0.0,0.0
2021-04-01 04:00:00+00:00,123.66000366210938,124.18000030517578,122.48999786376953,123.0,119.58804321289062,75089100,0.0,0.0
2021-04-05 04:00:00+00:00,123.87000274658203,126.16000366210938,123.06999969482422,125.9000015258789,122.40760803222656,88651200,0.0,0.0
2021-04-06 04:00:00+00:00,126.5,127.12999725341797,125.6500015258789,126.20999908447266,122.7090072631836,80171300,0.0,0.0
2021-04-07 04:00:00+00:00,125.83000183105469,127.91999816894531,125.13999938964844,127.9000015258789,124.35212707519531,83466700,0.0,0.0
2021-04-08 04:00:00+00:00,128.9499969482422,130.38999938964844,128.52000427246094,130.36000061035156,126.74388885498047,88844600,0.0,0.0
2021-04-09 04:00:00+00:00,129.8000030517578,133.0399932861328,129.47000122070312,133.0,129.3105926513672,106686700,0.0,0.0
2021-04-12 04:00:00+00:00,132.52000427246094,132.85000610351562,130.6300048828125,131.24000549316406,127.59950256347656,91420000,0.0,0.0
2021-04-13 04:00:00+00:00,132.44000244140625,134.66000366210938,131.92999267578125,134.42999267578125,130.7010040283203,91266500,0.0,0.0
2021-04-14 04:00:00+00:00,134.94000244140625,135.0,131.66000366210938,132.02999877929688,128.36753845214844,87222800,0.0,0.0
2021-04-15 04:00:00+00:00,133.82000732421875,135.0,133.63999938964844,134.5,130.76907348632812,89347100,0.0,0.0
2021-04-16 04:00:00+00:00,134.3000030517578,134.6699981689453,133.27999877929688,134.16000366210938,130.43849182128906,84922400,0.0,0.0
2021-04-19 04:00:00+00:00,133.50999450683594,135.47000122070312,133.33999633789062,134.83999633789062,131.09959411621094,94264200,0.0,0.0
2021-04-20 04:00:00+00:00,135.02000427246094,135.52999877929688,131.80999755859375,133.11000061035156,129.4176025390625,94812300,0.0,0.0
2021-04-21 04:00:00+00:00,132.36000061035156,133.75,131.3000030517578,133.5,129.79681396484375,68847100,0.0,0.0
2021-04-22 04:00:00+00:00,133.0399932861328,134.14999389648438,131.41000366210938,131.94000244140625,128.28004455566406,84566500,0.0,0.0
2021-04-23 04:00:00+00:00,132.16000366210938,135.1199951171875,132.16000366210938,134.32000732421875,130.5940399169922,78657500,0.0,0.0
2021-04-26 04:00:00+00:00,134.8300018310547,135.05999755859375,133.55999755859375,134.72000122070312,130.98292541503906,66905100,0.0,0.0
2021-04-27 04:00:00+00:00,135.00999450683594,135.41000366210938,134.11000061035156,134.38999938964844,130.66207885742188,66015800,0.0,0.0
2021-04-28 04:00:00+00:00,134.30999755859375,135.02000427246094,133.0800018310547,133.5800018310547,129.8745880126953,107760100,0.0,0.0
2021-04-29 04:00:00+00:00,136.47000122070312,137.07000732421875,132.4499969482422,133.47999572753906,129.77731323242188,151101000,0.0,0.0
2021-04-30 04:00:00+00:00,131.77999877929688,133.55999755859375,131.07000732421875,131.4600067138672,127.81338500976562,109839500,0.0,0.0
2021-05-03 04:00:00+00:00,132.0399932861328,134.07000732421875,131.8300018310547,132.5399932861328,128.86341857910156,75135100,0.0,0.0
2021-05-04 04:00:00+00:00,131.19000244140625,131.49000549316406,126.69999694824219,127.8499984741211,124.30349731445312,137564700,0.0,0.0
2021-05-05 04:00:00+00:00,129.1999969482422,130.4499969482422,127.97000122070312,128.10000610351562,124.54658508300781,84000900,0.0,0.0
2021-05-06 04:00:00+00:00,127.88999938964844,129.75,127.12999725341797,129.74000549316406,126.14108276367188,78128300,0.0,0.0
2021-05-07 04:00:00+00:00,130.85000610351562,131.25999450683594,129.47999572753906,130.2100067138672,126.8130874633789,78973300,0.22,0.0
2021-05-10 04:00:00+00:00,129.41000366210938,129.5399932861328,126.80999755859375,126.8499984741211,123.54072570800781,88071200,0.0,0.0
2021-05-11 04:00:00+00:00,123.5,126.2699966430664,122.7699966430664,125.91000366210938,122.62525177001953,126142800,0.0,0.0
2021-05-12 04:00:00+00:00,123.4000015258789,124.63999938964844,122.25,122.7699966430664,119.56717681884766,112172300,0.0,0.0
2021-05-13 04:00:00+00:00,124.58000183105469,126.1500015258789,124.26000213623047,124.97000122070312,121.70977020263672,105861300,0.0,0.0
2021-05-14 04:00:00+00:00,126.25,127.88999938964844,125.8499984741211,127.44999694824219,124.12507629394531,81918000,0.0,0.0
2021-05-17 04:00:00+00:00,126.81999969482422,126.93000030517578,125.16999816894531,126.2699966430664,122.97586822509766,74244600,0.0,0.0
2021-05-18 04:00:00+00:00,126.55999755859375,126.98999786376953,124.77999877929688,124.8499984741211,121.5928955078125,63342900,0.0,0.0
2021-05-19 04:00:00+00:00,123.16000366210938,124.91999816894531,122.86000061035156,124.69000244140625,121.43708038330078,92612000,0.0,0.0
2021-05-20 04:00:00+00:00,125.2300033569336,127.72000122070312,125.0999984741211,127.30999755859375,123.9887466430664,76857100,0.0,0.0
2021-05-21 04:00:00+00:00,127.81999969482422,128.0,125.20999908447266,125.43000030517578,122.15778350830078,79295400,0.0,0.0
2021-05-24 04:00:00+00:00,126.01000213623047,127.94000244140625,125.94000244140625,127.0999984741211,123.78422546386719,63092900,0.0,0.0
2021-05-25 04:00:00+00:00,127.81999969482422,128.32000732421875,126.31999969482422,126.9000015258789,123.58942413330078,72009500,0.0,0.0
2021-05-26 04:00:00+00:00,126.95999908447266,127.38999938964844,126.41999816894531,126.8499984741211,123.54072570800781,56575900,0.0,0.0
2021-05-27 04:00:00+00:00,126.44000244140625,127.63999938964844,125.08000183105469,125.27999877929688,122.01168060302734,94625600,0.0,0.0
2021-05-28 04:00:00+00:00,125.56999969482422,125.80000305175781,124.55000305175781,124.61000061035156,121.35917663574219,71311100,0.0,0.0
2021-06-01 04:00:00+00:00,125.08000183105469,125.3499984741211,123.94000244140625,124.27999877929688,121.03778839111328,67637100,0.0,0.0
2021-06-02 04:00:00+00:00,124.27999877929688,125.23999786376953,124.05000305175781,125.05999755859375,121.79743194580078,59278900,0.0,0.0
2021-06-03 04:00:00+00:00,124.68000030517578,124.8499984741211,123.12999725341797,123.54000091552734,120.31708526611328,76229200,0.0,0.0
2021-06-04 04:00:00+00:00,124.06999969482422,126.16000366210938,123.8499984741211,125.88999938964844,122.60578918457031,75169300,0.0,0.0
2021-06-07 04:00:00+00:00,126.16999816894531,126.31999969482422,124.83000183105469,125.9000015258789,122.61552429199219,71057600,0.0,0.0
2021-06-08 04:00:00+00:00,126.5999984741211,128.4600067138672,126.20999908447266,126.73999786376953,123.43359375,74403800,0.0,0.0
2021-06-09 04:00:00+00:00,127.20999908447266,127.75,126.5199966430664,127.12999725341797,123.81343078613281,56877900,0.0,0.0
2021-06-10 04:00:00+00:00,127.0199966430664,128.19000244140625,125.94000244140625,126.11000061035156,122.82003784179688,71186400,0.0,0.0
2021-06-11 04:00:00+00:00,126.52999877929688,127.44000244140625,126.0999984741211,127.3499984741211,124.02769470214844,53522400,0.0,0.0
2021-06-14 04:00:00+00:00,127.81999969482422,130.5399932861328,127.06999969482422,130.47999572753906,127.07604217529297,96906500,0.0,0.0
2021-06-15 04:00:00+00:00,129.94000244140625,130.60000610351562,129.38999938964844,129.63999938964844,126.2579574584961,62746300,0.0,0.0
2021-06-16 04:00:00+00:00,130.3699951171875,130.88999938964844,128.4600067138672,130.14999389648438,126.75462341308594,91815000,0.0,0.0
2021-06-17 04:00:00+00:00,129.8000030517578,132.5500030517578,129.64999389648438,131.7899932861328,128.351806640625,96721700,0.0,0.0
2021-06-18 04:00:00+00:00,130.7100067138672,131.50999450683594,130.24000549316406,130.4600067138672,127.0565414428711,108953300,0.0,0.0
2021-06-21 04:00:00+00:00,130.3000030517578,132.41000366210938,129.2100067138672,132.3000030517578,128.84857177734375,79663300,0.0,0.0
2021-06-22 04:00:00+00:00,132.1300048828125,134.0800018310547,131.6199951171875,133.97999572753906,130.4847412109375,74783600,0.0,0.0
2021-06-23 04:00:00+00:00,133.77000427246094,134.32000732421875,133.22999572753906,133.6999969482422,130.2120361328125,60214200,0.0,0.0
2021-06-24 04:00:00+00:00,134.4499969482422,134.63999938964844,132.92999267578125,133.41000366210938,129.9296112060547,68711000,0.0,0.0
2021-06-25 04:00:00+00:00,133.4600067138672,133.88999938964844,132.80999755859375,133.11000061035156,129.63742065429688,70783700,0.0,0.0
2021-06-28 04:00:00+00:00,133.41000366210938,135.25,133.35000610351562,134.77999877929688,131.2638702392578,62111300,0.0,0.0
2021-06-29 04:00:00+00:00,134.8000030517578,136.49000549316406,134.35000610351562,136.3300018310547,132.77342224121094,64556100,0.0,0.0
2021-06-30 04:00:00+00:00,136.1699981689453,137.41000366210938,135.8699951171875,136.9600067138672,133.38702392578125,63261400,0.0,0.0
2021-07-01 04:00:00+00:00,136.60000610351562,137.3300018310547,135.75999450683594,137.27000427246094,133.68890380859375,52485800,0.0,0.0
2021-07-02 04:00:00+00:00,137.89999389648438,140.0,137.75,139.9600067138672,136.30870056152344,78852600,0.0,0.0
2021-07-06 04:00:00+00:00,140.07000732421875,143.14999389648438,140.07000732421875,142.02000427246094,138.3149871826172,108181800,0.0,0.0
2021-07-07 04:00:00+00:00,143.5399932861328,144.88999938964844,142.66000366210938,144.57000732421875,140.79847717285156,104911600,0.0,0.0
2021-07-08 04:00:00+00:00,141.5800018310547,144.05999755859375,140.6699981689453,143.24000549316406,139.50311279296875,105575500,0.0,0.0
2021-07-09 04:00:00+00:00,142.75,145.64999389648438,142.64999389648438,145.11000061035156,141.32435607910156,99890800,0.0,0.0
2021-07-12 04:00:00+00:00,146.2100067138672,146.32000732421875,144.0,144.5,140.73023986816406,76299700,0.0,0.0
2021-07-13 04:00:00+00:00,144.02999877929688,147.4600067138672,143.6300048828125,145.63999938964844,141.8405303955078,100827100,0.0,0.0
2021-07-14 04:00:00+00:00,148.10000610351562,149.57000732421875,147.67999267578125,149.14999389648438,145.25894165039062,127050800,0.0,0.0
2021-07-15 04:00:00+00:00,149.24000549316406,150.0,147.08999633789062,148.47999572753906,144.60641479492188,106820300,0.0,0.0
2021-07-16 04:00:00+00:00,148.4600067138672,149.75999450683594,145.8800048828125,146.38999938964844,142.57095336914062,93251400,0.0,0.0
2021-07-19 04:00:00+00:00,143.75,144.07000732421875,141.6699981689453,142.4499969482422,138.73373413085938,121434600,0.0,0.0
2021-07-20 04:00:00+00:00,143.4600067138672,147.10000610351562,142.9600067138672,146.14999389648438,142.3372344970703,96350000,0.0,0.0
2021-07-21 04:00:00+00:00,145.52999877929688,146.1300048828125,144.6300048828125,145.39999389648438,141.6068115234375,74993500,0.0,0.0
2021-07-22 04:00:00+00:00,145.94000244140625,148.1999969482422,145.80999755859375,146.8000030517578,142.9702606201172,77338200,0.0,0.0
2021-07-23 04:00:00+00:00,147.5500030517578,148.72000122070312,146.9199981689453,148.55999755859375,144.68434143066406,71447400,0.0,0.0
2021-07-26 04:00:00+00:00,148.27000427246094,149.8300018310547,147.6999969482422,148.99000549316406,145.1031494140625,72434100,0.0,0.0
2021-07-27 04:00:00+00:00,149.1199951171875,149.2100067138672,145.5500030517578,146.77000427246094,142.94107055664062,104818600,0.0,0.0
2021-07-28 04:00:00+00:00,144.80999755859375,146.97000122070312,142.5399932861328,144.97999572753906,141.19776916503906,118931200,0.0,0.0
2021-07-29 04:00:00+00:00,144.69000244140625,146.5500030517578,144.5800018310547,145.63999938964844,141.8405303955078,56699500,0.0,0.0
2021-07-30 04:00:00+00:00,144.3800048828125,146.3300018310547,144.11000061035156,145.86000061035156,142.0548095703125,70440600,0.0,0.0
2021-08-02 04:00:00+00:00,146.36000061035156,146.9499969482422,145.25,145.52000427246094,141.72364807128906,62880000,0.0,0.0
2021-08-03 04:00:00+00:00,145.80999755859375,148.0399932861328,145.17999267578125,147.36000061035156,143.5156707763672,64786600,0.0,0.0
2021-08-04 04:00:00+00:00,147.27000427246094,147.7899932861328,146.27999877929688,146.9499969482422,143.1163787841797,56368300,0.0,0.0
2021-08-05 04:00:00+00:00,146.97999572753906,147.83999633789062,146.1699981689453,147.05999755859375,143.2235107421875,46397700,0.0,0.0
2021-08-06 04:00:00+00:00,146.35000610351562,147.11000061035156,145.6300048828125,146.13999938964844,142.54074096679688,54126800,0.22,0.0
2021-08-09 04:00:00+00:00,146.1999969482422,146.6999969482422,145.52000427246094,146.08999633789062,142.49192810058594,48908700,0.0,0.0
2021-08-10 04:00:00+00:00,146.44000244140625,147.7100067138672,145.3000030517578,145.60000610351562,142.01406860351562,69023100,0.0,0.0
2021-08-11 04:00:00+00:00,146.0500030517578,146.72000122070312,145.52999877929688,145.86000061035156,142.26766967773438,48493500,0.0,0.0
2021-08-12 04:00:00+00:00,146.19000244140625,149.0500030517578,145.83999633789062,148.88999938964844,145.22300720214844,72282600,0.0,0.0
2021-08-13 04:00:00+00:00,148.97000122070312,149.44000244140625,148.27000427246094,149.10000610351562,145.42784118652344,59375000,0.0,0.0
2021-08-16 04:00:00+00:00,148.5399932861328,151.19000244140625,146.47000122070312,151.1199951171875,147.3981170654297,103296000,0.0,0.0
2021-08-17 04:00:00+00:00,150.22999572753906,151.67999267578125,149.08999633789062,150.19000244140625,146.49099731445312,92229700,0.0,0.0
2021-08-18 04:00:00+00:00,149.8000030517578,150.72000122070312,146.14999389648438,146.36000061035156,142.75534057617188,86326000,0.0,0.0
2021-08-19 04:00:00+00:00,145.02999877929688,148.0,144.5,146.6999969482422,143.08694458007812,86960300,0.0,0.0
2021-08-20 04:00:00+00:00,147.44000244140625,148.5,146.77999877929688,148.19000244140625,144.5402374267578,60549600,0.0,0.0
2021-08-23 04:00:00+00:00,148.30999755859375,150.19000244140625,147.88999938964844,149.7100067138672,146.0228271484375,60131800,0.0,0.0
2021-08-24 04:00:00+00:00,149.4499969482422,150.86000061035156,149.14999389648438,149.6199951171875,145.93502807617188,48606400,0.0,0.0
2021-08-25 04:00:00+00:00,149.80999755859375,150.32000732421875,147.8000030517578,148.36000061035156,144.70603942871094,58991300,0.0,0.0
2021-08-26 04:00:00+00:00,148.35000610351562,149.1199951171875,147.50999450683594,147.5399932861328,143.90621948242188,48597200,0.0,0.0
2021-08-27 04:00:00+00:00,147.47999572753906,148.75,146.8300018310547,148.60000610351562,144.94015502929688,55802400,0.0,0.0
2021-08-30 04:00:00+00:00,149.0,153.49000549316406,148.61000061035156,153.1199951171875,149.34881591796875,90956700,0.0,0.0
2021-08-31 04:00:00+00:00,152.66000366210938,152.8000030517578,151.2899932861328,151.8300018310547,148.0906219482422,86453100,0.0,0.0
2021-09-01 04:00:00+00:00,152.8300018310547,154.97999572753906,152.33999633789062,152.50999450683594,148.75389099121094,80313700,0.0,0.0
2021-09-02 04:00:00+00:00,153.8699951171875,154.72000122070312,152.39999389648438,153.64999389648438,149.86573791503906,71115500,0.0,0.0
2021-09-03 04:00:00+00:00,153.75999450683594,154.6300048828125,153.08999633789062,154.3000030517578,150.4998016357422,57808700,0.0,0.0
2021-09-07 04:00:00+00:00,154.97000122070312,157.25999450683594,154.38999938964844,156.69000244140625,152.8309326171875,82278300,0.0,0.0
2021-09-08 04:00:00+00:00,156.97999572753906,157.0399932861328,153.97999572753906,155.11000061035156,151.2898406982422,74420200,0.0,0.0
2021-09-09 04:00:00+00:00,155.49000549316406,156.11000061035156,153.9499969482422,154.07000732421875,150.2754364013672,57305700,0.0,0.0
2021-09-10 04:00:00+00:00,155.0,155.47999572753906,148.6999969482422,148.97000122070312,145.30104064941406,140893200,0.0,0.0
2021-09-13 04:00:00+00:00,150.6300048828125,151.4199981689453,148.75,149.5500030517578,145.86676025390625,102404300,0.0,0.0
2021-09-14 04:00:00+00:00,150.35000610351562,151.07000732421875,146.91000366210938,148.1199951171875,144.4719696044922,109296300,0.0,0.0
2021-09-15 04:00:00+00:00,148.55999755859375,149.44000244140625,146.3699951171875,149.02999877929688,145.35952758789062,83281300,0.0,0.0
2021-09-16 04:00:00+00:00,148.44000244140625,148.97000122070312,147.22000122070312,148.7899932861328,145.12547302246094,68034100,0.0,0.0
2021-09-17 04:00:00+00:00,148.82000732421875,148.82000732421875,145.75999450683594,146.05999755859375,142.4627227783203,129868800,0.0,0.0
2021-09-20 04:00:00+00:00,143.8000030517578,144.83999633789062,141.27000427246094,142.94000244140625,139.4196014404297,123478900,0.0,0.0
2021-09-21 04:00:00+00:00,143.92999267578125,144.60000610351562,142.77999877929688,143.42999267578125,139.89744567871094,75834000,0.0,0.0
2021-09-22 04:00:00+00:00,144.4499969482422,146.42999267578125,143.6999969482422,145.85000610351562,142.25787353515625,76404300,0.0,0.0
2021-09-23 04:00:00+00:00,146.64999389648438,147.0800018310547,145.63999938964844,146.8300018310547,143.21372985839844,64838200,0.0,0.0
2021-09-24 04:00:00+00:00,145.66000366210938,147.47000122070312,145.55999755859375,146.9199981689453,143.301513671875,53477900,0.0,0.0
2021-09-27 04:00:00+00:00,145.47000122070312,145.9600067138672,143.82000732421875,145.3699951171875,141.7896728515625,74150700,0.0,0.0
2021-09-28 04:00:00+00:00,143.25,144.75,141.69000244140625,141.91000366210938,138.41488647460938,108972300,0.0,0.0
2021-09-29 04:00:00+00:00,142.47000122070312,144.4499969482422,142.02999877929688,142.8300018310547,139.31224060058594,74602000,0.0,0.0
2021-09-30 04:00:00+00:00,143.66000366210938,144.3800048828125,141.27999877929688,141.5,138.01499938964844,89056700,0.0,0.0
2021-10-01 04:00:00+00:00,141.89999389648438,142.9199981689453,139.11000061035156,142.64999389648438,139.13668823242188,94639600,0.0,0.0
2021-10-04 04:00:00+00:00,141.75999450683594,142.2100067138672,138.27000427246094,139.13999938964844,135.713134765625,98322000,0.0,0.0
2021-10-05 04:00:00+00:00,139.49000549316406,142.24000549316406,139.36000061035156,141.11000061035156,137.63461303710938,80861100,0.0,0.0
2021-10-06 04:00:00+00:00,139.47000122070312,142.14999389648438,138.3699951171875,142.0,138.50274658203125,83221100,0.0,0.0
2021-10-07 04:00:00+00:00,143.05999755859375,144.22000122070312,142.72000122070312,143.2899932861328,139.7609100341797,61732700,0.0,0.0
2021-10-08 04:00:00+00:00,144.02999877929688,144.17999267578125,142.55999755859375,142.89999389648438,139.38050842285156,58773200,0.0,0.0
2021-10-11 04:00:00+00:00,142.27000427246094,144.80999755859375,141.80999755859375,142.80999755859375,139.29275512695312,64452200,0.0,0.0
2021-10-12 04:00:00+00:00,143.22999572753906,143.25,141.0399932861328,141.50999450683594,138.02476501464844,73035900,0.0,0.0
2021-10-13 04:00:00+00:00,141.24000549316406,141.39999389648438,139.1999969482422,140.91000366210938,137.43954467773438,78762700,0.0,0.0
2021-10-14 04:00:00+00:00,142.11000061035156,143.8800048828125,141.50999450683594,143.75999450683594,140.21932983398438,69907100,0.0,0.0
2021-10-15 04:00:00+00:00,143.77000427246094,144.89999389648438,143.50999450683594,144.83999633789062,141.27276611328125,67940300,0.0,0.0
2021-10-18 04:00:00+00:00,143.4499969482422,146.83999633789062,143.16000366210938,146.5500030517578,142.94064331054688,85589200,0.0,0.0
2021-10-19 04:00:00+00:00,147.00999450683594,149.1699981689453,146.5500030517578,148.75999450683594,145.09620666503906,76378900,0.0,0.0
2021-10-20 04:00:00+00:00,148.6999969482422,149.75,148.1199951171875,149.25999450683594,145.58389282226562,58418800,0.0,0.0
2021-10-21 04:00:00+00:00,148.80999755859375,149.63999938964844,147.8699951171875,149.47999572753906,145.79849243164062,61421000,0.0,0.0
2021-10-22 04:00:00+00:00,149.69000244140625,150.17999267578125,148.63999938964844,148.69000244140625,145.0279541015625,58883400,0.0,0.0
2021-10-25 04:00:00+00:00,148.67999267578125,149.3699951171875,147.6199951171875,148.63999938964844,144.97915649414062,50720600,0.0,0.0
2021-10-26 04:00:00+00:00,149.3300018310547,150.83999633789062,149.00999450683594,149.32000732421875,145.64242553710938,60893400,0.0,0.0
2021-10-27 04:00:00+00:00,149.36000061035156,149.72999572753906,148.49000549316406,148.85000610351562,145.1840057373047,56094900,0.0,0.0
2021-10-28 04:00:00+00:00,149.82000732421875,153.1699981689453,149.72000122070312,152.57000732421875,148.81236267089844,100077900,0.0,0.0
2021-10-29 04:00:00+00:00,147.22000122070312,149.94000244140625,146.41000366210938,149.8000030517578,146.1106414794922,124953200,0.0,0.0
2021-11-01 04:00:00+00:00,148.99000549316406,149.6999969482422,147.8000030517578,148.9600067138672,145.2913055419922,74588300,0.0,0.0
2021-11-02 04:00:00+00:00,148.66000366210938,151.57000732421875,148.64999389648438,150.02000427246094,146.3251953125,69122000,0.0,0.0
2021-11-03 04:00:00+00:00,150.38999938964844,151.97000122070312,149.82000732421875,151.49000549316406,147.7589874267578,54511500,0.0,0.0
2021-11-04 04:00:00+00:00,151.5800018310547,152.42999267578125,150.63999938964844,150.9600067138672,147.24205017089844,60394600,0.0,0.0
2021-11-05 04:00:00+00:00,151.88999938964844,152.1999969482422,150.05999755859375,151.27999877929688,147.76951599121094,65463900,0.22,0.0
2021-11-08 05:00:00+00:00,151.41000366210938,151.57000732421875,150.16000366210938,150.44000244140625,146.94898986816406,55020900,0.0,0.0
2021-11-09 05:00:00+00:00,150.1999969482422,151.42999267578125,150.05999755859375,150.80999755859375,147.31039428710938,56787900,0.0,0.0
2021-11-10 05:00:00+00:00,150.02000427246094,150.1300048828125,147.85000610351562,147.9199981689453,144.4875030517578,65187100,0.0,0.0
2021-11-11 05:00:00+00:00,148.9600067138672,149.42999267578125,147.67999267578125,147.8699951171875,144.43861389160156,41000000,0.0,0.0
2021-11-12 05:00:00+00:00,148.42999267578125,150.39999389648438,147.47999572753906,149.99000549316406,146.50941467285156,63804000,0.0,0.0
2021-11-15 05:00:00+00:00,150.3699951171875,151.8800048828125,149.42999267578125,150.0,146.51918029785156,59222800,0.0,0.0
2021-11-16 05:00:00+00:00,149.94000244140625,151.49000549316406,149.33999633789062,151.0,147.4960174560547,59256200,0.0,0.0
2021-11-17 05:00:00+00:00,151.0,155.0,150.99000549316406,153.49000549316406,149.92820739746094,88807000,0.0,0.0
2021-11-18 05:00:00+00:00,153.7100067138672,158.6699981689453,153.0500030517578,157.8699951171875,154.20657348632812,137827700,0.0,0.0
2021-11-19 05:00:00+00:00,157.64999389648438,161.02000427246094,156.52999877929688,160.5500030517578,156.82440185546875,117305600,0.0,0.0
2021-11-22 05:00:00+00:00,161.67999267578125,165.6999969482422,161.0,161.02000427246094,157.2834930419922,117467900,0.0,0.0
2021-11-23 05:00:00+00:00,161.1199951171875,161.8000030517578,159.05999755859375,161.41000366210938,157.66445922851562,96041900,0.0,0.0
2021-11-24 05:00:00+00:00,160.75,162.13999938964844,159.63999938964844,161.94000244140625,158.1821746826172,69463600,0.0,0.0
2021-11-26 05:00:00+00:00,159.57000732421875,160.4499969482422,156.36000061035156,156.80999755859375,153.171142578125,76959800,0.0,0.0
2021-11-29 05:00:00+00:00,159.3699951171875,161.19000244140625,158.7899932861328,160.24000549316406,156.52159118652344,88748200,0.0,0.0
2021-11-30 05:00:00+00:00,159.99000549316406,165.52000427246094,159.9199981689453,165.3000030517578,161.4641571044922,174048100,0.0,0.0
2021-12-01 05:00:00+00:00,167.47999572753906,170.3000030517578,164.52999877929688,164.77000427246094,160.9464111328125,152052500,0.0,0.0
2021-12-02 05:00:00+00:00,158.74000549316406,164.1999969482422,157.8000030517578,163.75999450683594,159.9598846435547,136739200,0.0,0.0
2021-12-03 05:00:00+00:00,164.02000427246094,164.9600067138672,159.72000122070312,161.83999633789062,158.08447265625,118023100,0.0,0.0
2021-12-06 05:00:00+00:00,164.2899932861328,167.8800048828125,164.27999877929688,165.32000732421875,161.4836883544922,107497000,0.0,0.0
2021-12-07 05:00:00+00:00,169.0800018310547,171.5800018310547,168.33999633789062,171.17999267578125,167.2076873779297,120405400,0.0,0.0
2021-12-08 05:00:00+00:00,172.1300048828125,175.9600067138672,170.6999969482422,175.0800018310547,171.0172119140625,116998900,0.0,0.0
2021-12-09 05:00:00+00:00,174.91000366210938,176.75,173.9199981689453,174.55999755859375,170.50924682617188,108923700,0.0,0.0
2021-12-10 05:00:00+00:00,175.2100067138672,179.6300048828125,174.69000244140625,179.4499969482422,175.2858123779297,115402700,0.0,0.0
2021-12-13 05:00:00+00:00,181.1199951171875,182.1300048828125,175.52999877929688,175.74000549316406,171.6619110107422,153237000,0.0,0.0
2021-12-14 05:00:00+00:00,175.25,177.74000549316406,172.2100067138672,174.3300018310547,170.2845916748047,139380400,0.0,0.0
2021-12-15 05:00:00+00:00,175.11000061035156,179.5,172.30999755859375,179.3000030517578,175.13929748535156,131063300,0.0,0.0
2021-12-16 05:00:00+00:00,179.27999877929688,181.13999938964844,170.75,172.25999450683594,168.2626190185547,150185800,0.0,0.0
2021-12-17 05:00:00+00:00,169.92999267578125,173.47000122070312,169.69000244140625,171.13999938964844,167.1686248779297,195432700,0.0,0.0
2021-12-20 05:00:00+00:00,168.27999877929688,170.5800018310547,167.4600067138672,169.75,165.8108673095703,107499100,0.0,0.0
2021-12-21 05:00:00+00:00,171.55999755859375,173.1999969482422,169.1199951171875,172.99000549316406,168.9757080078125,91185900,0.0,0.0
2021-12-22 05:00:00+00:00,173.0399932861328,175.86000061035156,172.14999389648438,175.63999938964844,171.5641632080078,92135300,0.0,0.0
2021-12-23 05:00:00+00:00,175.85000610351562,176.85000610351562,175.27000427246094,176.27999877929688,172.1894073486328,68356600,0.0,0.0
2021-12-27 05:00:00+00:00,177.08999633789062,180.4199981689453,177.07000732421875,180.3300018310547,176.1453857421875,74919600,0.0,0.0
2021-12-28 05:00:00+00:00,180.16000366210938,181.3300018310547,178.52999877929688,179.2899932861328,175.12948608398438,79144300,0.0,0.0
2021-12-29 05:00:00+00:00,179.3300018310547,180.6300048828125,178.13999938964844,179.3800048828125,175.21742248535156,62348900,0.0,0.0
2021-12-30 05:00:00+00:00,179.47000122070312,180.57000732421875,178.08999633789062,178.1999969482422,174.0648193359375,59773000,0.0,0.0
2021-12-31 05:00:00+00:00,178.08999633789062,179.22999572753906,177.25999450683594,177.57000732421875,173.4494171142578,64062300,0.0,0.0
2022-01-03 05:00:00+00:00,177.8300018310547,182.8800048828125,177.7100067138672,182.00999450683594,177.78639221191406,104487900,0.0,0.0
2022-01-04 05:00:00+00:00,182.6300048828125,182.94000244140625,179.1199951171875,179.6999969482422,175.52996826171875,99310400,0.0,0.0
2022-01-05 05:00:00+00:00,179.61000061035156,180.1699981689453,174.63999938964844,174.9199981689453,170.86094665527344,94537600,0.0,0.0
2022-01-06 05:00:00+00:00,172.6999969482422,175.3000030517578,171.63999938964844,172.0,168.00868225097656,96904000,0.0,0.0
2022-01-07 05:00:00+00:00,172.88999938964844,174.13999938964844,171.02999877929688,172.1699981689453,168.1747283935547,86709100,0.0,0.0
2022-01-10 05:00:00+00:00,169.0800018310547,172.5,168.1699981689453,172.19000244140625,168.19427490234375,106765600,0.0,0.0
2022-01-11 05:00:00+00:00,172.32000732421875,175.17999267578125,170.82000732421875,175.0800018310547,171.0172119140625,76138300,0.0,0.0
2022-01-12 05:00:00+00:00,176.1199951171875,177.17999267578125,174.82000732421875,175.52999877929688,171.4567413330078,74805200,0.0,0.0
2022-01-13 05:00:00+00:00,175.77999877929688,176.6199951171875,171.7899932861328,172.19000244140625,168.19427490234375,84505800,0.0,0.0
2022-01-14 05:00:00+00:00,171.33999633789062,173.77999877929688,171.08999633789062,173.07000732421875,169.05384826660156,80440800,0.0,0.0
2022-01-18 05:00:00+00:00,171.50999450683594,172.5399932861328,169.41000366210938,169.8000030517578,165.85975646972656,90956700,0.0,0.0
2022-01-19 05:00:00+00:00,170.0,171.0800018310547,165.94000244140625,166.22999572753906,162.37257385253906,94815000,0.0,0.0
2022-01-20 05:00:00+00:00,166.97999572753906,169.67999267578125,164.17999267578125,164.50999450683594,160.69248962402344,91420500,0.0,0.0
2022-01-21 05:00:00+00:00,164.4199981689453,166.3300018310547,162.3000030517578,162.41000366210938,158.6411895751953,122848900,0.0,0.0
2022-01-24 05:00:00+00:00,160.02000427246094,162.3000030517578,154.6999969482422,161.6199951171875,157.86956787109375,162294600,0.0,0.0
2022-01-25 05:00:00+00:00,158.97999572753906,162.75999450683594,157.02000427246094,159.77999877929688,156.07225036621094,115798400,0.0,0.0
2022-01-26 05:00:00+00:00,163.5,164.38999938964844,157.82000732421875,159.69000244140625,155.9843292236328,108275300,0.0,0.0
2022-01-27 05:00:00+00:00,162.4499969482422,163.83999633789062,158.27999877929688,159.22000122070312,155.5252685546875,121954600,0.0,0.0
2022-01-28 05:00:00+00:00,165.7100067138672,170.35000610351562,162.8000030517578,170.3300018310547,166.37742614746094,179935700,0.0,0.0
2022-01-31 05:00:00+00:00,170.16000366210938,175.0,169.50999450683594,174.77999877929688,170.7241668701172,115541600,0.0,0.0
2022-02-01 05:00:00+00:00,174.00999450683594,174.83999633789062,172.30999755859375,174.61000061035156,170.55810546875,86213900,0.0,0.0
2022-02-02 05:00:00+00:00,174.75,175.8800048828125,173.3300018310547,175.83999633789062,171.7595672607422,84914300,0.0,0.0
2022-02-03 05:00:00+00:00,174.47999572753906,176.24000549316406,172.1199951171875,172.89999389648438,168.88775634765625,89418100,0.0,0.0
2022-02-04 05:00:00+00:00,171.67999267578125,174.10000610351562,170.67999267578125,172.38999938964844,168.60418701171875,82465400,0.22,0.0
2022-02-07 05:00:00+00:00,172.86000061035156,173.9499969482422,170.9499969482422,171.66000366210938,167.89019775390625,77251200,0.0,0.0
2022-02-08 05:00:00+00:00,171.72999572753906,175.35000610351562,171.42999267578125,174.8300018310547,170.99058532714844,74829200,0.0,0.0
2022-02-09 05:00:00+00:00,176.0500030517578,176.64999389648438,174.89999389648438,176.27999877929688,172.4087677001953,71285000,0.0,0.0
2022-02-10 05:00:00+00:00,174.13999938964844,175.47999572753906,171.5500030517578,172.1199951171875,168.34007263183594,90865900,0.0,0.0
2022-02-11 05:00:00+00:00,172.3300018310547,173.0800018310547,168.0399932861328,168.63999938964844,164.93653869628906,98670700,0.0,0.0
2022-02-14 05:00:00+00:00,167.3699951171875,169.5800018310547,166.55999755859375,168.8800048828125,165.1712646484375,86185500,0.0,0.0
2022-02-15 05:00:00+00:00,170.97000122070312,172.9499969482422,170.25,172.7899932861328,168.99537658691406,62527400,0.0,0.0
2022-02-16 05:00:00+00:00,171.85000610351562,173.33999633789062,170.0500030517578,172.5500030517578,168.76065063476562,61177400,0.0,0.0
2022-02-17 05:00:00+00:00,171.02999877929688,171.91000366210938,168.47000122070312,168.8800048828125,165.1712646484375,69589300,0.0,0.0
2022-02-18 05:00:00+00:00,169.82000732421875,170.5399932861328,166.19000244140625,167.3000030517578,163.62591552734375,82772700,0.0,0.0
2022-02-22 05:00:00+00:00,164.97999572753906,166.69000244140625,162.14999389648438,164.32000732421875,160.71139526367188,91162800,0.0,0.0
2022-02-23 05:00:00+00:00,165.5399932861328,166.14999389648438,159.75,160.07000732421875,156.55471801757812,90009200,0.0,0.0
2022-02-24 05:00:00+00:00,152.5800018310547,162.85000610351562,152.0,162.74000549316406,159.16607666015625,141147500,0.0,0.0
2022-02-25 05:00:00+00:00,163.83999633789062,165.1199951171875,160.8699951171875,164.85000610351562,161.22972106933594,91974200,0.0,0.0
2022-02-28 05:00:00+00:00,163.05999755859375,165.4199981689453,162.42999267578125,165.1199951171875,161.4937744140625,95056600,0.0,0.0
2022-03-01 05:00:00+00:00,164.6999969482422,166.60000610351562,161.97000122070312,163.1999969482422,159.61598205566406,83474400,0.0,0.0
2022-03-02 05:00:00+00:00,164.38999938964844,167.36000061035156,162.9499969482422,166.55999755859375,162.90220642089844,79724800,0.0,0.0
2022-03-03 05:00:00+00:00,168.47000122070312,168.91000366210938,165.5500030517578,166.22999572753906,162.57945251464844,76678400,0.0,0.0
2022-03-04 05:00:00+00:00,164.49000549316406,165.5500030517578,162.10000610351562,163.1699981689453,159.58665466308594,83737200,0.0,0.0
2022-03-07 05:00:00+00:00,163.36000061035156,165.02000427246094,159.0399932861328,159.3000030517578,155.80166625976562,96418800,0.0,0.0
2022-03-08 05:00:00+00:00,158.82000732421875,162.8800048828125,155.8000030517578,157.44000244140625,153.98248291015625,131148300,0.0,0.0
2022-03-09 05:00:00+00:00,161.47999572753906,163.41000366210938,159.41000366210938,162.9499969482422,159.37144470214844,91454900,0.0,0.0
2022-03-10 05:00:00+00:00,160.1999969482422,160.38999938964844,155.97999572753906,158.52000427246094,155.0387420654297,105342000,0.0,0.0
2022-03-11 05:00:00+00:00,158.92999267578125,159.27999877929688,154.5,154.72999572753906,151.33197021484375,96970100,0.0,0.0
2022-03-14 04:00:00+00:00,151.4499969482422,154.1199951171875,150.10000610351562,150.6199951171875,147.312255859375,108732100,0.0,0.0
2022-03-15 04:00:00+00:00,150.89999389648438,155.57000732421875,150.3800048828125,155.08999633789062,151.68408203125,92964300,0.0,0.0
2022-03-16 04:00:00+00:00,157.0500030517578,160.0,154.4600067138672,159.58999633789062,156.0852813720703,102300200,0.0,0.0
2022-03-17 04:00:00+00:00,158.61000061035156,161.0,157.6300048828125,160.6199951171875,157.0926513671875,75615400,0.0,0.0
2022-03-18 04:00:00+00:00,160.50999450683594,164.47999572753906,159.75999450683594,163.97999572753906,160.37887573242188,123511700,0.0,0.0
2022-03-21 04:00:00+00:00,163.50999450683594,166.35000610351562,163.00999450683594,165.3800048828125,161.7481231689453,95811400,0.0,0.0
2022-03-22 04:00:00+00:00,165.50999450683594,169.4199981689453,164.91000366210938,168.82000732421875,165.11253356933594,81532000,0.0,0.0
2022-03-23 04:00:00+00:00,167.99000549316406,172.63999938964844,167.64999389648438,170.2100067138672,166.47206115722656,98062700,0.0,0.0
2022-03-24 04:00:00+00:00,171.05999755859375,174.13999938964844,170.2100067138672,174.07000732421875,170.24729919433594,90131400,0.0,0.0
2022-03-25 04:00:00+00:00,173.8800048828125,175.27999877929688,172.75,174.72000122070312,170.8830108642578,80546200,0.0,0.0
2022-03-28 04:00:00+00:00,172.1699981689453,175.72999572753906,172.0,175.60000610351562,171.74366760253906,90371900,0.0,0.0
2022-03-29 04:00:00+00:00,176.69000244140625,179.00999450683594,176.33999633789062,178.9600067138672,175.02987670898438,100589400,0.0,0.0
2022-03-30 04:00:00+00:00,178.5500030517578,179.61000061035156,176.6999969482422,177.77000427246094,173.86602783203125,92633200,0.0,0.0
2022-03-31 04:00:00+00:00,177.83999633789062,178.02999877929688,174.39999389648438,174.61000061035156,170.77542114257812,103049300,0.0,0.0
2022-04-01 04:00:00+00:00,174.02999877929688,174.8800048828125,171.94000244140625,174.30999755859375,170.4819793701172,78751300,0.0,0.0
2022-04-04 04:00:00+00:00,174.57000732421875,178.49000549316406,174.44000244140625,178.44000244140625,174.52130126953125,76468400,0.0,0.0
2022-04-05 04:00:00+00:00,177.5,178.3000030517578,174.4199981689453,175.05999755859375,171.21556091308594,73401800,0.0,0.0
2022-04-06 04:00:00+00:00,172.36000061035156,173.6300048828125,170.1300048828125,171.8300018310547,168.0564422607422,89058800,0.0,0.0
2022-04-07 04:00:00+00:00,171.16000366210938,173.36000061035156,169.85000610351562,172.13999938964844,168.35964965820312,77594700,0.0,0.0
2022-04-08 04:00:00+00:00,171.77999877929688,171.77999877929688,169.1999969482422,170.08999633789062,166.3546905517578,76575500,0.0,0.0
2022-04-11 04:00:00+00:00,168.7100067138672,169.02999877929688,165.5,165.75,162.1099853515625,72246700,0.0,0.0
2022-04-12 04:00:00+00:00,168.02000427246094,169.8699951171875,166.63999938964844,167.66000366210938,163.97802734375,79265200,0.0,0.0
2022-04-13 04:00:00+00:00,167.38999938964844,171.0399932861328,166.77000427246094,170.39999389648438,166.6578826904297,70618900,0.0,0.0
2022-04-14 04:00:00+00:00,170.6199951171875,171.27000427246094,165.0399932861328,165.2899932861328,161.6600799560547,75329400,0.0,0.0
2022-04-18 04:00:00+00:00,163.9199981689453,166.60000610351562,163.57000732421875,165.07000732421875,161.44491577148438,69023900,0.0,0.0
2022-04-19 04:00:00+00:00,165.02000427246094,167.82000732421875,163.91000366210938,167.39999389648438,163.7237091064453,67723800,0.0,0.0
2022-04-20 04:00:00+00:00,168.75999450683594,168.8800048828125,166.10000610351562,167.22999572753906,163.5574951171875,67929800,0.0,0.0
2022-04-21 04:00:00+00:00,168.91000366210938,171.52999877929688,165.91000366210938,166.4199981689453,162.76527404785156,87227800,0.0,0.0
2022-04-22 04:00:00+00:00,166.4600067138672,167.8699951171875,161.5,161.7899932861328,158.2369384765625,84882400,0.0,0.0
2022-04-25 04:00:00+00:00,161.1199951171875,163.1699981689453,158.4600067138672,162.8800048828125,159.30300903320312,96046400,0.0,0.0
2022-04-26 04:00:00+00:00,162.25,162.33999633789062,156.72000122070312,156.8000030517578,153.3565216064453,95623200,0.0,0.0
2022-04-27 04:00:00+00:00,155.91000366210938,159.7899932861328,155.3800048828125,156.57000732421875,153.13157653808594,88063200,0.0,0.0
2022-04-28 04:00:00+00:00,159.25,164.52000427246094,158.92999267578125,163.63999938964844,160.04632568359375,130216800,0.0,0.0
2022-04-29 04:00:00+00:00,161.83999633789062,166.1999969482422,157.25,157.64999389648438,154.1878662109375,131747600,0.0,0.0
2022-05-02 04:00:00+00:00,156.7100067138672,158.22999572753906,153.27000427246094,157.9600067138672,154.49107360839844,123055300,0.0,0.0
2022-05-03 04:00:00+00:00,158.14999389648438,160.7100067138672,156.32000732421875,159.47999572753906,155.97769165039062,88966500,0.0,0.0
2022-05-04 04:00:00+00:00,159.6699981689453,166.47999572753906,159.25999450683594,166.02000427246094,162.37405395507812,108256500,0.0,0.0
2022-05-05 04:00:00+00:00,163.85000610351562,164.0800018310547,154.9499969482422,156.77000427246094,153.32720947265625,130525300,0.0,0.0
2022-05-06 04:00:00+00:00,156.00999450683594,159.44000244140625,154.17999267578125,157.27999877929688,154.052001953125,116124600,0.23,0.0
2022-05-09 04:00:00+00:00,154.92999267578125,155.8300018310547,151.49000549316406,152.05999755859375,148.93914794921875,131577900,0.0,0.0
2022-05-10 04:00:00+00:00,155.52000427246094,156.74000549316406,152.92999267578125,154.50999450683594,151.33883666992188,115366700,0.0,0.0
2022-05-11 04:00:00+00:00,153.5,155.4499969482422,145.80999755859375,146.5,143.4932403564453,142689800,0.0,0.0
2022-05-12 04:00:00+00:00,142.77000427246094,146.1999969482422,138.8000030517578,142.55999755859375,139.63412475585938,182602000,0.0,0.0
2022-05-13 04:00:00+00:00,144.58999633789062,148.10000610351562,143.11000061035156,147.11000061035156,144.09071350097656,113990900,0.0,0.0
2022-05-16 04:00:00+00:00,145.5500030517578,147.52000427246094,144.17999267578125,145.5399932861328,142.55294799804688,86643800,0.0,0.0
2022-05-17 04:00:00+00:00,148.86000061035156,149.77000427246094,146.67999267578125,149.24000549316406,146.17701721191406,78336300,0.0,0.0
2022-05-18 04:00:00+00:00,146.85000610351562,147.36000061035156,139.89999389648438,140.82000732421875,137.92984008789062,109742900,0.0,0.0
2022-05-19 04:00:00+00:00,139.8800048828125,141.66000366210938,136.60000610351562,137.35000610351562,134.5310516357422,136095600,0.0,0.0
2022-05-20 04:00:00+00:00,139.08999633789062,140.6999969482422,132.61000061035156,137.58999633789062,134.76609802246094,137426100,0.0,0.0
2022-05-23 04:00:00+00:00,137.7899932861328,143.25999450683594,137.64999389648438,143.11000061035156,140.1728515625,117726300,0.0,0.0
2022-05-24 04:00:00+00:00,140.80999755859375,141.97000122070312,137.3300018310547,140.36000061035156,137.47926330566406,104132700,0.0,0.0
2022-05-25 04:00:00+00:00,138.42999267578125,141.7899932861328,138.33999633789062,140.52000427246094,137.63600158691406,92482700,0.0,0.0
2022-05-26 04:00:00+00:00,137.38999938964844,144.33999633789062,137.13999938964844,143.77999877929688,140.8291015625,90601500,0.0,0.0
2022-05-27 04:00:00+00:00,145.38999938964844,149.67999267578125,145.25999450683594,149.63999938964844,146.56881713867188,90978500,0.0,0.0
2022-05-31 04:00:00+00:00,149.07000732421875,150.66000366210938,146.83999633789062,148.83999633789062,145.7852020263672,103718400,0.0,0.0
2022-06-01 04:00:00+00:00,149.89999389648438,151.74000549316406,147.67999267578125,148.7100067138672,145.6578826904297,74286600,0.0,0.0
2022-06-02 04:00:00+00:00,147.8300018310547,151.27000427246094,146.86000061035156,151.2100067138672,148.10659790039062,72348100,0.0,0.0
2022-06-03 04:00:00+00:00,146.89999389648438,147.97000122070312,144.4600067138672,145.3800048828125,142.39627075195312,88570300,0.0,0.0
2022-06-06 04:00:00+00:00,147.02999877929688,148.57000732421875,144.89999389648438,146.13999938964844,143.14060974121094,71598400,0.0,0.0
2022-06-07 04:00:00+00:00,144.35000610351562,149.0,144.10000610351562,148.7100067138672,145.6578826904297,67808200,0.0,0.0
2022-06-08 04:00:00+00:00,148.5800018310547,149.8699951171875,147.4600067138672,147.9600067138672,144.92330932617188,53950200,0.0,0.0
2022-06-09 04:00:00+00:00,147.0800018310547,147.9499969482422,142.52999877929688,142.63999938964844,139.71249389648438,69473000,0.0,0.0
2022-06-10 04:00:00+00:00,140.27999877929688,140.75999450683594,137.05999755859375,137.1300048828125,134.31556701660156,91437900,0.0,0.0
2022-06-13 04:00:00+00:00,132.8699951171875,135.1999969482422,131.44000244140625,131.8800048828125,129.17335510253906,122207100,0.0,0.0
2022-06-14 04:00:00+00:00,133.1300048828125,133.88999938964844,131.47999572753906,132.75999450683594,130.03524780273438,84784300,0.0,0.0
2022-06-15 04:00:00+00:00,134.2899932861328,137.33999633789062,132.16000366210938,135.42999267578125,132.6504669189453,91533000,0.0,0.0
2022-06-16 04:00:00+00:00,132.0800018310547,132.38999938964844,129.0399932861328,130.05999755859375,127.39065551757812,108123900,0.0,0.0
2022-06-17 04:00:00+00:00,130.07000732421875,133.0800018310547,129.80999755859375,131.55999755859375,128.85984802246094,134520300,0.0,0.0
2022-06-21 04:00:00+00:00,133.4199981689453,137.05999755859375,133.32000732421875,135.8699951171875,133.08143615722656,81000500,0.0,0.0
2022-06-22 04:00:00+00:00,134.7899932861328,137.75999450683594,133.91000366210938,135.35000610351562,132.57215881347656,73409200,0.0,0.0
2022-06-23 04:00:00+00:00,136.82000732421875,138.58999633789062,135.6300048828125,138.27000427246094,135.4321746826172,72433800,0.0,0.0
2022-06-24 04:00:00+00:00,139.89999389648438,141.91000366210938,139.77000427246094,141.66000366210938,138.7525634765625,89116800,0.0,0.0
2022-06-27 04:00:00+00:00,142.6999969482422,143.49000549316406,140.97000122070312,141.66000366210938,138.7525634765625,70207900,0.0,0.0
2022-06-28 04:00:00+00:00,142.1300048828125,143.4199981689453,137.32000732421875,137.44000244140625,134.6192169189453,67083400,0.0,0.0
2022-06-29 04:00:00+00:00,137.4600067138672,140.6699981689453,136.6699981689453,139.22999572753906,136.37246704101562,66242400,0.0,0.0
2022-06-30 04:00:00+00:00,137.25,138.3699951171875,133.77000427246094,136.72000122070312,133.91400146484375,98964500,0.0,0.0
2022-07-01 04:00:00+00:00,136.0399932861328,139.0399932861328,135.66000366210938,138.92999267578125,136.07862854003906,71051600,0.0,0.0
2022-07-05 04:00:00+00:00,137.77000427246094,141.61000061035156,136.92999267578125,141.55999755859375,138.6546173095703,73353800,0.0,0.0
2022-07-06 04:00:00+00:00,141.35000610351562,144.1199951171875,141.0800018310547,142.9199981689453,139.9867401123047,74064300,0.0,0.0
2022-07-07 04:00:00+00:00,143.2899932861328,146.5500030517578,143.27999877929688,146.35000610351562,143.3463592529297,66253700,0.0,0.0
2022-07-08 04:00:00+00:00,145.25999450683594,147.5500030517578,145.0,147.0399932861328,144.0221405029297,64547800,0.0,0.0
2022-07-11 04:00:00+00:00,145.6699981689453,146.63999938964844,143.77999877929688,144.8699951171875,141.89671325683594,63141600,0.0,0.0
2022-07-12 04:00:00+00:00,145.75999450683594,148.4499969482422,145.0500030517578,145.86000061035156,142.8664093017578,77588800,0.0,0.0
2022-07-13 04:00:00+00:00,142.99000549316406,146.4499969482422,142.1199951171875,145.49000549316406,142.50399780273438,71185600,0.0,0.0
2022-07-14 04:00:00+00:00,144.0800018310547,148.9499969482422,143.25,148.47000122070312,145.4228057861328,78140700,0.0,0.0
2022-07-15 04:00:00+00:00,149.77999877929688,150.86000061035156,148.1999969482422,150.1699981689453,147.08790588378906,76259900,0.0,0.0
2022-07-18 04:00:00+00:00,150.74000549316406,151.57000732421875,146.6999969482422,147.07000732421875,144.0515899658203,81420900,0.0,0.0
2022-07-19 04:00:00+00:00,147.9199981689453,151.22999572753906,146.91000366210938,151.0,147.90089416503906,82982400,0.0,0.0
2022-07-20 04:00:00+00:00,151.1199951171875,153.72000122070312,150.3699951171875,153.0399932861328,149.89903259277344,64823400,0.0,0.0
2022-07-21 04:00:00+00:00,154.5,155.57000732421875,151.94000244140625,155.35000610351562,152.16162109375,65086600,0.0,0.0
2022-07-22 04:00:00+00:00,155.38999938964844,156.27999877929688,153.41000366210938,154.08999633789062,150.927490234375,66675400,0.0,0.0
2022-07-25 04:00:00+00:00,154.00999450683594,155.0399932861328,152.27999877929688,152.9499969482422,149.8108367919922,53623900,0.0,0.0
2022-07-26 04:00:00+00:00,152.25999450683594,153.08999633789062,150.8000030517578,151.60000610351562,148.4885711669922,55138700,0.0,0.0
2022-07-27 04:00:00+00:00,152.5800018310547,157.3300018310547,152.16000366210938,156.7899932861328,153.5720672607422,78620700,0.0,0.0
2022-07-28 04:00:00+00:00,156.97999572753906,157.63999938964844,154.41000366210938,157.35000610351562,154.1205596923828,81378700,0.0,0.0
2022-07-29 04:00:00+00:00,161.24000549316406,163.6300048828125,159.5,162.50999450683594,159.17469787597656,101786900,0.0,0.0
2022-08-01 04:00:00+00:00,161.00999450683594,163.58999633789062,160.88999938964844,161.50999450683594,158.19517517089844,67829400,0.0,0.0
2022-08-02 04:00:00+00:00,160.10000610351562,162.41000366210938,159.6300048828125,160.00999450683594,156.72598266601562,59907000,0.0,0.0
2022-08-03 04:00:00+00:00,160.83999633789062,166.58999633789062,160.75,166.1300048828125,162.7203826904297,82507500,0.0,0.0
2022-08-04 04:00:00+00:00,166.00999450683594,167.19000244140625,164.42999267578125,165.80999755859375,162.4069366455078,55474100,0.0,0.0
2022-08-05 04:00:00+00:00,163.2100067138672,165.85000610351562,163.0,165.35000610351562,162.181396484375,56697000,0.23,0.0
2022-08-08 04:00:00+00:00,166.3699951171875,167.80999755859375,164.1999969482422,164.8699951171875,161.71055603027344,60276900,0.0,0.0
2022-08-09 04:00:00+00:00,164.02000427246094,165.82000732421875,163.25,164.9199981689453,161.75958251953125,63135500,0.0,0.0
2022-08-10 04:00:00+00:00,167.67999267578125,169.33999633789062,166.89999389648438,169.24000549316406,165.99679565429688,70170500,0.0,0.0
2022-08-11 04:00:00+00:00,170.05999755859375,170.99000549316406,168.19000244140625,168.49000549316406,165.2611541748047,57149200,0.0,0.0
2022-08-12 04:00:00+00:00,169.82000732421875,172.1699981689453,169.39999389648438,172.10000610351562,168.802001953125,68039400,0.0,0.0
2022-08-15 04:00:00+00:00,171.52000427246094,173.38999938964844,171.35000610351562,173.19000244140625,169.87107849121094,54091700,0.0,0.0
2022-08-16 04:00:00+00:00,172.77999877929688,173.7100067138672,171.66000366210938,173.02999877929688,169.71417236328125,56377100,0.0,0.0
2022-08-17 04:00:00+00:00,172.77000427246094,176.14999389648438,172.57000732421875,174.5500030517578,171.20501708984375,79542000,0.0,0.0
2022-08-18 04:00:00+00:00,173.75,174.89999389648438,173.1199951171875,174.14999389648438,170.81271362304688,62290100,0.0,0.0
2022-08-19 04:00:00+00:00,173.02999877929688,173.74000549316406,171.30999755859375,171.52000427246094,168.23312377929688,70346300,0.0,0.0
2022-08-22 04:00:00+00:00,169.69000244140625,169.86000061035156,167.13999938964844,167.57000732421875,164.35882568359375,69026800,0.0,0.0
2022-08-23 04:00:00+00:00,167.0800018310547,168.7100067138672,166.64999389648438,167.22999572753906,164.02532958984375,54147100,0.0,0.0
2022-08-24 04:00:00+00:00,167.32000732421875,168.11000061035156,166.25,167.52999877929688,164.31956481933594,53841500,0.0,0.0
2022-08-25 04:00:00+00:00,168.77999877929688,170.13999938964844,168.35000610351562,170.02999877929688,166.7716827392578,51218200,0.0,0.0
2022-08-26 04:00:00+00:00,170.57000732421875,171.0500030517578,163.55999755859375,163.6199951171875,160.4844970703125,78961000,0.0,0.0
2022-08-29 04:00:00+00:00,161.14999389648438,162.89999389648438,159.82000732421875,161.3800048828125,158.28741455078125,73314000,0.0,0.0
2022-08-30 04:00:00+00:00,162.1300048828125,162.55999755859375,157.72000122070312,158.91000366210938,155.86476135253906,77906200,0.0,0.0
2022-08-31 04:00:00+00:00,160.30999755859375,160.5800018310547,157.13999938964844,157.22000122070312,154.20713806152344,87991100,0.0,0.0
2022-09-01 04:00:00+00:00,156.63999938964844,158.4199981689453,154.6699981689453,157.9600067138672,154.9329376220703,74229900,0.0,0.0
2022-09-02 04:00:00+00:00,159.75,160.36000061035156,154.97000122070312,155.80999755859375,152.82415771484375,76957800,0.0,0.0
2022-09-06 04:00:00+00:00,156.47000122070312,157.08999633789062,153.69000244140625,154.52999877929688,151.56866455078125,73714800,0.0,0.0
2022-09-07 04:00:00+00:00,154.82000732421875,156.6699981689453,153.61000061035156,155.9600067138672,152.97129821777344,87449600,0.0,0.0
2022-09-08 04:00:00+00:00,154.63999938964844,156.36000061035156,152.67999267578125,154.4600067138672,151.50003051757812,84923800,0.0,0.0
2022-09-09 04:00:00+00:00,155.47000122070312,157.82000732421875,154.75,157.3699951171875,154.35426330566406,68028800,0.0,0.0
2022-09-12 04:00:00+00:00,159.58999633789062,164.25999450683594,159.3000030517578,163.42999267578125,160.29812622070312,104956000,0.0,0.0
2022-09-13 04:00:00+00:00,159.89999389648438,160.5399932861328,153.3699951171875,153.83999633789062,150.89190673828125,122656600,0.0,0.0
2022-09-14 04:00:00+00:00,154.7899932861328,157.10000610351562,153.61000061035156,155.30999755859375,152.33372497558594,87965400,0.0,0.0
2022-09-15 04:00:00+00:00,154.64999389648438,155.24000549316406,151.3800048828125,152.3699951171875,149.45008850097656,90481100,0.0,0.0
2022-09-16 04:00:00+00:00,151.2100067138672,151.35000610351562,148.3699951171875,150.6999969482422,147.8120880126953,162278800,0.0,0.0
2022-09-19 04:00:00+00:00,149.30999755859375,154.55999755859375,149.10000610351562,154.47999572753906,151.5196533203125,81474200,0.0,0.0
2022-09-20 04:00:00+00:00,153.39999389648438,158.0800018310547,153.0800018310547,156.89999389648438,153.89324951171875,107689800,0.0,0.0
2022-09-21 04:00:00+00:00,157.33999633789062,158.74000549316406,153.60000610351562,153.72000122070312,150.7742156982422,101696800,0.0,0.0
2022-09-22 04:00:00+00:00,152.3800048828125,154.47000122070312,150.91000366210938,152.74000549316406,149.81300354003906,86652500,0.0,0.0
2022-09-23 04:00:00+00:00,151.19000244140625,151.47000122070312,148.55999755859375,150.42999267578125,147.54725646972656,96029900,0.0,0.0
2022-09-26 04:00:00+00:00,149.66000366210938,153.77000427246094,149.63999938964844,150.77000427246094,147.88075256347656,93339400,0.0,0.0
2022-09-27 04:00:00+00:00,152.74000549316406,154.72000122070312,149.9499969482422,151.75999450683594,148.85174560546875,84442700,0.0,0.0
2022-09-28 04:00:00+00:00,147.63999938964844,150.63999938964844,144.83999633789062,149.83999633789062,146.96856689453125,146691400,0.0,0.0
2022-09-29 04:00:00+00:00,146.10000610351562,146.72000122070312,140.67999267578125,142.47999572753906,139.74960327148438,128138200,0.0,0.0
2022-09-30 04:00:00+00:00,141.27999877929688,143.10000610351562,138.0,138.1999969482422,135.55162048339844,124925300,0.0,0.0
2022-10-03 04:00:00+00:00,138.2100067138672,143.07000732421875,137.69000244140625,142.4499969482422,139.72021484375,114311700,0.0,0.0
2022-10-04 04:00:00+00:00,145.02999877929688,146.22000122070312,144.25999450683594,146.10000610351562,143.3002471923828,87830100,0.0,0.0
2022-10-05 04:00:00+00:00,144.07000732421875,147.3800048828125,143.00999450683594,146.39999389648438,143.59449768066406,79471000,0.0,0.0
2022-10-06 04:00:00+00:00,145.80999755859375,147.5399932861328,145.22000122070312,145.42999267578125,142.64306640625,68402200,0.0,0.0
2022-10-07 04:00:00+00:00,142.5399932861328,143.10000610351562,139.4499969482422,140.08999633789062,137.40542602539062,85925600,0.0,0.0
2022-10-10 04:00:00+00:00,140.4199981689453,141.88999938964844,138.57000732421875,140.4199981689453,137.72909545898438,74899000,0.0,0.0
2022-10-11 04:00:00+00:00,139.89999389648438,141.35000610351562,138.22000122070312,138.97999572753906,136.31668090820312,77033700,0.0,0.0
2022-10-12 04:00:00+00:00,139.1300048828125,140.36000061035156,138.16000366210938,138.33999633789062,135.68893432617188,70433700,0.0,0.0
2022-10-13 04:00:00+00:00,134.99000549316406,143.58999633789062,134.3699951171875,142.99000549316406,140.24984741210938,113224000,0.0,0.0
2022-10-14 04:00:00+00:00,144.30999755859375,144.52000427246094,138.19000244140625,138.3800048828125,135.72821044921875,88598000,0.0,0.0
2022-10-17 04:00:00+00:00,141.07000732421875,142.89999389648438,140.27000427246094,142.41000366210938,139.6809539794922,85250900,0.0,0.0
2022-10-18 04:00:00+00:00,145.49000549316406,146.6999969482422,140.61000061035156,143.75,140.99525451660156,99136600,0.0,0.0
2022-10-19 04:00:00+00:00,141.69000244140625,144.9499969482422,141.5,143.86000061035156,141.10316467285156,61758300,0.0,0.0
2022-10-20 04:00:00+00:00,143.02000427246094,145.88999938964844,142.64999389648438,143.38999938964844,140.64218139648438,64522000,0.0,0.0
2022-10-21 04:00:00+00:00,142.8699951171875,147.85000610351562,142.64999389648438,147.27000427246094,144.4478302001953,86548600,0.0,0.0
2022-10-24 04:00:00+00:00,147.19000244140625,150.22999572753906,146.0,149.4499969482422,146.58604431152344,75981900,0.0,0.0
2022-10-25 04:00:00+00:00,150.08999633789062,152.49000549316406,149.36000061035156,152.33999633789062,149.420654296875,74732300,0.0,0.0
2022-10-26 04:00:00+00:00,150.9600067138672,151.99000549316406,148.0399932861328,149.35000610351562,146.48797607421875,88194300,0.0,0.0
2022-10-27 04:00:00+00:00,148.07000732421875,149.0500030517578,144.1300048828125,144.8000030517578,142.02516174316406,109180200,0.0,0.0
2022-10-28 04:00:00+00:00,148.1999969482422,157.5,147.82000732421875,155.74000549316406,152.7554931640625,164762400,0.0,0.0
2022-10-31 04:00:00+00:00,153.16000366210938,154.24000549316406,151.9199981689453,153.33999633789062,150.40150451660156,97943200,0.0,0.0
2022-11-01 04:00:00+00:00,155.0800018310547,155.4499969482422,149.1300048828125,150.64999389648438,147.76304626464844,80379300,0.0,0.0
2022-11-02 04:00:00+00:00,148.9499969482422,152.1699981689453,145.0,145.02999877929688,142.25071716308594,93604600,0.0,0.0
2022-11-03 04:00:00+00:00,142.05999755859375,142.8000030517578,138.75,138.8800048828125,136.21861267089844,97918500,0.0,0.0
2022-11-04 04:00:00+00:00,142.08999633789062,142.6699981689453,134.3800048828125,138.3800048828125,135.95333862304688,140814800,0.23,0.0
2022-11-07 05:00:00+00:00,137.11000061035156,139.14999389648438,135.6699981689453,138.9199981689453,136.4838409423828,83374600,0.0,0.0
2022-11-08 05:00:00+00:00,140.41000366210938,141.42999267578125,137.49000549316406,139.5,137.0537109375,89908500,0.0,0.0
2022-11-09 05:00:00+00:00,138.5,138.5500030517578,134.58999633789062,134.8699951171875,132.5048828125,74917800,0.0,0.0
2022-11-10 05:00:00+00:00,141.24000549316406,146.8699951171875,139.5,146.8699951171875,144.2944793701172,118854000,0.0,0.0
2022-11-11 05:00:00+00:00,145.82000732421875,150.00999450683594,144.3699951171875,149.6999969482422,147.07481384277344,93979700,0.0,0.0
2022-11-14 05:00:00+00:00,148.97000122070312,150.27999877929688,147.42999267578125,148.27999877929688,145.6797332763672,73374100,0.0,0.0
2022-11-15 05:00:00+00:00,152.22000122070312,153.58999633789062,148.55999755859375,150.0399932861328,147.40884399414062,89868300,0.0,0.0
2022-11-16 05:00:00+00:00,149.1300048828125,149.8699951171875,147.2899932861328,148.7899932861328,146.1807861328125,64218300,0.0,0.0
2022-11-17 05:00:00+00:00,146.42999267578125,151.47999572753906,146.14999389648438,150.72000122070312,148.0769500732422,80389400,0.0,0.0
2022-11-18 05:00:00+00:00,152.30999755859375,152.6999969482422,149.97000122070312,151.2899932861328,148.63694763183594,74829600,0.0,0.0
2022-11-21 05:00:00+00:00,150.16000366210938,150.3699951171875,147.72000122070312,148.00999450683594,145.4144744873047,58724100,0.0,0.0
2022-11-22 05:00:00+00:00,148.1300048828125,150.4199981689453,146.92999267578125,150.17999267578125,147.54637145996094,51804100,0.0,0.0
2022-11-23 05:00:00+00:00,149.4499969482422,151.8300018310547,149.33999633789062,151.07000732421875,148.4208221435547,58301400,0.0,0.0
2022-11-25 05:00:00+00:00,148.30999755859375,148.8800048828125,147.1199951171875,148.11000061035156,145.51271057128906,35195900,0.0,0.0
2022-11-28 05:00:00+00:00,145.13999938964844,146.63999938964844,143.3800048828125,144.22000122070312,141.69093322753906,69246000,0.0,0.0
2022-11-29 05:00:00+00:00,144.2899932861328,144.80999755859375,140.35000610351562,141.1699981689453,138.69442749023438,83763800,0.0,0.0
2022-11-30 05:00:00+00:00,141.39999389648438,148.72000122070312,140.5500030517578,148.02999877929688,145.43411254882812,111380900,0.0,0.0
2022-12-01 05:00:00+00:00,148.2100067138672,149.1300048828125,146.61000061035156,148.30999755859375,145.7091827392578,71250400,0.0,0.0
2022-12-02 05:00:00+00:00,145.9600067138672,148.0,145.64999389648438,147.80999755859375,145.2179718017578,65447400,0.0,0.0
2022-12-05 05:00:00+00:00,147.77000427246094,150.9199981689453,145.77000427246094,146.6300048828125,144.05865478515625,68826400,0.0,0.0
2022-12-06 05:00:00+00:00,147.07000732421875,147.3000030517578,141.9199981689453,142.91000366210938,140.40391540527344,64727200,0.0,0.0
2022-12-07 05:00:00+00:00,142.19000244140625,143.3699951171875,140.0,140.94000244140625,138.4684600830078,69721100,0.0,0.0
2022-12-08 05:00:00+00:00,142.36000061035156,143.52000427246094,141.10000610351562,142.64999389648438,140.14845275878906,62128300,0.0,0.0
2022-12-09 05:00:00+00:00,142.33999633789062,145.57000732421875,140.89999389648438,142.16000366210938,139.6670379638672,76097000,0.0,0.0
2022-12-12 05:00:00+00:00,142.6999969482422,144.5,141.05999755859375,144.49000549316406,141.95620727539062,70462700,0.0,0.0
2022-12-13 05:00:00+00:00,149.5,149.97000122070312,144.24000549316406,145.47000122070312,142.91900634765625,93886200,0.0,0.0
2022-12-14 05:00:00+00:00,145.35000610351562,146.66000366210938,141.16000366210938,143.2100067138672,140.69863891601562,82291200,0.0,0.0
2022-12-15 05:00:00+00:00,141.11000061035156,141.8000030517578,136.02999877929688,136.5,134.10629272460938,98931900,0.0,0.0
2022-12-16 05:00:00+00:00,136.69000244140625,137.64999389648438,133.72999572753906,134.50999450683594,132.15118408203125,160156900,0.0,0.0
2022-12-19 05:00:00+00:00,135.11000061035156,135.1999969482422,131.32000732421875,132.3699951171875,130.04873657226562,79592600,0.0,0.0
2022-12-20 05:00:00+00:00,131.38999938964844,133.25,129.88999938964844,132.3000030517578,129.97996520996094,77432800,0.0,0.0
2022-12-21 05:00:00+00:00,132.97999572753906,136.80999755859375,132.75,135.4499969482422,133.07472229003906,85928000,0.0,0.0
2022-12-22 05:00:00+00:00,134.35000610351562,134.55999755859375,130.3000030517578,132.22999572753906,129.9111785888672,77852100,0.0,0.0
2022-12-23 05:00:00+00:00,130.9199981689453,132.4199981689453,129.63999938964844,131.86000061035156,129.5476837158203,63814900,0.0,0.0
2022-12-27 05:00:00+00:00,131.3800048828125,131.41000366210938,128.72000122070312,130.02999877929688,127.74974822998047,69007800,0.0,0.0
2022-12-28 05:00:00+00:00,129.6699981689453,131.02999877929688,125.87000274658203,126.04000091552734,123.82974243164062,85438400,0.0,0.0
2022-12-29 05:00:00+00:00,127.98999786376953,130.47999572753906,127.7300033569336,129.61000061035156,127.33712768554688,75703700,0.0,0.0
2022-12-30 05:00:00+00:00,128.41000366210938,129.9499969482422,127.43000030517578,129.92999267578125,127.65150451660156,77034200,0.0,0.0
2023-01-03 05:00:00+00:00,130.27999877929688,130.89999389648438,124.16999816894531,125.06999969482422,122.87673950195312,112117500,0.0,0.0
2023-01-04 05:00:00+00:00,126.88999938964844,128.66000366210938,125.08000183105469,126.36000061035156,124.14412689208984,89113600,0.0,0.0
2023-01-05 05:00:00+00:00,127.12999725341797,127.7699966430664,124.76000213623047,125.0199966430664,122.82760620117188,80962700,0.0,0.0
2023-01-06 05:00:00+00:00,126.01000213623047,130.2899932861328,124.88999938964844,129.6199951171875,127.34696960449219,87754700,0.0,0.0
2023-01-09 05:00:00+00:00,130.47000122070312,133.41000366210938,129.88999938964844,130.14999389648438,127.86763763427734,70790800,0.0,0.0
2023-01-10 05:00:00+00:00,130.25999450683594,131.25999450683594,128.1199951171875,130.72999572753906,128.4375,63896200,0.0,0.0
2023-01-11 05:00:00+00:00,131.25,133.50999450683594,130.4600067138672,133.49000549316406,131.1490936279297,69458900,0.0,0.0
2023-01-12 05:00:00+00:00,133.8800048828125,134.25999450683594,131.44000244140625,133.41000366210938,131.0705108642578,71379600,0.0,0.0
2023-01-13 05:00:00+00:00,132.02999877929688,134.9199981689453,131.66000366210938,134.75999450683594,132.3968048095703,57809700,0.0,0.0
2023-01-17 05:00:00+00:00,134.8300018310547,137.2899932861328,134.1300048828125,135.94000244140625,133.5561065673828,63646600,0.0,0.0
2023-01-18 05:00:00+00:00,136.82000732421875,138.61000061035156,135.02999877929688,135.2100067138672,132.83892822265625,69672800,0.0,0.0
2023-01-19 05:00:00+00:00,134.0800018310547,136.25,133.77000427246094,135.27000427246094,132.8978729248047,58280400,0.0,0.0
2023-01-20 05:00:00+00:00,135.27999877929688,138.02000427246094,134.22000122070312,137.8699951171875,135.45225524902344,80223600,0.0,0.0
2023-01-23 05:00:00+00:00,138.1199951171875,143.32000732421875,137.89999389648438,141.11000061035156,138.63546752929688,81760300,0.0,0.0
2023-01-24 05:00:00+00:00,140.30999755859375,143.16000366210938,140.3000030517578,142.52999877929688,140.0305633544922,66435100,0.0,0.0
2023-01-25 05:00:00+00:00,140.88999938964844,142.42999267578125,138.80999755859375,141.86000061035156,139.372314453125,65799300,0.0,0.0
2023-01-26 05:00:00+00:00,143.1699981689453,144.25,141.89999389648438,143.9600067138672,141.4354705810547,54105100,0.0,0.0
2023-01-27 05:00:00+00:00,143.16000366210938,147.22999572753906,143.0800018310547,145.92999267578125,143.37094116210938,70555800,0.0,0.0
2023-01-30 05:00:00+00:00,144.9600067138672,145.5500030517578,142.85000610351562,143.0,140.4923095703125,64015300,0.0,0.0
2023-01-31 05:00:00+00:00,142.6999969482422,144.33999633789062,142.27999877929688,144.2899932861328,141.75970458984375,65874500,0.0,0.0
2023-02-01 05:00:00+00:00,143.97000122070312,146.61000061035156,141.32000732421875,145.42999267578125,142.87969970703125,77663600,0.0,0.0
2023-02-02 05:00:00+00:00,148.89999389648438,151.17999267578125,148.1699981689453,150.82000732421875,148.17515563964844,118339000,0.0,0.0
2023-02-03 05:00:00+00:00,148.02999877929688,157.3800048828125,147.8300018310547,154.5,151.79066467285156,154357300,0.0,0.0
2023-02-06 05:00:00+00:00,152.57000732421875,153.10000610351562,150.77999877929688,151.72999572753906,149.0692138671875,69858300,0.0,0.0
2023-02-07 05:00:00+00:00,150.63999938964844,155.22999572753906,150.63999938964844,154.64999389648438,151.93801879882812,83322600,0.0,0.0
2023-02-08 05:00:00+00:00,153.8800048828125,154.5800018310547,151.1699981689453,151.9199981689453,149.2559051513672,64120100,0.0,0.0
2023-02-09 05:00:00+00:00,153.77999877929688,154.3300018310547,150.4199981689453,150.8699951171875,148.2243194580078,56007100,0.0,0.0
2023-02-10 05:00:00+00:00,149.4600067138672,151.33999633789062,149.22000122070312,151.00999450683594,148.58836364746094,57450700,0.23,0.0
2023-02-13 05:00:00+00:00,150.9499969482422,154.25999450683594,150.9199981689453,153.85000610351562,151.3828582763672,62199000,0.0,0.0
2023-02-14 05:00:00+00:00,152.1199951171875,153.77000427246094,150.86000061035156,153.1999969482422,150.7432403564453,61707600,0.0,0.0
2023-02-15 05:00:00+00:00,153.11000061035156,155.5,152.8800048828125,155.3300018310547,152.839111328125,65573800,0.0,0.0
2023-02-16 05:00:00+00:00,153.50999450683594,156.3300018310547,153.35000610351562,153.7100067138672,151.24508666992188,68167900,0.0,0.0
2023-02-17 05:00:00+00:00,152.35000610351562,153.0,150.85000610351562,152.5500030517578,150.10369873046875,59144100,0.0,0.0
2023-02-21 05:00:00+00:00,150.1999969482422,151.3000030517578,148.41000366210938,148.47999572753906,146.0989227294922,58867200,0.0,0.0
2023-02-22 05:00:00+00:00,148.8699951171875,149.9499969482422,147.16000366210938,148.91000366210938,146.5220184326172,51011300,0.0,0.0
2023-02-23 05:00:00+00:00,150.08999633789062,150.33999633789062,147.24000549316406,149.39999389648438,147.00418090820312,48394200,0.0,0.0
2023-02-24 05:00:00+00:00,147.11000061035156,147.19000244140625,145.72000122070312,146.7100067138672,144.3573455810547,55469600,0.0,0.0
2023-02-27 05:00:00+00:00,147.7100067138672,149.1699981689453,147.4499969482422,147.9199981689453,145.5479278564453,44998500,0.0,0.0
2023-02-28 05:00:00+00:00,147.0500030517578,149.0800018310547,146.8300018310547,147.41000366210938,145.04611206054688,50547000,0.0,0.0
2023-03-01 05:00:00+00:00,146.8300018310547,147.22999572753906,145.00999450683594,145.30999755859375,142.9797821044922,55479000,0.0,0.0
2023-03-02 05:00:00+00:00,144.3800048828125,146.7100067138672,143.89999389648438,145.91000366210938,143.5701446533203,52238100,0.0,0.0
2023-03-03 05:00:00+00:00,148.0399932861328,151.11000061035156,147.3300018310547,151.02999877929688,148.6080780029297,70732300,0.0,0.0
2023-03-06 05:00:00+00:00,153.7899932861328,156.3000030517578,153.4600067138672,153.8300018310547,151.3631591796875,87558000,0.0,0.0
2023-03-07 05:00:00+00:00,153.6999969482422,154.02999877929688,151.1300048828125,151.60000610351562,149.16891479492188,56182000,0.0,0.0
2023-03-08 05:00:00+00:00,152.80999755859375,153.47000122070312,151.8300018310547,152.8699951171875,150.41854858398438,47204800,0.0,0.0
2023-03-09 05:00:00+00:00,153.55999755859375,154.5399932861328,150.22999572753906,150.58999633789062,148.1750946044922,53833600,0.0,0.0
2023-03-10 05:00:00+00:00,150.2100067138672,150.94000244140625,147.61000061035156,148.5,146.11862182617188,68572400,0.0,0.0
2023-03-13 04:00:00+00:00,147.80999755859375,153.13999938964844,147.6999969482422,150.47000122070312,148.0570526123047,84457100,0.0,0.0
2023-03-14 04:00:00+00:00,151.27999877929688,153.39999389648438,150.10000610351562,152.58999633789062,150.1430206298828,73695900,0.0,0.0
2023-03-15 04:00:00+00:00,151.19000244140625,153.25,149.9199981689453,152.99000549316406,150.53662109375,77167900,0.0,0.0
2023-03-16 04:00:00+00:00,152.16000366210938,156.4600067138672,151.63999938964844,155.85000610351562,153.3507537841797,76161100,0.0,0.0
2023-03-17 04:00:00+00:00,156.0800018310547,156.74000549316406,154.27999877929688,155.0,152.514404296875,98944600,0.0,0.0
2023-03-20 04:00:00+00:00,155.07000732421875,157.82000732421875,154.14999389648438,157.39999389648438,154.8759307861328,73641400,0.0,0.0
2023-03-21 04:00:00+00:00,157.32000732421875,159.39999389648438,156.5399932861328,159.27999877929688,156.72572326660156,73938300,0.0,0.0
2023-03-22 04:00:00+00:00,159.3000030517578,162.13999938964844,157.80999755859375,157.8300018310547,155.29901123046875,75701800,0.0,0.0
2023-03-23 04:00:00+00:00,158.8300018310547,161.5500030517578,157.67999267578125,158.92999267578125,156.38136291503906,67622100,0.0,0.0
2023-03-24 04:00:00+00:00,158.86000061035156,160.33999633789062,157.85000610351562,160.25,157.68020629882812,59196500,0.0,0.0
2023-03-27 04:00:00+00:00,159.94000244140625,160.77000427246094,157.8699951171875,158.27999877929688,155.74180603027344,52390300,0.0,0.0
2023-03-28 04:00:00+00:00,157.97000122070312,158.49000549316406,155.97999572753906,157.64999389648438,155.12188720703125,45992200,0.0,0.0
2023-03-29 04:00:00+00:00,159.3699951171875,161.0500030517578,159.35000610351562,160.77000427246094,158.19187927246094,51305700,0.0,0.0
2023-03-30 04:00:00+00:00,161.52999877929688,162.47000122070312,161.27000427246094,162.36000061035156,159.75636291503906,49501700,0.0,0.0
2023-03-31 04:00:00+00:00,162.44000244140625,165.0,161.91000366210938,164.89999389648438,162.25563049316406,68749800,0.0,0.0
2023-04-03 04:00:00+00:00,164.27000427246094,166.2899932861328,164.22000122070312,166.1699981689453,163.5052490234375,56976200,0.0,0.0
2023-04-04 04:00:00+00:00,166.60000610351562,166.83999633789062,165.11000061035156,165.6300048828125,162.9739227294922,46278300,0.0,0.0
2023-04-05 04:00:00+00:00,164.74000549316406,165.0500030517578,161.8000030517578,163.75999450683594,161.13388061523438,51511700,0.0,0.0
2023-04-06 04:00:00+00:00,162.42999267578125,164.9600067138672,162.0,164.66000366210938,162.0194854736328,45390100,0.0,0.0
2023-04-10 04:00:00+00:00,161.4199981689453,162.02999877929688,160.0800018310547,162.02999877929688,159.431640625,47716900,0.0,0.0
2023-04-11 04:00:00+00:00,162.35000610351562,162.36000061035156,160.50999450683594,160.8000030517578,158.2213897705078,47644200,0.0,0.0
2023-04-12 04:00:00+00:00,161.22000122070312,162.05999755859375,159.77999877929688,160.10000610351562,157.5326385498047,50133100,0.0,0.0
2023-04-13 04:00:00+00:00,161.6300048828125,165.8000030517578,161.4199981689453,165.55999755859375,162.905029296875,68445600,0.0,0.0
2023-04-14 04:00:00+00:00,164.58999633789062,166.32000732421875,163.82000732421875,165.2100067138672,162.56068420410156,49386500,0.0,0.0
2023-04-17 04:00:00+00:00,165.08999633789062,165.38999938964844,164.02999877929688,165.22999572753906,162.58033752441406,41516200,0.0,0.0
2023-04-18 04:00:00+00:00,166.10000610351562,167.41000366210938,165.64999389648438,166.47000122070312,163.8004913330078,49923000,0.0,0.0
2023-04-19 04:00:00+00:00,165.8000030517578,168.16000366210938,165.5399932861328,167.6300048828125,164.9418487548828,47720200,0.0,0.0
2023-04-20 04:00:00+00:00,166.08999633789062,167.8699951171875,165.55999755859375,166.64999389648438,163.97755432128906,52456400,0.0,0.0
2023-04-21 04:00:00+00:00,165.0500030517578,166.4499969482422,164.49000549316406,165.02000427246094,162.37371826171875,58337300,0.0,0.0
2023-04-24 04:00:00+00:00,165.0,165.60000610351562,163.88999938964844,165.3300018310547,162.67874145507812,41949600,0.0,0.0
2023-04-25 04:00:00+00:00,165.19000244140625,166.30999755859375,163.72999572753906,163.77000427246094,161.14373779296875,48714100,0.0,0.0
2023-04-26 04:00:00+00:00,163.05999755859375,165.27999877929688,162.8000030517578,163.75999450683594,161.13388061523438,45498800,0.0,0.0
2023-04-27 04:00:00+00:00,165.19000244140625,168.55999755859375,165.19000244140625,168.41000366210938,165.7093505859375,64902300,0.0,0.0
2023-04-28 04:00:00+00:00,168.49000549316406,169.85000610351562,167.8800048828125,169.67999267578125,166.95899963378906,55275900,0.0,0.0
2023-05-01 04:00:00+00:00,169.27999877929688,170.4499969482422,168.63999938964844,169.58999633789062,166.87042236328125,52472900,0.0,0.0
2023-05-02 04:00:00+00:00,170.08999633789062,170.35000610351562,167.5399932861328,168.5399932861328,165.83724975585938,48425700,0.0,0.0
2023-05-03 04:00:00+00:00,169.5,170.9199981689453,167.16000366210938,167.4499969482422,164.7647247314453,65136000,0.0,0.0
2023-05-04 04:00:00+00:00,164.88999938964844,167.0399932861328,164.30999755859375,165.7899932861328,163.13136291503906,81235400,0.0,0.0
2023-05-05 04:00:00+00:00,170.97999572753906,174.3000030517578,170.75999450683594,173.57000732421875,170.78660583496094,113453200,0.0,0.0
2023-05-08 04:00:00+00:00,172.47999572753906,173.85000610351562,172.11000061035156,173.5,170.71771240234375,55962800,0.0,0.0
2023-05-09 04:00:00+00:00,173.0500030517578,173.5399932861328,171.60000610351562,171.77000427246094,169.01548767089844,45326900,0.0,0.0
2023-05-10 04:00:00+00:00,173.02000427246094,174.02999877929688,171.89999389648438,173.55999755859375,170.77676391601562,53724500,0.0,0.0
2023-05-11 04:00:00+00:00,173.85000610351562,174.58999633789062,172.1699981689453,173.75,170.96372985839844,49514700,0.0,0.0
2023-05-12 04:00:00+00:00,173.6199951171875,174.05999755859375,171.0,172.57000732421875,170.03750610351562,45533100,0.24,0.0
2023-05-15 04:00:00+00:00,173.16000366210938,173.2100067138672,171.47000122070312,172.07000732421875,169.5448455810547,37266700,0.0,0.0
2023-05-16 04:00:00+00:00,171.99000549316406,173.13999938964844,171.8000030517578,172.07000732421875,169.5448455810547,42110300,0.0,0.0
2023-05-17 04:00:00+00:00,171.7100067138672,172.92999267578125,170.4199981689453,172.69000244140625,170.15574645996094,57951600,0.0,0.0
2023-05-18 04:00:00+00:00,173.0,175.24000549316406,172.5800018310547,175.0500030517578,172.4811248779297,65496700,0.0,0.0
2023-05-19 04:00:00+00:00,176.38999938964844,176.38999938964844,174.94000244140625,175.16000366210938,172.5895233154297,55809500,0.0,0.0
2023-05-22 04:00:00+00:00,173.97999572753906,174.7100067138672,173.4499969482422,174.1999969482422,171.64356994628906,43570900,0.0,0.0
2023-05-23 04:00:00+00:00,173.1300048828125,173.3800048828125,171.27999877929688,171.55999755859375,169.04232788085938,50747300,0.0,0.0
2023-05-24 04:00:00+00:00,171.08999633789062,172.4199981689453,170.52000427246094,171.83999633789062,169.31822204589844,45143500,0.0,0.0
2023-05-25 04:00:00+00:00,172.41000366210938,173.89999389648438,171.69000244140625,172.99000549316406,170.4513397216797,56058300,0.0,0.0
2023-05-26 04:00:00+00:00,173.32000732421875,175.77000427246094,173.11000061035156,175.42999267578125,172.85552978515625,54835000,0.0,0.0
2023-05-30 04:00:00+00:00,176.9600067138672,178.99000549316406,176.57000732421875,177.3000030517578,174.69805908203125,55964400,0.0,0.0
2023-05-31 04:00:00+00:00,177.3300018310547,179.35000610351562,176.75999450683594,177.25,174.6488037109375,99625300,0.0,0.0
2023-06-01 04:00:00+00:00,177.6999969482422,180.1199951171875,176.92999267578125,180.08999633789062,177.4471435546875,68901800,0.0,0.0
2023-06-02 04:00:00+00:00,181.02999877929688,181.77999877929688,179.25999450683594,180.9499969482422,178.2945098876953,61996900,0.0,0.0
2023-06-05 04:00:00+00:00,182.6300048828125,184.9499969482422,178.0399932861328,179.5800018310547,176.9446563720703,121946500,0.0,0.0
2023-06-06 04:00:00+00:00,179.97000122070312,180.1199951171875,177.42999267578125,179.2100067138672,176.58006286621094,64848400,0.0,0.0
2023-06-07 04:00:00+00:00,178.44000244140625,181.2100067138672,177.32000732421875,177.82000732421875,175.21046447753906,61944600,0.0,0.0
2023-06-08 04:00:00+00:00,177.89999389648438,180.83999633789062,177.4600067138672,180.57000732421875,177.92013549804688,50214900,0.0,0.0
2023-06-09 04:00:00+00:00,181.5,182.22999572753906,180.6300048828125,180.9600067138672,178.30435180664062,48900000,0.0,0.0
2023-06-12 04:00:00+00:00,181.27000427246094,183.88999938964844,180.97000122070312,183.7899932861328,181.09286499023438,54274900,0.0,0.0
2023-06-13 04:00:00+00:00,182.8000030517578,184.14999389648438,182.44000244140625,183.30999755859375,180.61990356445312,54929100,0.0,0.0
2023-06-14 04:00:00+00:00,183.3699951171875,184.38999938964844,182.02000427246094,183.9499969482422,181.25050354003906,57462900,0.0,0.0
2023-06-15 04:00:00+00:00,183.9600067138672,186.52000427246094,183.77999877929688,186.00999450683594,183.28025817871094,65433200,0.0,0.0
2023-06-16 04:00:00+00:00,186.72999572753906,186.99000549316406,184.27000427246094,184.9199981689453,182.20626831054688,101256200,0.0,0.0
2023-06-20 04:00:00+00:00,184.41000366210938,186.10000610351562,184.41000366210938,185.00999450683594,182.2949676513672,49799100,0.0,0.0
2023-06-21 04:00:00+00:00,184.89999389648438,185.41000366210938,182.58999633789062,183.9600067138672,181.2603759765625,49515700,0.0,0.0
2023-06-22 04:00:00+00:00,183.74000549316406,187.0500030517578,183.6699981689453,187.0,184.2557373046875,51245300,0.0,0.0
2023-06-23 04:00:00+00:00,185.5500030517578,187.55999755859375,185.00999450683594,186.67999267578125,183.94041442871094,53117000,0.0,0.0
2023-06-26 04:00:00+00:00,186.8300018310547,188.0500030517578,185.22999572753906,185.27000427246094,182.55111694335938,48088700,0.0,0.0
2023-06-27 04:00:00+00:00,185.88999938964844,188.38999938964844,185.6699981689453,188.05999755859375,185.3001708984375,50730800,0.0,0.0
2023-06-28 04:00:00+00:00,187.92999267578125,189.89999389648438,187.60000610351562,189.25,186.4727020263672,51216800,0.0,0.0
2023-06-29 04:00:00+00:00,189.0800018310547,190.07000732421875,188.94000244140625,189.58999633789062,186.80775451660156,46347300,0.0,0.0
2023-06-30 04:00:00+00:00,191.6300048828125,194.47999572753906,191.25999450683594,193.97000122070312,191.12347412109375,85213200,0.0,0.0
2023-07-03 04:00:00+00:00,193.77999877929688,193.8800048828125,191.75999450683594,192.4600067138672,189.63558959960938,31458200,0.0,0.0
2023-07-05 04:00:00+00:00,191.57000732421875,192.97999572753906,190.6199951171875,191.3300018310547,188.52220153808594,46920300,0.0,0.0
2023-07-06 04:00:00+00:00,189.83999633789062,192.02000427246094,189.1999969482422,191.80999755859375,188.9951934814453,45094300,0.0,0.0
2023-07-07 04:00:00+00:00,191.41000366210938,192.6699981689453,190.24000549316406,190.67999267578125,187.88172912597656,46815000,0.0,0.0
2023-07-10 04:00:00+00:00,189.25999450683594,189.99000549316406,187.0399932861328,188.61000061035156,185.8420867919922,59922200,0.0,0.0
2023-07-11 04:00:00+00:00,189.16000366210938,189.3000030517578,186.60000610351562,188.0800018310547,185.31991577148438,46638100,0.0,0.0
2023-07-12 04:00:00+00:00,189.67999267578125,191.6999969482422,188.47000122070312,189.77000427246094,186.985107421875,60750200,0.0,0.0
2023-07-13 04:00:00+00:00,190.5,191.19000244140625,189.77999877929688,190.5399932861328,187.74378967285156,41342300,0.0,0.0
2023-07-14 04:00:00+00:00,190.22999572753906,191.17999267578125,189.6300048828125,190.69000244140625,187.89158630371094,41616200,0.0,0.0
2023-07-17 04:00:00+00:00,191.89999389648438,194.32000732421875,191.80999755859375,193.99000549316406,191.14315795898438,50520200,0.0,0.0
2023-07-18 04:00:00+00:00,193.35000610351562,194.3300018310547,192.4199981689453,193.72999572753906,190.88697814941406,48288200,0.0,0.0
2023-07-19 04:00:00+00:00,193.10000610351562,198.22999572753906,192.64999389648438,195.10000610351562,192.2368621826172,80507300,0.0,0.0
2023-07-20 04:00:00+00:00,195.08999633789062,196.47000122070312,192.5,193.1300048828125,190.29579162597656,59581200,0.0,0.0
2023-07-21 04:00:00+00:00,194.10000610351562,194.97000122070312,191.22999572753906,191.94000244140625,189.12322998046875,71951700,0.0,0.0
2023-07-24 04:00:00+00:00,193.41000366210938,194.91000366210938,192.25,192.75,189.92138671875,45377800,0.0,0.0
2023-07-25 04:00:00+00:00,193.3300018310547,194.44000244140625,192.9199981689453,193.6199951171875,190.77857971191406,37283200,0.0,0.0
2023-07-26 04:00:00+00:00,193.6699981689453,195.63999938964844,193.32000732421875,194.5,191.6456756591797,47471900,0.0,0.0
2023-07-27 04:00:00+00:00,196.02000427246094,197.1999969482422,192.5500030517578,193.22000122070312,190.3844451904297,47460200,0.0,0.0
2023-07-28 04:00:00+00:00,194.6699981689453,196.6300048828125,194.13999938964844,195.8300018310547,192.95616149902344,48291400,0.0,0.0
2023-07-31 04:00:00+00:00,196.05999755859375,196.49000549316406,195.25999450683594,196.4499969482422,193.5670623779297,38824100,0.0,0.0
2023-08-01 04:00:00+00:00,196.24000549316406,196.72999572753906,195.27999877929688,195.61000061035156,192.73939514160156,35175100,0.0,0.0
2023-08-02 04:00:00+00:00,195.0399932861328,195.17999267578125,191.85000610351562,192.5800018310547,189.75389099121094,50389300,0.0,0.0
2023-08-03 04:00:00+00:00,191.57000732421875,192.3699951171875,190.69000244140625,191.1699981689453,188.3645477294922,61235200,0.0,0.0
2023-08-04 04:00:00+00:00,185.52000427246094,187.3800048828125,181.9199981689453,181.99000549316406,179.3192596435547,115956800,0.0,0.0
2023-08-07 04:00:00+00:00,182.1300048828125,183.1300048828125,177.35000610351562,178.85000610351562,176.22537231445312,97576100,0.0,0.0
2023-08-08 04:00:00+00:00,179.69000244140625,180.27000427246094,177.5800018310547,179.8000030517578,177.16140747070312,67823000,0.0,0.0
2023-08-09 04:00:00+00:00,180.8699951171875,180.92999267578125,177.00999450683594,178.19000244140625,175.57505798339844,60378500,0.0,0.0
2023-08-10 04:00:00+00:00,179.47999572753906,180.75,177.60000610351562,177.97000122070312,175.35824584960938,54686900,0.0,0.0
2023-08-11 04:00:00+00:00,177.32000732421875,178.6199951171875,176.5500030517578,177.7899932861328,175.41746520996094,52036700,0.24,0.0
2023-08-14 04:00:00+00:00,177.97000122070312,179.69000244140625,177.30999755859375,179.4600067138672,177.06517028808594,43675600,0.0,0.0
2023-08-15 04:00:00+00:00,178.8800048828125,179.47999572753906,177.0500030517578,177.4499969482422,175.08201599121094,43622600,0.0,0.0
2023-08-16 04:00:00+00:00,177.1300048828125,178.5399932861328,176.5,176.57000732421875,174.2137451171875,46964900,0.0,0.0
2023-08-17 04:00:00+00:00,177.13999938964844,177.50999450683594,173.47999572753906,174.0,171.6780242919922,66062900,0.0,0.0
2023-08-18 04:00:00+00:00,172.3000030517578,175.10000610351562,171.9600067138672,174.49000549316406,172.16152954101562,61172200,0.0,0.0
2023-08-21 04:00:00+00:00,175.07000732421875,176.1300048828125,173.74000549316406,175.83999633789062,173.4934844970703,46311900,0.0,0.0
2023-08-22 04:00:00+00:00,177.05999755859375,177.67999267578125,176.25,177.22999572753906,174.86495971679688,42038900,0.0,0.0
2023-08-23 04:00:00+00:00,178.52000427246094,181.5500030517578,178.3300018310547,181.1199951171875,178.70303344726562,52722800,0.0,0.0
2023-08-24 04:00:00+00:00,180.6699981689453,181.10000610351562,176.00999450683594,176.3800048828125,174.02627563476562,54945800,0.0,0.0
2023-08-25 04:00:00+00:00,177.3800048828125,179.14999389648438,175.82000732421875,178.61000061035156,176.22653198242188,51449600,0.0,0.0
2023-08-28 04:00:00+00:00,180.08999633789062,180.58999633789062,178.5500030517578,180.19000244140625,177.78543090820312,43820700,0.0,0.0
2023-08-29 04:00:00+00:00,179.6999969482422,184.89999389648438,179.5,184.1199951171875,181.66297912597656,53003900,0.0,0.0
2023-08-30 04:00:00+00:00,184.94000244140625,187.85000610351562,184.74000549316406,187.64999389648438,185.14590454101562,60813900,0.0,0.0
2023-08-31 04:00:00+00:00,187.83999633789062,189.1199951171875,187.47999572753906,187.8699951171875,185.3629608154297,60794500,0.0,0.0
2023-09-01 04:00:00+00:00,189.49000549316406,189.9199981689453,188.27999877929688,189.4600067138672,186.9317169189453,45766500,0.0,0.0
2023-09-05 04:00:00+00:00,188.27999877929688,189.97999572753906,187.61000061035156,189.6999969482422,187.16851806640625,45280000,0.0,0.0
2023-09-06 04:00:00+00:00,188.39999389648438,188.85000610351562,181.47000122070312,182.91000366210938,180.46914672851562,81755800,0.0,0.0
2023-09-07 04:00:00+00:00,175.17999267578125,178.2100067138672,173.5399932861328,177.55999755859375,175.19052124023438,112488800,0.0,0.0
2023-09-08 04:00:00+00:00,178.35000610351562,180.24000549316406,177.7899932861328,178.17999267578125,175.80223083496094,65551300,0.0,0.0
2023-09-11 04:00:00+00:00,180.07000732421875,180.3000030517578,177.33999633789062,179.36000061035156,176.9665069580078,58953100,0.0,0.0
2023-09-12 04:00:00+00:00,179.49000549316406,180.1300048828125,174.82000732421875,176.3000030517578,173.9473419189453,90370200,0.0,0.0
2023-09-13 04:00:00+00:00,176.50999450683594,177.3000030517578,173.97999572753906,174.2100067138672,171.88523864746094,84267900,0.0,0.0
2023-09-14 04:00:00+00:00,174.0,176.10000610351562,173.5800018310547,175.74000549316406,173.3948211669922,60895800,0.0,0.0
2023-09-15 04:00:00+00:00,176.47999572753906,176.5,173.82000732421875,175.00999450683594,172.67454528808594,109259500,0.0,0.0
2023-09-18 04:00:00+00:00,176.47999572753906,179.3800048828125,176.1699981689453,177.97000122070312,175.5950469970703,67257600,0.0,0.0
2023-09-19 04:00:00+00:00,177.52000427246094,179.6300048828125,177.1300048828125,179.07000732421875,176.68035888671875,51826900,0.0,0.0
2023-09-20 04:00:00+00:00,179.25999450683594,179.6999969482422,175.39999389648438,175.49000549316406,173.14816284179688,58436200,0.0,0.0
2023-09-21 04:00:00+00:00,174.5500030517578,176.3000030517578,173.86000061035156,173.92999267578125,171.6089630126953,63149100,0.0,0.0
2023-09-22 04:00:00+00:00,174.6699981689453,177.0800018310547,174.0500030517578,174.7899932861328,172.45748901367188,56725400,0.0,0.0
2023-09-25 04:00:00+00:00,174.1999969482422,176.97000122070312,174.14999389648438,176.0800018310547,173.7302703857422,46172700,0.0,0.0
2023-09-26 04:00:00+00:00,174.82000732421875,175.1999969482422,171.66000366210938,171.9600067138672,169.66525268554688,64588900,0.0,0.0
2023-09-27 04:00:00+00:00,172.6199951171875,173.0399932861328,169.0500030517578,170.42999267578125,168.1556854248047,66921800,0.0,0.0
2023-09-28 04:00:00+00:00,169.33999633789062,172.02999877929688,167.6199951171875,170.69000244140625,168.41220092773438,56294400,0.0,0.0
2023-09-29 04:00:00+00:00,172.02000427246094,173.07000732421875,170.33999633789062,171.2100067138672,168.92527770996094,51861100,0.0,0.0
2023-10-02 04:00:00+00:00,171.22000122070312,174.3000030517578,170.92999267578125,173.75,171.4313507080078,52164500,0.0,0.0
2023-10-03 04:00:00+00:00,172.25999450683594,173.6300048828125,170.82000732421875,172.39999389648438,170.09938049316406,49594600,0.0,0.0
2023-10-04 04:00:00+00:00,171.08999633789062,174.2100067138672,170.97000122070312,173.66000366210938,171.34259033203125,53020300,0.0,0.0
2023-10-05 04:00:00+00:00,173.7899932861328,175.4499969482422,172.67999267578125,174.91000366210938,172.57591247558594,48527900,0.0,0.0
2023-10-06 04:00:00+00:00,173.8000030517578,177.99000549316406,173.17999267578125,177.49000549316406,175.12144470214844,57266700,0.0,0.0
2023-10-09 04:00:00+00:00,176.80999755859375,179.0500030517578,175.8000030517578,178.99000549316406,176.60145568847656,42390800,0.0,0.0
2023-10-10 04:00:00+00:00,178.10000610351562,179.72000122070312,177.9499969482422,178.38999938964844,176.00942993164062,43698000,0.0,0.0
2023-10-11 04:00:00+00:00,178.1999969482422,179.85000610351562,177.60000610351562,179.8000030517578,177.40065002441406,47551100,0.0,0.0
2023-10-12 04:00:00+00:00,180.07000732421875,182.33999633789062,179.0399932861328,180.7100067138672,178.29849243164062,56743100,0.0,0.0
2023-10-13 04:00:00+00:00,181.4199981689453,181.92999267578125,178.13999938964844,178.85000610351562,176.46331787109375,51427100,0.0,0.0
2023-10-16 04:00:00+00:00,176.75,179.0800018310547,176.50999450683594,178.72000122070312,176.3350372314453,52517000,0.0,0.0
2023-10-17 04:00:00+00:00,176.64999389648438,178.4199981689453,174.8000030517578,177.14999389648438,174.7860107421875,57549400,0.0,0.0
2023-10-18 04:00:00+00:00,175.5800018310547,177.5800018310547,175.11000061035156,175.83999633789062,173.4934844970703,54764400,0.0,0.0
2023-10-19 04:00:00+00:00,176.0399932861328,177.83999633789062,175.19000244140625,175.4600067138672,173.1185760498047,59302900,0.0,0.0
2023-10-20 04:00:00+00:00,175.30999755859375,175.4199981689453,172.63999938964844,172.8800048828125,170.572998046875,64244000,0.0,0.0
2023-10-23 04:00:00+00:00,170.91000366210938,174.00999450683594,169.92999267578125,173.0,170.6913604736328,55980100,0.0,0.0
2023-10-24 04:00:00+00:00,173.0500030517578,173.6699981689453,171.4499969482422,173.44000244140625,171.12550354003906,43816600,0.0,0.0
2023-10-25 04:00:00+00:00,171.8800048828125,173.05999755859375,170.64999389648438,171.10000610351562,168.81674194335938,57157000,0.0,0.0
2023-10-26 04:00:00+00:00,170.3699951171875,171.3800048828125,165.6699981689453,166.88999938964844,164.66293334960938,70625300,0.0,0.0
2023-10-27 04:00:00+00:00,166.91000366210938,168.9600067138672,166.8300018310547,168.22000122070312,165.97515869140625,58499100,0.0,0.0
2023-10-30 04:00:00+00:00,169.02000427246094,171.1699981689453,168.8699951171875,170.2899932861328,168.01754760742188,51131000,0.0,0.0
2023-10-31 04:00:00+00:00,169.35000610351562,170.89999389648438,167.89999389648438,170.77000427246094,168.49111938476562,44846000,0.0,0.0
2023-11-01 04:00:00+00:00,171.0,174.22999572753906,170.1199951171875,173.97000122070312,171.6484375,56934900,0.0,0.0
2023-11-02 04:00:00+00:00,175.52000427246094,177.77999877929688,175.4600067138672,177.57000732421875,175.2003936767578,77334800,0.0,0.0
2023-11-03 04:00:00+00:00,174.24000549316406,176.82000732421875,173.35000610351562,176.64999389648438,174.2926483154297,79829200,0.0,0.0
2023-11-06 05:00:00+00:00,176.3800048828125,179.42999267578125,176.2100067138672,179.22999572753906,176.83822631835938,63841300,0.0,0.0
2023-11-07 05:00:00+00:00,179.17999267578125,182.44000244140625,178.97000122070312,181.82000732421875,179.3936767578125,70530000,0.0,0.0
2023-11-08 05:00:00+00:00,182.35000610351562,183.4499969482422,181.58999633789062,182.88999938964844,180.4494171142578,49340300,0.0,0.0
2023-11-09 05:00:00+00:00,182.9600067138672,184.1199951171875,181.80999755859375,182.41000366210938,179.97581481933594,53763500,0.0,0.0
2023-11-10 05:00:00+00:00,183.97000122070312,186.57000732421875,183.52999877929688,186.39999389648438,184.15484619140625,66133400,0.24,0.0
2023-11-13 05:00:00+00:00,185.82000732421875,186.02999877929688,184.2100067138672,184.8000030517578,182.57412719726562,43627500,0.0,0.0
2023-11-14 05:00:00+00:00,187.6999969482422,188.11000061035156,186.3000030517578,187.44000244140625,185.18235778808594,60108400,0.0,0.0
2023-11-15 05:00:00+00:00,187.85000610351562,189.5,187.77999877929688,188.00999450683594,185.74546813964844,53790500,0.0,0.0
2023-11-16 05:00:00+00:00,189.57000732421875,190.9600067138672,188.64999389648438,189.7100067138672,187.42501831054688,54412900,0.0,0.0
2023-11-17 05:00:00+00:00,190.25,190.3800048828125,188.57000732421875,189.69000244140625,187.4052276611328,50922700,0.0,0.0
2023-11-20 05:00:00+00:00,189.88999938964844,191.91000366210938,189.8800048828125,191.4499969482422,189.14402770996094,46505100,0.0,0.0
2023-11-21 05:00:00+00:00,191.41000366210938,191.52000427246094,189.74000549316406,190.63999938964844,188.34378051757812,38134500,0.0,0.0
2023-11-22 05:00:00+00:00,191.49000549316406,192.92999267578125,190.8300018310547,191.30999755859375,189.00570678710938,39617700,0.0,0.0
2023-11-24 05:00:00+00:00,190.8699951171875,190.89999389648438,189.25,189.97000122070312,187.68186950683594,24048300,0.0,0.0
2023-11-27 05:00:00+00:00,189.9199981689453,190.6699981689453,188.89999389648438,189.7899932861328,187.50401306152344,40552600,0.0,0.0
2023-11-28 05:00:00+00:00,189.77999877929688,191.0800018310547,189.39999389648438,190.39999389648438,188.10667419433594,38415400,0.0,0.0
2023-11-29 05:00:00+00:00,190.89999389648438,192.08999633789062,188.97000122070312,189.3699951171875,187.0890655517578,43014200,0.0,0.0
2023-11-30 05:00:00+00:00,189.83999633789062,190.32000732421875,188.19000244140625,189.9499969482422,187.66209411621094,48794400,0.0,0.0
2023-12-01 05:00:00+00:00,190.3300018310547,191.55999755859375,189.22999572753906,191.24000549316406,188.9365692138672,45704800,0.0,0.0
2023-12-04 05:00:00+00:00,189.97999572753906,190.0500030517578,187.4499969482422,189.42999267578125,187.14837646484375,43389500,0.0,0.0
2023-12-05 05:00:00+00:00,190.2100067138672,194.39999389648438,190.17999267578125,193.4199981689453,191.09033203125,66628400,0.0,0.0
2023-12-06 05:00:00+00:00,194.4499969482422,194.75999450683594,192.11000061035156,192.32000732421875,190.00360107421875,41089700,0.0,0.0
2023-12-07 05:00:00+00:00,193.6300048828125,195.0,193.58999633789062,194.27000427246094,191.9300994873047,47477700,0.0,0.0
2023-12-08 05:00:00+00:00,194.1999969482422,195.99000549316406,193.6699981689453,195.7100067138672,193.35272216796875,53406400,0.0,0.0
2023-12-11 05:00:00+00:00,193.11000061035156,193.49000549316406,191.4199981689453,193.17999267578125,190.8531951904297,60943700,0.0,0.0
2023-12-12 05:00:00+00:00,193.0800018310547,194.72000122070312,191.72000122070312,194.7100067138672,192.36477661132812,52696900,0.0,0.0
2023-12-13 05:00:00+00:00,195.08999633789062,198.0,194.85000610351562,197.9600067138672,195.5756378173828,70404200,0.0,0.0
2023-12-14 05:00:00+00:00,198.02000427246094,199.6199951171875,196.16000366210938,198.11000061035156,195.7238311767578,66831600,0.0,0.0
2023-12-15 05:00:00+00:00,197.52999877929688,198.39999389648438,197.0,197.57000732421875,195.1903533935547,128538400,0.0,0.0
2023-12-18 05:00:00+00:00,196.08999633789062,196.6300048828125,194.38999938964844,195.88999938964844,193.53053283691406,55751900,0.0,0.0
2023-12-19 05:00:00+00:00,196.16000366210938,196.9499969482422,195.88999938964844,196.94000244140625,194.5679168701172,40714100,0.0,0.0
2023-12-20 05:00:00+00:00,196.89999389648438,197.67999267578125,194.8300018310547,194.8300018310547,192.48330688476562,52242800,0.0,0.0
2023-12-21 05:00:00+00:00,196.10000610351562,197.0800018310547,193.5,194.67999267578125,192.33511352539062,46482500,0.0,0.0
2023-12-22 05:00:00+00:00,195.17999267578125,195.41000366210938,192.97000122070312,193.60000610351562,191.26815795898438,37149600,0.0,0.0
2023-12-26 05:00:00+00:00,193.61000061035156,193.88999938964844,192.8300018310547,193.0500030517578,190.72479248046875,28919300,0.0,0.0
2023-12-27 05:00:00+00:00,192.49000549316406,193.5,191.08999633789062,193.14999389648438,190.8235321044922,48087700,0.0,0.0
2023-12-28 05:00:00+00:00,194.13999938964844,194.66000366210938,193.1699981689453,193.5800018310547,191.24838256835938,34049900,0.0,0.0
2023-12-29 05:00:00+00:00,193.89999389648438,194.39999389648438,191.72999572753906,192.52999877929688,190.2110137939453,42672100,0.0,0.0
2024-01-02 05:00:00+00:00,187.14999389648438,188.44000244140625,183.88999938964844,185.63999938964844,183.40399169921875,82488700,0.0,0.0
2024-01-03 05:00:00+00:00,184.22000122070312,185.8800048828125,183.42999267578125,184.25,182.03076171875,58414500,0.0,0.0
2024-01-04 05:00:00+00:00,182.14999389648438,183.08999633789062,180.8800048828125,181.91000366210938,179.7189483642578,71983600,0.0,0.0
2024-01-05 05:00:00+00:00,181.99000549316406,182.75999450683594,180.1699981689453,181.17999267578125,178.99774169921875,62379700,0.0,0.0
2024-01-08 05:00:00+00:00,182.08999633789062,185.60000610351562,181.5,185.55999755859375,183.32498168945312,59144500,0.0,0.0
2024-01-09 05:00:00+00:00,183.9199981689453,185.14999389648438,182.72999572753906,185.13999938964844,182.91004943847656,42841800,0.0,0.0
2024-01-10 05:00:00+00:00,184.35000610351562,186.39999389648438,183.9199981689453,186.19000244140625,183.9473876953125,46792900,0.0,0.0
2024-01-11 05:00:00+00:00,186.5399932861328,187.0500030517578,183.6199951171875,185.58999633789062,183.35459899902344,49128400,0.0,0.0
2024-01-12 05:00:00+00:00,186.05999755859375,186.74000549316406,185.19000244140625,185.9199981689453,183.68063354492188,40477800,0.0,0.0
2024-01-16 05:00:00+00:00,182.16000366210938,184.25999450683594,180.92999267578125,183.6300048828125,181.41822814941406,65603000,0.0,0.0
2024-01-17 05:00:00+00:00,181.27000427246094,182.92999267578125,180.3000030517578,182.67999267578125,180.4796600341797,47317400,0.0,0.0
2024-01-18 05:00:00+00:00,186.08999633789062,189.13999938964844,185.8300018310547,188.6300048828125,186.35801696777344,78005800,0.0,0.0
2024-01-19 05:00:00+00:00,189.3300018310547,191.9499969482422,188.82000732421875,191.55999755859375,189.25271606445312,68903000,0.0,0.0
2024-01-22 05:00:00+00:00,192.3000030517578,195.3300018310547,192.25999450683594,193.88999938964844,191.5546112060547,60133900,0.0,0.0
2024-01-23 05:00:00+00:00,195.02000427246094,195.75,193.8300018310547,195.17999267578125,192.8291015625,42355600,0.0,0.0
2024-01-24 05:00:00+00:00,195.4199981689453,196.3800048828125,194.33999633789062,194.5,192.15728759765625,53631300,0.0,0.0
2024-01-25 05:00:00+00:00,195.22000122070312,196.27000427246094,193.11000061035156,194.1699981689453,191.83126831054688,54822100,0.0,0.0
2024-01-26 05:00:00+00:00,194.27000427246094,194.75999450683594,191.94000244140625,192.4199981689453,190.10235595703125,44594000,0.0,0.0
2024-01-29 05:00:00+00:00,192.00999450683594,192.1999969482422,189.5800018310547,191.72999572753906,189.420654296875,47145600,0.0,0.0
2024-01-30 05:00:00+00:00,190.94000244140625,191.8000030517578,187.47000122070312,188.0399932861328,185.77508544921875,55859400,0.0,0.0
2024-01-31 05:00:00+00:00,187.0399932861328,187.10000610351562,184.35000610351562,184.39999389648438,182.17893981933594,55467800,0.0,0.0
2024-02-01 05:00:00+00:00,183.99000549316406,186.9499969482422,183.82000732421875,186.86000061035156,184.60931396484375,64885400,0.0,0.0
2024-02-02 05:00:00+00:00,179.86000061035156,187.3300018310547,179.25,185.85000610351562,183.6114959716797,102551700,0.0,0.0
2024-02-05 05:00:00+00:00,188.14999389648438,189.25,185.83999633789062,187.67999267578125,185.41944885253906,69668800,0.0,0.0
2024-02-06 05:00:00+00:00,186.86000061035156,189.30999755859375,186.77000427246094,189.3000030517578,187.01992797851562,43490800,0.0,0.0
2024-02-07 05:00:00+00:00,190.63999938964844,191.0500030517578,188.61000061035156,189.41000366210938,187.12860107421875,53439000,0.0,0.0
2024-02-08 05:00:00+00:00,189.38999938964844,189.5399932861328,187.35000610351562,188.32000732421875,186.05172729492188,40962000,0.0,0.0
2024-02-09 05:00:00+00:00,188.64999389648438,189.99000549316406,188.0,188.85000610351562,186.8134307861328,45155200,0.24,0.0
2024-02-12 05:00:00+00:00,188.4199981689453,188.6699981689453,186.7899932861328,187.14999389648438,185.1317596435547,41781900,0.0,0.0
2024-02-13 05:00:00+00:00,185.77000427246094,186.2100067138672,183.50999450683594,185.0399932861328,183.0445098876953,56529500,0.0,0.0
2024-02-14 05:00:00+00:00,185.32000732421875,185.52999877929688,182.44000244140625,184.14999389648438,182.16409301757812,54630500,0.0,0.0
2024-02-15 05:00:00+00:00,183.5500030517578,184.49000549316406,181.35000610351562,183.86000061035156,181.8772430419922,65434500,0.0,0.0
2024-02-16 05:00:00+00:00,183.4199981689453,184.85000610351562,181.6699981689453,182.30999755859375,180.3439483642578,49752500,0.0,0.0
2024-02-20 05:00:00+00:00,181.7899932861328,182.42999267578125,180.0,181.55999755859375,179.60203552246094,53665600,0.0,0.0
2024-02-21 05:00:00+00:00,181.94000244140625,182.88999938964844,180.66000366210938,182.32000732421875,180.35386657714844,41371400,0.0,0.0
2024-02-22 05:00:00+00:00,183.47999572753906,184.9600067138672,182.4600067138672,184.3699951171875,182.3817138671875,52292200,0.0,0.0
2024-02-23 05:00:00+00:00,185.00999450683594,185.0399932861328,182.22999572753906,182.52000427246094,180.5517120361328,45119700,0.0,0.0
2024-02-26 05:00:00+00:00,182.24000549316406,182.75999450683594,180.64999389648438,181.16000366210938,179.2063751220703,40867400,0.0,0.0
2024-02-27 05:00:00+00:00,181.10000610351562,183.9199981689453,179.55999755859375,182.6300048828125,180.6605224609375,54318900,0.0,0.0
2024-02-28 05:00:00+00:00,182.50999450683594,183.1199951171875,180.1300048828125,181.4199981689453,179.46353149414062,48953900,0.0,0.0
2024-02-29 05:00:00+00:00,181.27000427246094,182.57000732421875,179.52999877929688,180.75,178.80078125,136682600,0.0,0.0
2024-03-01 05:00:00+00:00,179.5500030517578,180.52999877929688,177.3800048828125,179.66000366210938,177.72254943847656,73563100,0.0,0.0
2024-03-04 05:00:00+00:00,176.14999389648438,176.89999389648438,173.7899932861328,175.10000610351562,173.21170043945312,81510100,0.0,0.0
2024-03-05 05:00:00+00:00,170.75999450683594,172.0399932861328,169.6199951171875,170.1199951171875,168.28543090820312,95132400,0.0,0.0
2024-03-06 05:00:00+00:00,171.05999755859375,171.24000549316406,168.67999267578125,169.1199951171875,167.2961883544922,68587700,0.0,0.0
2024-03-07 05:00:00+00:00,169.14999389648438,170.72999572753906,168.49000549316406,169.0,167.17747497558594,71765100,0.0,0.0
2024-03-08 05:00:00+00:00,169.0,173.6999969482422,168.94000244140625,170.72999572753906,168.88880920410156,76267000,0.0,0.0
2024-03-11 04:00:00+00:00,172.94000244140625,174.3800048828125,172.0500030517578,172.75,170.8870391845703,60139500,0.0,0.0
2024-03-12 04:00:00+00:00,173.14999389648438,174.02999877929688,171.00999450683594,173.22999572753906,171.36184692382812,59825400,0.0,0.0
2024-03-13 04:00:00+00:00,172.77000427246094,173.19000244140625,170.75999450683594,171.1300048828125,169.28453063964844,52488700,0.0,0.0
2024-03-14 04:00:00+00:00,172.91000366210938,174.30999755859375,172.0500030517578,173.0,171.1343536376953,72913500,0.0,0.0
2024-03-15 04:00:00+00:00,171.1699981689453,172.6199951171875,170.2899932861328,172.6199951171875,170.7584686279297,121752700,0.0,0.0
2024-03-18 04:00:00+00:00,175.57000732421875,177.7100067138672,173.52000427246094,173.72000122070312,171.8466033935547,75604200,0.0,0.0
2024-03-19 04:00:00+00:00,174.33999633789062,176.61000061035156,173.02999877929688,176.0800018310547,174.18112182617188,55215200,0.0,0.0
2024-03-20 04:00:00+00:00,175.72000122070312,178.6699981689453,175.08999633789062,178.6699981689453,176.74319458007812,53423100,0.0,0.0
2024-03-21 04:00:00+00:00,177.0500030517578,177.49000549316406,170.83999633789062,171.3699951171875,169.52191162109375,106181300,0.0,0.0
2024-03-22 04:00:00+00:00,171.75999450683594,173.0500030517578,170.05999755859375,172.27999877929688,170.42210388183594,71160100,0.0,0.0
2024-03-25 04:00:00+00:00,170.57000732421875,171.94000244140625,169.4499969482422,170.85000610351562,169.007568359375,54288300,0.0,0.0
2024-03-26 04:00:00+00:00,170.0,171.4199981689453,169.5800018310547,169.7100067138672,167.87985229492188,57388400,0.0,0.0
2024-03-27 04:00:00+00:00,170.41000366210938,173.60000610351562,170.11000061035156,173.30999755859375,171.4409942626953,60273300,0.0,0.0
2024-03-28 04:00:00+00:00,171.75,172.22999572753906,170.50999450683594,171.47999572753906,169.6307373046875,65672700,0.0,0.0
2024-04-01 04:00:00+00:00,171.19000244140625,171.25,169.47999572753906,170.02999877929688,168.19639587402344,46240500,0.0,0.0
2024-04-02 04:00:00+00:00,169.0800018310547,169.33999633789062,168.22999572753906,168.83999633789062,167.01919555664062,49329500,0.0,0.0
2024-04-03 04:00:00+00:00,168.7899932861328,170.67999267578125,168.5800018310547,169.64999389648438,167.82046508789062,47691700,0.0,0.0
2024-04-04 04:00:00+00:00,170.2899932861328,171.9199981689453,168.82000732421875,168.82000732421875,166.9994354248047,53704400,0.0,0.0
2024-04-05 04:00:00+00:00,169.58999633789062,170.38999938964844,168.9499969482422,169.5800018310547,167.75123596191406,42104800,0.0,0.0
2024-04-08 04:00:00+00:00,169.02999877929688,169.1999969482422,168.24000549316406,168.4499969482422,166.6334228515625,37425500,0.0,0.0
2024-04-09 04:00:00+00:00,168.6999969482422,170.0800018310547,168.35000610351562,169.6699981689453,167.84027099609375,42373800,0.0,0.0
2024-04-10 04:00:00+00:00,168.8000030517578,169.08999633789062,167.11000061035156,167.77999877929688,165.97064208984375,49709300,0.0,0.0
2024-04-11 04:00:00+00:00,168.33999633789062,175.4600067138672,168.16000366210938,175.0399932861328,173.15237426757812,91070300,0.0,0.0
2024-04-12 04:00:00+00:00,174.25999450683594,178.36000061035156,174.2100067138672,176.5500030517578,174.64608764648438,101670900,0.0,0.0
2024-04-15 04:00:00+00:00,175.36000061035156,176.6300048828125,172.5,172.69000244140625,170.82769775390625,73531800,0.0,0.0
2024-04-16 04:00:00+00:00,171.75,173.75999450683594,168.27000427246094,169.3800048828125,167.55335998535156,73711200,0.0,0.0
2024-04-17 04:00:00+00:00,169.61000061035156,170.64999389648438,168.0,168.0,166.1882781982422,50901200,0.0,0.0
2024-04-18 04:00:00+00:00,168.02999877929688,168.63999938964844,166.5500030517578,167.0399932861328,165.23861694335938,43122900,0.0,0.0
2024-04-19 04:00:00+00:00,166.2100067138672,166.39999389648438,164.0800018310547,165.0,163.22061157226562,68149400,0.0,0.0
2024-04-22 04:00:00+00:00,165.52000427246094,167.25999450683594,164.77000427246094,165.83999633789062,164.0515594482422,48116400,0.0,0.0
2024-04-23 04:00:00+00:00,165.35000610351562,167.0500030517578,164.9199981689453,166.89999389648438,165.10012817382812,49537800,0.0,0.0
2024-04-24 04:00:00+00:00,166.5399932861328,169.3000030517578,166.2100067138672,169.02000427246094,167.19728088378906,48251800,0.0,0.0
2024-04-25 04:00:00+00:00,169.52999877929688,170.61000061035156,168.14999389648438,169.88999938964844,168.05789184570312,50558300,0.0,0.0
2024-04-26 04:00:00+00:00,169.8800048828125,171.33999633789062,169.17999267578125,169.3000030517578,167.4742431640625,44838400,0.0,0.0
2024-04-29 04:00:00+00:00,173.3699951171875,176.02999877929688,173.10000610351562,173.5,171.62892150878906,68169400,0.0,0.0
2024-04-30 04:00:00+00:00,173.3300018310547,174.99000549316406,170.0,170.3300018310547,168.49314880371094,65934800,0.0,0.0
2024-05-01 04:00:00+00:00,169.5800018310547,172.7100067138672,169.11000061035156,169.3000030517578,167.4742431640625,50383100,0.0,0.0
2024-05-02 04:00:00+00:00,172.50999450683594,173.4199981689453,170.88999938964844,173.02999877929688,171.16403198242188,94214900,0.0,0.0
2024-05-03 04:00:00+00:00,186.64999389648438,187.0,182.66000366210938,183.3800048828125,181.40240478515625,163224100,0.0,0.0
2024-05-06 04:00:00+00:00,182.35000610351562,184.1999969482422,180.4199981689453,181.7100067138672,179.75039672851562,78569700,0.0,0.0
2024-05-07 04:00:00+00:00,183.4499969482422,184.89999389648438,181.32000732421875,182.39999389648438,180.4329833984375,77305800,0.0,0.0
2024-05-08 04:00:00+00:00,182.85000610351562,183.07000732421875,181.4499969482422,182.74000549316406,180.7693328857422,45057100,0.0,0.0
2024-05-09 04:00:00+00:00,182.55999755859375,184.66000366210938,182.11000061035156,184.57000732421875,182.57957458496094,48983000,0.0,0.0
2024-05-10 04:00:00+00:00,184.89999389648438,185.08999633789062,182.1300048828125,183.0500030517578,181.3215789794922,50759500,0.25,0.0
2024-05-13 04:00:00+00:00,185.44000244140625,187.10000610351562,184.6199951171875,186.27999877929688,184.52108764648438,72044800,0.0,0.0
2024-05-14 04:00:00+00:00,187.50999450683594,188.3000030517578,186.2899932861328,187.42999267578125,185.6602020263672,52393600,0.0,0.0
2024-05-15 04:00:00+00:00,187.91000366210938,190.64999389648438,187.3699951171875,189.72000122070312,187.9285888671875,70400000,0.0,0.0
2024-05-16 04:00:00+00:00,190.47000122070312,191.10000610351562,189.66000366210938,189.83999633789062,188.04745483398438,52845200,0.0,0.0
2024-05-17 04:00:00+00:00,189.50999450683594,190.80999755859375,189.17999267578125,189.8699951171875,188.07717895507812,41282900,0.0,0.0
2024-05-20 04:00:00+00:00,189.3300018310547,191.9199981689453,189.00999450683594,191.0399932861328,189.23611450195312,44361300,0.0,0.0
2024-05-21 04:00:00+00:00,191.08999633789062,192.72999572753906,190.9199981689453,192.35000610351562,190.53375244140625,42309400,0.0,0.0
2024-05-22 04:00:00+00:00,192.27000427246094,192.82000732421875,190.27000427246094,190.89999389648438,189.09744262695312,34648500,0.0,0.0
2024-05-23 04:00:00+00:00,190.97999572753906,191.0,186.6300048828125,186.8800048828125,185.11541748046875,51005900,0.0,0.0
2024-05-24 04:00:00+00:00,188.82000732421875,190.5800018310547,188.0399932861328,189.97999572753906,188.18612670898438,36327000,0.0,0.0
2024-05-28 04:00:00+00:00,191.50999450683594,193.0,189.10000610351562,189.99000549316406,188.196044921875,52280100,0.0,0.0
2024-05-29 04:00:00+00:00,189.61000061035156,192.25,189.50999450683594,190.2899932861328,188.4932098388672,53068000,0.0,0.0
2024-05-30 04:00:00+00:00,190.75999450683594,192.17999267578125,190.6300048828125,191.2899932861328,189.48374938964844,49889100,0.0,0.0
2024-05-31 04:00:00+00:00,191.44000244140625,192.57000732421875,189.91000366210938,192.25,190.43470764160156,75158300,0.0,0.0
2024-06-03 04:00:00+00:00,192.89999389648438,194.99000549316406,192.52000427246094,194.02999877929688,192.19790649414062,50080500,0.0,0.0
2024-06-04 04:00:00+00:00,194.63999938964844,195.32000732421875,193.02999877929688,194.35000610351562,192.51486206054688,47471400,0.0,0.0
2024-06-05 04:00:00+00:00,195.39999389648438,196.89999389648438,194.8699951171875,195.8699951171875,194.02052307128906,54156800,0.0,0.0
2024-06-06 04:00:00+00:00,195.69000244140625,196.5,194.1699981689453,194.47999572753906,192.6436309814453,41181800,0.0,0.0
2024-06-07 04:00:00+00:00,194.64999389648438,196.94000244140625,194.13999938964844,196.88999938964844,195.03089904785156,53103900,0.0,0.0
2024-06-10 04:00:00+00:00,196.89999389648438,197.3000030517578,192.14999389648438,193.1199951171875,191.29647827148438,97010200,0.0,0.0
2024-06-11 04:00:00+00:00,193.64999389648438,207.16000366210938,193.6300048828125,207.14999389648438,205.19400024414062,172373300,0.0,0.0
2024-06-12 04:00:00+00:00,207.3699951171875,220.1999969482422,206.89999389648438,213.07000732421875,211.05812072753906,198134300,0.0,0.0
2024-06-13 04:00:00+00:00,214.74000549316406,216.75,211.60000610351562,214.24000549316406,212.2170867919922,97862700,0.0,0.0
2024-06-14 04:00:00+00:00,213.85000610351562,215.1699981689453,211.3000030517578,212.49000549316406,210.48361206054688,70122700,0.0,0.0
2024-06-17 04:00:00+00:00,213.3699951171875,218.9499969482422,212.72000122070312,216.6699981689453,214.62413024902344,93728300,0.0,0.0
2024-06-18 04:00:00+00:00,217.58999633789062,218.6300048828125,213.0,214.2899932861328,212.26658630371094,79943300,0.0,0.0
2024-06-20 04:00:00+00:00,213.92999267578125,214.24000549316406,208.85000610351562,209.67999267578125,207.70013427734375,86172500,0.0,0.0
2024-06-21 04:00:00+00:00,210.38999938964844,211.88999938964844,207.11000061035156,207.49000549316406,205.5308074951172,241805100,0.0,0.0
2024-06-24 04:00:00+00:00,207.72000122070312,212.6999969482422,206.58999633789062,208.13999938964844,206.17466735839844,80727000,0.0,0.0
2024-06-25 04:00:00+00:00,209.14999389648438,211.3800048828125,208.61000061035156,209.07000732421875,207.0959014892578,55549700,0.0,0.0
2024-06-26 04:00:00+00:00,211.5,214.86000061035156,210.63999938964844,213.25,211.23641967773438,66213200,0.0,0.0
2024-06-27 04:00:00+00:00,214.69000244140625,215.74000549316406,212.35000610351562,214.10000610351562,212.07839965820312,49772700,0.0,0.0
2024-06-28 04:00:00+00:00,215.77000427246094,216.07000732421875,210.3000030517578,210.6199951171875,208.63124084472656,82542700,0.0,0.0
2024-07-01 04:00:00+00:00,212.08999633789062,217.50999450683594,211.9199981689453,216.75,214.703369140625,60402900,0.0,0.0
2024-07-02 04:00:00+00:00,216.14999389648438,220.3800048828125,215.10000610351562,220.27000427246094,218.19012451171875,58046200,0.0,0.0
2024-07-03 04:00:00+00:00,220.0,221.5500030517578,219.02999877929688,221.5500030517578,219.45802307128906,37369800,0.0,0.0
2024-07-05 04:00:00+00:00,221.64999389648438,226.4499969482422,221.64999389648438,226.33999633789062,224.20278930664062,60412400,0.0,0.0
2024-07-08 04:00:00+00:00,227.08999633789062,227.85000610351562,223.25,227.82000732421875,225.66885375976562,59085900,0.0,0.0
2024-07-09 04:00:00+00:00,227.92999267578125,229.39999389648438,226.3699951171875,228.67999267578125,226.52072143554688,48076100,0.0,0.0
2024-07-10 04:00:00+00:00,229.3000030517578,233.0800018310547,229.25,232.97999572753906,230.7801055908203,62627700,0.0,0.0
2024-07-11 04:00:00+00:00,231.38999938964844,232.38999938964844,225.77000427246094,227.57000732421875,225.4212188720703,64710600,0.0,0.0
2024-07-12 04:00:00+00:00,228.9199981689453,232.63999938964844,228.67999267578125,230.5399932861328,228.36314392089844,53046500,0.0,0.0
2024-07-15 04:00:00+00:00,236.47999572753906,237.22999572753906,233.08999633789062,234.39999389648438,232.1866912841797,62631300,0.0,0.0
2024-07-16 04:00:00+00:00,235.0,236.27000427246094,232.3300018310547,234.82000732421875,232.60276794433594,43234300,0.0,0.0
2024-07-17 04:00:00+00:00,229.4499969482422,231.4600067138672,226.63999938964844,228.8800048828125,226.7188262939453,57345900,0.0,0.0
2024-07-18 04:00:00+00:00,230.27999877929688,230.44000244140625,222.27000427246094,224.17999267578125,222.06321716308594,66034600,0.0,0.0
2024-07-19 04:00:00+00:00,224.82000732421875,226.8000030517578,223.27999877929688,224.30999755859375,222.19195556640625,49151500,0.0,0.0
2024-07-22 04:00:00+00:00,227.00999450683594,227.77999877929688,223.08999633789062,223.9600067138672,221.84527587890625,48201800,0.0,0.0
2024-07-23 04:00:00+00:00,224.3699951171875,226.94000244140625,222.67999267578125,225.00999450683594,222.88536071777344,39960300,0.0,0.0
2024-07-24 04:00:00+00:00,224.0,224.8000030517578,217.1300048828125,218.5399932861328,216.47647094726562,61777600,0.0,0.0
2024-07-25 04:00:00+00:00,218.92999267578125,220.85000610351562,214.6199951171875,217.49000549316406,215.43637084960938,51391200,0.0,0.0
2024-07-26 04:00:00+00:00,218.6999969482422,219.49000549316406,216.00999450683594,217.9600067138672,215.90196228027344,41601300,0.0,0.0
2024-07-29 04:00:00+00:00,216.9600067138672,219.3000030517578,215.75,218.24000549316406,216.17929077148438,36311800,0.0,0.0
2024-07-30 04:00:00+00:00,219.19000244140625,220.3300018310547,216.1199951171875,218.8000030517578,216.73402404785156,41643800,0.0,0.0
2024-07-31 04:00:00+00:00,221.44000244140625,223.82000732421875,220.6300048828125,222.0800018310547,219.98304748535156,50036300,0.0,0.0
2024-08-01 04:00:00+00:00,224.3699951171875,224.47999572753906,217.02000427246094,218.36000061035156,216.29815673828125,62501000,0.0,0.0
2024-08-02 04:00:00+00:00,219.14999389648438,225.60000610351562,217.7100067138672,219.86000061035156,217.78399658203125,105568600,0.0,0.0
2024-08-05 04:00:00+00:00,199.08999633789062,213.5,196.0,209.27000427246094,207.2940216064453,119548600,0.0,0.0
2024-08-06 04:00:00+00:00,205.3000030517578,209.99000549316406,201.07000732421875,207.22999572753906,205.2732696533203,69660500,0.0,0.0
2024-08-07 04:00:00+00:00,206.89999389648438,213.63999938964844,206.38999938964844,209.82000732421875,207.8388214111328,63516400,0.0,0.0
2024-08-08 04:00:00+00:00,213.11000061035156,214.1999969482422,208.8300018310547,213.30999755859375,211.29583740234375,47161100,0.0,0.0
2024-08-09 04:00:00+00:00,212.10000610351562,216.77999877929688,211.97000122070312,216.24000549316406,214.19818115234375,42201600,0.0,0.0
2024-08-12 04:00:00+00:00,216.07000732421875,219.50999450683594,215.60000610351562,217.52999877929688,215.7254180908203,38028100,0.25,0.0
2024-08-13 04:00:00+00:00,219.00999450683594,221.88999938964844,219.00999450683594,221.27000427246094,219.43438720703125,44155300,0.0,0.0
2024-08-14 04:00:00+00:00,220.57000732421875,223.02999877929688,219.6999969482422,221.72000122070312,219.8806610107422,41960600,0.0,0.0
2024-08-15 04:00:00+00:00,224.60000610351562,225.35000610351562,222.75999450683594,224.72000122070312,222.85577392578125,46414000,0.0,0.0
2024-08-16 04:00:00+00:00,223.9199981689453,226.8300018310547,223.64999389648438,226.0500030517578,224.17474365234375,44340200,0.0,0.0
2024-08-19 04:00:00+00:00,225.72000122070312,225.99000549316406,223.0399932861328,225.88999938964844,224.01605224609375,40687800,0.0,0.0
2024-08-20 04:00:00+00:00,225.77000427246094,227.1699981689453,225.4499969482422,226.50999450683594,224.6309051513672,30299000,0.0,0.0
2024-08-21 04:00:00+00:00,226.52000427246094,227.97999572753906,225.0500030517578,226.39999389648438,224.52183532714844,34765500,0.0,0.0
2024-08-22 04:00:00+00:00,227.7899932861328,228.33999633789062,223.89999389648438,224.52999877929688,222.66732788085938,43695300,0.0,0.0
2024-08-23 04:00:00+00:00,225.66000366210938,228.22000122070312,224.3300018310547,226.83999633789062,224.9581756591797,38677300,0.0,0.0
2024-08-26 04:00:00+00:00,226.75999450683594,227.27999877929688,223.88999938964844,227.17999267578125,225.2953643798828,30602200,0.0,0.0
2024-08-27 04:00:00+00:00,226.0,228.85000610351562,224.88999938964844,228.02999877929688,226.1383056640625,35934600,0.0,0.0
2024-08-28 04:00:00+00:00,227.9199981689453,229.86000061035156,225.67999267578125,226.49000549316406,224.61106872558594,38052200,0.0,0.0
2024-08-29 04:00:00+00:00,230.10000610351562,232.9199981689453,228.8800048828125,229.7899932861328,227.88369750976562,51906300,0.0,0.0
2024-08-30 04:00:00+00:00,230.19000244140625,230.39999389648438,227.47999572753906,229.0,227.10025024414062,52990800,0.0,0.0
2024-09-03 04:00:00+00:00,228.5500030517578,229.0,221.1699981689453,222.77000427246094,220.9219512939453,50190600,0.0,0.0
2024-09-04 04:00:00+00:00,221.66000366210938,221.77999877929688,217.47999572753906,220.85000610351562,219.01785278320312,43840200,0.0,0.0
2024-09-05 04:00:00+00:00,221.6300048828125,225.47999572753906,221.52000427246094,222.3800048828125,220.53517150878906,36615400,0.0,0.0
2024-09-06 04:00:00+00:00,223.9499969482422,225.24000549316406,219.77000427246094,220.82000732421875,218.9881134033203,48423000,0.0,0.0
2024-09-09 04:00:00+00:00,220.82000732421875,221.27000427246094,216.7100067138672,220.91000366210938,219.077392578125,67180000,0.0,0.0
2024-09-10 04:00:00+00:00,218.9199981689453,221.47999572753906,216.72999572753906,220.11000061035156,218.28402709960938,51591000,0.0,0.0
2024-09-11 04:00:00+00:00,221.4600067138672,223.08999633789062,217.88999938964844,222.66000366210938,220.8128662109375,44587100,0.0,0.0
2024-09-12 04:00:00+00:00,222.5,223.5500030517578,219.82000732421875,222.77000427246094,220.9219512939453,37455600,0.0,0.0
2024-09-13 04:00:00+00:00,223.5800018310547,224.0399932861328,221.91000366210938,222.5,220.65420532226562,36766600,0.0,0.0
2024-09-16 04:00:00+00:00,216.5399932861328,217.22000122070312,213.9199981689453,216.32000732421875,214.52545166015625,59357400,0.0,0.0
2024-09-17 04:00:00+00:00,215.75,216.89999389648438,214.5,216.7899932861328,214.99154663085938,45519300,0.0,0.0
2024-09-18 04:00:00+00:00,217.5500030517578,222.7100067138672,217.5399932861328,220.69000244140625,218.8592071533203,59894900,0.0,0.0
2024-09-19 04:00:00+00:00,224.99000549316406,229.82000732421875,224.6300048828125,228.8699951171875,226.97134399414062,66781300,0.0,0.0
2024-09-20 04:00:00+00:00,229.97000122070312,233.08999633789062,227.6199951171875,228.1999969482422,226.30690002441406,318679900,0.0,0.0
2024-09-23 04:00:00+00:00,227.33999633789062,229.4499969482422,225.80999755859375,226.47000122070312,224.59124755859375,54146000,0.0,0.0
2024-09-24 04:00:00+00:00,228.64999389648438,229.35000610351562,225.72999572753906,227.3699951171875,225.48377990722656,43556100,0.0,0.0
2024-09-25 04:00:00+00:00,224.92999267578125,227.2899932861328,224.02000427246094,226.3699951171875,224.49205017089844,42308700,0.0,0.0
2024-09-26 04:00:00+00:00,227.3000030517578,228.5,225.41000366210938,227.52000427246094,225.63255310058594,36636700,0.0,0.0
2024-09-27 04:00:00+00:00,228.4600067138672,229.52000427246094,227.3000030517578,227.7899932861328,225.90029907226562,34026000,0.0,0.0
2024-09-30 04:00:00+00:00,230.0399932861328,233.0,229.64999389648438,233.0,231.0670623779297,54541900,0.0,0.0
2024-10-01 04:00:00+00:00,229.52000427246094,229.64999389648438,223.74000549316406,226.2100067138672,224.3334197998047,63285000,0.0,0.0
2024-10-02 04:00:00+00:00,225.88999938964844,227.3699951171875,223.02000427246094,226.77999877929688,224.898681640625,32880600,0.0,0.0
2024-10-03 04:00:00+00:00,225.13999938964844,226.80999755859375,223.32000732421875,225.6699981689453,223.79786682128906,34044200,0.0,0.0
2024-10-04 04:00:00+00:00,227.89999389648438,228.0,224.1300048828125,226.8000030517578,224.9185028076172,37245100,0.0,0.0
2024-10-07 04:00:00+00:00,224.5,225.69000244140625,221.3300018310547,221.69000244140625,219.8509063720703,39505400,0.0,0.0
2024-10-08 04:00:00+00:00,224.3000030517578,225.97999572753906,223.25,225.77000427246094,223.89706420898438,31855700,0.0,0.0
2024-10-09 04:00:00+00:00,225.22999572753906,229.75,224.8300018310547,229.5399932861328,227.63577270507812,33591100,0.0,0.0
2024-10-10 04:00:00+00:00,227.77999877929688,229.5,227.1699981689453,229.0399932861328,227.13990783691406,28183500,0.0,0.0
2024-10-11 04:00:00+00:00,229.3000030517578,229.41000366210938,227.33999633789062,227.5500030517578,225.66229248046875,31759200,0.0,0.0
2024-10-14 04:00:00+00:00,228.6999969482422,231.72999572753906,228.60000610351562,231.3000030517578,229.38116455078125,39882100,0.0,0.0
2024-10-15 04:00:00+00:00,233.61000061035156,237.49000549316406,232.3699951171875,233.85000610351562,231.91004943847656,64751400,0.0,0.0
2024-10-16 04:00:00+00:00,231.60000610351562,232.1199951171875,229.83999633789062,231.77999877929688,229.85719299316406,34082200,0.0,0.0
2024-10-17 04:00:00+00:00,233.42999267578125,233.85000610351562,230.52000427246094,232.14999389648438,230.22410583496094,32993800,0.0,0.0
2024-10-18 04:00:00+00:00,236.17999267578125,236.17999267578125,234.00999450683594,235.0,233.0504608154297,46431500,0.0,0.0
2024-10-21 04:00:00+00:00,234.4499969482422,236.85000610351562,234.4499969482422,236.47999572753906,234.51820373535156,36254500,0.0,0.0
2024-10-22 04:00:00+00:00,233.88999938964844,236.22000122070312,232.60000610351562,235.86000061035156,233.90335083007812,38846600,0.0,0.0
2024-10-23 04:00:00+00:00,234.0800018310547,235.13999938964844,227.75999450683594,230.75999450683594,228.84564208984375,52287000,0.0,0.0
2024-10-24 04:00:00+00:00,229.97999572753906,230.82000732421875,228.41000366210938,230.57000732421875,228.65724182128906,31109500,0.0,0.0
2024-10-25 04:00:00+00:00,229.74000549316406,233.22000122070312,229.57000732421875,231.41000366210938,229.49026489257812,38802300,0.0,0.0
2024-10-28 04:00:00+00:00,233.32000732421875,234.72999572753906,232.5500030517578,233.39999389648438,231.4637451171875,36087100,0.0,0.0
2024-10-29 04:00:00+00:00,233.10000610351562,234.3300018310547,232.32000732421875,233.6699981689453,231.7315216064453,35417200,0.0,0.0
2024-10-30 04:00:00+00:00,232.61000061035156,233.47000122070312,229.5500030517578,230.10000610351562,228.191162109375,47070900,0.0,0.0
2024-10-31 04:00:00+00:00,229.33999633789062,229.8300018310547,225.3699951171875,225.91000366210938,224.03590393066406,64370100,0.0,0.0
2024-11-01 04:00:00+00:00,220.97000122070312,225.35000610351562,220.27000427246094,222.91000366210938,221.060791015625,65276700,0.0,0.0
2024-11-04 05:00:00+00:00,220.99000549316406,222.7899932861328,219.7100067138672,222.00999450683594,220.16824340820312,44944500,0.0,0.0
2024-11-05 05:00:00+00:00,221.8000030517578,223.9499969482422,221.13999938964844,223.4499969482422,221.59629821777344,28111300,0.0,0.0
2024-11-06 05:00:00+00:00,222.61000061035156,226.07000732421875,221.19000244140625,222.72000122070312,220.8723602294922,54561100,0.0,0.0
2024-11-07 05:00:00+00:00,224.6300048828125,227.8800048828125,224.57000732421875,227.47999572753906,225.59286499023438,42137700,0.0,0.0
2024-11-08 05:00:00+00:00,227.1699981689453,228.66000366210938,226.41000366210938,226.9600067138672,225.32481384277344,38328800,0.25,0.0
2024-11-11 05:00:00+00:00,225.0,225.6999969482422,221.5,224.22999572753906,222.61447143554688,42005600,0.0,0.0
2024-11-12 05:00:00+00:00,224.5500030517578,225.58999633789062,223.36000061035156,224.22999572753906,222.61447143554688,40398300,0.0,0.0
2024-11-13 05:00:00+00:00,224.00999450683594,226.64999389648438,222.75999450683594,225.1199951171875,223.49806213378906,48566200,0.0,0.0
2024-11-14 05:00:00+00:00,225.02000427246094,228.8699951171875,225.0,228.22000122070312,226.5757293701172,44923900,0.0,0.0
2024-11-15 05:00:00+00:00,226.39999389648438,226.9199981689453,224.27000427246094,225.0,223.37893676757812,47923700,0.0,0.0
2024-11-18 05:00:00+00:00,225.25,229.74000549316406,225.1699981689453,228.02000427246094,226.3771514892578,44633700,0.0,0.0
2024-11-19 05:00:00+00:00,226.97999572753906,230.16000366210938,226.66000366210938,228.27999877929688,226.6352996826172,36211800,0.0,0.0
2024-11-20 05:00:00+00:00,228.05999755859375,229.92999267578125,225.88999938964844,229.0,227.35009765625,35169600,0.0,0.0
2024-11-21 05:00:00+00:00,228.8800048828125,230.16000366210938,225.7100067138672,228.52000427246094,226.87359619140625,42108300,0.0,0.0
2024-11-22 05:00:00+00:00,228.05999755859375,230.72000122070312,228.05999755859375,229.8699951171875,228.21383666992188,38168300,0.0,0.0
2024-11-25 05:00:00+00:00,231.4600067138672,233.25,229.74000549316406,232.8699951171875,231.19223022460938,90152800,0.0,0.0
2024-11-26 05:00:00+00:00,233.3300018310547,235.57000732421875,233.3300018310547,235.05999755859375,233.366455078125,45986200,0.0,0.0
2024-11-27 05:00:00+00:00,234.47000122070312,235.69000244140625,233.80999755859375,234.92999267578125,233.23739624023438,33498400,0.0,0.0
2024-11-29 05:00:00+00:00,234.80999755859375,237.80999755859375,233.97000122070312,237.3300018310547,235.62010192871094,28481400,0.0,0.0
2024-12-02 05:00:00+00:00,237.27000427246094,240.7899932861328,237.16000366210938,239.58999633789062,237.86380004882812,48137100,0.0,0.0
2024-12-03 05:00:00+00:00,239.80999755859375,242.75999450683594,238.89999389648438,242.64999389648438,240.90176391601562,38861000,0.0,0.0
2024-12-04 05:00:00+00:00,242.8699951171875,244.11000061035156,241.25,243.00999450683594,241.25917053222656,44383900,0.0,0.0
2024-12-05 05:00:00+00:00,243.99000549316406,244.5399932861328,242.1300048828125,243.0399932861328,241.28897094726562,40033900,0.0,0.0
2024-12-06 05:00:00+00:00,242.91000366210938,244.6300048828125,242.0800018310547,242.83999633789062,241.09039306640625,36870600,0.0,0.0
2024-12-09 05:00:00+00:00,241.8300018310547,247.24000549316406,241.75,246.75,244.9722137451172,44649200,0.0,0.0
2024-12-10 05:00:00+00:00,246.88999938964844,248.2100067138672,245.33999633789062,247.77000427246094,245.98489379882812,36914800,0.0,0.0
2024-12-11 05:00:00+00:00,247.9600067138672,250.8000030517578,246.25999450683594,246.49000549316406,244.714111328125,45205800,0.0,0.0
2024-12-12 05:00:00+00:00,246.88999938964844,248.74000549316406,245.67999267578125,247.9600067138672,246.1735382080078,32777500,0.0,0.0
2024-12-13 05:00:00+00:00,247.82000732421875,249.2899932861328,246.24000549316406,248.1300048828125,246.34230041503906,33155300,0.0,0.0
2024-12-16 05:00:00+00:00,247.99000549316406,251.3800048828125,247.64999389648438,251.0399932861328,249.23130798339844,51694800,0.0,0.0
2024-12-17 05:00:00+00:00,250.0800018310547,253.8300018310547,249.77999877929688,253.47999572753906,251.6537322998047,51356400,0.0,0.0
2024-12-18 05:00:00+00:00,252.16000366210938,254.27999877929688,247.74000549316406,248.0500030517578,246.26287841796875,56774100,0.0,0.0
2024-12-19 05:00:00+00:00,247.5,252.0,247.08999633789062,249.7899932861328,247.99034118652344,60882300,0.0,0.0
2024-12-20 05:00:00+00:00,248.0399932861328,255.0,245.69000244140625,254.49000549316406,252.65647888183594,147495300,0.0,0.0
2024-12-23 05:00:00+00:00,254.77000427246094,255.64999389648438,253.4499969482422,255.27000427246094,253.43084716796875,40858800,0.0,0.0
2024-12-24 05:00:00+00:00,255.49000549316406,258.2099914550781,255.2899932861328,258.20001220703125,256.3397521972656,23234700,0.0,0.0
2024-12-26 05:00:00+00:00,258.19000244140625,260.1000061035156,257.6300048828125,259.0199890136719,257.15380859375,27237100,0.0,0.0
2024-12-27 05:00:00+00:00,257.8299865722656,258.70001220703125,253.05999755859375,255.58999633789062,253.74851989746094,42355300,0.0,0.0
2024-12-30 05:00:00+00:00,252.22999572753906,253.5,250.75,252.1999969482422,250.38296508789062,35557500,0.0,0.0
2024-12-31 05:00:00+00:00,252.44000244140625,253.27999877929688,249.42999267578125,250.4199981689453,248.61578369140625,39480700,0.0,0.0
2025-01-02 05:00:00+00:00,248.92999267578125,249.10000610351562,241.82000732421875,243.85000610351562,242.0931396484375,55740700,0.0,0.0
2025-01-03 05:00:00+00:00,243.36000061035156,244.17999267578125,241.88999938964844,243.36000061035156,241.60665893554688,40244100,0.0,0.0
2025-01-06 05:00:00+00:00,244.30999755859375,247.3300018310547,243.1999969482422,245.0,243.23484802246094,45045600,0.0,0.0
2025-01-07 05:00:00+00:00,242.97999572753906,245.5500030517578,241.35000610351562,242.2100067138672,240.46493530273438,40856000,0.0,0.0
2025-01-08 05:00:00+00:00,241.9199981689453,243.7100067138672,240.0500030517578,242.6999969482422,240.95140075683594,37628900,0.0,0.0
2025-01-10 05:00:00+00:00,240.00999450683594,240.16000366210938,233.0,236.85000610351562,235.1435546875,61710900,0.0,0.0
2025-01-13 05:00:00+00:00,233.52999877929688,234.6699981689453,229.72000122070312,234.39999389648438,232.71121215820312,49630700,0.0,0.0
2025-01-14 05:00:00+00:00,234.75,236.1199951171875,232.47000122070312,233.27999877929688,231.5992889404297,39435300,0.0,0.0
2025-01-15 05:00:00+00:00,234.63999938964844,238.9600067138672,234.42999267578125,237.8699951171875,236.15621948242188,39832000,0.0,0.0
2025-01-16 05:00:00+00:00,237.35000610351562,238.00999450683594,228.02999877929688,228.25999450683594,226.61544799804688,71759100,0.0,0.0
2025-01-17 05:00:00+00:00,232.1199951171875,232.2899932861328,228.47999572753906,229.97999572753906,228.32305908203125,68488300,0.0,0.0
2025-01-21 05:00:00+00:00,224.0,224.4199981689453,219.3800048828125,222.63999938964844,221.03594970703125,98070400,0.0,0.0
2025-01-22 05:00:00+00:00,219.7899932861328,224.1199951171875,219.7899932861328,223.8300018310547,222.2173614501953,64126500,0.0,0.0
2025-01-23 05:00:00+00:00,224.74000549316406,227.02999877929688,222.3000030517578,223.66000366210938,222.04859924316406,60234800,0.0,0.0
2025-01-24 05:00:00+00:00,224.77999877929688,225.6300048828125,221.41000366210938,222.77999877929688,221.17494201660156,54697900,0.0,0.0
2025-01-27 05:00:00+00:00,224.02000427246094,232.14999389648438,223.97999572753906,229.86000061035156,228.2039337158203,94863400,0.0,0.0
2025-01-28 05:00:00+00:00,230.85000610351562,240.19000244140625,230.80999755859375,238.25999450683594,236.5433807373047,75707600,0.0,0.0
2025-01-29 05:00:00+00:00,234.1199951171875,239.86000061035156,234.00999450683594,239.36000061035156,237.63546752929688,45486100,0.0,0.0
2025-01-30 05:00:00+00:00,238.6699981689453,240.7899932861328,237.2100067138672,237.58999633789062,235.87823486328125,55658300,0.0,0.0
2025-01-31 05:00:00+00:00,247.19000244140625,247.19000244140625,233.44000244140625,236.0,234.2996826171875,100959800,0.0,0.0
2025-02-03 05:00:00+00:00,229.99000549316406,231.8300018310547,225.6999969482422,228.00999450683594,226.3672332763672,73063300,0.0,0.0
2025-02-04 05:00:00+00:00,227.25,233.1300048828125,226.64999389648438,232.8000030517578,231.1227569580078,45067300,0.0,0.0
2025-02-05 05:00:00+00:00,228.52999877929688,232.6699981689453,228.27000427246094,232.47000122070312,230.7951202392578,39620300,0.0,0.0
2025-02-06 05:00:00+00:00,231.2899932861328,233.8000030517578,230.42999267578125,233.22000122070312,231.53970336914062,29925300,0.0,0.0
2025-02-07 05:00:00+00:00,232.60000610351562,234.0,227.25999450683594,227.6300048828125,225.98997497558594,39707200,0.0,0.0
2025-02-10 05:00:00+00:00,229.57000732421875,230.58999633789062,227.1999969482422,227.64999389648438,226.25833129882812,33115600,0.25,0.0
2025-02-11 05:00:00+00:00,228.1999969482422,235.22999572753906,228.1300048828125,232.6199951171875,231.1979522705078,53718400,0.0,0.0
2025-02-12 05:00:00+00:00,231.1999969482422,236.9600067138672,230.67999267578125,236.8699951171875,235.42198181152344,45243300,0.0,0.0
2025-02-13 05:00:00+00:00,236.91000366210938,242.33999633789062,235.57000732421875,241.52999877929688,240.05348205566406,53614100,0.0,0.0
2025-02-14 05:00:00+00:00,241.25,245.5500030517578,240.99000549316406,244.60000610351562,243.10472106933594,40896200,0.0,0.0
2025-02-18 05:00:00+00:00,244.14999389648438,245.17999267578125,241.83999633789062,244.47000122070312,242.97552490234375,48822500,0.0,0.0
2025-02-19 05:00:00+00:00,244.66000366210938,246.00999450683594,243.16000366210938,244.8699951171875,243.373046875,32204200,0.0,0.0
2025-02-20 05:00:00+00:00,244.94000244140625,246.77999877929688,244.2899932861328,245.8300018310547,244.3271942138672,32316900,0.0,0.0
2025-02-21 05:00:00+00:00,245.9499969482422,248.69000244140625,245.22000122070312,245.5500030517578,244.04891967773438,53197400,0.0,0.0
2025-02-24 05:00:00+00:00,244.92999267578125,248.86000061035156,244.4199981689453,247.10000610351562,245.5894317626953,51326400,0.0,0.0
2025-02-25 05:00:00+00:00,248.0,250.0,244.91000366210938,247.0399932861328,245.52981567382812,48013300,0.0,0.0
2025-02-26 05:00:00+00:00,244.3300018310547,244.97999572753906,239.1300048828125,240.36000061035156,238.89060974121094,44433600,0.0,0.0
2025-02-27 05:00:00+00:00,239.41000366210938,242.4600067138672,237.05999755859375,237.3000030517578,235.84934997558594,41153600,0.0,0.0
2025-02-28 05:00:00+00:00,236.9499969482422,242.08999633789062,230.1999969482422,241.83999633789062,240.36158752441406,56833400,0.0,0.0
2025-03-03 05:00:00+00:00,241.7899932861328,244.02999877929688,236.11000061035156,238.02999877929688,236.5748748779297,47184000,0.0,0.0
2025-03-04 05:00:00+00:00,237.7100067138672,240.07000732421875,234.67999267578125,235.92999267578125,234.4877166748047,53798100,0.0,0.0
2025-03-05 05:00:00+00:00,235.4199981689453,236.5500030517578,229.22999572753906,235.74000549316406,234.29888916015625,47227600,0.0,0.0
2025-03-06 05:00:00+00:00,234.44000244140625,237.86000061035156,233.16000366210938,235.3300018310547,233.89138793945312,45170400,0.0,0.0
2025-03-07 05:00:00+00:00,235.11000061035156,241.3699951171875,234.75999450683594,239.07000732421875,237.60853576660156,46273600,0.0,0.0
2025-03-10 04:00:00+00:00,235.5399932861328,236.16000366210938,224.22000122070312,227.47999572753906,226.08935546875,72071200,0.0,0.0
2025-03-11 04:00:00+00:00,223.80999755859375,225.83999633789062,217.4499969482422,220.83999633789062,219.48995971679688,76137400,0.0,0.0
2025-03-12 04:00:00+00:00,220.13999938964844,221.75,214.91000366210938,216.97999572753906,215.65354919433594,62547500,0.0,0.0
2025-03-13 04:00:00+00:00,215.9499969482422,216.83999633789062,208.4199981689453,209.67999267578125,208.39817810058594,61368300,0.0,0.0
2025-03-14 04:00:00+00:00,211.25,213.9499969482422,209.5800018310547,213.49000549316406,212.1848907470703,60107600,0.0,0.0
2025-03-17 04:00:00+00:00,213.30999755859375,215.22000122070312,209.97000122070312,214.0,212.69180297851562,48073400,0.0,0.0
2025-03-18 04:00:00+00:00,214.16000366210938,215.14999389648438,211.49000549316406,212.69000244140625,211.38978576660156,42432400,0.0,0.0
2025-03-19 04:00:00+00:00,214.22000122070312,218.75999450683594,213.75,215.24000549316406,213.92420959472656,54385400,0.0,0.0
2025-03-20 04:00:00+00:00,213.99000549316406,217.49000549316406,212.22000122070312,214.10000610351562,212.79116821289062,48862900,0.0,0.0
2025-03-21 04:00:00+00:00,211.55999755859375,218.83999633789062,211.27999877929688,218.27000427246094,216.93568420410156,94127800,0.0,0.0
2025-03-24 04:00:00+00:00,221.0,221.47999572753906,218.5800018310547,220.72999572753906,219.38064575195312,44299500,0.0,0.0
2025-03-25 04:00:00+00:00,220.77000427246094,224.10000610351562,220.0800018310547,223.75,222.38217163085938,34493600,0.0,0.0
2025-03-26 04:00:00+00:00,223.50999450683594,225.02000427246094,220.47000122070312,221.52999877929688,220.1757354736328,34466100,0.0,0.0
2025-03-27 04:00:00+00:00,221.38999938964844,224.99000549316406,220.55999755859375,223.85000610351562,222.4815673828125,37094800,0.0,0.0
2025-03-28 04:00:00+00:00,221.6699981689453,223.80999755859375,217.67999267578125,217.89999389648438,216.5679168701172,39818600,0.0,0.0
2025-03-31 04:00:00+00:00,217.00999450683594,225.6199951171875,216.22999572753906,222.1300048828125,220.77207946777344,65299300,0.0,0.0
2025-04-01 04:00:00+00:00,219.80999755859375,223.67999267578125,218.89999389648438,223.19000244140625,221.8256072998047,36412700,0.0,0.0
2025-04-02 04:00:00+00:00,221.32000732421875,225.19000244140625,221.02000427246094,223.88999938964844,222.52133178710938,35905900,0.0,0.0
2025-04-03 04:00:00+00:00,205.5399932861328,207.49000549316406,201.25,203.19000244140625,201.9478759765625,103419000,0.0,0.0
2025-04-04 04:00:00+00:00,193.88999938964844,199.8800048828125,187.33999633789062,188.3800048828125,187.22840881347656,125910900,0.0,0.0
2025-04-07 04:00:00+00:00,177.1999969482422,194.14999389648438,174.6199951171875,181.4600067138672,180.3507080078125,160466300,0.0,0.0
2025-04-08 04:00:00+00:00,186.6999969482422,190.33999633789062,169.2100067138672,172.4199981689453,171.365966796875,120859500,0.0,0.0
2025-04-09 04:00:00+00:00,171.9499969482422,200.61000061035156,171.88999938964844,198.85000610351562,197.63441467285156,184395900,0.0,0.0
2025-04-10 04:00:00+00:00,189.07000732421875,194.77999877929688,183.0,190.4199981689453,189.25595092773438,121880000,0.0,0.0
2025-04-11 04:00:00+00:00,186.10000610351562,199.5399932861328,186.05999755859375,198.14999389648438,196.93865966796875,87435900,0.0,0.0
2025-04-14 04:00:00+00:00,211.44000244140625,212.94000244140625,201.16000366210938,202.52000427246094,201.28196716308594,101352900,0.0,0.0
2025-04-15 04:00:00+00:00,201.86000061035156,203.50999450683594,199.8000030517578,202.13999938964844,200.90428161621094,51343900,0.0,0.0
2025-04-16 04:00:00+00:00,198.36000061035156,200.6999969482422,192.3699951171875,194.27000427246094,193.0823974609375,59732400,0.0,0.0
2025-04-17 04:00:00+00:00,197.1999969482422,198.8300018310547,194.4199981689453,196.97999572753906,195.77581787109375,52164700,0.0,0.0
2025-04-21 04:00:00+00:00,193.27000427246094,193.8000030517578,189.80999755859375,193.16000366210938,191.9792022705078,46742500,0.0,0.0
2025-04-22 04:00:00+00:00,196.1199951171875,201.58999633789062,195.97000122070312,199.74000549316406,198.5189666748047,52976400,0.0,0.0
2025-04-23 04:00:00+00:00,206.0,208.0,202.8000030517578,204.60000610351562,203.34925842285156,52929200,0.0,0.0
2025-04-24 04:00:00+00:00,204.88999938964844,208.8300018310547,202.94000244140625,208.3699951171875,207.09619140625,47311000,0.0,0.0
2025-04-25 04:00:00+00:00,206.3699951171875,209.75,206.1999969482422,209.27999877929688,208.00062561035156,38222300,0.0,0.0
2025-04-28 04:00:00+00:00,210.0,211.5,207.4600067138672,210.13999938964844,208.85536193847656,38743100,0.0,0.0
2025-04-29 04:00:00+00:00,208.69000244140625,212.24000549316406,208.3699951171875,211.2100067138672,209.91885375976562,36827600,0.0,0.0
2025-04-30 04:00:00+00:00,209.3000030517578,213.5800018310547,206.6699981689453,212.5,211.20094299316406,52286500,0.0,0.0
2025-05-01 04:00:00+00:00,209.0800018310547,214.55999755859375,208.89999389648438,213.32000732421875,212.01596069335938,57365700,0.0,0.0
2025-05-02 04:00:00+00:00,206.08999633789062,206.99000549316406,202.16000366210938,205.35000610351562,204.0946502685547,101010600,0.0,0.0
2025-05-05 04:00:00+00:00,203.10000610351562,204.10000610351562,198.2100067138672,198.88999938964844,197.6741485595703,69018500,0.0,0.0
2025-05-06 04:00:00+00:00,198.2100067138672,200.64999389648438,197.02000427246094,198.50999450683594,197.29647827148438,51216500,0.0,0.0
2025-05-07 04:00:00+00:00,199.1699981689453,199.44000244140625,193.25,196.25,195.05027770996094,68536700,0.0,0.0
2025-05-08 04:00:00+00:00,197.72000122070312,200.0500030517578,194.67999267578125,197.49000549316406,196.28271484375,50478900,0.0,0.0
2025-05-09 04:00:00+00:00,199.0,200.5399932861328,197.5399932861328,198.52999877929688,197.31634521484375,36453900,0.0,0.0
2025-05-12 04:00:00+00:00,210.97000122070312,211.27000427246094,206.75,210.7899932861328,209.77613830566406,63775800,0.26,0.0
2025-05-13 04:00:00+00:00,210.42999267578125,213.39999389648438,209.0,212.92999267578125,211.9058380126953,51909300,0.0,0.0
2025-05-14 04:00:00+00:00,212.42999267578125,213.94000244140625,210.5800018310547,212.3300018310547,211.3087158203125,49325800,0.0,0.0
2025-05-15 04:00:00+00:00,210.9499969482422,212.9600067138672,209.5399932861328,211.4499969482422,210.43295288085938,45029500,0.0,0.0
2025-05-16 04:00:00+00:00,212.36000061035156,212.57000732421875,209.77000427246094,211.25999450683594,210.24386596679688,54737900,0.0,0.0
2025-05-19 04:00:00+00:00,207.91000366210938,209.47999572753906,204.25999450683594,208.77999877929688,207.77581787109375,46140500,0.0,0.0
2025-05-20 04:00:00+00:00,207.6699981689453,208.47000122070312,205.02999877929688,206.86000061035156,205.86502075195312,42496600,0.0,0.0
2025-05-21 04:00:00+00:00,205.1699981689453,207.0399932861328,200.7100067138672,202.08999633789062,201.11798095703125,59211800,0.0,0.0
2025-05-22 04:00:00+00:00,200.7100067138672,202.75,199.6999969482422,201.36000061035156,200.39149475097656,46742400,0.0,0.0
2025-05-23 04:00:00+00:00,193.6699981689453,197.6999969482422,193.4600067138672,195.27000427246094,194.33079528808594,78432900,0.0,0.0
2025-05-27 04:00:00+00:00,198.3000030517578,200.74000549316406,197.42999267578125,200.2100067138672,199.24700927734375,56288500,0.0,0.0
2025-05-28 04:00:00+00:00,200.58999633789062,202.72999572753906,199.89999389648438,200.4199981689453,199.45602416992188,45339700,0.0,0.0
2025-05-29 04:00:00+00:00,203.5800018310547,203.80999755859375,198.50999450683594,199.9499969482422,198.98826599121094,51396800,0.0,0.0
2025-05-30 04:00:00+00:00,199.3699951171875,201.9600067138672,196.77999877929688,200.85000610351562,199.88394165039062,70819900,0.0,0.0
2025-06-02 04:00:00+00:00,200.27999877929688,202.1300048828125,200.1199951171875,201.6999969482422,200.7298583984375,35423300,0.0,0.0
2025-06-03 04:00:00+00:00,201.35000610351562,203.77000427246094,200.9600067138672,203.27000427246094,202.29229736328125,46381600,0.0,0.0
2025-06-04 04:00:00+00:00,202.91000366210938,206.24000549316406,202.10000610351562,202.82000732421875,201.844482421875,43604000,0.0,0.0
2025-06-05 04:00:00+00:00,203.5,204.75,200.14999389648438,200.6300048828125,199.66500854492188,55126100,0.0,0.0
2025-06-06 04:00:00+00:00,203.0,205.6999969482422,202.0500030517578,203.9199981689453,202.9391632080078,46607700,0.0,0.0
2025-06-09 04:00:00+00:00,204.38999938964844,206.0,200.02000427246094,201.4499969482422,200.48104858398438,72862600,0.0,0.0
2025-06-10 04:00:00+00:00,200.60000610351562,204.35000610351562,200.57000732421875,202.6699981689453,201.6951904296875,54672600,0.0,0.0
2025-06-11 04:00:00+00:00,203.5,204.5,198.41000366210938,198.77999877929688,197.8238983154297,60989900,0.0,0.0
2025-06-12 04:00:00+00:00,199.0800018310547,199.67999267578125,197.36000061035156,199.1999969482422,198.2418670654297,43904600,0.0,0.0
2025-06-13 04:00:00+00:00,199.72999572753906,200.3699951171875,195.6999969482422,196.4499969482422,195.50509643554688,51447300,0.0,0.0
2025-06-16 04:00:00+00:00,197.3000030517578,198.69000244140625,196.55999755859375,198.4199981689453,197.4656219482422,43020700,0.0,0.0
2025-06-17 04:00:00+00:00,197.1999969482422,198.38999938964844,195.2100067138672,195.63999938964844,194.69900512695312,38856200,0.0,0.0
2025-06-18 04:00:00+00:00,195.94000244140625,197.57000732421875,195.07000732421875,196.5800018310547,195.6344757080078,45394700,0.0,0.0
2025-06-20 04:00:00+00:00,198.24000549316406,201.6999969482422,196.86000061035156,201.0,200.03323364257812,96813500,0.0,0.0
2025-06-23 04:00:00+00:00,201.6300048828125,202.3000030517578,198.9600067138672,201.5,200.53082275390625,55814300,0.0,0.0
2025-06-24 04:00:00+00:00,202.58999633789062,203.44000244140625,200.1999969482422,200.3000030517578,199.3365936279297,54064000,0.0,0.0
2025-06-25 04:00:00+00:00,201.4499969482422,203.6699981689453,200.6199951171875,201.55999755859375,200.59051513671875,39525700,0.0,0.0
2025-06-26 04:00:00+00:00,201.42999267578125,202.63999938964844,199.4600067138672,201.0,200.03323364257812,50799100,0.0,0.0
2025-06-27 04:00:00+00:00,201.88999938964844,203.22000122070312,200.0,201.0800018310547,200.1128387451172,73188600,0.0,0.0
2025-06-30 04:00:00+00:00,202.00999450683594,207.38999938964844,199.25999450683594,205.1699981689453,204.18316650390625,91912800,0.0,0.0
2025-07-01 04:00:00+00:00,206.6699981689453,210.19000244140625,206.13999938964844,207.82000732421875,206.82041931152344,78788900,0.0,0.0
2025-07-02 04:00:00+00:00,208.91000366210938,213.33999633789062,208.13999938964844,212.44000244140625,211.418212890625,67941800,0.0,0.0
2025-07-03 04:00:00+00:00,212.14999389648438,214.64999389648438,211.80999755859375,213.5500030517578,212.52285766601562,34955800,0.0,0.0
2025-07-07 04:00:00+00:00,212.67999267578125,216.22999572753906,208.8000030517578,209.9499969482422,208.94017028808594,50229000,0.0,0.0
2025-07-08 04:00:00+00:00,210.10000610351562,211.42999267578125,208.4499969482422,210.00999450683594,208.9998779296875,42848900,0.0,0.0
2025-07-09 04:00:00+00:00,209.52999877929688,211.3300018310547,207.22000122070312,211.13999938964844,210.12445068359375,48749400,0.0,0.0
2025-07-10 04:00:00+00:00,210.50999450683594,213.47999572753906,210.02999877929688,212.41000366210938,211.3883514404297,44443600,0.0,0.0
2025-07-11 04:00:00+00:00,210.57000732421875,212.1300048828125,209.86000061035156,211.16000366210938,210.14434814453125,39765800,0.0,0.0
2025-07-14 04:00:00+00:00,209.92999267578125,210.91000366210938,207.5399932861328,208.6199951171875,207.6165771484375,38840100,0.0,0.0
2025-07-15 04:00:00+00:00,209.22000122070312,211.88999938964844,208.9199981689453,209.11000061035156,208.10421752929688,42296300,0.0,0.0
2025-07-16 04:00:00+00:00,210.3000030517578,212.39999389648438,208.63999938964844,210.16000366210938,209.149169921875,47490500,0.0,0.0
2025-07-17 04:00:00+00:00,210.57000732421875,211.8000030517578,209.58999633789062,210.02000427246094,209.00985717773438,48068100,0.0,0.0
2025-07-18 04:00:00+00:00,210.8699951171875,211.7899932861328,209.6999969482422,211.17999267578125,210.1642608642578,48974600,0.0,0.0
2025-07-21 04:00:00+00:00,212.10000610351562,215.77999877929688,211.6300048828125,212.47999572753906,211.4580078125,51377400,0.0,0.0
2025-07-22 04:00:00+00:00,213.13999938964844,214.9499969482422,212.22999572753906,214.39999389648438,213.36875915527344,46404100,0.0,0.0
2025-07-23 04:00:00+00:00,215.0,215.14999389648438,212.41000366210938,214.14999389648438,213.11996459960938,46989300,0.0,0.0
2025-07-24 04:00:00+00:00,213.89999389648438,215.69000244140625,213.52999877929688,213.75999450683594,212.73184204101562,46022600,0.0,0.0
2025-07-25 04:00:00+00:00,214.6999969482422,215.24000549316406,213.39999389648438,213.8800048828125,212.85128784179688,40268800,0.0,0.0
2025-07-28 04:00:00+00:00,214.02999877929688,214.85000610351562,213.05999755859375,214.0500030517578,213.0204620361328,37858000,0.0,0.0
2025-07-29 04:00:00+00:00,214.17999267578125,214.80999755859375,210.82000732421875,211.27000427246094,210.2538299560547,51411700,0.0,0.0
2025-07-30 04:00:00+00:00,211.89999389648438,212.38999938964844,207.72000122070312,209.0500030517578,208.0445098876953,45512500,0.0,0.0
2025-07-31 04:00:00+00:00,208.49000549316406,209.83999633789062,207.16000366210938,207.57000732421875,206.57164001464844,80698400,0.0,0.0
2025-08-01 04:00:00+00:00,210.8699951171875,213.5800018310547,201.5,202.3800048828125,201.40658569335938,104434500,0.0,0.0
2025-08-04 04:00:00+00:00,204.50999450683594,207.8800048828125,201.67999267578125,203.35000610351562,202.37193298339844,75109300,0.0,0.0
2025-08-05 04:00:00+00:00,203.39999389648438,205.33999633789062,202.16000366210938,202.9199981689453,201.9439697265625,44155100,0.0,0.0
2025-08-06 04:00:00+00:00,205.6300048828125,215.3800048828125,205.58999633789062,213.25,212.2242889404297,108483100,0.0,0.0
2025-08-07 04:00:00+00:00,218.8800048828125,220.85000610351562,216.5800018310547,220.02999877929688,218.97169494628906,90224800,0.0,0.0
2025-08-08 04:00:00+00:00,220.8300018310547,231.0,219.25,229.35000610351562,228.24688720703125,113854000,0.0,0.0
2025-08-11 04:00:00+00:00,227.9199981689453,229.55999755859375,224.75999450683594,227.17999267578125,226.3438720703125,61806100,0.26,0.0
2025-08-12 04:00:00+00:00,228.00999450683594,230.8000030517578,227.07000732421875,229.64999389648438,228.80479431152344,55626200,0.0,0.0
2025-08-13 04:00:00+00:00,231.07000732421875,235.0,230.42999267578125,233.3300018310547,232.4712677001953,69878500,0.0,0.0
2025-08-14 04:00:00+00:00,234.05999755859375,235.1199951171875,230.85000610351562,232.77999877929688,231.9232940673828,51916300,0.0,0.0
2025-08-15 04:00:00+00:00,234.0,234.27999877929688,229.33999633789062,231.58999633789062,230.7376708984375,56038700,0.0,0.0
2025-08-18 04:00:00+00:00,231.6999969482422,233.1199951171875,230.11000061035156,230.88999938964844,230.04022216796875,37476200,0.0,0.0
2025-08-19 04:00:00+00:00,231.27999877929688,232.8699951171875,229.35000610351562,230.55999755859375,229.71145629882812,39402600,0.0,0.0
2025-08-20 04:00:00+00:00,229.97999572753906,230.47000122070312,225.77000427246094,226.00999450683594,225.1781768798828,42263900,0.0,0.0
2025-08-21 04:00:00+00:00,226.27000427246094,226.52000427246094,223.77999877929688,224.89999389648438,224.07228088378906,30621200,0.0,0.0
2025-08-22 04:00:00+00:00,226.1699981689453,229.08999633789062,225.41000366210938,227.75999450683594,226.92176818847656,42477800,0.0,0.0
2025-08-25 04:00:00+00:00,226.47999572753906,229.3000030517578,226.22999572753906,227.16000366210938,226.323974609375,30983100,0.0,0.0
2025-08-26 04:00:00+00:00,226.8699951171875,229.49000549316406,224.69000244140625,229.30999755859375,228.46603393554688,54575100,0.0,0.0
2025-08-27 04:00:00+00:00,228.61000061035156,230.89999389648438,228.25999450683594,230.49000549316406,229.6417236328125,31259500,0.0,0.0
2025-08-28 04:00:00+00:00,230.82000732421875,233.41000366210938,229.33999633789062,232.55999755859375,231.70408630371094,38074700,0.0,0.0
2025-08-29 04:00:00+00:00,232.50999450683594,233.3800048828125,231.3699951171875,232.13999938964844,231.28562927246094,39418400,0.0,0.0
2025-09-02 04:00:00+00:00,229.25,230.85000610351562,226.97000122070312,229.72000122070312,228.87454223632812,44075600,0.0,0.0
2025-09-03 04:00:00+00:00,237.2100067138672,238.85000610351562,234.36000061035156,238.47000122070312,237.5923309326172,66427800,0.0,0.0
2025-09-04 04:00:00+00:00,238.4499969482422,239.89999389648438,236.74000549316406,239.77999877929688,238.8975067138672,47549400,0.0,0.0
2025-09-05 04:00:00+00:00,240.0,241.32000732421875,238.49000549316406,239.69000244140625,238.80784606933594,54870400,0.0,0.0
2025-09-08 04:00:00+00:00,239.3000030517578,240.14999389648438,236.33999633789062,237.8800048828125,237.0045166015625,48999500,0.0,0.0
2025-09-09 04:00:00+00:00,237.0,238.77999877929688,233.36000061035156,234.35000610351562,233.4875030517578,66313900,0.0,0.0
2025-09-10 04:00:00+00:00,232.19000244140625,232.4199981689453,225.9499969482422,226.7899932861328,225.95530700683594,83440800,0.0,0.0
2025-09-11 04:00:00+00:00,226.8800048828125,230.4499969482422,226.64999389648438,230.02999877929688,229.18341064453125,50208600,0.0,0.0
2025-09-12 04:00:00+00:00,229.22000122070312,234.50999450683594,229.02000427246094,234.07000732421875,233.2085418701172,55824200,0.0,0.0
2025-09-15 04:00:00+00:00,237.0,238.19000244140625,235.02999877929688,236.6999969482422,235.828857421875,42699500,0.0,0.0
2025-09-16 04:00:00+00:00,237.17999267578125,241.22000122070312,236.32000732421875,238.14999389648438,237.2735137939453,63421100,0.0,0.0
2025-09-17 04:00:00+00:00,238.97000122070312,240.10000610351562,237.72999572753906,238.99000549316406,238.11044311523438,46508000,0.0,0.0
2025-09-18 04:00:00+00:00,239.97000122070312,241.1999969482422,236.64999389648438,237.8800048828125,237.0045166015625,44249600,0.0,0.0
2025-09-19 04:00:00+00:00,241.22999572753906,246.3000030517578,240.2100067138672,245.5,244.59646606445312,163741300,0.0,0.0
2025-09-22 04:00:00+00:00,248.3000030517578,256.6400146484375,248.1199951171875,256.0799865722656,255.13751220703125,105517400,0.0,0.0
2025-09-23 04:00:00+00:00,255.8800048828125,257.3399963378906,253.5800018310547,254.42999267578125,253.49359130859375,60275200,0.0,0.0
2025-09-24 04:00:00+00:00,255.22000122070312,255.74000549316406,251.0399932861328,252.30999755859375,251.38140869140625,42303700,0.0,0.0
2025-09-25 04:00:00+00:00,253.2100067138672,257.1700134277344,251.7100067138672,256.8699951171875,255.9246063232422,55202100,0.0,0.0
2025-09-26 04:00:00+00:00,254.10000610351562,257.6000061035156,253.77999877929688,255.4600067138672,254.51980590820312,46076300,0.0,0.0
2025-09-29 04:00:00+00:00,254.55999755859375,255.0,253.00999450683594,254.42999267578125,253.49359130859375,40127700,0.0,0.0
2025-09-30 04:00:00+00:00,254.86000061035156,255.9199981689453,253.11000061035156,254.6300048828125,253.69287109375,37704300,0.0,0.0
2025-10-01 04:00:00+00:00,255.0399932861328,258.7900085449219,254.92999267578125,255.4499969482422,254.5098419189453,48713900,0.0,0.0
2025-10-02 04:00:00+00:00,256.5799865722656,258.17999267578125,254.14999389648438,257.1300048828125,256.18365478515625,42630200,0.0,0.0
2025-10-03 04:00:00+00:00,254.6699981689453,259.239990234375,253.9499969482422,258.0199890136719,257.07037353515625,49155600,0.0,0.0
2025-10-06 04:00:00+00:00,257.989990234375,259.07000732421875,255.0500030517578,256.69000244140625,255.7452850341797,44664100,0.0,0.0
2025-10-07 04:00:00+00:00,256.80999755859375,257.3999938964844,255.42999267578125,256.4800109863281,255.5360870361328,31955800,0.0,0.0
2025-10-08 04:00:00+00:00,256.5199890136719,258.5199890136719,256.1099853515625,258.05999755859375,257.1102294921875,36496900,0.0,0.0
2025-10-09 04:00:00+00:00,257.80999755859375,258.0,253.13999938964844,254.0399932861328,253.10501098632812,38322000,0.0,0.0
2025-10-10 04:00:00+00:00,254.94000244140625,256.3800048828125,244.0,245.27000427246094,244.3673095703125,61999100,0.0,0.0
2025-10-13 04:00:00+00:00,249.3800048828125,249.69000244140625,245.55999755859375,247.66000366210938,246.74851989746094,38142900,0.0,0.0
2025-10-14 04:00:00+00:00,246.60000610351562,248.85000610351562,244.6999969482422,247.77000427246094,246.8581085205078,35478000,0.0,0.0
2025-10-15 04:00:00+00:00,249.49000549316406,251.82000732421875,247.47000122070312,249.33999633789062,248.42233276367188,33893600,0.0,0.0
2025-10-16 04:00:00+00:00,248.25,249.0399932861328,245.1300048828125,247.4499969482422,246.53929138183594,39777000,0.0,0.0
2025-10-17 04:00:00+00:00,248.02000427246094,253.3800048828125,247.27000427246094,252.2899932861328,251.36148071289062,49147000,0.0,0.0
2025-10-20 04:00:00+00:00,255.88999938964844,264.3800048828125,255.6300048828125,262.239990234375,261.27484130859375,90483000,0.0,0.0
2025-10-21 04:00:00+00:00,261.8800048828125,265.2900085449219,261.8299865722656,262.7699890136719,261.8028869628906,46695900,0.0,0.0
2025-10-22 04:00:00+00:00,262.6499938964844,262.8500061035156,255.42999267578125,258.45001220703125,257.49884033203125,45015300,0.0,0.0
2025-10-23 04:00:00+00:00,259.94000244140625,260.6199951171875,258.010009765625,259.5799865722656,258.6246643066406,32754900,0.0,0.0
2025-10-24 04:00:00+00:00,261.19000244140625,264.1300048828125,259.17999267578125,262.82000732421875,261.85272216796875,38253700,0.0,0.0
2025-10-27 04:00:00+00:00,264.8800048828125,269.1199951171875,264.6499938964844,268.80999755859375,267.8206787109375,44888200,0.0,0.0
2025-10-28 04:00:00+00:00,268.989990234375,269.8900146484375,268.1499938964844,269.0,268.0099792480469,41534800,0.0,0.0
2025-10-29 04:00:00+00:00,269.2799987792969,271.4100036621094,267.1099853515625,269.70001220703125,268.7073974609375,51086700,0.0,0.0
2025-10-30 04:00:00+00:00,271.989990234375,274.1400146484375,268.4800109863281,271.3999938964844,270.4011535644531,69886500,0.0,0.0
2025-10-31 04:00:00+00:00,276.989990234375,277.32000732421875,269.1600036621094,270.3699951171875,269.3749084472656,86167100,0.0,0.0
2025-11-03 05:00:00+00:00,270.4200134277344,270.8500061035156,266.25,269.04998779296875,268.0597839355469,50194600,0.0,0.0
2025-11-04 05:00:00+00:00,268.3299865722656,271.489990234375,267.6199951171875,270.0400085449219,269.0461730957031,49274800,0.0,0.0
2025-11-05 05:00:00+00:00,268.6099853515625,271.70001220703125,266.92999267578125,270.1400146484375,269.1457824707031,43683100,0.0,0.0
2025-11-06 05:00:00+00:00,267.8900146484375,273.3999938964844,267.8900146484375,269.7699890136719,268.7771301269531,51204000,0.0,0.0
2025-11-07 05:00:00+00:00,269.79998779296875,272.2900085449219,266.7699890136719,268.4700012207031,267.4819030761719,48227400,0.0,0.0
2025-11-10 05:00:00+00:00,268.9599914550781,273.7300109863281,267.4599914550781,269.42999267578125,268.6985778808594,41312400,0.26,0.0
2025-11-11 05:00:00+00:00,269.80999755859375,275.9100036621094,269.79998779296875,275.25,274.5028076171875,46208300,0.0,0.0
2025-11-12 05:00:00+00:00,275.0,275.7300109863281,271.70001220703125,273.4700012207031,272.7276916503906,48398000,0.0,0.0
2025-11-13 05:00:00+00:00,274.1099853515625,276.70001220703125,272.0899963378906,272.95001220703125,272.20904541015625,49602800,0.0,0.0
2025-11-14 05:00:00+00:00,271.04998779296875,275.9599914550781,269.6000061035156,272.4100036621094,271.6705322265625,47431300,0.0,0.0
2025-11-17 05:00:00+00:00,268.82000732421875,270.489990234375,265.7300109863281,267.4599914550781,266.73394775390625,45018300,0.0,0.0
2025-11-18 05:00:00+00:00,269.989990234375,270.7099914550781,265.32000732421875,267.44000244140625,266.7139892578125,45677300,0.0,0.0
2025-11-19 05:00:00+00:00,265.5299987792969,272.2099914550781,265.5,268.55999755859375,267.83099365234375,40424500,0.0,0.0
2025-11-20 05:00:00+00:00,270.8299865722656,275.42999267578125,265.9200134277344,266.25,265.5272521972656,45823600,0.0,0.0
2025-11-21 05:00:00+00:00,265.95001220703125,273.3299865722656,265.6700134277344,271.489990234375,270.75299072265625,59030800,0.0,0.0
2025-11-24 05:00:00+00:00,270.8999938964844,277.0,270.8999938964844,275.9200134277344,275.1710205078125,65585800,0.0,0.0
2025-11-25 05:00:00+00:00,275.2699890136719,280.3800048828125,275.25,276.9700012207031,276.2181396484375,46914200,0.0,0.0
2025-11-26 05:00:00+00:00,276.9599914550781,279.5299987792969,276.6300048828125,277.54998779296875,276.7966003417969,33431400,0.0,0.0
2025-11-28 05:00:00+00:00,277.260009765625,279.0,275.989990234375,278.8500061035156,278.0930480957031,20135600,0.0,0.0
2025-12-01 05:00:00+00:00,278.010009765625,283.4200134277344,276.1400146484375,283.1000061035156,282.3315124511719,46587700,0.0,0.0
2025-12-02 05:00:00+00:00,283.0,287.3999938964844,282.6300048828125,286.19000244140625,285.4131164550781,53669500,0.0,0.0
2025-12-03 05:00:00+00:00,286.20001220703125,288.6199951171875,283.29998779296875,284.1499938964844,283.378662109375,43538700,0.0,0.0
2025-12-04 05:00:00+00:00,284.1000061035156,284.7300109863281,278.5899963378906,280.70001220703125,279.9380187988281,43989100,0.0,0.0
2025-12-05 05:00:00+00:00,280.5400085449219,281.1400146484375,278.04998779296875,278.7799987792969,278.0232238769531,47265800,0.0,0.0
2025-12-08 05:00:00+00:00,278.1300048828125,279.6700134277344,276.1499938964844,277.8900146484375,277.1356506347656,38211800,0.0,0.0
2025-12-09 05:00:00+00:00,278.1600036621094,280.0299987792969,276.9200134277344,277.17999267578125,276.4275817871094,32193300,0.0,0.0
2025-12-10 05:00:00+00:00,277.75,279.75,276.44000244140625,278.7799987792969,278.0232238769531,33038300,0.0,0.0
2025-12-11 05:00:00+00:00,279.1000061035156,279.5899963378906,273.80999755859375,278.0299987792969,277.2752685546875,33248000,0.0,0.0
2025-12-12 05:00:00+00:00,277.8999938964844,279.2200012207031,276.82000732421875,278.2799987792969,277.5245666503906,39532900,0.0,0.0
2025-12-15 05:00:00+00:00,280.1499938964844,280.1499938964844,272.8399963378906,274.1099853515625,273.3658752441406,50409100,0.0,0.0
2025-12-16 05:00:00+00:00,272.82000732421875,275.5,271.7900085449219,274.6099853515625,273.8645324707031,37648600,0.0,0.0
2025-12-17 05:00:00+00:00,275.010009765625,276.1600036621094,271.6400146484375,271.8399963378906,271.10205078125,50138700,0.0,0.0
2025-12-18 05:00:00+00:00,273.6099853515625,273.6300048828125,266.95001220703125,272.19000244140625,271.4511413574219,51630700,0.0,0.0
2025-12-19 05:00:00+00:00,272.1499938964844,274.6000061035156,269.8999938964844,273.6700134277344,272.9271240234375,144632000,0.0,0.0
2025-12-22 05:00:00+00:00,272.8599853515625,273.8800048828125,270.510009765625,270.9700012207031,270.23443603515625,36571800,0.0,0.0
2025-12-23 05:00:00+00:00,270.8399963378906,272.5,269.55999755859375,272.3599853515625,271.62066650390625,29642000,0.0,0.0
2025-12-24 05:00:00+00:00,272.3399963378906,275.42999267578125,272.20001220703125,273.80999755859375,273.06671142578125,17910600,0.0,0.0
2025-12-26 05:00:00+00:00,274.1600036621094,275.3699951171875,272.8599853515625,273.3999938964844,272.6578674316406,21521800,0.0,0.0
2025-12-29 05:00:00+00:00,272.69000244140625,274.3599853515625,272.3500061035156,273.760009765625,273.0168762207031,23715200,0.0,0.0
2025-12-30 05:00:00+00:00,272.80999755859375,274.0799865722656,272.2799987792969,273.0799865722656,272.33868408203125,22139600,0.0,0.0
2025-12-31 05:00:00+00:00,273.05999755859375,273.67999267578125,271.75,271.8599853515625,271.12200927734375,27293600,0.0,0.0
2026-01-02 05:00:00+00:00,272.260009765625,277.8399963378906,269.0,271.010009765625,270.27435302734375,37838100,0.0,0.0
2026-01-05 05:00:00+00:00,270.6400146484375,271.510009765625,266.1400146484375,267.260009765625,266.5345458984375,45647200,0.0,0.0
2026-01-06 05:00:00+00:00,267.0,267.54998779296875,262.1199951171875,262.3599853515625,261.6478271484375,52352100,0.0,0.0
2026-01-07 05:00:00+00:00,263.20001220703125,263.67999267578125,259.80999755859375,260.3299865722656,259.6233215332031,48309800,0.0,0.0
2026-01-08 05:00:00+00:00,257.0199890136719,259.2900085449219,255.6999969482422,259.0400085449219,258.3368225097656,50419300,0.0,0.0
2026-01-09 05:00:00+00:00,259.0799865722656,260.2099914550781,256.2200012207031,259.3699951171875,258.6659240722656,39997000,0.0,0.0
2026-01-12 05:00:00+00:00,259.1600036621094,261.29998779296875,256.79998779296875,260.25,259.54351806640625,45263800,0.0,0.0
2026-01-13 05:00:00+00:00,258.7200012207031,261.80999755859375,258.3900146484375,261.04998779296875,260.34136962890625,45730800,0.0,0.0
2026-01-14 05:00:00+00:00,259.489990234375,261.82000732421875,256.7099914550781,259.9599914550781,259.2543029785156,40019400,0.0,0.0
2026-01-15 05:00:00+00:00,260.6499938964844,261.0400085449219,257.04998779296875,258.2099914550781,257.50909423828125,39388600,0.0,0.0
2026-01-16 05:00:00+00:00,257.8999938964844,258.8999938964844,254.92999267578125,255.52999877929688,254.83633422851562,72142800,0.0,0.0
2026-01-20 05:00:00+00:00,252.72999572753906,254.7899932861328,243.4199981689453,246.6999969482422,246.0303192138672,80267500,0.0,0.0
2026-01-21 05:00:00+00:00,248.6999969482422,251.55999755859375,245.17999267578125,247.64999389648438,246.9777374267578,54641700,0.0,0.0
2026-01-22 05:00:00+00:00,249.1999969482422,251.0,248.14999389648438,248.35000610351562,247.67584228515625,39708300,0.0,0.0
2026-01-23 05:00:00+00:00,247.32000732421875,249.41000366210938,244.67999267578125,248.0399932861328,247.36666870117188,41689000,0.0,0.0
2026-01-26 05:00:00+00:00,251.47999572753906,256.55999755859375,249.8000030517578,255.41000366210938,254.71669006347656,55969200,0.0,0.0
2026-01-27 05:00:00+00:00,259.1700134277344,261.95001220703125,258.2099914550781,258.2699890136719,257.56890869140625,49648300,0.0,0.0
2026-01-28 05:00:00+00:00,257.6499938964844,258.8599853515625,254.50999450683594,256.44000244140625,255.74388122558594,41288000,0.0,0.0
2026-01-29 05:00:00+00:00,258.0,259.6499938964844,254.41000366210938,258.2799987792969,257.5788879394531,67253000,0.0,0.0
2026-01-30 05:00:00+00:00,255.1699981689453,261.8999938964844,252.17999267578125,259.4800109863281,258.7756652832031,92443400,0.0,0.0
2026-02-02 05:00:00+00:00,260.0299987792969,270.489990234375,259.2099914550781,270.010009765625,269.27703857421875,73913400,0.0,0.0
2026-02-03 05:00:00+00:00,269.20001220703125,271.8800048828125,267.6099853515625,269.4800109863281,268.7485046386719,64394700,0.0,0.0
2026-02-04 05:00:00+00:00,272.2900085449219,278.95001220703125,272.2900085449219,276.489990234375,275.7394104003906,90545700,0.0,0.0
2026-02-05 05:00:00+00:00,278.1300048828125,279.5,273.2300109863281,275.9100036621094,275.1610412597656,52977400,0.0,0.0
2026-02-06 05:00:00+00:00,277.1199951171875,280.9100036621094,276.92999267578125,278.1199951171875,277.364990234375,50453400,0.0,0.0
2026-02-09 05:00:00+00:00,277.9100036621094,278.20001220703125,271.70001220703125,274.6199951171875,274.13079833984375,44623400,0.26,0.0
2026-02-10 05:00:00+00:00,274.8900146484375,275.3699951171875,272.94000244140625,273.67999267578125,273.19244384765625,34376900,0.0,0.0
2026-02-11 05:00:00+00:00,274.70001220703125,280.17999267578125,274.45001220703125,275.5,275.00921630859375,51931300,0.0,0.0
2026-02-12 05:00:00+00:00,275.5899963378906,275.7200012207031,260.17999267578125,261.7300109863281,261.2637939453125,81077200,0.0,0.0
2026-02-13 05:00:00+00:00,262.010009765625,262.2300109863281,255.4499969482422,255.77999877929688,255.32435607910156,56290700,0.0,0.0
2026-02-17 05:00:00+00:00,258.04998779296875,266.2900085449219,255.5399932861328,263.8800048828125,263.4099426269531,58469100,0.0,0.0
2026-02-18 05:00:00+00:00,263.6000061035156,266.82000732421875,262.45001220703125,264.3500061035156,263.8791198730469,34203300,0.0,0.0
2026-02-19 05:00:00+00:00,262.6000061035156,264.4800109863281,260.04998779296875,260.5799865722656,260.11578369140625,30845300,0.0,0.0
2026-02-20 05:00:00+00:00,258.9700012207031,264.75,258.1600036621094,264.5799865722656,264.1086730957031,42070500,0.0,0.0
2026-02-23 05:00:00+00:00,263.489990234375,269.42999267578125,263.3800048828125,266.17999267578125,265.705810546875,37308200,0.0,0.0
2026-02-24 05:00:00+00:00,267.8599853515625,274.8900146484375,267.7099914550781,272.1400146484375,271.6552429199219,47014600,0.0,0.0
2026-02-25 05:00:00+00:00,271.7799987792969,274.94000244140625,271.04998779296875,274.2300109863281,273.74151611328125,33714300,0.0,0.0
2026-02-26 05:00:00+00:00,274.95001220703125,276.1099853515625,270.79998779296875,272.95001220703125,272.4637756347656,32345100,0.0,0.0
2026-02-27 05:00:00+00:00,272.80999755859375,272.80999755859375,262.8900146484375,264.17999267578125,263.7093811035156,72366500,0.0,0.0
2026-03-02 05:00:00+00:00,262.4100036621094,266.5299987792969,260.20001220703125,264.7200012207031,264.2484130859375,41827900,0.0,0.0
2026-03-03 05:00:00+00:00,263.4800109863281,265.55999755859375,260.1300048828125,263.75,263.2801818847656,38568900,0.0,0.0
2026-03-04 05:00:00+00:00,264.6499938964844,266.1499938964844,261.4200134277344,262.5199890136719,262.0523376464844,39803100,0.0,0.0
2026-03-05 05:00:00+00:00,260.7900085449219,261.55999755859375,257.25,260.2900085449219,259.8263244628906,49658600,0.0,0.0
2026-03-06 05:00:00+00:00,258.6300048828125,258.7699890136719,254.3699951171875,257.4599914550781,257.0013427734375,41120000,0.0,0.0
2026-03-09 04:00:00+00:00,255.69000244140625,261.1499938964844,253.67999267578125,259.8800048828125,259.41705322265625,38218500,0.0,0.0
2026-03-10 04:00:00+00:00,257.6499938964844,262.4800109863281,256.95001220703125,260.8299865722656,260.3653564453125,30590800,0.0,0.0
2026-03-11 04:00:00+00:00,261.0899963378906,262.1300048828125,259.54998779296875,260.80999755859375,260.3453674316406,26218900,0.0,0.0
2026-03-12 04:00:00+00:00,258.6600036621094,258.95001220703125,254.17999267578125,255.75999450683594,255.30438232421875,40794000,0.0,0.0
2026-03-13 04:00:00+00:00,255.47999572753906,256.3299865722656,249.52000427246094,250.1199951171875,249.6744384765625,36930000,0.0,0.0
2026-03-16 04:00:00+00:00,252.11000061035156,253.88999938964844,249.8800048828125,252.82000732421875,252.36964416503906,32074200,0.0,0.0
2026-03-17 04:00:00+00:00,252.9600067138672,255.1300048828125,252.17999267578125,254.22999572753906,253.77711486816406,32361600,0.0,0.0
2026-03-18 04:00:00+00:00,252.6300048828125,254.94000244140625,249.0,249.94000244140625,249.49476623535156,35757900,0.0,0.0
2026-03-19 04:00:00+00:00,249.39999389648438,251.8300018310547,247.3000030517578,248.9600067138672,248.5165252685547,34864100,0.0,0.0
2026-03-20 04:00:00+00:00,247.97999572753906,249.1999969482422,246.0,247.99000549316406,247.54823303222656,88331100,0.0,0.0
2026-03-23 04:00:00+00:00,253.97000122070312,254.60000610351562,250.27999877929688,251.49000549316406,251.04200744628906,40546100,0.0,0.0
2026-03-24 04:00:00+00:00,250.35000610351562,254.8300018310547,249.5500030517578,251.63999938964844,251.1917266845703,45152300,0.0,0.0
2026-03-25 04:00:00+00:00,254.10000610351562,255.0,251.60000610351562,252.6199951171875,252.16998291015625,28476700,0.0,0.0
2026-03-26 04:00:00+00:00,252.1199951171875,257.0,250.77000427246094,252.88999938964844,252.43951416015625,41796700,0.0,0.0
2026-03-27 04:00:00+00:00,253.89999389648438,255.49000549316406,248.07000732421875,248.8000030517578,248.35679626464844,47900000,0.0,0.0
2026-03-30 04:00:00+00:00,250.07000732421875,250.8699951171875,245.50999450683594,246.6300048828125,246.19065856933594,39446200,0.0,0.0
2026-03-31 04:00:00+00:00,247.91000366210938,255.47999572753906,247.10000610351562,253.7899932861328,253.337890625,49598100,0.0,0.0
2026-04-01 04:00:00+00:00,254.0800018310547,256.17999267578125,253.3300018310547,255.6300048828125,255.17462158203125,40059400,0.0,0.0
2026-04-02 04:00:00+00:00,254.1999969482422,256.1300048828125,250.64999389648438,255.9199981689453,255.464111328125,31289400,0.0,0.0
2026-04-06 04:00:00+00:00,256.510009765625,262.1600036621094,256.4599914550781,258.8599853515625,258.3988342285156,29329900,0.0,0.0
2026-04-07 04:00:00+00:00,256.1600036621094,256.20001220703125,245.6999969482422,253.5,253.0484161376953,62148000,0.0,0.0
2026-04-08 04:00:00+00:00,258.45001220703125,259.75,256.5299987792969,258.8999938964844,258.43878173828125,41032800,0.0,0.0
2026-04-09 04:00:00+00:00,259.0,261.1199951171875,256.07000732421875,260.489990234375,260.02593994140625,28121600,0.0,0.0
2026-04-10 04:00:00+00:00,259.9800109863281,262.19000244140625,259.0199890136719,260.4800109863281,260.0159912109375,31291500,0.0,0.0
2026-04-13 04:00:00+00:00,259.7300109863281,260.17999267578125,256.6600036621094,259.20001220703125,258.73828125,36234700,0.0,0.0
2026-04-14 04:00:00+00:00,259.25,261.92999267578125,257.19000244140625,258.8299865722656,258.368896484375,48370700,0.0,0.0
2026-04-15 04:00:00+00:00,258.1600036621094,266.55999755859375,257.80999755859375,266.42999267578125,265.95538330078125,49913500,0.0,0.0
2026-04-16 04:00:00+00:00,266.79998779296875,267.1600036621094,261.2699890136719,263.3999938964844,262.9307556152344,43323100,0.0,0.0
2026-04-17 04:00:00+00:00,266.9599914550781,272.29998779296875,266.7200012207031,270.2300109863281,269.7486267089844,61436200,0.0,0.0
2026-04-20 04:00:00+00:00,270.3299865722656,274.2799987792969,270.2900085449219,273.04998779296875,272.5635681152344,36590200,0.0,0.0
2026-04-21 04:00:00+00:00,271.5,272.79998779296875,265.3999938964844,266.1700134277344,265.69586181640625,50209800,0.0,0.0
2026-04-22 04:00:00+00:00,267.82000732421875,273.739990234375,266.8699951171875,273.1700134277344,272.68341064453125,43249200,0.0,0.0
2026-04-23 04:00:00+00:00,275.04998779296875,275.7699890136719,271.6499938964844,273.42999267578125,272.9429016113281,33399600,0.0,0.0
2026-04-24 04:00:00+00:00,272.760009765625,273.05999755859375,269.6499938964844,271.05999755859375,270.5771179199219,38157100,0.0,0.0
2026-04-27 04:00:00+00:00,266.0899963378906,268.3599853515625,265.07000732421875,267.6099853515625,267.1332702636719,41466800,0.0,0.0
2026-04-28 04:00:00+00:00,272.3399963378906,273.2300109863281,268.6600036621094,270.7099914550781,270.2277526855469,40018900,0.0,0.0
2026-04-29 04:00:00+00:00,267.54998779296875,271.0400085449219,267.0400085449219,270.1700134277344,269.688720703125,30047900,0.0,0.0
2026-04-30 04:00:00+00:00,270.5,276.0,268.1400146484375,271.3500061035156,270.86663818359375,91848200,0.0,0.0
2026-05-01 04:00:00+00:00,278.8599853515625,287.2200012207031,278.3699951171875,280.1400146484375,279.6409606933594,79915400,0.0,0.0
2026-05-04 04:00:00+00:00,279.6600036621094,280.6300048828125,274.8599853515625,276.8299865722656,276.33685302734375,46668400,0.0,0.0
2026-05-05 04:00:00+00:00,276.92999267578125,284.57000732421875,276.5,284.17999267578125,283.67376708984375,49311700,0.0,0.0
2026-05-06 04:00:00+00:00,281.9200134277344,288.0299987792969,281.07000732421875,287.510009765625,286.9978332519531,58336100,0.0,0.0
2026-05-07 04:00:00+00:00,289.2699890136719,292.1300048828125,285.7799987792969,287.44000244140625,286.9279479980469,45224300,0.0,0.0
2026-05-08 04:00:00+00:00,290.010009765625,294.760009765625,290.0,293.32000732421875,292.7974853515625,52692800,0.0,0.0
2026-05-11 04:00:00+00:00,291.9800109863281,293.8800048828125,290.2300109863281,292.67999267578125,292.42779541015625,42247300,0.27,0.0
2026-05-12 04:00:00+00:00,292.55999755859375,295.2699890136719,292.55999755859375,294.79998779296875,294.54595947265625,45748100,0.0,0.0
2026-05-13 04:00:00+00:00,293.5,300.9200134277344,293.5,298.8699951171875,298.6124572753906,52684300,0.0,0.0
2026-05-14 04:00:00+00:00,299.82000732421875,300.45001220703125,295.3800048828125,298.2099914550781,297.9530334472656,35324900,0.0,0.0
2026-05-15 04:00:00+00:00,297.8999938964844,303.20001220703125,296.5199890136719,300.2300109863281,299.9713134765625,54862800,0.0,0.0
2026-05-18 04:00:00+00:00,300.239990234375,300.6600036621094,294.9100036621094,297.8399963378906,297.5833435058594,34483000,0.0,0.0
2026-05-19 04:00:00+00:00,296.9700012207031,300.510009765625,296.3500061035156,298.9700012207031,298.7123718261719,42243600,0.0,0.0
2026-05-20 04:00:00+00:00,298.17999267578125,302.79998779296875,298.0799865722656,302.25,301.98956298828125,38229800,0.0,0.0
2026-05-21 04:00:00+00:00,301.05999755859375,305.5400085449219,300.3999938964844,304.989990234375,304.7271728515625,42965100,0.0,0.0
2026-05-22 04:00:00+00:00,306.1199951171875,311.3999938964844,305.8399963378906,308.82000732421875,308.55389404296875,43670200,0.0,0.0
2026-05-26 04:00:00+00:00,309.55999755859375,311.82000732421875,307.6700134277344,308.3299865722656,308.0643005371094,48000500,0.0,0.0
2026-05-27 04:00:00+00:00,308.3299865722656,313.260009765625,308.29998779296875,310.8500061035156,310.5821533203125,50430900,0.0,0.0
2026-05-28 04:00:00+00:00,310.67999267578125,312.79998779296875,309.57000732421875,312.510009765625,312.24072265625,48220400,0.0,0.0
2026-05-29 04:00:00+00:00,311.7799987792969,315.0,309.5299987792969,312.05999755859375,311.7911071777344,70026800,0.0,0.0
2026-06-01 04:00:00+00:00,309.6300048828125,310.94000244140625,305.0199890136719,306.30999755859375,306.0460510253906,48849900,0.0,0.0
2026-06-02 04:00:00+00:00,307.4599914550781,315.45001220703125,306.69000244140625,315.20001220703125,314.92840576171875,44534700,0.0,0.0
2026-06-03 04:00:00+00:00,314.17999267578125,316.94000244140625,308.8500061035156,310.260009765625,309.9926452636719,50836700,0.0,0.0
2026-06-04 04:00:00+00:00,313.2300109863281,313.5400085449219,309.6499938964844,311.2300109863281,310.9618225097656,44869100,0.0,0.0
2026-06-05 04:00:00+00:00,312.8599853515625,315.1700134277344,307.1499938964844,307.3399963378906,307.0751647949219,65310500,0.0,0.0
2026-06-08 04:00:00+00:00,308.739990234375,317.3999938964844,301.1700134277344,301.5400085449219,301.2801818847656,77949100,0.0,0.0
2026-06-09 04:00:00+00:00,300.2799987792969,300.75,287.7799987792969,290.54998779296875,290.29962158203125,70108800,0.0,0.0
2026-06-10 04:00:00+00:00,290.739990234375,294.75,287.3800048828125,291.5799865722656,291.3287353515625,52793300,0.0,0.0
2026-06-11 04:00:00+00:00,293.7200012207031,297.0,289.5899963378906,295.6300048828125,295.375244140625,42572500,0.0,0.0
2026-06-12 04:00:00+00:00,296.0299987792969,297.1400146484375,289.6199951171875,291.1300048828125,290.879150390625,38742100,0.0,0.0
2026-06-15 04:00:00+00:00,294.1199951171875,297.7799987792969,291.70001220703125,296.4200134277344,296.1645812988281,45732600,0.0,0.0
2026-06-16 04:00:00+00:00,295.25,300.4800109863281,293.9700012207031,299.239990234375,298.9821472167969,39874400,0.0,0.0
2026-06-17 04:00:00+00:00,300.8500061035156,302.07000732421875,294.3599853515625,295.95001220703125,295.6949768066406,42745100,0.0,0.0
2026-06-18 04:00:00+00:00,298.1099853515625,300.57000732421875,295.6199951171875,298.010009765625,297.7532043457031,85962200,0.0,0.0
2026-06-22 04:00:00+00:00,297.30999755859375,302.4200134277344,296.760009765625,297.010009765625,296.75408935546875,44879900,0.0,0.0
2026-06-23 04:00:00+00:00,297.5400085449219,301.6400146484375,294.17999267578125,294.29998779296875,294.04638671875,52010900,0.0,0.0
2026-06-24 04:00:00+00:00,295.3599853515625,299.70001220703125,292.94000244140625,293.0799865722656,292.8274230957031,53081900,0.0,0.0
2026-06-25 04:00:00+00:00,287.3999938964844,288.79998779296875,273.75,275.1499938964844,274.91290283203125,107013700,0.0,0.0
2026-06-26 04:00:00+00:00,275.0,285.95001220703125,274.2099914550781,283.7799987792969,283.53546142578125,261775500,0.0,0.0
2026-06-29 04:00:00+00:00,286.7300109863281,288.3699951171875,279.8500061035156,281.739990234375,281.4972229003906,66427000,0.0,0.0
2026-06-30 04:00:00+00:00,281.1700134277344,289.94000244140625,280.70001220703125,289.3599853515625,289.11065673828125,65100200,0.0,0.0
2026-07-01 04:00:00+00:00,293.44000244140625,296.5899963378906,289.20001220703125,294.3800048828125,294.1263427734375,50164200,0.0,0.0
2026-07-02 04:00:00+00:00,294.1199951171875,309.4200134277344,293.67999267578125,308.6300048828125,308.3640441894531,75352800,0.0,0.0
2026-07-06 04:00:00+00:00,307.3599853515625,314.20001220703125,307.0,312.6600036621094,312.3905944824219,53590000,0.0,0.0
2026-07-07 04:00:00+00:00,315.2900085449219,315.4800109863281,310.1499938964844,310.6600036621094,310.3923034667969,42490000,0.0,0.0
2026-07-08 04:00:00+00:00,311.9100036621094,314.82000732421875,307.04998779296875,313.3900146484375,313.1199645996094,41323500,0.0,0.0
2026-07-09 04:00:00+00:00,310.510009765625,316.5299987792969,308.1600036621094,316.2200012207031,315.947509765625,48124500,0.0,0.0
2026-07-10 04:00:00+00:00,314.7200012207031,316.9100036621094,312.1700134277344,315.32000732421875,315.0483093261719,34132300,0.0,0.0
2026-07-13 04:00:00+00:00,317.0199890136719,323.45001220703125,315.7799987792969,317.30999755859375,317.03656005859375,43257800,0.0,0.0
2026-07-14 04:00:00+00:00,313.760009765625,316.19000244140625,311.9100036621094,314.8599853515625,314.58868408203125,36336800,0.0,0.0
2026-07-15 04:00:00+00:00,317.6199951171875,328.7300109863281,317.32000732421875,327.5,327.2178039550781,60957600,0.0,0.0
2026-07-16 04:00:00+00:00,328.010009765625,334.67999267578125,326.7900085449219,333.260009765625,332.97283935546875,62970600,0.0,0.0
2026-07-17 04:00:00+00:00,331.9800109863281,334.989990234375,329.0,333.739990234375,333.452392578125,63407100,0.0,0.0
2026-07-20 04:00:00+00:00,333.510009765625,333.7099914550781,323.67999267578125,326.5899963378906,326.3085632324219,53468000,0.0,0.0
2026-07-21 04:00:00+00:00,323.1300048828125,329.6000061035156,322.2200012207031,327.739990234375,327.45758056640625,41338900,0.0,0.0
2026-07-22 04:00:00+00:00,327.8699951171875,329.0,323.3399963378906,325.8900146484375,325.60919189453125,38755900,0.0,0.0
2026-07-23 04:00:00+00:00,321.7300109863281,323.29998779296875,319.3500061035156,321.6600036621094,321.3828430175781,40840800,0.0,0.0
2026-07-24 04:00:00+00:00,321.7900085449219,334.3699951171875,321.6199951171875,333.0199890136719,332.7330322265625,47489400,0.0,0.0
2026-07-27 04:00:00+00:00,334.5400085449219,339.57000732421875,334.0199890136719,336.9100036621094,336.61968994140625,49604300,0.0,0.0
2026-07-28 04:00:00+00:00,340.0299987792969,342.8900146484375,335.6000061035156,340.0799865722656,339.78692626953125,51859000,0.0,0.0
2026-07-29 04:00:00+00:00,339.7300109863281,344.57000732421875,337.3500061035156,338.19000244140625,337.8985900878906,56090800,0.0,0.0
2026-07-30 04:00:00+00:00,333.1000061035156,334.75,329.5899963378906,333.42999267578125,333.1426696777344,74817800,0.0,0.0
2026-07-31 04:00:00+00:00,304.80999755859375,310.69000244140625,300.0,308.9100036621094,308.6438293457031,132489100,0.0,0.0
2026-08-03 04:00:00+00:00,309.5799865722656,311.79998779296875,302.55999755859375,303.4200134277344,303.1585693359375,75052000,0.0,0.0
2026-08-04 04:00:00+00:00,302.7300109863281,310.4200134277344,301.32000732421875,309.3800048828125,309.1134033203125,68001000,0.0,0.0
2026-08-05 04:00:00+00:00,309.3599853515625,311.7099914550781,305.6700134277344,311.0,310.7320251464844,49438800,0.0,0.0
2026-08-06 04:00:00+00:00,314.3399963378906,316.2900085449219,309.2300109863281,312.4100036621094,312.14080810546875,46139900,0.0,0.0
2026-08-07 04:00:00+00:00,311.45001220703125,314.80999755859375,310.739990234375,313.3299865722656,313.05999755859375,34437200,0.0,0.0
2026-08-10 04:00:00+00:00,306.8299865722656,308.260009765625,304.6099853515625,308.260009765625,308.260009765625,44812500,0.27,0.0
2026-08-11 04:00:00+00:00,307.75,309.9700012207031,302.7900085449219,304.9100036621094,304.9100036621094,37476700,0.0,0.0
2026-08-12 04:00:00+00:00,305.1000061035156,305.6600036621094,300.57000732421875,302.25,302.25,41657800,0.0,0.0
2026-08-13 04:00:00+00:00,304.2099914550781,306.0,302.04998779296875,305.260009765625,305.260009765625,40349300,0.0,0.0
2026-08-14 04:00:00+00:00,306.0,307.489990234375,304.29998779296875,305.92999267578125,305.92999267578125,28229400,0.0,0.0
2026-08-17 04:00:00+00:00,306.2099914550781,307.6600036621094,302.94000244140625,305.5899963378906,305.5899963378906,38169300,0.0,0.0
2026-08-18 04:00:00+00:00,307.5799865722656,311.489990234375,305.739990234375,310.0299987792969,310.0299987792969,53424500,0.0,0.0
2026-08-19 04:00:00+00:00,310.1400146484375,319.2799987792969,309.6000061035156,316.8299865722656,316.8299865722656,50505600,0.0,0.0
2026-08-20 04:00:00+00:00,317.4599914550781,320.2799987792969,310.6499938964844,311.29998779296875,311.29998779296875,40959200,0.0,0.0
2026-08-21 04:00:00+00:00,312.04998779296875,312.3800048828125,307.010009765625,309.3500061035156,309.3500061035156,46876800,0.0,0.0
2026-08-24 04:00:00+00:00,311.4700012207031,313.3599853515625,309.9700012207031,310.3399963378906,310.3399963378906,34673600,0.0,0.0
2026-08-25 04:00:00+00:00,310.7900085449219,313.5899963378906,308.2099914550781,309.8999938964844,309.8999938964844,25869800,0.0,0.0
2026-08-26 04:00:00+00:00,310.29998779296875,315.42999267578125,308.79998779296875,313.45001220703125,313.45001220703125,34024500,0.0,0.0
2026-08-27 04:00:00+00:00,310.54998779296875,315.3999938964844,309.3999938964844,314.5799865722656,314.5799865722656,32419200,0.0,0.0
2026-08-28 04:00:00+00:00,316.8500061035156,322.3699951171875,315.45001220703125,319.70001220703125,319.70001220703125,38649400,0.0,0.0
2026-08-31 04:00:00+00:00,319.6000061035156,321.239990234375,312.79998779296875,316.8500061035156,316.8500061035156,41242700,0.0,0.0
2026-09-01 04:00:00+00:00,316.9800109863281,327.29998779296875,314.7300109863281,325.1300048828125,325.1300048828125,53167400,0.0,0.0
2026-09-02 04:00:00+00:00,326.8699951171875,328.3999938964844,323.5299987792969,324.9599914550781,324.9599914550781,33776400,0.0,0.0
2026-09-03 04:00:00+00:00,324.8699951171875,330.80999755859375,324.1099853515625,328.2099914550781,328.2099914550781,37225800,0.0,0.0
2026-09-04 04:00:00+00:00,328.30999755859375,328.92999267578125,317.8599853515625,319.9700012207031,319.9700012207031,39606900,0.0,0.0
2026-09-08 04:00:00+00:00,317.1000061035156,320.70001220703125,314.8999938964844,316.2200012207031,316.2200012207031,35477100,0.0,0.0
2026-09-09 04:00:00+00:00,315.489990234375,319.1499938964844,309.8999938964844,315.3399963378906,315.3399963378906,65640000,0.0,0.0
2026-09-10 04:00:00+00:00,316.6700134277344,326.739990234375,316.510009765625,326.57000732421875,326.57000732421875,70011900,0.0,0.0
2026-09-11 04:00:00+00:00,327.45001220703125,336.2200012207031,326.29998779296875,332.2699890136719,332.2699890136719,50716900,0.0,0.0
2026-09-14 04:00:00+00:00,334.7900085449219,335.5,331.3399963378906,333.0799865722656,333.0799865722656,39269100,0.0,0.0
2026-09-15 04:00:00+00:00,330.1400146484375,331.7799987792969,328.3500061035156,331.3399963378906,331.3399963378906,31748200,0.0,0.0
2026-09-16 04:00:00+00:00,332.5299987792969,335.4800109863281,330.70001220703125,332.4100036621094,332.4100036621094,35981000,0.0,0.0
2026-09-17 04:00:00+00:00,334.7699890136719,338.3399963378906,330.17999267578125,337.0,337.0,36700200,0.0,0.0
2026-09-18 04:00:00+00:00,337.9100036621094,338.489990234375,332.5299987792969,336.1300048828125,336.1300048828125,86588200,0.0,0.0
2026-09-21 04:00:00+00:00,335.2799987792969,339.6400146484375,333.04998779296875,338.9800109863281,338.9800109863281,34999200,0.0,0.0
2026-09-22 04:00:00+00:00,340.1400146484375,345.3399963378906,338.75,339.75,339.75,40711800,0.0,0.0
2026-09-23 04:00:00+00:00,341.0799865722656,341.79998779296875,335.5,337.0199890136719,337.0199890136719,31658800,0.0,0.0
2026-09-24 04:00:00+00:00,336.7200012207031,338.9100036621094,334.29998779296875,335.9200134277344,335.9200134277344,24733100,0.0,0.0
2026-09-25 04:00:00+00:00,336.0400085449219,341.6700134277344,334.5299987792969,341.07000732421875,341.07000732421875,29950100,0.0,0.0
