Date,Open,High,Low,Close,Adj Close,Volume,Dividends,Stock Splits,Capital Gains
2016-09-26 04:00:00+00:00,215.02000427246094,215.22999572753906,214.00999450683594,214.24000549316406,182.95997619628906,89827300,0.0,0.0,0.0
2016-09-27 04:00:00+00:00,214.0500030517578,215.67999267578125,213.6199951171875,215.57000732421875,184.09579467773438,78494800,0.0,0.0,0.0
2016-09-28 04:00:00+00:00,215.8300018310547,216.82000732421875,214.7100067138672,216.63999938964844,185.0095977783203,87411000,0.0,0.0,0.0
2016-09-29 04:00:00+00:00,216.39999389648438,216.8699951171875,214.0399932861328,214.67999267578125,183.3357696533203,128070600,0.0,0.0,0.0
2016-09-30 04:00:00+00:00,215.64999389648438,217.1199951171875,215.36000061035156,216.3000030517578,184.71920776367188,117202900,0.0,0.0,0.0
2016-10-03 04:00:00+00:00,215.82000732421875,216.0399932861328,215.0399932861328,215.77999877929688,184.27511596679688,83512100,0.0,0.0,0.0
2016-10-04 04:00:00+00:00,215.91000366210938,216.1699981689453,213.99000549316406,214.67999267578125,183.3357696533203,119948100,0.0,0.0,0.0
2016-10-05 04:00:00+00:00,215.41000366210938,216.1300048828125,215.3300018310547,215.6300048828125,184.14703369140625,72816000,0.0,0.0,0.0
2016-10-06 04:00:00+00:00,215.3699951171875,216.0399932861328,214.74000549316406,215.77999877929688,184.27511596679688,62927400,0.0,0.0,0.0
2016-10-07 04:00:00+00:00,216.10000610351562,216.3000030517578,214.19000244140625,215.0399932861328,183.64315795898438,89788300,0.0,0.0,0.0
2016-10-10 04:00:00+00:00,216.16000366210938,216.6999969482422,215.99000549316406,216.16000366210938,184.5996856689453,51855000,0.0,0.0,0.0
2016-10-11 04:00:00+00:00,215.66000366210938,215.74000549316406,212.5800018310547,213.42999267578125,182.2682647705078,130367400,0.0,0.0,0.0
2016-10-12 04:00:00+00:00,213.58999633789062,214.32000732421875,213.00999450683594,213.7100067138672,182.5074005126953,73866100,0.0,0.0,0.0
2016-10-13 04:00:00+00:00,212.16000366210938,213.58999633789062,211.2100067138672,213.00999450683594,181.9095458984375,101357000,0.0,0.0,0.0
2016-10-14 04:00:00+00:00,214.14999389648438,214.69000244140625,213.02999877929688,213.1199951171875,182.00347900390625,93346200,0.0,0.0,0.0
2016-10-17 04:00:00+00:00,213.08999633789062,213.38999938964844,212.1699981689453,212.3800048828125,181.37155151367188,58275700,0.0,0.0,0.0
2016-10-18 04:00:00+00:00,214.24000549316406,214.30999755859375,213.27000427246094,213.7100067138672,182.5074005126953,76869700,0.0,0.0,0.0
2016-10-19 04:00:00+00:00,214.02000427246094,214.63999938964844,213.60000610351562,214.27999877929688,182.99412536621094,66519200,0.0,0.0,0.0
2016-10-20 04:00:00+00:00,213.8699951171875,214.52999877929688,213.11000061035156,213.8800048828125,182.6525421142578,73639800,0.0,0.0,0.0
2016-10-21 04:00:00+00:00,213.8800048828125,214.0800018310547,212.75999450683594,213.97999572753906,182.7378692626953,89089100,0.0,0.0,0.0
2016-10-24 04:00:00+00:00,215.0,215.32000732421875,214.47999572753906,214.88999938964844,183.51512145996094,60146600,0.0,0.0,0.0
2016-10-25 04:00:00+00:00,214.67999267578125,214.97999572753906,213.97999572753906,214.1699981689453,182.90025329589844,66542300,0.0,0.0,0.0
2016-10-26 04:00:00+00:00,213.2100067138672,214.4199981689453,212.92999267578125,213.74000549316406,182.53302001953125,75705500,0.0,0.0,0.0
2016-10-27 04:00:00+00:00,214.5800018310547,214.6199951171875,213.0800018310547,213.1699981689453,182.0462188720703,77220200,0.0,0.0,0.0
2016-10-28 04:00:00+00:00,213.13999938964844,213.92999267578125,211.7100067138672,212.5399932861328,181.50811767578125,140623200,0.0,0.0,0.0
2016-10-31 04:00:00+00:00,212.92999267578125,213.19000244140625,212.36000061035156,212.5500030517578,181.5167236328125,61272500,0.0,0.0,0.0
2016-11-01 04:00:00+00:00,212.92999267578125,212.99000549316406,209.60000610351562,211.00999450683594,180.2015838623047,122781800,0.0,0.0,0.0
2016-11-02 04:00:00+00:00,210.64999389648438,211.10000610351562,209.22999572753906,209.74000549316406,179.1169891357422,103330800,0.0,0.0,0.0
2016-11-03 04:00:00+00:00,209.99000549316406,210.24000549316406,208.4600067138672,208.77999877929688,178.29713439941406,88939300,0.0,0.0,0.0
2016-11-04 04:00:00+00:00,208.91000366210938,209.88999938964844,208.3800048828125,208.5500030517578,178.10072326660156,109122100,0.0,0.0,0.0
2016-11-07 05:00:00+00:00,208.5500030517578,213.19000244140625,208.5500030517578,213.14999389648438,182.02911376953125,109794900,0.0,0.0,0.0
2016-11-08 05:00:00+00:00,212.69000244140625,214.77000427246094,212.3800048828125,214.11000061035156,182.8489990234375,106772100,0.0,0.0,0.0
2016-11-09 05:00:00+00:00,212.3699951171875,217.10000610351562,212.33999633789062,216.3800048828125,184.78753662109375,258429000,0.0,0.0,0.0
2016-11-10 05:00:00+00:00,217.3000030517578,218.30999755859375,215.22000122070312,216.9199981689453,185.24868774414062,172113300,0.0,0.0,0.0
2016-11-11 05:00:00+00:00,216.0800018310547,216.6999969482422,215.32000732421875,216.4199981689453,184.8217010498047,100552700,0.0,0.0,0.0
2016-11-14 05:00:00+00:00,217.02999877929688,217.27000427246094,215.72000122070312,216.58999633789062,184.9668426513672,94580000,0.0,0.0,0.0
2016-11-15 05:00:00+00:00,217.0399932861328,218.27999877929688,216.8000030517578,218.27999877929688,186.41012573242188,91652600,0.0,0.0,0.0
2016-11-16 05:00:00+00:00,217.55999755859375,218.13999938964844,217.4199981689453,217.8699951171875,186.0599822998047,65617700,0.0,0.0,0.0
2016-11-17 05:00:00+00:00,218.0500030517578,219.05999755859375,217.9199981689453,218.99000549316406,187.01654052734375,69797200,0.0,0.0,0.0
2016-11-18 05:00:00+00:00,219.07000732421875,219.27000427246094,218.2899932861328,218.5,186.5980224609375,86265800,0.0,0.0,0.0
2016-11-21 05:00:00+00:00,219.1699981689453,220.17999267578125,219.0,220.14999389648438,188.00709533691406,72402600,0.0,0.0,0.0
2016-11-22 05:00:00+00:00,220.50999450683594,220.7899932861328,219.72999572753906,220.5800018310547,188.37429809570312,67429000,0.0,0.0,0.0
2016-11-23 05:00:00+00:00,219.97999572753906,220.75999450683594,219.75,220.6999969482422,188.476806640625,56620200,0.0,0.0,0.0
2016-11-25 05:00:00+00:00,221.10000610351562,221.55999755859375,221.00999450683594,221.52000427246094,189.17709350585938,37872300,0.0,0.0,0.0
2016-11-28 05:00:00+00:00,221.16000366210938,221.47999572753906,220.36000061035156,220.47999572753906,188.28890991210938,76572500,0.0,0.0,0.0
2016-11-29 05:00:00+00:00,220.52000427246094,221.44000244140625,220.1699981689453,220.91000366210938,188.65614318847656,69886700,0.0,0.0,0.0
2016-11-30 05:00:00+00:00,221.6300048828125,221.82000732421875,220.30999755859375,220.3800048828125,188.20350646972656,113291800,0.0,0.0,0.0
2016-12-01 05:00:00+00:00,220.72999572753906,220.72999572753906,219.14999389648438,219.57000732421875,187.51182556152344,79040500,0.0,0.0,0.0
2016-12-02 05:00:00+00:00,219.6699981689453,220.25,219.25999450683594,219.67999267578125,187.60569763183594,74840300,0.0,0.0,0.0
2016-12-05 05:00:00+00:00,220.64999389648438,221.39999389648438,220.4199981689453,221.0,188.7329559326172,67837800,0.0,0.0,0.0
2016-12-06 05:00:00+00:00,221.22000122070312,221.74000549316406,220.66000366210938,221.6999969482422,189.3307647705078,59877400,0.0,0.0,0.0
2016-12-07 05:00:00+00:00,221.52000427246094,224.6699981689453,221.3800048828125,224.60000610351562,191.80738830566406,110738100,0.0,0.0,0.0
2016-12-08 05:00:00+00:00,224.57000732421875,225.6999969482422,224.25999450683594,225.14999389648438,192.2770538330078,99714400,0.0,0.0,0.0
2016-12-09 05:00:00+00:00,225.41000366210938,226.52999877929688,225.3699951171875,226.50999450683594,193.43849182128906,88005800,0.0,0.0,0.0
2016-12-12 05:00:00+00:00,226.39999389648438,226.9600067138672,225.75999450683594,226.25,193.21649169921875,102016100,0.0,0.0,0.0
2016-12-13 05:00:00+00:00,227.02000427246094,228.33999633789062,227.0,227.75999450683594,194.50599670410156,110477500,0.0,0.0,0.0
2016-12-14 05:00:00+00:00,227.41000366210938,228.22999572753906,225.3699951171875,225.8800048828125,192.9004669189453,142501800,0.0,0.0,0.0
2016-12-15 05:00:00+00:00,226.16000366210938,227.80999755859375,225.88999938964844,226.80999755859375,193.69471740722656,124972600,0.0,0.0,0.0
2016-12-16 05:00:00+00:00,226.00999450683594,226.0800018310547,224.6699981689453,225.0399932861328,193.31585693359375,156420200,1.329,0.0,0.0
2016-12-19 05:00:00+00:00,225.25,226.02000427246094,225.0800018310547,225.52999877929688,193.73681640625,90341100,0.0,0.0,0.0
2016-12-20 05:00:00+00:00,226.14999389648438,226.57000732421875,225.8800048828125,226.39999389648438,194.48416137695312,89838800,0.0,0.0,0.0
2016-12-21 05:00:00+00:00,226.25,226.4499969482422,225.77000427246094,225.77000427246094,193.94300842285156,67909000,0.0,0.0,0.0
2016-12-22 05:00:00+00:00,225.60000610351562,225.74000549316406,224.9199981689453,225.3800048828125,193.60794067382812,56219100,0.0,0.0,0.0
2016-12-23 05:00:00+00:00,225.42999267578125,225.72000122070312,225.2100067138672,225.7100067138672,193.89141845703125,36697800,0.0,0.0,0.0
2016-12-27 05:00:00+00:00,226.02000427246094,226.72999572753906,226.0,226.27000427246094,194.37245178222656,42672500,0.0,0.0,0.0
2016-12-28 05:00:00+00:00,226.57000732421875,226.58999633789062,224.27000427246094,224.39999389648438,192.76609802246094,64095000,0.0,0.0,0.0
2016-12-29 05:00:00+00:00,224.47999572753906,224.88999938964844,223.83999633789062,224.35000610351562,192.72311401367188,48696100,0.0,0.0,0.0
2016-12-30 05:00:00+00:00,224.72999572753906,224.8300018310547,222.72999572753906,223.52999877929688,192.0187225341797,108998300,0.0,0.0,0.0
2017-01-03 05:00:00+00:00,225.0399932861328,225.8300018310547,223.8800048828125,225.24000549316406,193.48770141601562,91366500,0.0,0.0,0.0
2017-01-04 05:00:00+00:00,225.6199951171875,226.75,225.61000061035156,226.5800018310547,194.63882446289062,78744400,0.0,0.0,0.0
2017-01-05 05:00:00+00:00,226.27000427246094,226.5800018310547,225.47999572753906,226.39999389648438,194.48416137695312,78379000,0.0,0.0,0.0
2017-01-06 05:00:00+00:00,226.52999877929688,227.75,225.89999389648438,227.2100067138672,195.1800079345703,71559900,0.0,0.0,0.0
2017-01-09 05:00:00+00:00,226.91000366210938,227.07000732421875,226.4199981689453,226.4600067138672,194.53570556640625,46939700,0.0,0.0,0.0
2017-01-10 05:00:00+00:00,226.47999572753906,227.4499969482422,226.00999450683594,226.4600067138672,194.53570556640625,63771900,0.0,0.0,0.0
2017-01-11 05:00:00+00:00,226.36000061035156,227.10000610351562,225.58999633789062,227.10000610351562,195.08551025390625,74650000,0.0,0.0,0.0
2017-01-12 05:00:00+00:00,226.5,226.75,224.9600067138672,226.52999877929688,194.59584045410156,72113200,0.0,0.0,0.0
2017-01-13 05:00:00+00:00,226.72999572753906,227.39999389648438,226.69000244140625,227.0500030517578,195.0425262451172,62717900,0.0,0.0,0.0
2017-01-17 05:00:00+00:00,226.30999755859375,226.77999877929688,225.8000030517578,226.25,194.35531616210938,61240800,0.0,0.0,0.0
2017-01-18 05:00:00+00:00,226.5399932861328,226.8000030517578,225.89999389648438,226.75,194.7847900390625,54793300,0.0,0.0,0.0
2017-01-19 05:00:00+00:00,226.83999633789062,227.0,225.41000366210938,225.91000366210938,194.063232421875,66608800,0.0,0.0,0.0
2017-01-20 05:00:00+00:00,226.6999969482422,227.30999755859375,225.97000122070312,226.74000549316406,194.77621459960938,129168600,0.0,0.0,0.0
2017-01-23 05:00:00+00:00,226.74000549316406,226.80999755859375,225.27000427246094,226.14999389648438,194.2694091796875,75061600,0.0,0.0,0.0
2017-01-24 05:00:00+00:00,226.39999389648438,228.0800018310547,226.27000427246094,227.60000610351562,195.51499938964844,95555300,0.0,0.0,0.0
2017-01-25 05:00:00+00:00,228.6999969482422,229.57000732421875,228.50999450683594,229.57000732421875,197.20724487304688,84437700,0.0,0.0,0.0
2017-01-26 05:00:00+00:00,229.39999389648438,229.7100067138672,229.00999450683594,229.3300018310547,197.00111389160156,59970700,0.0,0.0,0.0
2017-01-27 05:00:00+00:00,229.4199981689453,229.58999633789062,228.75999450683594,228.97000122070312,196.69187927246094,59711100,0.0,0.0,0.0
2017-01-30 05:00:00+00:00,228.1699981689453,228.1999969482422,226.41000366210938,227.5500030517578,195.47201538085938,79737300,0.0,0.0,0.0
2017-01-31 05:00:00+00:00,226.97999572753906,227.60000610351562,226.32000732421875,227.52999877929688,195.454833984375,75880800,0.0,0.0,0.0
2017-02-01 05:00:00+00:00,227.52999877929688,228.58999633789062,226.94000244140625,227.6199951171875,195.5321807861328,79117700,0.0,0.0,0.0
2017-02-02 05:00:00+00:00,227.6199951171875,228.10000610351562,226.82000732421875,227.77000427246094,195.66104125976562,69657600,0.0,0.0,0.0
2017-02-03 05:00:00+00:00,228.82000732421875,229.5500030517578,228.4600067138672,229.33999633789062,197.00970458984375,80563200,0.0,0.0,0.0
2017-02-06 05:00:00+00:00,228.8699951171875,229.3300018310547,228.5399932861328,228.92999267578125,196.65748596191406,57790100,0.0,0.0,0.0
2017-02-07 05:00:00+00:00,229.3800048828125,229.66000366210938,228.72000122070312,228.94000244140625,196.66604614257812,57931200,0.0,0.0,0.0
2017-02-08 05:00:00+00:00,228.94000244140625,229.38999938964844,228.30999755859375,229.24000549316406,196.92384338378906,51566200,0.0,0.0,0.0
2017-02-09 05:00:00+00:00,229.24000549316406,230.9499969482422,229.24000549316406,230.60000610351562,198.092041015625,65955200,0.0,0.0,0.0
2017-02-10 05:00:00+00:00,231.0,231.77000427246094,230.6199951171875,231.50999450683594,198.87374877929688,66015900,0.0,0.0,0.0
2017-02-13 05:00:00+00:00,232.0800018310547,233.07000732421875,232.0500030517578,232.77000427246094,199.9561309814453,55182100,0.0,0.0,0.0
2017-02-14 05:00:00+00:00,232.55999755859375,233.7100067138672,232.16000366210938,233.6999969482422,200.7550506591797,71109000,0.0,0.0,0.0
2017-02-15 05:00:00+00:00,233.4499969482422,235.13999938964844,233.38999938964844,234.9199981689453,201.80308532714844,86785800,0.0,0.0,0.0
2017-02-16 05:00:00+00:00,234.9499969482422,235.16000366210938,233.85000610351562,234.72000122070312,201.63125610351562,84722400,0.0,0.0,0.0
2017-02-17 05:00:00+00:00,233.9499969482422,235.08999633789062,233.92999267578125,235.08999633789062,201.94912719726562,77204100,0.0,0.0,0.0
2017-02-21 05:00:00+00:00,235.52000427246094,236.69000244140625,235.50999450683594,236.49000549316406,203.15179443359375,88946100,0.0,0.0,0.0
2017-02-22 05:00:00+00:00,236.02000427246094,236.5399932861328,235.8300018310547,236.27999877929688,202.9713592529297,62115200,0.0,0.0,0.0
2017-02-23 05:00:00+00:00,236.8800048828125,236.89999389648438,235.55999755859375,236.44000244140625,203.1088104248047,74615900,0.0,0.0,0.0
2017-02-24 05:00:00+00:00,235.4600067138672,236.7899932861328,235.41000366210938,236.74000549316406,203.36648559570312,82381600,0.0,0.0,0.0
2017-02-27 05:00:00+00:00,236.63999938964844,237.30999755859375,236.35000610351562,237.11000061035156,203.68434143066406,56515400,0.0,0.0,0.0
2017-02-28 05:00:00+00:00,236.6699981689453,236.9499969482422,236.02000427246094,236.47000122070312,203.13458251953125,96961900,0.0,0.0,0.0
2017-03-01 05:00:00+00:00,238.38999938964844,240.32000732421875,238.3699951171875,239.77999877929688,205.97799682617188,149158200,0.0,0.0,0.0
2017-03-02 05:00:00+00:00,239.55999755859375,239.57000732421875,238.2100067138672,238.27000427246094,204.68081665039062,70246000,0.0,0.0,0.0
2017-03-03 05:00:00+00:00,238.1699981689453,238.61000061035156,237.72999572753906,238.4199981689453,204.80963134765625,81974300,0.0,0.0,0.0
2017-03-06 05:00:00+00:00,237.5,238.1199951171875,237.00999450683594,237.7100067138672,204.1997528076172,55391500,0.0,0.0,0.0
2017-03-07 05:00:00+00:00,237.36000061035156,237.77000427246094,236.75999450683594,237.0,203.58982849121094,65103700,0.0,0.0,0.0
2017-03-08 05:00:00+00:00,237.33999633789062,237.63999938964844,236.39999389648438,236.55999755859375,203.2118682861328,78168800,0.0,0.0,0.0
2017-03-09 05:00:00+00:00,236.6999969482422,237.24000549316406,235.74000549316406,236.86000061035156,203.4696044921875,90683900,0.0,0.0,0.0
2017-03-10 05:00:00+00:00,237.97000122070312,238.02000427246094,236.58999633789062,237.69000244140625,204.1825408935547,81991700,0.0,0.0,0.0
2017-03-13 04:00:00+00:00,237.6199951171875,237.86000061035156,237.24000549316406,237.80999755859375,204.28565979003906,57256800,0.0,0.0,0.0
2017-03-14 04:00:00+00:00,237.17999267578125,237.24000549316406,236.19000244140625,236.89999389648438,203.50392150878906,59880800,0.0,0.0,0.0
2017-03-15 04:00:00+00:00,237.55999755859375,239.44000244140625,237.2899932861328,238.9499969482422,205.26492309570312,96081800,0.0,0.0,0.0
2017-03-16 04:00:00+00:00,239.11000061035156,239.1999969482422,238.10000610351562,238.47999572753906,204.86119079589844,78344000,0.0,0.0,0.0
2017-03-17 04:00:00+00:00,237.75,237.97000122070312,237.02999877929688,237.02999877929688,204.5013885498047,89002100,1.033,0.0,0.0
2017-03-20 04:00:00+00:00,237.02999877929688,237.36000061035156,236.32000732421875,236.77000427246094,204.27713012695312,52537000,0.0,0.0,0.0
2017-03-21 04:00:00+00:00,237.47000122070312,237.61000061035156,233.5800018310547,233.72999572753906,201.654296875,131809300,0.0,0.0,0.0
2017-03-22 04:00:00+00:00,233.77000427246094,234.61000061035156,233.0500030517578,234.27999877929688,202.1288604736328,97569200,0.0,0.0,0.0
2017-03-23 04:00:00+00:00,234.27999877929688,235.33999633789062,233.60000610351562,234.02999877929688,201.91314697265625,100410300,0.0,0.0,0.0
2017-03-24 04:00:00+00:00,234.3800048828125,235.0399932861328,232.9600067138672,233.86000061035156,201.7664794921875,112504900,0.0,0.0,0.0
2017-03-27 04:00:00+00:00,231.92999267578125,233.9199981689453,231.61000061035156,233.6199951171875,201.55938720703125,87454500,0.0,0.0,0.0
2017-03-28 04:00:00+00:00,233.27000427246094,235.80999755859375,233.13999938964844,235.32000732421875,203.02615356445312,93483900,0.0,0.0,0.0
2017-03-29 04:00:00+00:00,234.99000549316406,235.80999755859375,234.72999572753906,235.5399932861328,203.2158966064453,61950400,0.0,0.0,0.0
2017-03-30 04:00:00+00:00,235.47000122070312,236.52000427246094,235.27000427246094,236.2899932861328,203.86297607421875,56737900,0.0,0.0,0.0
2017-03-31 04:00:00+00:00,235.89999389648438,236.50999450683594,235.67999267578125,235.74000549316406,203.38848876953125,73733100,0.0,0.0,0.0
2017-04-03 04:00:00+00:00,235.8000030517578,236.02999877929688,233.91000366210938,235.3300018310547,203.0347442626953,85546500,0.0,0.0,0.0
2017-04-04 04:00:00+00:00,235.0,235.5800018310547,234.55999755859375,235.47999572753906,203.16415405273438,56466200,0.0,0.0,0.0
2017-04-05 04:00:00+00:00,236.25999450683594,237.38999938964844,234.5399932861328,234.77999877929688,202.56016540527344,108800600,0.0,0.0,0.0
2017-04-06 04:00:00+00:00,234.94000244140625,236.0399932861328,234.42999267578125,235.44000244140625,203.12965393066406,69135800,0.0,0.0,0.0
2017-04-07 04:00:00+00:00,235.14999389648438,236.0,234.63999938964844,235.1999969482422,202.92257690429688,74412300,0.0,0.0,0.0
2017-04-10 04:00:00+00:00,235.36000061035156,236.25999450683594,234.72999572753906,235.33999633789062,203.04336547851562,67615300,0.0,0.0,0.0
2017-04-11 04:00:00+00:00,234.89999389648438,235.17999267578125,233.33999633789062,235.05999755859375,202.8018341064453,88045300,0.0,0.0,0.0
2017-04-12 04:00:00+00:00,234.74000549316406,234.9600067138672,233.77000427246094,234.02999877929688,201.91314697265625,81864400,0.0,0.0,0.0
2017-04-13 04:00:00+00:00,233.63999938964844,234.49000549316406,232.50999450683594,232.50999450683594,200.60171508789062,92880400,0.0,0.0,0.0
2017-04-17 04:00:00+00:00,233.11000061035156,234.57000732421875,232.8800048828125,234.57000732421875,202.37905883789062,68405400,0.0,0.0,0.0
2017-04-18 04:00:00+00:00,233.72000122070312,234.49000549316406,233.0800018310547,233.8699951171875,201.77516174316406,83225800,0.0,0.0,0.0
2017-04-19 04:00:00+00:00,234.52000427246094,234.9499969482422,233.17999267578125,233.44000244140625,201.40408325195312,68699900,0.0,0.0,0.0
2017-04-20 04:00:00+00:00,234.14999389648438,235.85000610351562,233.77999877929688,235.33999633789062,203.04336547851562,92572200,0.0,0.0,0.0
2017-04-21 04:00:00+00:00,235.25,235.30999755859375,234.1300048828125,234.58999633789062,202.39630126953125,110389800,0.0,0.0,0.0
2017-04-24 04:00:00+00:00,237.17999267578125,237.41000366210938,234.55999755859375,237.1699981689453,204.62229919433594,119209900,0.0,0.0,0.0
2017-04-25 04:00:00+00:00,237.91000366210938,238.9499969482422,237.80999755859375,238.5500030517578,205.81283569335938,76698300,0.0,0.0,0.0
2017-04-26 04:00:00+00:00,238.50999450683594,239.52999877929688,238.35000610351562,238.39999389648438,205.68350219726562,84702500,0.0,0.0,0.0
2017-04-27 04:00:00+00:00,238.77000427246094,238.9499969482422,237.97999572753906,238.60000610351562,205.85601806640625,57410300,0.0,0.0,0.0
2017-04-28 04:00:00+00:00,238.89999389648438,238.92999267578125,237.92999267578125,238.0800018310547,205.40731811523438,63532800,0.0,0.0,0.0
2017-05-01 04:00:00+00:00,238.67999267578125,239.1699981689453,238.1999969482422,238.67999267578125,205.92495727539062,66882500,0.0,0.0,0.0
2017-05-02 04:00:00+00:00,238.83999633789062,238.97999572753906,238.3000030517578,238.77000427246094,206.0026397705078,57375700,0.0,0.0,0.0
2017-05-03 04:00:00+00:00,238.77000427246094,238.8800048828125,237.6999969482422,238.47999572753906,205.75242614746094,73137700,0.0,0.0,0.0
2017-05-04 04:00:00+00:00,238.8300018310547,238.9199981689453,237.77999877929688,238.75999450683594,205.9939727783203,61462700,0.0,0.0,0.0
2017-05-05 04:00:00+00:00,239.19000244140625,239.72000122070312,238.67999267578125,239.6999969482422,206.80503845214844,62001300,0.0,0.0,0.0
2017-05-08 04:00:00+00:00,239.75,239.9199981689453,239.1699981689453,239.66000366210938,206.77052307128906,48385700,0.0,0.0,0.0
2017-05-09 04:00:00+00:00,239.9600067138672,240.19000244140625,239.0399932861328,239.44000244140625,206.5807342529297,51363200,0.0,0.0,0.0
2017-05-10 04:00:00+00:00,239.38999938964844,239.8699951171875,239.14999389648438,239.8699951171875,206.95169067382812,54293800,0.0,0.0,0.0
2017-05-11 04:00:00+00:00,239.35000610351562,239.57000732421875,238.1300048828125,239.3800048828125,206.52896118164062,62358300,0.0,0.0,0.0
2017-05-12 04:00:00+00:00,239.08999633789062,239.42999267578125,238.6699981689453,238.97999572753906,206.18382263183594,53912700,0.0,0.0,0.0
2017-05-15 04:00:00+00:00,239.47000122070312,240.44000244140625,239.4499969482422,240.3000030517578,207.3226776123047,61918900,0.0,0.0,0.0
2017-05-16 04:00:00+00:00,240.63999938964844,240.6699981689453,239.6300048828125,240.0800018310547,207.1328887939453,51241800,0.0,0.0,0.0
2017-05-17 04:00:00+00:00,240.0800018310547,240.0800018310547,235.75,235.82000732421875,203.45753479003906,172174100,0.0,0.0,0.0
2017-05-18 04:00:00+00:00,235.72999572753906,237.75,235.42999267578125,236.77000427246094,204.27713012695312,107047700,0.0,0.0,0.0
2017-05-19 04:00:00+00:00,237.3300018310547,239.0800018310547,237.27000427246094,238.30999755859375,205.60574340820312,115011400,0.0,0.0,0.0
2017-05-22 04:00:00+00:00,238.89999389648438,239.7100067138672,238.82000732421875,239.52000427246094,206.64974975585938,61010600,0.0,0.0,0.0
2017-05-23 04:00:00+00:00,239.9499969482422,240.24000549316406,239.50999450683594,240.0500030517578,207.10702514648438,48341700,0.0,0.0,0.0
2017-05-24 04:00:00+00:00,240.32000732421875,240.72999572753906,239.92999267578125,240.61000061035156,207.5901641845703,46927700,0.0,0.0,0.0
2017-05-25 04:00:00+00:00,241.1999969482422,242.0800018310547,240.9600067138672,241.75999450683594,208.58238220214844,64071700,0.0,0.0,0.0
2017-05-26 04:00:00+00:00,241.5399932861328,241.89999389648438,241.4499969482422,241.7100067138672,208.53927612304688,46629900,0.0,0.0,0.0
2017-05-30 04:00:00+00:00,241.33999633789062,241.7899932861328,241.16000366210938,241.5,208.3580322265625,35201900,0.0,0.0,0.0
2017-05-31 04:00:00+00:00,241.83999633789062,241.8800048828125,240.63999938964844,241.44000244140625,208.30628967285156,91796000,0.0,0.0,0.0
2017-06-01 04:00:00+00:00,241.97000122070312,243.3800048828125,241.63999938964844,243.36000061035156,209.96273803710938,68962000,0.0,0.0,0.0
2017-06-02 04:00:00+00:00,243.4199981689453,244.35000610351562,243.0800018310547,244.1699981689453,210.66156005859375,88666100,0.0,0.0,0.0
2017-06-05 04:00:00+00:00,243.97000122070312,244.3000030517578,243.75999450683594,243.99000549316406,210.50633239746094,44698800,0.0,0.0,0.0
2017-06-06 04:00:00+00:00,243.33999633789062,243.97999572753906,243.1199951171875,243.2100067138672,209.83331298828125,50375400,0.0,0.0,0.0
2017-06-07 04:00:00+00:00,243.60000610351562,243.9199981689453,242.8300018310547,243.66000366210938,210.22161865234375,54144300,0.0,0.0,0.0
2017-06-08 04:00:00+00:00,243.77000427246094,244.3300018310547,243.1699981689453,243.77999877929688,210.3251190185547,65950700,0.0,0.0,0.0
2017-06-09 04:00:00+00:00,244.08999633789062,245.00999450683594,241.9499969482422,243.41000366210938,210.0059356689453,132256400,0.0,0.0,0.0
2017-06-12 04:00:00+00:00,243.1300048828125,243.4199981689453,242.3800048828125,243.36000061035156,209.96273803710938,86108100,0.0,0.0,0.0
2017-06-13 04:00:00+00:00,243.97999572753906,244.61000061035156,243.5800018310547,244.5500030517578,210.9894256591797,60067000,0.0,0.0,0.0
2017-06-14 04:00:00+00:00,244.86000061035156,244.8699951171875,243.2899932861328,244.24000549316406,210.72198486328125,78602300,0.0,0.0,0.0
2017-06-15 04:00:00+00:00,242.67999267578125,243.91000366210938,242.36000061035156,243.77000427246094,210.31646728515625,66464900,0.0,0.0,0.0
2017-06-16 04:00:00+00:00,242.77000427246094,242.8300018310547,241.6300048828125,242.63999938964844,210.36244201660156,84553100,1.183,0.0,0.0
2017-06-19 04:00:00+00:00,243.58999633789062,244.72999572753906,243.47999572753906,244.66000366210938,212.11370849609375,65123800,0.0,0.0,0.0
2017-06-20 04:00:00+00:00,244.25,244.25999450683594,242.99000549316406,243.00999450683594,210.6832275390625,56906400,0.0,0.0,0.0
2017-06-21 04:00:00+00:00,243.4600067138672,243.58999633789062,242.41000366210938,242.9499969482422,210.6311798095703,55977600,0.0,0.0,0.0
2017-06-22 04:00:00+00:00,242.9600067138672,243.52999877929688,242.63999938964844,242.83999633789062,210.53578186035156,44148100,0.0,0.0,0.0
2017-06-23 04:00:00+00:00,242.91000366210938,243.50999450683594,242.47000122070312,243.1300048828125,210.78721618652344,66986800,0.0,0.0,0.0
2017-06-26 04:00:00+00:00,243.89999389648438,244.3800048828125,243.0500030517578,243.2899932861328,210.92593383789062,56700500,0.0,0.0,0.0
2017-06-27 04:00:00+00:00,243.0399932861328,243.3800048828125,241.30999755859375,241.3300018310547,209.2267303466797,82247700,0.0,0.0,0.0
2017-06-28 04:00:00+00:00,242.5,243.72000122070312,242.22999572753906,243.49000549316406,211.09933471679688,70042600,0.0,0.0,0.0
2017-06-29 04:00:00+00:00,243.66000366210938,243.72000122070312,239.9600067138672,241.35000610351562,209.24404907226562,106949700,0.0,0.0,0.0
2017-06-30 04:00:00+00:00,242.27999877929688,242.7100067138672,241.5800018310547,241.8000030517578,209.63418579101562,86820700,0.0,0.0,0.0
2017-07-03 04:00:00+00:00,242.8800048828125,243.3800048828125,242.2100067138672,242.2100067138672,209.9896697998047,39153800,0.0,0.0,0.0
2017-07-05 04:00:00+00:00,242.6300048828125,243.00999450683594,241.6999969482422,242.77000427246094,210.4751739501953,54427600,0.0,0.0,0.0
2017-07-06 04:00:00+00:00,241.88999938964844,242.02999877929688,240.33999633789062,240.5500030517578,208.55044555664062,65400800,0.0,0.0,0.0
2017-07-07 04:00:00+00:00,241.2100067138672,242.27999877929688,240.55999755859375,242.11000061035156,209.90293884277344,57972300,0.0,0.0,0.0
2017-07-10 04:00:00+00:00,242.11000061035156,242.8000030517578,241.75999450683594,242.3699951171875,210.1283416748047,36663300,0.0,0.0,0.0
2017-07-11 04:00:00+00:00,242.3699951171875,242.5500030517578,240.85000610351562,242.19000244140625,209.9723663330078,50354600,0.0,0.0,0.0
2017-07-12 04:00:00+00:00,243.3000030517578,244.1999969482422,243.3000030517578,244.00999450683594,211.55015563964844,59610400,0.0,0.0,0.0
2017-07-13 04:00:00+00:00,244.02000427246094,244.5500030517578,243.75999450683594,244.4199981689453,211.9056854248047,39471600,0.0,0.0,0.0
2017-07-14 04:00:00+00:00,244.4199981689453,245.97000122070312,244.30999755859375,245.55999755859375,212.89401245117188,60262700,0.0,0.0,0.0
2017-07-17 04:00:00+00:00,245.47000122070312,245.91000366210938,245.3300018310547,245.52999877929688,212.86795043945312,33531900,0.0,0.0,0.0
2017-07-18 04:00:00+00:00,245.05999755859375,245.72000122070312,244.6699981689453,245.66000366210938,212.98072814941406,42742500,0.0,0.0,0.0
2017-07-19 04:00:00+00:00,246.02000427246094,247.0,246.00999450683594,246.99000549316406,214.1337890625,51034300,0.0,0.0,0.0
2017-07-20 04:00:00+00:00,247.27999877929688,247.4199981689453,246.47000122070312,247.10000610351562,214.22918701171875,47135200,0.0,0.0,0.0
2017-07-21 04:00:00+00:00,246.44000244140625,246.91000366210938,246.17999267578125,246.8800048828125,214.0384063720703,82340800,0.0,0.0,0.0
2017-07-24 04:00:00+00:00,246.7899932861328,246.97999572753906,246.27999877929688,246.82000732421875,213.98641967773438,46622300,0.0,0.0,0.0
2017-07-25 04:00:00+00:00,247.67999267578125,247.8000030517578,247.16000366210938,247.4199981689453,214.50657653808594,54915600,0.0,0.0,0.0
2017-07-26 04:00:00+00:00,247.75,247.7899932861328,247.1300048828125,247.42999267578125,214.51527404785156,47575400,0.0,0.0,0.0
2017-07-27 04:00:00+00:00,247.9600067138672,248.0,245.67999267578125,247.1999969482422,214.31582641601562,70766600,0.0,0.0,0.0
2017-07-28 04:00:00+00:00,246.64999389648438,247.05999755859375,246.1300048828125,246.91000366210938,214.06443786621094,50088400,0.0,0.0,0.0
2017-07-31 04:00:00+00:00,247.3699951171875,247.47999572753906,246.52999877929688,246.77000427246094,213.94305419921875,65838700,0.0,0.0,0.0
2017-08-01 04:00:00+00:00,247.4600067138672,247.5,246.72000122070312,247.32000732421875,214.4198760986328,55050400,0.0,0.0,0.0
2017-08-02 04:00:00+00:00,247.47000122070312,247.60000610351562,246.3699951171875,247.44000244140625,214.52394104003906,47211200,0.0,0.0,0.0
2017-08-03 04:00:00+00:00,247.30999755859375,247.33999633789062,246.63999938964844,246.9600067138672,214.10781860351562,40856000,0.0,0.0,0.0
2017-08-04 04:00:00+00:00,247.52000427246094,247.7899932861328,246.97000122070312,247.41000366210938,214.4979248046875,60191800,0.0,0.0,0.0
2017-08-07 04:00:00+00:00,247.49000549316406,247.8699951171875,247.3699951171875,247.8699951171875,214.8966522216797,31995000,0.0,0.0,0.0
2017-08-08 04:00:00+00:00,247.50999450683594,248.91000366210938,246.8300018310547,247.25999450683594,214.3678436279297,61719400,0.0,0.0,0.0
2017-08-09 04:00:00+00:00,246.47000122070312,247.30999755859375,246.05999755859375,247.25,214.35923767089844,62632600,0.0,0.0,0.0
2017-08-10 04:00:00+00:00,246.2899932861328,246.44000244140625,243.6999969482422,243.75999450683594,211.33348083496094,120479500,0.0,0.0,0.0
2017-08-11 04:00:00+00:00,244.02000427246094,244.8000030517578,243.75,244.1199951171875,211.64552307128906,74869900,0.0,0.0,0.0
2017-08-14 04:00:00+00:00,245.58999633789062,246.7899932861328,245.5500030517578,246.5399932861328,213.74363708496094,73291900,0.0,0.0,0.0
2017-08-15 04:00:00+00:00,246.97999572753906,247.0,246.16000366210938,246.50999450683594,213.71762084960938,55242700,0.0,0.0,0.0
2017-08-16 04:00:00+00:00,247.11000061035156,247.57000732421875,246.4499969482422,246.94000244140625,214.09042358398438,56715500,0.0,0.0,0.0
2017-08-17 04:00:00+00:00,246.24000549316406,246.60000610351562,243.08999633789062,243.08999633789062,210.75253295898438,128490400,0.0,0.0,0.0
2017-08-18 04:00:00+00:00,242.89999389648438,244.19000244140625,242.1999969482422,242.7100067138672,210.42312622070312,136748000,0.0,0.0,0.0
2017-08-21 04:00:00+00:00,242.63999938964844,243.1999969482422,241.8300018310547,242.89999389648438,210.587890625,65469700,0.0,0.0,0.0
2017-08-22 04:00:00+00:00,243.57000732421875,245.6199951171875,243.5500030517578,245.44000244140625,212.7900390625,63140100,0.0,0.0,0.0
2017-08-23 04:00:00+00:00,244.3300018310547,245.0500030517578,244.16000366210938,244.55999755859375,212.0270233154297,50203800,0.0,0.0,0.0
2017-08-24 04:00:00+00:00,245.0,245.17999267578125,243.75,243.99000549316406,211.5328826904297,50741700,0.0,0.0,0.0
2017-08-25 04:00:00+00:00,244.89999389648438,245.61000061035156,244.38999938964844,244.55999755859375,212.0270233154297,64445900,0.0,0.0,0.0
2017-08-28 04:00:00+00:00,245.1699981689453,245.1999969482422,244.08999633789062,244.57000732421875,212.0356903076172,40565600,0.0,0.0,0.0
2017-08-29 04:00:00+00:00,243.05999755859375,245.14999389648438,242.92999267578125,244.85000610351562,212.27850341796875,51135700,0.0,0.0,0.0
2017-08-30 04:00:00+00:00,244.8300018310547,246.32000732421875,244.6199951171875,246.00999450683594,213.28411865234375,62030800,0.0,0.0,0.0
2017-08-31 04:00:00+00:00,246.72000122070312,247.77000427246094,246.0500030517578,247.49000549316406,214.5673065185547,103803900,0.0,0.0,0.0
2017-09-01 04:00:00+00:00,247.9199981689453,248.3300018310547,247.6699981689453,247.83999633789062,214.87071228027344,62007000,0.0,0.0,0.0
2017-09-05 04:00:00+00:00,247.25999450683594,247.52000427246094,244.9499969482422,246.05999755859375,213.3275146484375,91398800,0.0,0.0,0.0
2017-09-06 04:00:00+00:00,246.83999633789062,247.27999877929688,246.22999572753906,246.89999389648438,214.05572509765625,57916900,0.0,0.0,0.0
2017-09-07 04:00:00+00:00,247.25,247.27000427246094,246.39999389648438,246.8699951171875,214.02975463867188,58034700,0.0,0.0,0.0
2017-09-08 04:00:00+00:00,246.5399932861328,247.11000061035156,246.3000030517578,246.5800018310547,213.7783203125,63832800,0.0,0.0,0.0
2017-09-11 04:00:00+00:00,248.0399932861328,249.3000030517578,248.02000427246094,249.2100067138672,216.05844116210938,71364800,0.0,0.0,0.0
2017-09-12 04:00:00+00:00,249.6300048828125,250.08999633789062,249.4199981689453,250.0500030517578,216.78672790527344,56896000,0.0,0.0,0.0
2017-09-13 04:00:00+00:00,249.72000122070312,250.2100067138672,249.58999633789062,250.1699981689453,216.89077758789062,59228000,0.0,0.0,0.0
2017-09-14 04:00:00+00:00,249.8000030517578,250.32000732421875,249.60000610351562,250.08999633789062,216.8214111328125,95446300,0.0,0.0,0.0
2017-09-15 04:00:00+00:00,248.69000244140625,249.2899932861328,248.57000732421875,249.19000244140625,217.11326599121094,95432400,1.235,0.0,0.0
2017-09-18 04:00:00+00:00,249.61000061035156,250.1199951171875,249.27999877929688,249.72000122070312,217.57504272460938,46235200,0.0,0.0,0.0
2017-09-19 04:00:00+00:00,250.0,250.07000732421875,249.60000610351562,249.97000122070312,217.79287719726562,47108100,0.0,0.0,0.0
2017-09-20 04:00:00+00:00,250.07000732421875,250.19000244140625,248.9199981689453,250.05999755859375,217.87130737304688,59574100,0.0,0.0,0.0
2017-09-21 04:00:00+00:00,249.8800048828125,249.97999572753906,249.19000244140625,249.38999938964844,217.28749084472656,48211400,0.0,0.0,0.0
2017-09-22 04:00:00+00:00,249.0500030517578,249.6300048828125,249.02000427246094,249.44000244140625,217.33106994628906,51214000,0.0,0.0,0.0
2017-09-25 04:00:00+00:00,249.14999389648438,249.5500030517578,248.0800018310547,248.92999267578125,216.88674926757812,57064400,0.0,0.0,0.0
2017-09-26 04:00:00+00:00,249.4199981689453,249.6999969482422,248.80999755859375,249.0800018310547,217.01744079589844,54082000,0.0,0.0,0.0
2017-09-27 04:00:00+00:00,249.8800048828125,250.49000549316406,248.8699951171875,250.0500030517578,217.86257934570312,81001400,0.0,0.0,0.0
2017-09-28 04:00:00+00:00,249.72999572753906,250.44000244140625,249.6300048828125,250.35000610351562,218.12393188476562,44778800,0.0,0.0,0.0
2017-09-29 04:00:00+00:00,250.33999633789062,251.32000732421875,250.1300048828125,251.22999572753906,218.89068603515625,85578000,0.0,0.0,0.0
2017-10-02 04:00:00+00:00,251.49000549316406,252.32000732421875,251.2899932861328,252.32000732421875,219.84039306640625,59023000,0.0,0.0,0.0
2017-10-03 04:00:00+00:00,252.32000732421875,252.88999938964844,252.22999572753906,252.86000061035156,220.31085205078125,66810200,0.0,0.0,0.0
2017-10-04 04:00:00+00:00,252.69000244140625,253.44000244140625,252.55999755859375,253.16000366210938,220.57225036621094,55953600,0.0,0.0,0.0
2017-10-05 04:00:00+00:00,253.5399932861328,254.67999267578125,253.1999969482422,254.66000366210938,221.8791961669922,63522800,0.0,0.0,0.0
2017-10-06 04:00:00+00:00,254.14999389648438,254.6999969482422,253.85000610351562,254.3699951171875,221.62646484375,80646000,0.0,0.0,0.0
2017-10-09 04:00:00+00:00,254.6300048828125,254.6999969482422,253.64999389648438,253.9499969482422,221.2605438232422,35803100,0.0,0.0,0.0
2017-10-10 04:00:00+00:00,254.60000610351562,255.0500030517578,253.97999572753906,254.6199951171875,221.84432983398438,43057400,0.0,0.0,0.0
2017-10-11 04:00:00+00:00,254.50999450683594,255.02000427246094,254.32000732421875,255.02000427246094,222.1928253173828,47674300,0.0,0.0,0.0
2017-10-12 04:00:00+00:00,254.66000366210938,255.05999755859375,254.3699951171875,254.63999938964844,221.86172485351562,47065100,0.0,0.0,0.0
2017-10-13 04:00:00+00:00,255.13999938964844,255.27000427246094,254.63999938964844,254.9499969482422,222.1317901611328,54800400,0.0,0.0,0.0
2017-10-16 04:00:00+00:00,255.2100067138672,255.50999450683594,254.82000732421875,255.2899932861328,222.42803955078125,38221700,0.0,0.0,0.0
2017-10-17 04:00:00+00:00,255.22999572753906,255.52000427246094,254.97999572753906,255.47000122070312,222.5849151611328,31561000,0.0,0.0,0.0
2017-10-18 04:00:00+00:00,255.89999389648438,255.9499969482422,255.5,255.72000122070312,222.80270385742188,40888300,0.0,0.0,0.0
2017-10-19 04:00:00+00:00,254.8300018310547,255.8300018310547,254.35000610351562,255.7899932861328,222.86367797851562,61903800,0.0,0.0,0.0
2017-10-20 04:00:00+00:00,256.70001220703125,257.1400146484375,255.77000427246094,257.1099853515625,224.01376342773438,89176400,0.0,0.0,0.0
2017-10-23 04:00:00+00:00,257.4800109863281,257.510009765625,256.0199890136719,256.1099853515625,223.14251708984375,63915300,0.0,0.0,0.0
2017-10-24 04:00:00+00:00,256.6000061035156,256.8299865722656,256.1499938964844,256.55999755859375,223.5345458984375,66935900,0.0,0.0,0.0
2017-10-25 04:00:00+00:00,256.17999267578125,256.30999755859375,254.0,255.2899932861328,222.42803955078125,103715300,0.0,0.0,0.0
2017-10-26 04:00:00+00:00,255.99000549316406,256.29998779296875,255.47999572753906,255.6199951171875,222.71556091308594,69798000,0.0,0.0,0.0
2017-10-27 04:00:00+00:00,256.4700012207031,257.8900146484375,255.6300048828125,257.7099914550781,224.53652954101562,85562500,0.0,0.0,0.0
2017-10-30 04:00:00+00:00,256.4700012207031,257.6000061035156,256.4100036621094,256.75,223.7001495361328,54285700,0.0,0.0,0.0
2017-10-31 04:00:00+00:00,257.17999267578125,257.44000244140625,256.80999755859375,257.1499938964844,224.0486297607422,60304800,0.0,0.0,0.0
2017-11-01 04:00:00+00:00,258.0400085449219,258.42999267578125,257.07000732421875,257.489990234375,224.34487915039062,54202700,0.0,0.0,0.0
2017-11-02 04:00:00+00:00,257.4100036621094,257.75,256.19000244140625,257.5899963378906,224.43197631835938,56449500,0.0,0.0,0.0
2017-11-03 04:00:00+00:00,257.7699890136719,258.5,257.29998779296875,258.45001220703125,225.1812744140625,59589700,0.0,0.0,0.0
2017-11-06 05:00:00+00:00,258.29998779296875,259.0,258.2200012207031,258.8500061035156,225.52984619140625,49652600,0.0,0.0,0.0
2017-11-07 05:00:00+00:00,258.9700012207031,259.3500061035156,258.0899963378906,258.6700134277344,225.3730010986328,57502200,0.0,0.0,0.0
2017-11-08 05:00:00+00:00,258.4700012207031,259.2200012207031,258.1499938964844,259.1099853515625,225.75633239746094,50469600,0.0,0.0,0.0
2017-11-09 05:00:00+00:00,257.7300109863281,258.3900146484375,256.3599853515625,258.1700134277344,224.93734741210938,95085500,0.0,0.0,0.0
2017-11-10 05:00:00+00:00,257.7300109863281,258.2900085449219,257.3699951171875,258.0899963378906,224.8676300048828,59984700,0.0,0.0,0.0
2017-11-13 05:00:00+00:00,257.30999755859375,258.5899963378906,257.2699890136719,258.3299865722656,225.07669067382812,50228600,0.0,0.0,0.0
2017-11-14 05:00:00+00:00,257.4100036621094,257.8500061035156,256.5199890136719,257.7300109863281,224.55398559570312,61315200,0.0,0.0,0.0
2017-11-15 05:00:00+00:00,256.6199951171875,257.2200012207031,255.6300048828125,256.44000244140625,223.4300079345703,80811500,0.0,0.0,0.0
2017-11-16 05:00:00+00:00,257.5199890136719,259.0400085449219,257.4700012207031,258.6199951171875,225.3294219970703,67777000,0.0,0.0,0.0
2017-11-17 05:00:00+00:00,258.2200012207031,258.5899963378906,257.7699890136719,257.8599853515625,224.66722106933594,75756800,0.0,0.0,0.0
2017-11-20 05:00:00+00:00,258.1400146484375,258.5199890136719,257.8599853515625,258.29998779296875,225.05052185058594,48075500,0.0,0.0,0.0
2017-11-21 05:00:00+00:00,259.17999267578125,260.20001220703125,258.260009765625,259.989990234375,226.52304077148438,69176800,0.0,0.0,0.0
2017-11-22 05:00:00+00:00,260.0,260.1499938964844,259.57000732421875,259.760009765625,226.32264709472656,45033400,0.0,0.0,0.0
2017-11-24 05:00:00+00:00,260.32000732421875,260.4800109863281,260.1600036621094,260.3599853515625,226.8454132080078,27856500,0.0,0.0,0.0
2017-11-27 05:00:00+00:00,260.4100036621094,260.75,260.0,260.2300109863281,226.73219299316406,52274900,0.0,0.0,0.0
2017-11-28 05:00:00+00:00,260.760009765625,262.8999938964844,260.6499938964844,262.8699951171875,229.03231811523438,98971700,0.0,0.0,0.0
2017-11-29 05:00:00+00:00,263.0199890136719,263.6300048828125,262.20001220703125,262.7099914550781,228.8929443359375,77512100,0.0,0.0,0.0
2017-11-30 05:00:00+00:00,263.760009765625,266.04998779296875,263.6700134277344,265.010009765625,230.8968505859375,127894400,0.0,0.0,0.0
2017-12-01 05:00:00+00:00,264.760009765625,265.30999755859375,260.760009765625,264.4599914550781,230.4176788330078,164390900,0.0,0.0,0.0
2017-12-04 05:00:00+00:00,266.30999755859375,266.79998779296875,264.0799865722656,264.1400146484375,230.13888549804688,94040600,0.0,0.0,0.0
2017-12-05 05:00:00+00:00,263.19000244140625,265.1499938964844,263.0400085449219,263.19000244140625,229.3111572265625,77994500,0.0,0.0,0.0
2017-12-06 05:00:00+00:00,263.29998779296875,263.7300109863281,262.7099914550781,263.239990234375,229.3546905517578,75898600,0.0,0.0,0.0
2017-12-07 05:00:00+00:00,264.07000732421875,264.42999267578125,262.94000244140625,264.07000732421875,230.07789611816406,77218600,0.0,0.0,0.0
2017-12-08 05:00:00+00:00,265.1600036621094,265.5199890136719,264.0299987792969,265.510009765625,231.33253479003906,76563900,0.0,0.0,0.0
2017-12-11 05:00:00+00:00,266.30999755859375,266.3800048828125,265.4800109863281,266.30999755859375,232.0294647216797,83077500,0.0,0.0,0.0
2017-12-12 05:00:00+00:00,267.2099914550781,267.32000732421875,266.3500061035156,266.7799987792969,232.43902587890625,85195800,0.0,0.0,0.0
2017-12-13 05:00:00+00:00,267.05999755859375,267.55999755859375,266.6499938964844,266.75,232.41293334960938,102905400,0.0,0.0,0.0
2017-12-14 05:00:00+00:00,267.0899963378906,267.2200012207031,265.6000061035156,265.6600036621094,231.46319580078125,100666700,0.0,0.0,0.0
2017-12-15 05:00:00+00:00,265.45001220703125,267.0400085449219,265.3900146484375,266.510009765625,233.39068603515625,144610300,1.351,0.0,0.0
2017-12-18 05:00:00+00:00,268.1000061035156,268.6000061035156,267.9800109863281,268.20001220703125,234.8706817626953,83653600,0.0,0.0,0.0
2017-12-19 05:00:00+00:00,268.4800109863281,268.5299987792969,267.0899963378906,267.1700134277344,233.96873474121094,82382900,0.0,0.0,0.0
2017-12-20 05:00:00+00:00,268.2699890136719,268.3299865722656,266.69000244140625,267.0299987792969,233.84603881835938,76751500,0.0,0.0,0.0
2017-12-21 05:00:00+00:00,267.739990234375,268.3900146484375,267.29998779296875,267.5799865722656,234.3277587890625,67032300,0.0,0.0,0.0
2017-12-22 05:00:00+00:00,267.6000061035156,267.6400146484375,266.8999938964844,267.510009765625,234.2664337158203,78720900,0.0,0.0,0.0
2017-12-26 05:00:00+00:00,267.04998779296875,267.44000244140625,266.8900146484375,267.19000244140625,233.9861602783203,45244400,0.0,0.0,0.0
2017-12-27 05:00:00+00:00,267.3800048828125,267.7300109863281,267.010009765625,267.32000732421875,234.1000213623047,57751000,0.0,0.0,0.0
2017-12-28 05:00:00+00:00,267.8900146484375,267.9200134277344,267.45001220703125,267.8699951171875,234.58163452148438,45116100,0.0,0.0,0.0
2017-12-29 05:00:00+00:00,268.5299987792969,268.54998779296875,266.6400146484375,266.8599853515625,233.69712829589844,96007400,0.0,0.0,0.0
2018-01-02 05:00:00+00:00,267.8399963378906,268.80999755859375,267.3999938964844,268.7699890136719,235.36984252929688,86655700,0.0,0.0,0.0
2018-01-03 05:00:00+00:00,268.9599914550781,270.6400146484375,268.9599914550781,270.4700012207031,236.8585662841797,90070400,0.0,0.0,0.0
2018-01-04 05:00:00+00:00,271.20001220703125,272.1600036621094,270.5400085449219,271.6099853515625,237.8568878173828,80636400,0.0,0.0,0.0
2018-01-05 05:00:00+00:00,272.510009765625,273.55999755859375,271.95001220703125,273.4200134277344,239.4419708251953,83524000,0.0,0.0,0.0
2018-01-08 05:00:00+00:00,273.30999755859375,274.1000061035156,272.9800109863281,273.9200134277344,239.8798065185547,57319200,0.0,0.0,0.0
2018-01-09 05:00:00+00:00,274.3999938964844,275.25,274.0799865722656,274.5400085449219,240.4228057861328,57254000,0.0,0.0,0.0
2018-01-10 05:00:00+00:00,273.67999267578125,274.4200134277344,272.9200134277344,274.1199951171875,240.05496215820312,69574300,0.0,0.0,0.0
2018-01-11 05:00:00+00:00,274.75,276.1199951171875,274.55999755859375,276.1199951171875,241.80650329589844,62361500,0.0,0.0,0.0
2018-01-12 05:00:00+00:00,276.4200134277344,278.1099853515625,276.0799865722656,277.9200134277344,243.3827362060547,90816100,0.0,0.0,0.0
2018-01-16 05:00:00+00:00,279.3500061035156,280.0899963378906,276.17999267578125,276.9700012207031,242.55078125,106555100,0.0,0.0,0.0
2018-01-17 05:00:00+00:00,278.0299987792969,280.04998779296875,276.9700012207031,279.6099853515625,244.86273193359375,113258800,0.0,0.0,0.0
2018-01-18 05:00:00+00:00,279.4800109863281,279.9599914550781,278.5799865722656,279.1400146484375,244.45118713378906,100728000,0.0,0.0,0.0
2018-01-19 05:00:00+00:00,279.79998779296875,280.4100036621094,279.1400146484375,280.4100036621094,245.56333923339844,140920100,0.0,0.0,0.0
2018-01-22 05:00:00+00:00,280.1700134277344,282.69000244140625,280.1099853515625,282.69000244140625,247.56004333496094,91322400,0.0,0.0,0.0
2018-01-23 05:00:00+00:00,282.739990234375,283.6199951171875,282.3699951171875,283.2900085449219,248.08538818359375,97084700,0.0,0.0,0.0
2018-01-24 05:00:00+00:00,284.0199890136719,284.70001220703125,281.8399963378906,283.17999267578125,247.98915100097656,134816100,0.0,0.0,0.0
2018-01-25 05:00:00+00:00,284.1600036621094,284.2699890136719,282.3999938964844,283.29998779296875,248.09414672851562,84587300,0.0,0.0,0.0
2018-01-26 05:00:00+00:00,284.25,286.6300048828125,283.9599914550781,286.5799865722656,250.9666290283203,107743100,0.0,0.0,0.0
2018-01-29 05:00:00+00:00,285.92999267578125,286.42999267578125,284.5,284.67999267578125,249.30264282226562,90118300,0.0,0.0,0.0
2018-01-30 05:00:00+00:00,282.6000061035156,284.739990234375,281.2200012207031,281.760009765625,246.74554443359375,131796400,0.0,0.0,0.0
2018-01-31 05:00:00+00:00,282.7300109863281,283.29998779296875,280.67999267578125,281.8999938964844,246.8680877685547,108364800,0.0,0.0,0.0
2018-02-01 05:00:00+00:00,281.07000732421875,283.05999755859375,280.67999267578125,281.5799865722656,246.58792114257812,90102500,0.0,0.0,0.0
2018-02-02 05:00:00+00:00,280.0799865722656,280.2300109863281,275.4100036621094,275.45001220703125,241.21971130371094,173174800,0.0,0.0,0.0
2018-02-05 05:00:00+00:00,273.45001220703125,275.8500061035156,263.30999755859375,263.92999267578125,231.1313018798828,294681800,0.0,0.0,0.0
2018-02-06 05:00:00+00:00,259.94000244140625,269.70001220703125,258.70001220703125,269.1300048828125,235.68505859375,355026800,0.0,0.0,0.0
2018-02-07 05:00:00+00:00,268.5,272.3599853515625,267.5799865722656,267.6700134277344,234.40647888183594,167376100,0.0,0.0,0.0
2018-02-08 05:00:00+00:00,268.010009765625,268.1700134277344,257.5899963378906,257.6300048828125,225.6141815185547,246449500,0.0,0.0,0.0
2018-02-09 05:00:00+00:00,260.79998779296875,263.6099853515625,252.9199981689453,261.5,229.00323486328125,283565300,0.0,0.0,0.0
2018-02-12 05:00:00+00:00,263.8299865722656,267.010009765625,261.6600036621094,265.3399963378906,232.3661346435547,143736000,0.0,0.0,0.0
2018-02-13 05:00:00+00:00,263.9700012207031,266.6199951171875,263.30999755859375,266.0,232.94407653808594,81223600,0.0,0.0,0.0
2018-02-14 05:00:00+00:00,264.30999755859375,270.0,264.29998779296875,269.5899963378906,236.0879364013672,120735700,0.0,0.0,0.0
2018-02-15 05:00:00+00:00,271.57000732421875,273.0400085449219,268.7699890136719,273.0299987792969,239.1004180908203,111200300,0.0,0.0,0.0
2018-02-16 05:00:00+00:00,272.32000732421875,275.32000732421875,272.2699890136719,273.1099853515625,239.1704864501953,160420100,0.0,0.0,0.0
2018-02-20 05:00:00+00:00,272.0299987792969,273.6700134277344,270.5,271.3999938964844,237.67294311523438,86369700,0.0,0.0,0.0
2018-02-21 05:00:00+00:00,271.8999938964844,274.7200012207031,269.94000244140625,270.04998779296875,236.49078369140625,98883700,0.0,0.0,0.0
2018-02-22 05:00:00+00:00,271.1000061035156,273.04998779296875,269.6400146484375,270.3999938964844,236.79725646972656,110511300,0.0,0.0,0.0
2018-02-23 05:00:00+00:00,271.7900085449219,274.7099914550781,271.25,274.7099914550781,240.5716552734375,92766400,0.0,0.0,0.0
2018-02-26 05:00:00+00:00,275.92999267578125,278.010009765625,275.260009765625,277.8999938964844,243.36520385742188,86491400,0.0,0.0,0.0
2018-02-27 05:00:00+00:00,278.1099853515625,278.9200134277344,274.3599853515625,274.42999267578125,240.32643127441406,99099200,0.0,0.0,0.0
2018-02-28 05:00:00+00:00,275.67999267578125,276.19000244140625,271.2900085449219,271.6499938964844,237.89199829101562,121907800,0.0,0.0,0.0
2018-03-01 05:00:00+00:00,271.4100036621094,273.1700134277344,266.0,267.70001220703125,234.4327850341797,176855100,0.0,0.0,0.0
2018-03-02 05:00:00+00:00,265.79998779296875,269.7200012207031,264.82000732421875,269.0799865722656,235.6413116455078,139083200,0.0,0.0,0.0
2018-03-05 05:00:00+00:00,267.7300109863281,272.8900146484375,267.6099853515625,272.19000244140625,238.36483764648438,97307400,0.0,0.0,0.0
2018-03-06 05:00:00+00:00,273.29998779296875,273.3900146484375,271.17999267578125,272.8800048828125,238.9691162109375,79213200,0.0,0.0,0.0
2018-03-07 05:00:00+00:00,270.4200134277344,273.17999267578125,270.20001220703125,272.7799987792969,238.88150024414062,87063500,0.0,0.0,0.0
2018-03-08 05:00:00+00:00,273.54998779296875,274.239990234375,272.4200134277344,274.1000061035156,240.03749084472656,66901200,0.0,0.0,0.0
2018-03-09 05:00:00+00:00,275.70001220703125,278.8699951171875,275.3399963378906,278.8699951171875,244.21461486816406,113625300,0.0,0.0,0.0
2018-03-12 04:00:00+00:00,279.20001220703125,279.9100036621094,278.0799865722656,278.5199890136719,243.9081573486328,71924800,0.0,0.0,0.0
2018-03-13 04:00:00+00:00,279.8399963378906,280.4100036621094,276.0299987792969,276.7200012207031,242.33189392089844,91968900,0.0,0.0,0.0
2018-03-14 04:00:00+00:00,277.80999755859375,278.0199890136719,274.6700134277344,275.29998779296875,241.08837890625,105895100,0.0,0.0,0.0
2018-03-15 04:00:00+00:00,275.8800048828125,276.6099853515625,274.42999267578125,275.0,240.8255615234375,83433000,0.0,0.0,0.0
2018-03-16 04:00:00+00:00,274.5,275.3900146484375,274.1400146484375,274.20001220703125,241.08677673339844,100343700,1.097,0.0,0.0
2018-03-19 04:00:00+00:00,273.3500061035156,274.3999938964844,268.6199951171875,270.489990234375,237.8247528076172,109208400,0.0,0.0,0.0
2018-03-20 04:00:00+00:00,270.94000244140625,271.6700134277344,270.17999267578125,270.95001220703125,238.2292022705078,59757300,0.0,0.0,0.0
2018-03-21 04:00:00+00:00,270.8999938964844,273.2699890136719,270.19000244140625,270.42999267578125,237.77203369140625,78709600,0.0,0.0,0.0
2018-03-22 04:00:00+00:00,267.9100036621094,268.8699951171875,263.3599853515625,263.6700134277344,231.82843017578125,148785900,0.0,0.0,0.0
2018-03-23 04:00:00+00:00,264.1700134277344,264.5400085449219,257.8299865722656,258.04998779296875,226.8870391845703,183534800,0.0,0.0,0.0
2018-03-26 04:00:00+00:00,262.1300048828125,265.42999267578125,259.4100036621094,265.1099853515625,233.094482421875,141956100,0.0,0.0,0.0
2018-03-27 04:00:00+00:00,266.1700134277344,266.7699890136719,258.8399963378906,260.6000061035156,229.1291961669922,129941400,0.0,0.0,0.0
2018-03-28 04:00:00+00:00,260.75,262.6400146484375,258.5799865722656,259.8299865722656,228.45213317871094,146452300,0.0,0.0,0.0
2018-03-29 04:00:00+00:00,261.1199951171875,265.260009765625,259.8399963378906,263.1499938964844,231.37118530273438,111601600,0.0,0.0,0.0
2018-04-02 04:00:00+00:00,262.54998779296875,263.1300048828125,254.6699981689453,257.4700012207031,226.37710571289062,186286300,0.0,0.0,0.0
2018-04-03 04:00:00+00:00,258.8699951171875,261.30999755859375,256.8399963378906,260.7699890136719,229.27859497070312,119956900,0.0,0.0,0.0
2018-04-04 04:00:00+00:00,256.75,264.3599853515625,256.6000061035156,263.55999755859375,231.73165893554688,123715300,0.0,0.0,0.0
2018-04-05 04:00:00+00:00,265.54998779296875,266.6400146484375,264.32000732421875,265.6400146484375,233.56053161621094,82652600,0.0,0.0,0.0
2018-04-06 04:00:00+00:00,263.4200134277344,265.1099853515625,258.0,259.7200012207031,228.3554229736328,179521200,0.0,0.0,0.0
2018-04-09 04:00:00+00:00,261.3699951171875,264.8399963378906,259.94000244140625,261.0,229.48085021972656,105442900,0.0,0.0,0.0
2018-04-10 04:00:00+00:00,264.2699890136719,266.0400085449219,262.9800109863281,265.1499938964844,233.1296844482422,103529000,0.0,0.0,0.0
2018-04-11 04:00:00+00:00,263.4700012207031,265.6400146484375,263.3900146484375,263.760009765625,231.9075927734375,91140200,0.0,0.0,0.0
2018-04-12 04:00:00+00:00,265.260009765625,267.0,265.05999755859375,265.92999267578125,233.8153839111328,68890500,0.0,0.0,0.0
2018-04-13 04:00:00+00:00,267.4100036621094,267.5400085449219,264.010009765625,265.1499938964844,233.1296844482422,85079200,0.0,0.0,0.0
2018-04-16 04:00:00+00:00,267.0,268.20001220703125,266.07000732421875,267.3299865722656,235.04641723632812,63405300,0.0,0.0,0.0
2018-04-17 04:00:00+00:00,269.3299865722656,270.8699951171875,268.75,270.19000244140625,237.56106567382812,64682000,0.0,0.0,0.0
2018-04-18 04:00:00+00:00,270.69000244140625,271.29998779296875,269.8699951171875,270.3900146484375,237.73692321777344,57303900,0.0,0.0,0.0
2018-04-19 04:00:00+00:00,269.6499938964844,269.8800048828125,267.7200012207031,268.8900146484375,236.41806030273438,77655900,0.0,0.0,0.0
2018-04-20 04:00:00+00:00,268.80999755859375,269.05999755859375,265.6099853515625,266.6099853515625,234.41334533691406,99953100,0.0,0.0,0.0
2018-04-23 04:00:00+00:00,267.260009765625,267.8900146484375,265.3500061035156,266.57000732421875,234.37815856933594,65558000,0.0,0.0,0.0
2018-04-24 04:00:00+00:00,267.7300109863281,267.9800109863281,261.2799987792969,262.9800109863281,231.22171020507812,112885500,0.0,0.0,0.0
2018-04-25 04:00:00+00:00,262.9100036621094,264.1300048828125,260.8500061035156,263.6300048828125,231.793212890625,103840900,0.0,0.0,0.0
2018-04-26 04:00:00+00:00,264.7900085449219,267.25,264.2900085449219,266.30999755859375,234.14956665039062,67731900,0.0,0.0,0.0
2018-04-27 04:00:00+00:00,267.0,267.3399963378906,265.5,266.55999755859375,234.36935424804688,57053600,0.0,0.0,0.0
2018-04-30 04:00:00+00:00,267.260009765625,267.8900146484375,264.42999267578125,264.510009765625,232.56698608398438,82182300,0.0,0.0,0.0
2018-05-01 04:00:00+00:00,263.8699951171875,265.1000061035156,262.1099853515625,264.9800109863281,232.980224609375,74203400,0.0,0.0,0.0
2018-05-02 04:00:00+00:00,264.760009765625,265.67999267578125,262.760009765625,263.20001220703125,231.41514587402344,86368900,0.0,0.0,0.0
2018-05-03 04:00:00+00:00,262.260009765625,263.3599853515625,259.04998779296875,262.6199951171875,230.90524291992188,136311500,0.0,0.0,0.0
2018-05-04 04:00:00+00:00,261.5199890136719,266.7900085449219,261.1499938964844,266.0199890136719,233.89459228515625,91222100,0.0,0.0,0.0
2018-05-07 04:00:00+00:00,266.8900146484375,268.0199890136719,266.1099853515625,266.9200134277344,234.68589782714844,55304900,0.0,0.0,0.0
2018-05-08 04:00:00+00:00,266.5,267.3299865722656,265.1499938964844,266.9200134277344,234.68589782714844,67499200,0.0,0.0,0.0
2018-05-09 04:00:00+00:00,267.67999267578125,269.8699951171875,267.0899963378906,269.5,236.9543914794922,59666100,0.0,0.0,0.0
2018-05-10 04:00:00+00:00,270.3399963378906,272.3900146484375,270.2200012207031,272.0199890136719,239.17001342773438,72063900,0.0,0.0,0.0
2018-05-11 04:00:00+00:00,272.1600036621094,273.1499938964844,271.5799865722656,272.8500061035156,239.8997802734375,59871500,0.0,0.0,0.0
2018-05-14 04:00:00+00:00,273.3399963378906,274.0799865722656,272.3599853515625,272.9800109863281,240.0141143798828,54790600,0.0,0.0,0.0
2018-05-15 04:00:00+00:00,271.5899963378906,271.6099853515625,270.0299987792969,271.1000061035156,238.36117553710938,87036100,0.0,0.0,0.0
2018-05-16 04:00:00+00:00,271.1400146484375,272.760009765625,271.1099853515625,272.239990234375,239.36338806152344,53942600,0.0,0.0,0.0
2018-05-17 04:00:00+00:00,271.94000244140625,273.2300109863281,271.1300048828125,272.010009765625,239.16122436523438,56536400,0.0,0.0,0.0
2018-05-18 04:00:00+00:00,271.6199951171875,272.0299987792969,270.92999267578125,271.3299865722656,238.5632781982422,64368000,0.0,0.0,0.0
2018-05-21 04:00:00+00:00,273.010009765625,273.9800109863281,272.57000732421875,273.3699951171875,240.35696411132812,58025900,0.0,0.0,0.0
2018-05-22 04:00:00+00:00,273.9599914550781,274.25,272.239990234375,272.6099853515625,239.68875122070312,52966400,0.0,0.0,0.0
2018-05-23 04:00:00+00:00,271.1700134277344,273.3900146484375,270.989990234375,273.3599853515625,240.34815979003906,64694200,0.0,0.0,0.0
2018-05-24 04:00:00+00:00,272.9100036621094,273.2200012207031,270.7799987792969,272.79998779296875,239.8557891845703,76043800,0.0,0.0,0.0
2018-05-25 04:00:00+00:00,272.1499938964844,272.8599853515625,271.5799865722656,272.1499938964844,239.2842559814453,56374800,0.0,0.0,0.0
2018-05-29 04:00:00+00:00,270.30999755859375,271.1700134277344,267.760009765625,269.0199890136719,236.5323028564453,115908600,0.0,0.0,0.0
2018-05-30 04:00:00+00:00,270.5,273.1099853515625,270.4200134277344,272.6099853515625,239.68875122070312,69678400,0.0,0.0,0.0
2018-05-31 04:00:00+00:00,272.1499938964844,272.489990234375,270.260009765625,270.94000244140625,238.2204132080078,93519900,0.0,0.0,0.0
2018-06-01 04:00:00+00:00,272.4100036621094,273.94000244140625,272.3299865722656,273.6000061035156,240.5592041015625,71258400,0.0,0.0,0.0
2018-06-04 04:00:00+00:00,274.5299987792969,275.19000244140625,274.260009765625,274.8999938964844,241.7021942138672,45385200,0.0,0.0,0.0
2018-06-05 04:00:00+00:00,275.04998779296875,275.5299987792969,274.17999267578125,275.1000061035156,241.8780517578125,51135000,0.0,0.0,0.0
2018-06-06 04:00:00+00:00,275.7900085449219,277.5199890136719,275.0899963378906,277.3999938964844,243.90029907226562,62732200,0.0,0.0,0.0
2018-06-07 04:00:00+00:00,277.95001220703125,278.2799987792969,276.3399963378906,277.3699951171875,243.8739471435547,72969400,0.0,0.0,0.0
2018-06-08 04:00:00+00:00,276.8500061035156,278.25,276.6600036621094,278.19000244140625,244.59494018554688,72139700,0.0,0.0,0.0
2018-06-11 04:00:00+00:00,278.44000244140625,279.3699951171875,278.30999755859375,278.55999755859375,244.92018127441406,58892500,0.0,0.0,0.0
2018-06-12 04:00:00+00:00,279.0299987792969,279.3299865722656,278.19000244140625,278.9200134277344,245.23680114746094,72329000,0.0,0.0,0.0
2018-06-13 04:00:00+00:00,279.19000244140625,279.4800109863281,277.79998779296875,278.0299987792969,244.4542236328125,79070600,0.0,0.0,0.0
2018-06-14 04:00:00+00:00,279.010009765625,279.3299865722656,278.05999755859375,278.7300109863281,245.0697479248047,77097600,0.0,0.0,0.0
2018-06-15 04:00:00+00:00,276.6000061035156,277.510009765625,275.3500061035156,277.1300048828125,244.75704956054688,120041600,1.246,0.0,0.0
2018-06-18 04:00:00+00:00,275.489990234375,276.70001220703125,274.95001220703125,276.55999755859375,244.25360107421875,52917600,0.0,0.0,0.0
2018-06-19 04:00:00+00:00,274.0,275.75,273.5299987792969,275.5,243.3174285888672,97531500,0.0,0.0,0.0
2018-06-20 04:00:00+00:00,276.2699890136719,276.7200012207031,275.5899963378906,275.9700012207031,243.7325439453125,53785500,0.0,0.0,0.0
2018-06-21 04:00:00+00:00,275.9599914550781,275.9800109863281,273.67999267578125,274.239990234375,242.20462036132812,71061400,0.0,0.0,0.0
2018-06-22 04:00:00+00:00,275.6600036621094,275.7900085449219,274.489990234375,274.739990234375,242.64625549316406,54898500,0.0,0.0,0.0
2018-06-25 04:00:00+00:00,273.44000244140625,273.6199951171875,269.1000061035156,271.0,239.34315490722656,137854200,0.0,0.0,0.0
2018-06-26 04:00:00+00:00,271.6400146484375,272.55999755859375,270.7900085449219,271.6000061035156,239.87306213378906,68547400,0.0,0.0,0.0
2018-06-27 04:00:00+00:00,272.260009765625,273.8699951171875,269.17999267578125,269.3500061035156,237.88595581054688,105110700,0.0,0.0,0.0
2018-06-28 04:00:00+00:00,269.2900085449219,271.75,268.489990234375,270.8900146484375,239.24595642089844,76650500,0.0,0.0,0.0
2018-06-29 04:00:00+00:00,272.1199951171875,273.6600036621094,271.1499938964844,271.2799987792969,239.59042358398438,97592500,0.0,0.0,0.0
2018-07-02 04:00:00+00:00,269.510009765625,272.0400085449219,269.239990234375,271.8599853515625,240.1026153564453,63554800,0.0,0.0,0.0
2018-07-03 04:00:00+00:00,272.8699951171875,272.9800109863281,270.4200134277344,270.8999938964844,239.2548065185547,42187100,0.0,0.0,0.0
2018-07-05 04:00:00+00:00,272.1700134277344,273.17999267578125,270.9599914550781,273.1099853515625,241.2066192626953,56925900,0.0,0.0,0.0
2018-07-06 04:00:00+00:00,273.1400146484375,275.8399963378906,272.7099914550781,275.4200134277344,243.246826171875,66493700,0.0,0.0,0.0
2018-07-09 04:00:00+00:00,276.54998779296875,277.9599914550781,276.5,277.8999938964844,245.4370574951172,50550400,0.0,0.0,0.0
2018-07-10 04:00:00+00:00,278.4100036621094,279.010009765625,278.0799865722656,278.8999938964844,246.32032775878906,51966800,0.0,0.0,0.0
2018-07-11 04:00:00+00:00,277.1499938964844,278.0400085449219,276.5199890136719,276.8599853515625,244.51861572265625,77054700,0.0,0.0,0.0
2018-07-12 04:00:00+00:00,278.2799987792969,279.42999267578125,277.6000061035156,279.3699951171875,246.7353515625,60124700,0.0,0.0,0.0
2018-07-13 04:00:00+00:00,279.1700134277344,279.92999267578125,278.6600036621094,279.5899963378906,246.9296875,48216000,0.0,0.0,0.0
2018-07-16 04:00:00+00:00,279.6400146484375,279.79998779296875,278.8399963378906,279.3399963378906,246.70892333984375,48201000,0.0,0.0,0.0
2018-07-17 04:00:00+00:00,278.4700012207031,280.9100036621094,278.4100036621094,280.4700012207031,247.7068328857422,52315500,0.0,0.0,0.0
2018-07-18 04:00:00+00:00,280.55999755859375,281.17999267578125,280.05999755859375,281.05999755859375,248.2279052734375,44593500,0.0,0.0,0.0
2018-07-19 04:00:00+00:00,280.30999755859375,280.739990234375,279.4599914550781,280.0,247.29176330566406,61412100,0.0,0.0,0.0
2018-07-20 04:00:00+00:00,279.7699890136719,280.4800109863281,279.5,279.67999267578125,247.00914001464844,82337700,0.0,0.0,0.0
2018-07-23 04:00:00+00:00,279.45001220703125,280.42999267578125,279.05999755859375,280.20001220703125,247.46849060058594,47047600,0.0,0.0,0.0
2018-07-24 04:00:00+00:00,281.7900085449219,282.55999755859375,280.6300048828125,281.6099853515625,248.7136993408203,68026900,0.0,0.0,0.0
2018-07-25 04:00:00+00:00,281.3299865722656,284.3699951171875,281.2799987792969,284.010009765625,250.83351135253906,78882900,0.0,0.0,0.0
2018-07-26 04:00:00+00:00,283.20001220703125,284.1099853515625,283.0899963378906,283.3399963378906,250.2416229248047,57919500,0.0,0.0,0.0
2018-07-27 04:00:00+00:00,283.7099914550781,283.82000732421875,280.3800048828125,281.4200134277344,248.54586791992188,76768700,0.0,0.0,0.0
2018-07-30 04:00:00+00:00,281.510009765625,281.69000244140625,279.3599853515625,279.95001220703125,247.24766540527344,63742500,0.0,0.0,0.0
2018-07-31 04:00:00+00:00,280.80999755859375,282.0199890136719,280.3800048828125,281.3299865722656,248.46630859375,68570500,0.0,0.0,0.0
2018-08-01 04:00:00+00:00,281.55999755859375,282.1300048828125,280.1300048828125,280.8599853515625,248.0513153076172,53853300,0.0,0.0,0.0
2018-08-02 04:00:00+00:00,279.3900146484375,282.5799865722656,279.1600036621094,282.3900146484375,249.40257263183594,63426400,0.0,0.0,0.0
2018-08-03 04:00:00+00:00,282.5299987792969,283.6600036621094,282.3299865722656,283.6000061035156,250.47125244140625,53935400,0.0,0.0,0.0
2018-08-06 04:00:00+00:00,283.6400146484375,284.989990234375,283.20001220703125,284.6400146484375,251.38978576660156,39400900,0.0,0.0,0.0
2018-08-07 04:00:00+00:00,285.3900146484375,286.010009765625,285.239990234375,285.5799865722656,252.2199249267578,43196600,0.0,0.0,0.0
2018-08-08 04:00:00+00:00,285.3900146484375,285.9100036621094,284.94000244140625,285.4599914550781,252.1139678955078,42114600,0.0,0.0,0.0
2018-08-09 04:00:00+00:00,285.5299987792969,285.9700012207031,284.9200134277344,285.07000732421875,251.7696075439453,35717000,0.0,0.0,0.0
2018-08-10 04:00:00+00:00,283.45001220703125,284.05999755859375,282.3599853515625,283.1600036621094,250.08265686035156,77076000,0.0,0.0,0.0
2018-08-13 04:00:00+00:00,283.4700012207031,284.1600036621094,281.7699890136719,282.1000061035156,249.146484375,65732900,0.0,0.0,0.0
2018-08-14 04:00:00+00:00,282.9200134277344,284.1700134277344,282.4800109863281,283.8999938964844,250.73617553710938,43842000,0.0,0.0,0.0
2018-08-15 04:00:00+00:00,282.3800048828125,282.5400085449219,280.1600036621094,281.7799987792969,248.8639373779297,102925400,0.0,0.0,0.0
2018-08-16 04:00:00+00:00,283.3999938964844,285.0400085449219,283.3599853515625,284.05999755859375,250.87753295898438,69967900,0.0,0.0,0.0
2018-08-17 04:00:00+00:00,283.8299865722656,285.55999755859375,283.3699951171875,285.05999755859375,251.76077270507812,65618500,0.0,0.0,0.0
2018-08-20 04:00:00+00:00,285.57000732421875,285.9700012207031,285.05999755859375,285.6700134277344,252.29937744140625,39807500,0.0,0.0,0.0
2018-08-21 04:00:00+00:00,286.25,287.30999755859375,285.7099914550781,286.3399963378906,252.89120483398438,67272000,0.0,0.0,0.0
2018-08-22 04:00:00+00:00,285.8800048828125,286.760009765625,285.5799865722656,286.1700134277344,252.7411346435547,44993300,0.0,0.0,0.0
2018-08-23 04:00:00+00:00,285.9700012207031,286.94000244140625,285.42999267578125,285.7900085449219,252.4054412841797,49204900,0.0,0.0,0.0
2018-08-24 04:00:00+00:00,286.44000244140625,287.6700134277344,286.3800048828125,287.510009765625,253.9245147705078,57487400,0.0,0.0,0.0
2018-08-27 04:00:00+00:00,288.8599853515625,289.8999938964844,288.67999267578125,289.7799987792969,255.9293975830078,57072400,0.0,0.0,0.0
2018-08-28 04:00:00+00:00,290.29998779296875,290.4200134277344,289.3999938964844,289.9200134277344,256.0530700683594,46943500,0.0,0.0,0.0
2018-08-29 04:00:00+00:00,290.1600036621094,291.739990234375,289.8900146484375,291.4800109863281,257.4307861328125,61485500,0.0,0.0,0.0
2018-08-30 04:00:00+00:00,290.94000244140625,291.3599853515625,289.6300048828125,290.29998779296875,256.3885498046875,61229500,0.0,0.0,0.0
2018-08-31 04:00:00+00:00,289.8399963378906,290.80999755859375,289.2900085449219,290.30999755859375,256.3974914550781,66140800,0.0,0.0,0.0
2018-09-04 04:00:00+00:00,289.8399963378906,290.2099914550781,288.67999267578125,289.80999755859375,255.95584106445312,57594400,0.0,0.0,0.0
2018-09-05 04:00:00+00:00,289.4100036621094,289.6400146484375,287.8900146484375,289.0299987792969,255.26698303222656,72452400,0.0,0.0,0.0
2018-09-06 04:00:00+00:00,289.1499938964844,289.489990234375,287.0,288.1600036621094,254.49855041503906,65909900,0.0,0.0,0.0
2018-09-07 04:00:00+00:00,286.9800109863281,288.70001220703125,286.7099914550781,287.6000061035156,254.00401306152344,73524800,0.0,0.0,0.0
2018-09-10 04:00:00+00:00,288.739990234375,289.0400085449219,287.8800048828125,288.1000061035156,254.44569396972656,50210900,0.0,0.0,0.0
2018-09-11 04:00:00+00:00,287.3699951171875,289.54998779296875,286.9800109863281,289.04998779296875,255.28465270996094,50530500,0.0,0.0,0.0
2018-09-12 04:00:00+00:00,289.05999755859375,289.79998779296875,288.2300109863281,289.1199951171875,255.34640502929688,59810800,0.0,0.0,0.0
2018-09-13 04:00:00+00:00,290.32000732421875,291.0400085449219,290.0,290.8299865722656,256.8567199707031,51034200,0.0,0.0,0.0
2018-09-14 04:00:00+00:00,291.05999755859375,291.2699890136719,290.0,290.8800048828125,256.9007873535156,55079900,0.0,0.0,0.0
2018-09-17 04:00:00+00:00,290.82000732421875,290.8599853515625,289.0299987792969,289.3399963378906,255.54071044921875,68244000,0.0,0.0,0.0
2018-09-18 04:00:00+00:00,289.5799865722656,291.5799865722656,289.54998779296875,290.9100036621094,256.9273681640625,61930400,0.0,0.0,0.0
2018-09-19 04:00:00+00:00,290.9700012207031,291.69000244140625,290.8299865722656,291.2200012207031,257.2010803222656,49080600,0.0,0.0,0.0
2018-09-20 04:00:00+00:00,292.6400146484375,293.94000244140625,291.239990234375,293.5799865722656,259.2854309082031,100360600,0.0,0.0,0.0
2018-09-21 04:00:00+00:00,293.0899963378906,293.2200012207031,291.80999755859375,291.989990234375,259.04852294921875,105479700,1.323,0.0,0.0
2018-09-24 04:00:00+00:00,291.3399963378906,291.5,290.3699951171875,291.0199890136719,258.18798828125,53409600,0.0,0.0,0.0
2018-09-25 04:00:00+00:00,291.5299987792969,291.6499938964844,290.4800109863281,290.75,257.948486328125,44370000,0.0,0.0,0.0
2018-09-26 04:00:00+00:00,290.9100036621094,292.239990234375,289.4100036621094,289.8800048828125,257.17657470703125,79739700,0.0,0.0,0.0
2018-09-27 04:00:00+00:00,290.4100036621094,291.9100036621094,290.1000061035156,290.69000244140625,257.89520263671875,59249500,0.0,0.0,0.0
2018-09-28 04:00:00+00:00,289.989990234375,291.2799987792969,289.95001220703125,290.7200012207031,257.92181396484375,70091400,0.0,0.0,0.0
2018-10-01 04:00:00+00:00,292.1099853515625,292.92999267578125,290.9800109863281,291.7300109863281,258.81787109375,62078900,0.0,0.0,0.0
2018-10-02 04:00:00+00:00,291.55999755859375,292.3599853515625,291.1400146484375,291.55999755859375,258.6670837402344,47258200,0.0,0.0,0.0
2018-10-03 04:00:00+00:00,292.739990234375,293.2099914550781,291.32000732421875,291.7200012207031,258.80902099609375,64694600,0.0,0.0,0.0
2018-10-04 04:00:00+00:00,291.17999267578125,291.239990234375,287.6600036621094,289.44000244140625,256.78619384765625,111545900,0.0,0.0,0.0
2018-10-05 04:00:00+00:00,289.69000244140625,290.2699890136719,286.2200012207031,287.82000732421875,255.3490753173828,105951700,0.0,0.0,0.0
2018-10-08 04:00:00+00:00,287.04998779296875,288.2200012207031,285.5,287.82000732421875,255.3490753173828,87742200,0.0,0.0,0.0
2018-10-09 04:00:00+00:00,287.3900146484375,288.8599853515625,286.7699890136719,287.3999938964844,254.97634887695312,74339000,0.0,0.0,0.0
2018-10-10 04:00:00+00:00,286.8299865722656,286.9100036621094,277.8800048828125,278.29998779296875,246.9030303955078,214731000,0.0,0.0,0.0
2018-10-11 04:00:00+00:00,277.0799865722656,278.8999938964844,270.3599853515625,272.1700134277344,241.464599609375,274840500,0.0,0.0,0.0
2018-10-12 04:00:00+00:00,276.7699890136719,277.0899963378906,272.3699951171875,275.95001220703125,244.81813049316406,183186500,0.0,0.0,0.0
2018-10-15 04:00:00+00:00,275.54998779296875,277.0400085449219,274.29998779296875,274.3999938964844,243.44300842285156,102263700,0.0,0.0,0.0
2018-10-16 04:00:00+00:00,276.6000061035156,280.82000732421875,276.07000732421875,280.3999938964844,248.76609802246094,118255800,0.0,0.0,0.0
2018-10-17 04:00:00+00:00,280.44000244140625,281.1499938964844,277.55999755859375,280.45001220703125,248.8104705810547,110626000,0.0,0.0,0.0
2018-10-18 04:00:00+00:00,279.3999938964844,280.07000732421875,274.9700012207031,276.3999938964844,245.21742248535156,134557500,0.0,0.0,0.0
2018-10-19 04:00:00+00:00,277.1300048828125,279.29998779296875,275.4700012207031,276.25,245.08433532714844,139901600,0.0,0.0,0.0
2018-10-22 04:00:00+00:00,277.0,277.3599853515625,274.4100036621094,275.010009765625,243.9842071533203,82415800,0.0,0.0,0.0
2018-10-23 04:00:00+00:00,270.95001220703125,274.8699951171875,268.6099853515625,273.6099853515625,242.74205017089844,146352700,0.0,0.0,0.0
2018-10-24 04:00:00+00:00,273.3299865722656,273.760009765625,264.70001220703125,265.32000732421875,235.38742065429688,177806700,0.0,0.0,0.0
2018-10-25 04:00:00+00:00,267.3800048828125,271.80999755859375,266.2300109863281,270.0799865722656,239.6103515625,138061500,0.0,0.0,0.0
2018-10-26 04:00:00+00:00,265.9200134277344,271.0,262.2900085449219,265.3299865722656,235.3962860107422,201574600,0.0,0.0,0.0
2018-10-29 04:00:00+00:00,268.79998779296875,270.25,259.8500061035156,263.8599853515625,234.0921173095703,160749100,0.0,0.0,0.0
2018-10-30 04:00:00+00:00,263.6700134277344,268.1199951171875,263.1199951171875,267.7699890136719,237.56097412109375,157116000,0.0,0.0,0.0
2018-10-31 04:00:00+00:00,270.6499938964844,273.2300109863281,270.1199951171875,270.6300048828125,240.09837341308594,128296300,0.0,0.0,0.0
2018-11-01 04:00:00+00:00,271.6000061035156,273.7300109863281,270.3800048828125,273.510009765625,242.65342712402344,99495000,0.0,0.0,0.0
2018-11-02 04:00:00+00:00,274.75,275.2300109863281,269.5899963378906,271.8900146484375,241.2162322998047,122634100,0.0,0.0,0.0
2018-11-05 05:00:00+00:00,272.44000244140625,274.010009765625,271.3500061035156,273.3900146484375,242.54690551757812,65622500,0.0,0.0,0.0
2018-11-06 05:00:00+00:00,273.32000732421875,275.29998779296875,273.25,275.1199951171875,244.08172607421875,60085900,0.0,0.0,0.0
2018-11-07 05:00:00+00:00,277.55999755859375,281.1000061035156,277.0799865722656,281.010009765625,249.3072967529297,102752100,0.0,0.0,0.0
2018-11-08 05:00:00+00:00,280.1099853515625,281.2200012207031,279.2200012207031,280.5,248.85482788085938,65584900,0.0,0.0,0.0
2018-11-09 05:00:00+00:00,279.0299987792969,279.239990234375,276.17999267578125,277.760009765625,246.42401123046875,98812600,0.0,0.0,0.0
2018-11-12 05:00:00+00:00,277.19000244140625,277.4599914550781,271.989990234375,272.57000732421875,241.8195037841797,99673600,0.0,0.0,0.0
2018-11-13 05:00:00+00:00,273.0899963378906,275.3299865722656,271.25,272.05999755859375,241.3670196533203,98176600,0.0,0.0,0.0
2018-11-14 05:00:00+00:00,274.1600036621094,274.6099853515625,268.45001220703125,270.20001220703125,239.71688842773438,125335900,0.0,0.0,0.0
2018-11-15 05:00:00+00:00,268.7799987792969,273.5400085449219,267.010009765625,273.0199890136719,242.2186737060547,135101400,0.0,0.0,0.0
2018-11-16 05:00:00+00:00,271.7900085449219,274.75,271.2099914550781,273.7300109863281,242.8485870361328,126668000,0.0,0.0,0.0
2018-11-19 05:00:00+00:00,273.04998779296875,273.3800048828125,268.07000732421875,269.1000061035156,238.74099731445312,103061700,0.0,0.0,0.0
2018-11-20 05:00:00+00:00,265.3599853515625,267.0,263.1499938964844,264.1199951171875,234.32276916503906,136021300,0.0,0.0,0.0
2018-11-21 05:00:00+00:00,265.8599853515625,267.1499938964844,265.010009765625,265.0199890136719,235.12120056152344,75563700,0.0,0.0,0.0
2018-11-23 05:00:00+00:00,263.17999267578125,264.82000732421875,263.07000732421875,263.25,233.55096435546875,42807900,0.0,0.0,0.0
2018-11-26 05:00:00+00:00,265.7799987792969,267.75,265.3399963378906,267.5,237.32144165039062,79981400,0.0,0.0,0.0
2018-11-27 05:00:00+00:00,266.3399963378906,268.3999938964844,265.6600036621094,268.3999938964844,238.119873046875,75502400,0.0,0.0,0.0
2018-11-28 05:00:00+00:00,269.6000061035156,274.5799865722656,268.3299865722656,274.5799865722656,243.60264587402344,127629600,0.0,0.0,0.0
2018-11-29 05:00:00+00:00,273.7099914550781,275.54998779296875,272.42999267578125,273.9800109863281,243.07040405273438,82346400,0.0,0.0,0.0
2018-11-30 05:00:00+00:00,273.80999755859375,276.2799987792969,273.45001220703125,275.6499938964844,244.552001953125,98204200,0.0,0.0,0.0
2018-12-03 05:00:00+00:00,280.2799987792969,280.3999938964844,277.510009765625,279.29998779296875,247.7902374267578,103176300,0.0,0.0,0.0
2018-12-04 05:00:00+00:00,278.3699951171875,278.8500061035156,269.8999938964844,270.25,239.7611846923828,177986000,0.0,0.0,0.0
2018-12-06 05:00:00+00:00,265.9200134277344,269.9700012207031,262.44000244140625,269.8399963378906,239.39744567871094,204185400,0.0,0.0,0.0
2018-12-07 05:00:00+00:00,269.4599914550781,271.2200012207031,262.6300048828125,263.57000732421875,233.8348388671875,161018900,0.0,0.0,0.0
2018-12-10 05:00:00+00:00,263.3699951171875,265.1600036621094,258.6199951171875,264.07000732421875,234.27845764160156,151445900,0.0,0.0,0.0
2018-12-11 05:00:00+00:00,267.6600036621094,267.8699951171875,262.4800109863281,264.1300048828125,234.33164978027344,121504400,0.0,0.0,0.0
2018-12-12 05:00:00+00:00,267.4700012207031,269.0,265.3699951171875,265.4599914550781,235.5115509033203,97976700,0.0,0.0,0.0
2018-12-13 05:00:00+00:00,266.5199890136719,267.489990234375,264.1199951171875,265.3699951171875,235.43174743652344,96662700,0.0,0.0,0.0
2018-12-14 05:00:00+00:00,262.9599914550781,264.0299987792969,259.8500061035156,260.4700012207031,231.0845184326172,116961100,0.0,0.0,0.0
2018-12-17 05:00:00+00:00,259.3999938964844,260.6499938964844,253.52999877929688,255.36000061035156,226.5510711669922,165492300,0.0,0.0,0.0
2018-12-18 05:00:00+00:00,257.20001220703125,257.95001220703125,253.27999877929688,255.0800018310547,226.3026885986328,134515100,0.0,0.0,0.0
2018-12-19 05:00:00+00:00,255.1699981689453,259.3999938964844,249.35000610351562,251.25999450683594,222.9136199951172,214992800,0.0,0.0,0.0
2018-12-20 05:00:00+00:00,249.86000061035156,251.6199951171875,244.64999389648438,247.1699981689453,219.28497314453125,252053400,0.0,0.0,0.0
2018-12-21 05:00:00+00:00,246.74000549316406,249.7100067138672,239.97999572753906,240.6999969482422,214.79197692871094,255345600,1.435,0.0,0.0
2018-12-24 05:00:00+00:00,239.0399932861328,240.83999633789062,234.27000427246094,234.33999633789062,209.1165771484375,147311600,0.0,0.0,0.0
2018-12-26 05:00:00+00:00,235.97000122070312,246.17999267578125,233.75999450683594,246.17999267578125,219.68212890625,218485400,0.0,0.0,0.0
2018-12-27 05:00:00+00:00,242.57000732421875,248.2899932861328,238.9600067138672,248.07000732421875,221.3686981201172,186267300,0.0,0.0,0.0
2018-12-28 05:00:00+00:00,249.5800018310547,251.39999389648438,246.4499969482422,247.75,221.08311462402344,153100200,0.0,0.0,0.0
2018-12-31 05:00:00+00:00,249.55999755859375,250.19000244140625,247.47000122070312,249.9199981689453,223.01953125,144299400,0.0,0.0,0.0
2019-01-02 05:00:00+00:00,245.97999572753906,251.2100067138672,245.9499969482422,250.17999267578125,223.2515411376953,126925200,0.0,0.0,0.0
2019-01-03 05:00:00+00:00,248.22999572753906,248.57000732421875,243.6699981689453,244.2100067138672,217.92416381835938,144140700,0.0,0.0,0.0
2019-01-04 05:00:00+00:00,247.58999633789062,253.11000061035156,247.1699981689453,252.38999938964844,225.2237091064453,142628800,0.0,0.0,0.0
2019-01-07 05:00:00+00:00,252.69000244140625,255.9499969482422,251.69000244140625,254.3800048828125,226.99951171875,103139100,0.0,0.0,0.0
2019-01-08 05:00:00+00:00,256.82000732421875,257.30999755859375,254.0,256.7699890136719,229.13226318359375,102512600,0.0,0.0,0.0
2019-01-09 05:00:00+00:00,257.55999755859375,258.9100036621094,256.19000244140625,257.9700012207031,230.20309448242188,95006600,0.0,0.0,0.0
2019-01-10 05:00:00+00:00,256.260009765625,259.1600036621094,255.5,258.8800048828125,231.01512145996094,96823900,0.0,0.0,0.0
2019-01-11 05:00:00+00:00,257.67999267578125,259.010009765625,257.0299987792969,258.9800109863281,231.1043701171875,73858100,0.0,0.0,0.0
2019-01-14 05:00:00+00:00,256.8599853515625,258.29998779296875,256.4100036621094,257.3999938964844,229.69442749023438,70908200,0.0,0.0,0.0
2019-01-15 05:00:00+00:00,257.82000732421875,260.70001220703125,257.80999755859375,260.3500061035156,232.32693481445312,85208300,0.0,0.0,0.0
2019-01-16 05:00:00+00:00,260.8299865722656,261.9700012207031,260.6000061035156,260.9800109863281,232.88914489746094,77636700,0.0,0.0,0.0
2019-01-17 05:00:00+00:00,260.010009765625,263.9200134277344,259.9599914550781,262.9599914550781,234.65594482421875,96118400,0.0,0.0,0.0
2019-01-18 05:00:00+00:00,264.9800109863281,266.9800109863281,263.0,266.4599914550781,237.77926635742188,127900300,0.0,0.0,0.0
2019-01-22 05:00:00+00:00,264.82000732421875,265.05999755859375,261.05999755859375,262.8599853515625,234.56674194335938,115531200,0.0,0.0,0.0
2019-01-23 05:00:00+00:00,264.010009765625,264.7900085449219,260.6600036621094,263.4100036621094,235.0574951171875,86030300,0.0,0.0,0.0
2019-01-24 05:00:00+00:00,263.2099914550781,264.20001220703125,262.0799865722656,263.54998779296875,235.1825408935547,59204100,0.0,0.0,0.0
2019-01-25 05:00:00+00:00,265.6099853515625,266.70001220703125,263.6600036621094,265.7799987792969,237.17247009277344,96883400,0.0,0.0,0.0
2019-01-28 05:00:00+00:00,263.3900146484375,263.8299865722656,261.7900085449219,263.760009765625,235.36990356445312,85613700,0.0,0.0,0.0
2019-01-29 05:00:00+00:00,263.9200134277344,264.54998779296875,262.4800109863281,263.4100036621094,235.0574951171875,66136300,0.0,0.0,0.0
2019-01-30 05:00:00+00:00,265.1000061035156,268.5199890136719,264.25,267.5799865722656,238.7786865234375,92473700,0.0,0.0,0.0
2019-01-31 05:00:00+00:00,267.510009765625,270.4700012207031,267.2699890136719,269.92999267578125,240.87576293945312,104012100,0.0,0.0,0.0
2019-02-01 05:00:00+00:00,270.1499938964844,271.20001220703125,269.17999267578125,270.05999755859375,240.9917449951172,85782500,0.0,0.0,0.0
2019-02-04 05:00:00+00:00,270.1099853515625,272.0299987792969,269.3599853515625,271.9599914550781,242.68727111816406,60744800,0.0,0.0,0.0
2019-02-05 05:00:00+00:00,272.44000244140625,273.44000244140625,271.8800048828125,273.1000061035156,243.70457458496094,79552800,0.0,0.0,0.0
2019-02-06 05:00:00+00:00,272.7900085449219,273.3399963378906,271.9200134277344,272.739990234375,243.38333129882812,58347800,0.0,0.0,0.0
2019-02-07 05:00:00+00:00,270.94000244140625,271.54998779296875,268.2900085449219,270.1400146484375,241.063232421875,95482000,0.0,0.0,0.0
2019-02-08 05:00:00+00:00,268.75,270.5799865722656,267.8299865722656,270.4700012207031,241.35760498046875,75788900,0.0,0.0,0.0
2019-02-11 05:00:00+00:00,271.20001220703125,271.489990234375,270.0299987792969,270.6199951171875,241.49148559570312,68021400,0.0,0.0,0.0
2019-02-12 05:00:00+00:00,272.4200134277344,274.5199890136719,272.3399963378906,274.1000061035156,244.596923828125,72270200,0.0,0.0,0.0
2019-02-13 05:00:00+00:00,275.0299987792969,275.92999267578125,274.55999755859375,274.989990234375,245.39112854003906,65277200,0.0,0.0,0.0
2019-02-14 05:00:00+00:00,273.7799987792969,275.6400146484375,272.8699951171875,274.3800048828125,244.84677124023438,83234400,0.0,0.0,0.0
2019-02-15 05:00:00+00:00,276.3599853515625,277.4100036621094,276.1300048828125,277.3699951171875,247.51492309570312,97088700,0.0,0.0,0.0
2019-02-19 05:00:00+00:00,276.4800109863281,278.5799865722656,276.4700012207031,277.8500061035156,247.9432830810547,59120800,0.0,0.0,0.0
2019-02-20 05:00:00+00:00,277.80999755859375,278.9200134277344,277.25,278.4100036621094,248.44300842285156,76610800,0.0,0.0,0.0
2019-02-21 05:00:00+00:00,277.70001220703125,278.1000061035156,276.3500061035156,277.4200134277344,247.5596160888672,64214700,0.0,0.0,0.0
2019-02-22 05:00:00+00:00,278.1099853515625,279.3599853515625,277.3999938964844,279.1400146484375,249.09446716308594,78114600,0.0,0.0,0.0
2019-02-25 05:00:00+00:00,280.7300109863281,281.30999755859375,279.42999267578125,279.5199890136719,249.43350219726562,69030700,0.0,0.0,0.0
2019-02-26 05:00:00+00:00,279.1300048828125,280.29998779296875,278.8999938964844,279.32000732421875,249.25511169433594,56844100,0.0,0.0,0.0
2019-02-27 05:00:00+00:00,278.5199890136719,279.5899963378906,277.4800109863281,279.20001220703125,249.14796447753906,56921600,0.0,0.0,0.0
2019-02-28 05:00:00+00:00,278.9599914550781,279.45001220703125,278.32000732421875,278.67999267578125,248.6839599609375,69268300,0.0,0.0,0.0
2019-03-01 05:00:00+00:00,280.44000244140625,280.8800048828125,278.82000732421875,280.4200134277344,250.2367401123047,78880500,0.0,0.0,0.0
2019-03-04 05:00:00+00:00,281.6000061035156,281.8699951171875,276.8399963378906,279.3999938964844,249.32640075683594,106494600,0.0,0.0,0.0
2019-03-05 05:00:00+00:00,279.5400085449219,279.760009765625,278.4100036621094,279.0199890136719,248.98731994628906,59114600,0.0,0.0,0.0
2019-03-06 05:00:00+00:00,279.1499938964844,279.1600036621094,276.9700012207031,277.3299865722656,247.4793243408203,75039800,0.0,0.0,0.0
2019-03-07 05:00:00+00:00,276.8299865722656,276.989990234375,274.07000732421875,275.010009765625,245.40896606445312,94885100,0.0,0.0,0.0
2019-03-08 05:00:00+00:00,272.94000244140625,274.6499938964844,272.4200134277344,274.4599914550781,244.9181671142578,85795800,0.0,0.0,0.0
2019-03-11 04:00:00+00:00,275.260009765625,278.6199951171875,275.2300109863281,278.44000244140625,248.4697723388672,65098900,0.0,0.0,0.0
2019-03-12 04:00:00+00:00,279.05999755859375,280.07000732421875,278.8500061035156,279.489990234375,249.40673828125,79667500,0.0,0.0,0.0
2019-03-13 04:00:00+00:00,280.4800109863281,282.3800048828125,280.29998779296875,281.3399963378906,251.05767822265625,80639200,0.0,0.0,0.0
2019-03-14 04:00:00+00:00,281.3699951171875,281.8399963378906,280.6700134277344,281.1600036621094,250.89695739746094,67518400,0.0,0.0,0.0
2019-03-15 04:00:00+00:00,280.5400085449219,282.2099914550781,280.3299865722656,281.30999755859375,252.13661193847656,81309000,1.233,0.0,0.0
2019-03-18 04:00:00+00:00,281.54998779296875,282.6600036621094,281.29998779296875,282.3299865722656,253.05078125,62199800,0.0,0.0,0.0
2019-03-19 04:00:00+00:00,283.510009765625,284.3599853515625,281.4100036621094,282.3999938964844,253.11354064941406,90268100,0.0,0.0,0.0
2019-03-20 04:00:00+00:00,282.1600036621094,283.5,280.32000732421875,281.54998779296875,252.3516387939453,84609200,0.0,0.0,0.0
2019-03-21 04:00:00+00:00,280.6400146484375,285.17999267578125,280.5899963378906,284.7300109863281,255.20179748535156,79550400,0.0,0.0,0.0
2019-03-22 04:00:00+00:00,283.2200012207031,283.79998779296875,279.17999267578125,279.25,250.29022216796875,122659300,0.0,0.0,0.0
2019-03-25 04:00:00+00:00,278.8699951171875,280.19000244140625,277.6400146484375,279.0400085449219,250.10194396972656,85575200,0.0,0.0,0.0
2019-03-26 04:00:00+00:00,280.989990234375,282.17999267578125,279.55999755859375,281.1199951171875,251.96627807617188,68125900,0.0,0.0,0.0
2019-03-27 04:00:00+00:00,281.1099853515625,281.760009765625,277.92999267578125,279.6499938964844,250.64878845214844,72224700,0.0,0.0,0.0
2019-03-28 04:00:00+00:00,280.3500061035156,281.2099914550781,279.07000732421875,280.7099914550781,251.59884643554688,56238500,0.0,0.0,0.0
2019-03-29 04:00:00+00:00,282.3900146484375,282.8399963378906,281.1400146484375,282.4800109863281,253.1852569580078,82186800,0.0,0.0,0.0
2019-04-01 04:00:00+00:00,284.70001220703125,286.1600036621094,284.3999938964844,285.8299865722656,256.1878967285156,77617900,0.0,0.0,0.0
2019-04-02 04:00:00+00:00,286.0400085449219,286.2300109863281,285.0899963378906,285.9700012207031,256.3133239746094,40070400,0.0,0.0,0.0
2019-04-03 04:00:00+00:00,287.32000732421875,287.760009765625,285.75,286.4200134277344,256.7167053222656,68243200,0.0,0.0,0.0
2019-04-04 04:00:00+00:00,286.7799987792969,287.4599914550781,286.010009765625,287.17999267578125,257.3977966308594,48997500,0.0,0.0,0.0
2019-04-05 04:00:00+00:00,287.9200134277344,288.6300048828125,287.6000061035156,288.57000732421875,258.6437072753906,58621700,0.0,0.0,0.0
2019-04-08 04:00:00+00:00,288.1000061035156,288.9100036621094,287.3699951171875,288.7900085449219,258.8408508300781,53566300,0.0,0.0,0.0
2019-04-09 04:00:00+00:00,287.7200012207031,288.0799865722656,286.70001220703125,287.30999755859375,257.5144348144531,66142300,0.0,0.0,0.0
2019-04-10 04:00:00+00:00,287.7699890136719,288.3900146484375,287.30999755859375,288.2900085449219,258.3927001953125,52601500,0.0,0.0,0.0
2019-04-11 04:00:00+00:00,288.8299865722656,288.8399963378906,287.5799865722656,288.2099914550781,258.3209228515625,55093100,0.0,0.0,0.0
2019-04-12 04:00:00+00:00,290.0,290.4700012207031,288.260009765625,290.1600036621094,260.0687255859375,69727800,0.0,0.0,0.0
2019-04-15 04:00:00+00:00,290.239990234375,290.3500061035156,289.0799865722656,289.9700012207031,259.8985595703125,49596700,0.0,0.0,0.0
2019-04-16 04:00:00+00:00,290.95001220703125,291.010009765625,289.5,290.1600036621094,260.0687255859375,52153200,0.0,0.0,0.0
2019-04-17 04:00:00+00:00,291.3999938964844,291.42999267578125,288.989990234375,289.45001220703125,259.432373046875,58268300,0.0,0.0,0.0
2019-04-18 04:00:00+00:00,290.1000061035156,290.32000732421875,288.6600036621094,290.0199890136719,259.9433288574219,68708500,0.0,0.0,0.0
2019-04-22 04:00:00+00:00,289.1700134277344,290.44000244140625,289.07000732421875,290.2699890136719,260.1673889160156,40160100,0.0,0.0,0.0
2019-04-23 04:00:00+00:00,290.67999267578125,293.1400146484375,290.4200134277344,292.8800048828125,262.5067443847656,52246600,0.0,0.0,0.0
2019-04-24 04:00:00+00:00,292.7900085449219,293.1600036621094,292.07000732421875,292.2300109863281,261.9241943359375,50392900,0.0,0.0,0.0
2019-04-25 04:00:00+00:00,292.1199951171875,292.7799987792969,290.7300109863281,292.04998779296875,261.7627868652344,57770900,0.0,0.0,0.0
2019-04-26 04:00:00+00:00,292.1000061035156,293.489990234375,291.239990234375,293.4100036621094,262.9818115234375,50916400,0.0,0.0,0.0
2019-04-29 04:00:00+00:00,293.510009765625,294.45001220703125,293.4100036621094,293.8699951171875,263.39404296875,57197700,0.0,0.0,0.0
2019-04-30 04:00:00+00:00,293.489990234375,294.3399963378906,291.9200134277344,294.0199890136719,263.5284729003906,81111700,0.0,0.0,0.0
2019-05-01 04:00:00+00:00,294.7200012207031,294.95001220703125,291.79998779296875,291.80999755859375,261.5476379394531,71671900,0.0,0.0,0.0
2019-05-02 04:00:00+00:00,291.67999267578125,292.70001220703125,289.5199890136719,291.17999267578125,260.9830322265625,65030200,0.0,0.0,0.0
2019-05-03 04:00:00+00:00,292.82000732421875,294.3399963378906,291.29998779296875,294.0299987792969,263.5373840332031,56543700,0.0,0.0,0.0
2019-05-06 04:00:00+00:00,289.25,293.30999755859375,288.8999938964844,292.82000732421875,262.4529113769531,107198100,0.0,0.0,0.0
2019-05-07 04:00:00+00:00,290.1499938964844,290.80999755859375,285.80999755859375,287.92999267578125,258.0701599121094,144729900,0.0,0.0,0.0
2019-05-08 04:00:00+00:00,287.5299987792969,289.42999267578125,286.8699951171875,287.5299987792969,257.7115478515625,91568300,0.0,0.0,0.0
2019-05-09 04:00:00+00:00,285.2300109863281,287.3299865722656,283.29998779296875,286.6600036621094,256.9317321777344,103471100,0.0,0.0,0.0
2019-05-10 04:00:00+00:00,285.6199951171875,288.94000244140625,282.29998779296875,288.1000061035156,258.2225036621094,112429300,0.0,0.0,0.0
2019-05-13 04:00:00+00:00,282.4200134277344,283.489990234375,279.92999267578125,280.8599853515625,251.7333221435547,127290500,0.0,0.0,0.0
2019-05-14 04:00:00+00:00,281.989990234375,285.1000061035156,281.8500061035156,283.3999938964844,254.0098114013672,77003200,0.0,0.0,0.0
2019-05-15 04:00:00+00:00,281.5899963378906,285.7699890136719,281.3599853515625,285.05999755859375,255.49769592285156,73956400,0.0,0.0,0.0
2019-05-16 04:00:00+00:00,285.8399963378906,289.2099914550781,285.760009765625,287.70001220703125,257.86395263671875,76749600,0.0,0.0,0.0
2019-05-17 04:00:00+00:00,285.1400146484375,288.6000061035156,285.1199951171875,285.8399963378906,256.1968078613281,100353000,0.0,0.0,0.0
2019-05-20 04:00:00+00:00,284.05999755859375,285.9599914550781,283.1199951171875,283.95001220703125,254.50279235839844,62877600,0.0,0.0,0.0
2019-05-21 04:00:00+00:00,285.8299865722656,286.92999267578125,285.54998779296875,286.510009765625,256.79736328125,46847100,0.0,0.0,0.0
2019-05-22 04:00:00+00:00,285.45001220703125,286.69000244140625,285.1000061035156,285.6300048828125,256.0086364746094,49482500,0.0,0.0,0.0
2019-05-23 04:00:00+00:00,283.1600036621094,283.2099914550781,280.57000732421875,282.1400146484375,252.8804931640625,98733800,0.0,0.0,0.0
2019-05-24 04:00:00+00:00,283.739990234375,284.20001220703125,282.0899963378906,282.7799987792969,253.4541473388672,55268100,0.0,0.0,0.0
2019-05-28 04:00:00+00:00,283.0899963378906,284.1499938964844,280.1300048828125,280.1499938964844,251.0968780517578,70029400,0.0,0.0,0.0
2019-05-29 04:00:00+00:00,278.9100036621094,279.3599853515625,276.7099914550781,278.2699890136719,249.41189575195312,104972900,0.0,0.0,0.0
2019-05-30 04:00:00+00:00,279.1099853515625,280.0400085449219,277.80999755859375,279.0299987792969,250.0929718017578,62523800,0.0,0.0,0.0
2019-05-31 04:00:00+00:00,276.20001220703125,277.1199951171875,275.239990234375,275.2699890136719,246.72296142578125,86862800,0.0,0.0,0.0
2019-06-03 04:00:00+00:00,275.30999755859375,276.54998779296875,273.0899963378906,274.57000732421875,246.09552001953125,96428000,0.0,0.0,0.0
2019-06-04 04:00:00+00:00,277.1199951171875,280.67999267578125,276.6199951171875,280.5299987792969,251.43751525878906,77231900,0.0,0.0,0.0
2019-06-05 04:00:00+00:00,282.3299865722656,282.989990234375,280.32000732421875,282.9599914550781,253.61541748046875,71169700,0.0,0.0,0.0
2019-06-06 04:00:00+00:00,283.2900085449219,285.54998779296875,282.57000732421875,284.79998779296875,255.26463317871094,69430400,0.0,0.0,0.0
2019-06-07 04:00:00+00:00,285.92999267578125,288.8500061035156,285.739990234375,287.6499938964844,257.819091796875,74272200,0.0,0.0,0.0
2019-06-10 04:00:00+00:00,289.3699951171875,290.82000732421875,288.8699951171875,288.9700012207031,259.0021667480469,60799100,0.0,0.0,0.0
2019-06-11 04:00:00+00:00,290.989990234375,291.3999938964844,288.17999267578125,288.8999938964844,258.939453125,58641300,0.0,0.0,0.0
2019-06-12 04:00:00+00:00,288.6400146484375,289.260009765625,287.82000732421875,288.3900146484375,258.48236083984375,47096300,0.0,0.0,0.0
2019-06-13 04:00:00+00:00,289.3999938964844,289.9800109863281,288.6199951171875,289.5799865722656,259.5489501953125,48945200,0.0,0.0,0.0
2019-06-14 04:00:00+00:00,289.260009765625,289.92999267578125,288.4100036621094,289.260009765625,259.2621154785156,52324700,0.0,0.0,0.0
2019-06-17 04:00:00+00:00,289.5199890136719,290.2200012207031,289.17999267578125,289.3699951171875,259.3606872558594,39205700,0.0,0.0,0.0
2019-06-18 04:00:00+00:00,291.3900146484375,293.57000732421875,290.989990234375,292.3999938964844,262.07647705078125,85434800,0.0,0.0,0.0
2019-06-19 04:00:00+00:00,292.54998779296875,293.6499938964844,291.4700012207031,293.05999755859375,262.66802978515625,78674400,0.0,0.0,0.0
2019-06-20 04:00:00+00:00,296.0400085449219,296.30999755859375,293.1300048828125,295.8599853515625,265.1777038574219,116570000,0.0,0.0,0.0
2019-06-21 04:00:00+00:00,294.1300048828125,295.5199890136719,293.760009765625,294.0,264.7922058105469,83309500,1.432,0.0,0.0
2019-06-24 04:00:00+00:00,294.2300109863281,294.5799865722656,293.4700012207031,293.6400146484375,264.4679870605469,47582700,0.0,0.0,0.0
2019-06-25 04:00:00+00:00,293.70001220703125,293.7300109863281,290.6400146484375,290.760009765625,261.87408447265625,82028700,0.0,0.0,0.0
2019-06-26 04:00:00+00:00,291.75,292.30999755859375,290.3500061035156,290.4700012207031,261.6129150390625,51584900,0.0,0.0,0.0
2019-06-27 04:00:00+00:00,291.30999755859375,292.05999755859375,290.8900146484375,291.5,262.5404968261719,40355200,0.0,0.0,0.0
2019-06-28 04:00:00+00:00,292.5799865722656,293.54998779296875,292.010009765625,293.0,263.8915100097656,59350900,0.0,0.0,0.0
2019-07-01 04:00:00+00:00,296.67999267578125,296.9200134277344,294.3299865722656,295.6600036621094,266.287353515625,78705600,0.0,0.0,0.0
2019-07-02 04:00:00+00:00,295.6099853515625,296.489990234375,294.67999267578125,296.42999267578125,266.9807434082031,61504500,0.0,0.0,0.0
2019-07-03 04:00:00+00:00,297.17999267578125,298.82000732421875,297.0199890136719,298.79998779296875,269.1153259277344,40898900,0.0,0.0,0.0
2019-07-05 04:00:00+00:00,297.44000244140625,298.6400146484375,296.010009765625,298.4599914550781,268.80908203125,51677300,0.0,0.0,0.0
2019-07-08 04:00:00+00:00,297.010009765625,298.260009765625,296.2200012207031,296.82000732421875,267.3320007324219,45841800,0.0,0.0,0.0
2019-07-09 04:00:00+00:00,295.5400085449219,297.5199890136719,295.4800109863281,297.19000244140625,267.6653137207031,41101300,0.0,0.0,0.0
2019-07-10 04:00:00+00:00,298.3699951171875,299.6600036621094,297.7799987792969,298.6099853515625,268.94427490234375,58448500,0.0,0.0,0.0
2019-07-11 04:00:00+00:00,299.32000732421875,299.5799865722656,298.20001220703125,299.30999755859375,269.5746765136719,50826100,0.0,0.0,0.0
2019-07-12 04:00:00+00:00,299.8500061035156,300.7300109863281,299.510009765625,300.6499938964844,270.7815246582031,40326000,0.0,0.0,0.0
2019-07-15 04:00:00+00:00,301.1300048828125,301.1300048828125,300.19000244140625,300.75,270.87164306640625,33900000,0.0,0.0,0.0
2019-07-16 04:00:00+00:00,300.6499938964844,300.8800048828125,299.44000244140625,299.7799987792969,269.9979248046875,36650100,0.0,0.0,0.0
2019-07-17 04:00:00+00:00,299.75,299.92999267578125,297.739990234375,297.739990234375,268.1606140136719,36036300,0.0,0.0,0.0
2019-07-18 04:00:00+00:00,297.19000244140625,299.25,296.70001220703125,298.8299865722656,269.142333984375,51392600,0.0,0.0,0.0
2019-07-19 04:00:00+00:00,300.0400085449219,300.07000732421875,296.9800109863281,297.1700134277344,267.64727783203125,58678600,0.0,0.0,0.0
2019-07-22 04:00:00+00:00,297.6099853515625,298.5,297.0400085449219,297.8999938964844,268.3047180175781,43638100,0.0,0.0,0.0
2019-07-23 04:00:00+00:00,299.1400146484375,300.0299987792969,298.2200012207031,300.0299987792969,270.2230529785156,44564500,0.0,0.0,0.0
2019-07-24 04:00:00+00:00,299.19000244140625,301.44000244140625,299.0899963378906,301.44000244140625,271.4930725097656,47213200,0.0,0.0,0.0
2019-07-25 04:00:00+00:00,300.94000244140625,301.0,299.1099853515625,300.0,270.1961669921875,55394100,0.0,0.0,0.0
2019-07-26 04:00:00+00:00,300.760009765625,302.2300109863281,300.6199951171875,302.010009765625,272.00640869140625,45084100,0.0,0.0,0.0
2019-07-29 04:00:00+00:00,301.8800048828125,302.010009765625,300.8500061035156,301.4599914550781,271.5110778808594,38126500,0.0,0.0,0.0
2019-07-30 04:00:00+00:00,299.9100036621094,301.1700134277344,299.489990234375,300.7200012207031,270.84466552734375,45849000,0.0,0.0,0.0
2019-07-31 04:00:00+00:00,300.989990234375,301.20001220703125,295.20001220703125,297.42999267578125,267.88140869140625,104245200,0.0,0.0,0.0
2019-08-01 04:00:00+00:00,297.6000061035156,300.8699951171875,293.9599914550781,294.8399963378906,265.54876708984375,142646600,0.0,0.0,0.0
2019-08-02 04:00:00+00:00,293.8500061035156,294.1199951171875,290.8999938964844,292.6199951171875,263.5492858886719,116749700,0.0,0.0,0.0
2019-08-05 04:00:00+00:00,288.0899963378906,288.2099914550781,281.7200012207031,283.82000732421875,255.62356567382812,178745400,0.0,0.0,0.0
2019-08-06 04:00:00+00:00,285.9100036621094,288.0400085449219,284.2799987792969,287.79998779296875,259.2080993652344,120711700,0.0,0.0,0.0
2019-08-07 04:00:00+00:00,284.3999938964844,288.82000732421875,282.0400085449219,287.9700012207031,259.3612976074219,140572300,0.0,0.0,0.0
2019-08-08 04:00:00+00:00,289.6199951171875,293.6199951171875,289.010009765625,293.6199951171875,264.44989013671875,87713900,0.0,0.0,0.0
2019-08-09 04:00:00+00:00,292.5799865722656,293.239990234375,289.6499938964844,291.6199951171875,262.6486511230469,93730000,0.0,0.0,0.0
2019-08-12 04:00:00+00:00,289.9599914550781,291.6099853515625,287.0199890136719,288.07000732421875,259.4512939453125,65527600,0.0,0.0,0.0
2019-08-13 04:00:00+00:00,287.739990234375,294.1499938964844,287.3599853515625,292.54998779296875,263.4861755371094,94299800,0.0,0.0,0.0
2019-08-14 04:00:00+00:00,288.07000732421875,288.739990234375,283.760009765625,283.8999938964844,255.69552612304688,135622100,0.0,0.0,0.0
2019-08-15 04:00:00+00:00,284.8800048828125,285.6400146484375,282.3900146484375,284.6499938964844,256.3711242675781,99556600,0.0,0.0,0.0
2019-08-16 04:00:00+00:00,286.4800109863281,289.3299865722656,284.7099914550781,288.8500061035156,260.1539001464844,83018300,0.0,0.0,0.0
2019-08-19 04:00:00+00:00,292.19000244140625,293.0799865722656,291.44000244140625,292.3299865722656,263.2882080078125,53571800,0.0,0.0,0.0
2019-08-20 04:00:00+00:00,291.7699890136719,292.3599853515625,289.95001220703125,290.0899963378906,261.2706604003906,51596400,0.0,0.0,0.0
2019-08-21 04:00:00+00:00,292.4800109863281,292.8599853515625,291.7200012207031,292.45001220703125,263.3961486816406,49524700,0.0,0.0,0.0
2019-08-22 04:00:00+00:00,293.2300109863281,293.92999267578125,290.3999938964844,292.3599853515625,263.315185546875,51666400,0.0,0.0,0.0
2019-08-23 04:00:00+00:00,290.9200134277344,292.760009765625,283.4700012207031,284.8500061035156,256.55120849609375,149161500,0.0,0.0,0.0
2019-08-26 04:00:00+00:00,287.2699890136719,288.0,285.5799865722656,288.0,259.3883056640625,72423800,0.0,0.0,0.0
2019-08-27 04:00:00+00:00,289.5400085449219,289.95001220703125,286.0299987792969,286.8699951171875,258.37060546875,66668900,0.0,0.0,0.0
2019-08-28 04:00:00+00:00,286.1400146484375,289.07000732421875,285.25,288.8900146484375,260.18988037109375,59696700,0.0,0.0,0.0
2019-08-29 04:00:00+00:00,291.7200012207031,293.1600036621094,290.6099853515625,292.5799865722656,263.51336669921875,57899400,0.0,0.0,0.0
2019-08-30 04:00:00+00:00,294.2200012207031,294.239990234375,291.4200134277344,292.45001220703125,263.3961486816406,62901200,0.0,0.0,0.0
2019-09-03 04:00:00+00:00,290.57000732421875,291.5799865722656,289.2699890136719,290.739990234375,261.8561096191406,69101400,0.0,0.0,0.0
2019-09-04 04:00:00+00:00,293.1400146484375,294.05999755859375,292.30999755859375,294.0400085449219,264.8282165527344,46887300,0.0,0.0,0.0
2019-09-05 04:00:00+00:00,296.7900085449219,298.8299865722656,294.0,297.82000732421875,268.2326965332031,83258100,0.0,0.0,0.0
2019-09-06 04:00:00+00:00,298.1700134277344,298.760009765625,297.4200134277344,298.04998779296875,268.43988037109375,49584300,0.0,0.0,0.0
2019-09-09 04:00:00+00:00,299.1400146484375,299.239990234375,297.1600036621094,298.20001220703125,268.5749206542969,51260300,0.0,0.0,0.0
2019-09-10 04:00:00+00:00,297.3599853515625,298.20001220703125,295.9700012207031,298.1300048828125,268.511962890625,57947100,0.0,0.0,0.0
2019-09-11 04:00:00+00:00,298.4700012207031,300.3399963378906,297.75,300.25,270.4212951660156,68821100,0.0,0.0,0.0
2019-09-12 04:00:00+00:00,301.25,302.4599914550781,300.4100036621094,301.2900085449219,271.3579406738281,72908700,0.0,0.0,0.0
2019-09-13 04:00:00+00:00,301.7799987792969,302.1700134277344,300.67999267578125,301.0899963378906,271.17779541015625,62104800,0.0,0.0,0.0
2019-09-16 04:00:00+00:00,299.8399963378906,301.1400146484375,299.45001220703125,300.1600036621094,270.3402099609375,58191200,0.0,0.0,0.0
2019-09-17 04:00:00+00:00,299.94000244140625,301.0199890136719,299.75,300.9200134277344,271.02471923828125,41475500,0.0,0.0,0.0
2019-09-18 04:00:00+00:00,300.489990234375,301.2200012207031,298.239990234375,301.1000061035156,271.18682861328125,73375800,0.0,0.0,0.0
2019-09-19 04:00:00+00:00,301.5299987792969,302.6300048828125,300.7099914550781,301.0799865722656,271.1688537597656,76560500,0.0,0.0,0.0
2019-09-20 04:00:00+00:00,300.3599853515625,300.6700134277344,297.4100036621094,298.2799987792969,269.8875732421875,89565000,1.384,0.0,0.0
2019-09-23 04:00:00+00:00,297.54998779296875,299.0,297.2699890136719,298.2099914550781,269.8241271972656,43476800,0.0,0.0,0.0
2019-09-24 04:00:00+00:00,299.4100036621094,299.8399963378906,294.80999755859375,295.8699951171875,267.70697021484375,94869400,0.0,0.0,0.0
2019-09-25 04:00:00+00:00,295.9599914550781,298.1099853515625,294.3299865722656,297.6199951171875,269.29046630859375,71854000,0.0,0.0,0.0
2019-09-26 04:00:00+00:00,297.6300048828125,297.8599853515625,295.45001220703125,297.0,268.72943115234375,56179700,0.0,0.0,0.0
2019-09-27 04:00:00+00:00,297.8299865722656,297.95001220703125,293.69000244140625,295.3999938964844,267.28179931640625,84746600,0.0,0.0,0.0
2019-09-30 04:00:00+00:00,295.9700012207031,297.54998779296875,295.9200134277344,296.7699890136719,268.5213623046875,51662400,0.0,0.0,0.0
2019-10-01 04:00:00+00:00,297.739990234375,298.4599914550781,293.0,293.239990234375,265.3273010253906,88242400,0.0,0.0,0.0
2019-10-02 04:00:00+00:00,291.5,291.510009765625,286.6400146484375,288.05999755859375,260.6404113769531,122539500,0.0,0.0,0.0
2019-10-03 04:00:00+00:00,287.80999755859375,290.45001220703125,284.82000732421875,290.4200134277344,262.7758483886719,85278800,0.0,0.0,0.0
2019-10-04 04:00:00+00:00,291.1400146484375,294.6300048828125,291.0799865722656,294.3500061035156,266.3316345214844,65091200,0.0,0.0,0.0
2019-10-07 04:00:00+00:00,293.4700012207031,295.260009765625,292.7699890136719,293.0799865722656,265.18255615234375,59610500,0.0,0.0,0.0
2019-10-08 04:00:00+00:00,291.0400085449219,291.8500061035156,288.489990234375,288.5299987792969,261.065673828125,95708100,0.0,0.0,0.0
2019-10-09 04:00:00+00:00,290.75,292.29998779296875,290.05999755859375,291.2699890136719,263.54486083984375,62359400,0.0,0.0,0.0
2019-10-10 04:00:00+00:00,291.17999267578125,294.2099914550781,291.0,293.239990234375,265.3273010253906,55296300,0.0,0.0,0.0
2019-10-11 04:00:00+00:00,296.2699890136719,298.739990234375,296.1400146484375,296.2799987792969,268.0780029296875,98720400,0.0,0.0,0.0
2019-10-14 04:00:00+00:00,295.92999267578125,296.6700134277344,295.57000732421875,295.95001220703125,267.77935791015625,40394800,0.0,0.0,0.0
2019-10-15 04:00:00+00:00,297.1000061035156,299.70001220703125,296.9700012207031,298.8800048828125,270.4305419921875,46754500,0.0,0.0,0.0
2019-10-16 04:00:00+00:00,298.3699951171875,299.1600036621094,297.9200134277344,298.3999938964844,269.9962158203125,48928200,0.0,0.0,0.0
2019-10-17 04:00:00+00:00,299.67999267578125,300.239990234375,298.5199890136719,299.2799987792969,270.7924499511719,45736600,0.0,0.0,0.0
2019-10-18 04:00:00+00:00,298.69000244140625,299.3999938964844,297.0299987792969,297.9700012207031,269.6070861816406,64304000,0.0,0.0,0.0
2019-10-21 04:00:00+00:00,299.4200134277344,300.2099914550781,298.94000244140625,299.989990234375,271.43487548828125,39048600,0.0,0.0,0.0
2019-10-22 04:00:00+00:00,300.5799865722656,300.8999938964844,298.9100036621094,299.010009765625,270.54815673828125,48594700,0.0,0.0,0.0
2019-10-23 04:00:00+00:00,298.7300109863281,299.94000244140625,298.5,299.8800048828125,271.33526611328125,34352200,0.0,0.0,0.0
2019-10-24 04:00:00+00:00,300.9100036621094,301.07000732421875,299.4599914550781,300.3699951171875,271.7786865234375,35453100,0.0,0.0,0.0
2019-10-25 04:00:00+00:00,299.739990234375,302.20001220703125,299.67999267578125,301.6000061035156,272.89154052734375,45205400,0.0,0.0,0.0
2019-10-28 04:00:00+00:00,302.94000244140625,303.8500061035156,302.9100036621094,303.29998779296875,274.42974853515625,42147000,0.0,0.0,0.0
2019-10-29 04:00:00+00:00,303.0,304.2300109863281,302.8599853515625,303.2099914550781,274.3483581542969,44284900,0.0,0.0,0.0
2019-10-30 04:00:00+00:00,303.42999267578125,304.54998779296875,301.989990234375,304.1400146484375,275.18975830078125,49643900,0.0,0.0,0.0
2019-10-31 04:00:00+00:00,304.1300048828125,304.1300048828125,301.7300109863281,303.3299865722656,274.4568786621094,69053800,0.0,0.0,0.0
2019-11-01 04:00:00+00:00,304.9200134277344,306.19000244140625,304.739990234375,306.1400146484375,276.99945068359375,71141500,0.0,0.0,0.0
2019-11-04 05:00:00+00:00,307.8500061035156,308.0,306.9599914550781,307.3699951171875,278.11236572265625,60606900,0.0,0.0,0.0
2019-11-05 05:00:00+00:00,307.5899963378906,307.9200134277344,306.7099914550781,307.0299987792969,277.8048095703125,42933200,0.0,0.0,0.0
2019-11-06 05:00:00+00:00,307.0299987792969,307.3999938964844,306.05999755859375,307.1000061035156,277.8680419921875,46487100,0.0,0.0,0.0
2019-11-07 05:00:00+00:00,308.57000732421875,309.6499938964844,307.6600036621094,308.17999267578125,278.8452453613281,54272300,0.0,0.0,0.0
2019-11-08 05:00:00+00:00,307.79998779296875,309.0,307.0299987792969,308.94000244140625,279.5329284667969,49032100,0.0,0.0,0.0
2019-11-11 05:00:00+00:00,307.4200134277344,308.5400085449219,307.2699890136719,308.3500061035156,278.99896240234375,35797300,0.0,0.0,0.0
2019-11-12 05:00:00+00:00,308.75,309.989990234375,308.1499938964844,309.0,279.587158203125,46484600,0.0,0.0,0.0
2019-11-13 05:00:00+00:00,307.9100036621094,309.5400085449219,307.6600036621094,309.1000061035156,279.67767333984375,53917700,0.0,0.0,0.0
2019-11-14 05:00:00+00:00,308.7900085449219,309.6400146484375,308.0899963378906,309.54998779296875,280.0848693847656,51219900,0.0,0.0,0.0
2019-11-15 05:00:00+00:00,311.0199890136719,311.8399963378906,310.260009765625,311.7900085449219,282.1116027832031,62023600,0.0,0.0,0.0
2019-11-18 05:00:00+00:00,311.5299987792969,312.2799987792969,311.0299987792969,312.0199890136719,282.3197937011719,49228000,0.0,0.0,0.0
2019-11-19 05:00:00+00:00,312.67999267578125,312.69000244140625,311.2200012207031,311.92999267578125,282.23834228515625,67804700,0.0,0.0,0.0
2019-11-20 05:00:00+00:00,311.2799987792969,311.8500061035156,309.05999755859375,310.7699890136719,281.1886901855469,79406200,0.0,0.0,0.0
2019-11-21 05:00:00+00:00,310.8900146484375,311.010009765625,309.3900146484375,310.2699890136719,280.736328125,54664700,0.0,0.0,0.0
2019-11-22 05:00:00+00:00,311.0899963378906,311.239990234375,309.8500061035156,310.9599914550781,281.360595703125,44850200,0.0,0.0,0.0
2019-11-25 05:00:00+00:00,311.9800109863281,313.3699951171875,311.9800109863281,313.3699951171875,283.5412292480469,48647200,0.0,0.0,0.0
2019-11-26 05:00:00+00:00,313.4100036621094,314.2799987792969,313.05999755859375,314.0799865722656,284.1837463378906,37569000,0.0,0.0,0.0
2019-11-27 05:00:00+00:00,314.6099853515625,315.4800109863281,314.3699951171875,315.4800109863281,285.4503479003906,44444600,0.0,0.0,0.0
2019-11-29 05:00:00+00:00,314.8599853515625,315.1300048828125,314.05999755859375,314.30999755859375,284.3916931152344,36592700,0.0,0.0,0.0
2019-12-02 05:00:00+00:00,314.5899963378906,314.6600036621094,311.1700134277344,311.6400146484375,281.97589111328125,75767800,0.0,0.0,0.0
2019-12-03 05:00:00+00:00,308.6499938964844,309.6400146484375,307.1300048828125,309.54998779296875,280.0848693847656,73941700,0.0,0.0,0.0
2019-12-04 05:00:00+00:00,310.70001220703125,312.1199951171875,310.32000732421875,311.4599914550781,281.8130187988281,49080000,0.0,0.0,0.0
2019-12-05 05:00:00+00:00,312.2300109863281,312.25,310.5799865722656,312.0199890136719,282.3197937011719,40709000,0.0,0.0,0.0
2019-12-06 05:00:00+00:00,314.1199951171875,315.30999755859375,314.1099853515625,314.8699951171875,284.89849853515625,48927000,0.0,0.0,0.0
2019-12-09 05:00:00+00:00,314.44000244140625,315.17999267578125,313.79998779296875,313.8800048828125,284.0026550292969,34838500,0.0,0.0,0.0
2019-12-10 05:00:00+00:00,313.82000732421875,314.54998779296875,312.80999755859375,313.5299987792969,283.68597412109375,52649800,0.0,0.0,0.0
2019-12-11 05:00:00+00:00,314.0299987792969,314.70001220703125,313.44000244140625,314.4200134277344,284.4913330078125,53429100,0.0,0.0,0.0
2019-12-12 05:00:00+00:00,314.42999267578125,317.989990234375,314.1700134277344,317.1300048828125,286.9433288574219,96389600,0.0,0.0,0.0
2019-12-13 05:00:00+00:00,316.8699951171875,318.6700134277344,316.0199890136719,317.32000732421875,287.1152648925781,81503900,0.0,0.0,0.0
2019-12-16 05:00:00+00:00,319.2200012207031,320.1499938964844,317.25,319.5,289.0877380371094,82749700,0.0,0.0,0.0
2019-12-17 05:00:00+00:00,319.9200134277344,320.25,319.4800109863281,319.57000732421875,289.1509704589844,61097700,0.0,0.0,0.0
2019-12-18 05:00:00+00:00,320.0,320.25,319.5299987792969,319.5899963378906,289.169189453125,48133000,0.0,0.0,0.0
2019-12-19 05:00:00+00:00,319.79998779296875,320.9800109863281,319.5199890136719,320.8999938964844,290.35443115234375,85310500,0.0,0.0,0.0
2019-12-20 05:00:00+00:00,320.4599914550781,321.9700012207031,319.3900146484375,320.7300109863281,291.62750244140625,147142100,1.57,0.0,0.0
2019-12-23 05:00:00+00:00,321.5899963378906,321.6499938964844,321.05999755859375,321.2200012207031,292.0729675292969,52990000,0.0,0.0,0.0
2019-12-24 05:00:00+00:00,321.4700012207031,321.5199890136719,320.8999938964844,321.2300109863281,292.0821228027344,20270000,0.0,0.0,0.0
2019-12-26 05:00:00+00:00,321.6499938964844,322.95001220703125,321.6400146484375,322.94000244140625,293.6369323730469,30911200,0.0,0.0,0.0
2019-12-27 05:00:00+00:00,323.739990234375,323.79998779296875,322.2799987792969,322.8599853515625,293.5640869140625,42528800,0.0,0.0,0.0
2019-12-30 05:00:00+00:00,322.95001220703125,323.1000061035156,320.54998779296875,321.0799865722656,291.94561767578125,49729100,0.0,0.0,0.0
2019-12-31 05:00:00+00:00,320.5299987792969,322.1300048828125,320.1499938964844,321.8599853515625,292.65484619140625,57077300,0.0,0.0,0.0
2020-01-02 05:00:00+00:00,323.5400085449219,324.8900146484375,322.5299987792969,324.8699951171875,295.3917236328125,59151200,0.0,0.0,0.0
2020-01-03 05:00:00+00:00,321.1600036621094,323.6400146484375,321.1000061035156,322.4100036621094,293.1549072265625,77709700,0.0,0.0,0.0
2020-01-06 05:00:00+00:00,320.489990234375,323.7300109863281,320.3599853515625,323.6400146484375,294.27337646484375,55653900,0.0,0.0,0.0
2020-01-07 05:00:00+00:00,323.0199890136719,323.5400085449219,322.239990234375,322.7300109863281,293.4459533691406,40496400,0.0,0.0,0.0
2020-01-08 05:00:00+00:00,322.94000244140625,325.7799987792969,322.6700134277344,324.45001220703125,295.00994873046875,68296000,0.0,0.0,0.0
2020-01-09 05:00:00+00:00,326.1600036621094,326.7300109863281,325.5199890136719,326.6499938964844,297.0102844238281,48473300,0.0,0.0,0.0
2020-01-10 05:00:00+00:00,327.2900085449219,327.4599914550781,325.20001220703125,325.7099914550781,296.1555480957031,53029300,0.0,0.0,0.0
2020-01-13 05:00:00+00:00,326.3900146484375,327.9599914550781,325.9200134277344,327.95001220703125,298.1923828125,47086800,0.0,0.0,0.0
2020-01-14 05:00:00+00:00,327.4700012207031,328.6199951171875,326.8399963378906,327.45001220703125,297.73773193359375,62832800,0.0,0.0,0.0
2020-01-15 05:00:00+00:00,327.3500061035156,329.0199890136719,327.260009765625,328.19000244140625,298.4105224609375,72056600,0.0,0.0,0.0
2020-01-16 05:00:00+00:00,329.70001220703125,330.9200134277344,329.45001220703125,330.9200134277344,300.8927917480469,54050300,0.0,0.0,0.0
2020-01-17 05:00:00+00:00,331.70001220703125,332.17999267578125,330.8500061035156,331.95001220703125,301.8293151855469,95846000,0.0,0.0,0.0
2020-01-21 05:00:00+00:00,330.8999938964844,332.17999267578125,330.82000732421875,331.29998779296875,301.2382507324219,77742400,0.0,0.0,0.0
2020-01-22 05:00:00+00:00,332.239990234375,332.95001220703125,331.1700134277344,331.3399963378906,301.274658203125,48914900,0.0,0.0,0.0
2020-01-23 05:00:00+00:00,330.6300048828125,332.1700134277344,329.4100036621094,331.7200012207031,301.6202697753906,51963000,0.0,0.0,0.0
2020-01-24 05:00:00+00:00,332.44000244140625,332.5299987792969,327.3599853515625,328.7699890136719,298.9377746582031,87578400,0.0,0.0,0.0
2020-01-27 05:00:00+00:00,323.0299987792969,325.1199951171875,322.6600036621094,323.5,294.1460266113281,84062500,0.0,0.0,0.0
2020-01-28 05:00:00+00:00,325.05999755859375,327.8500061035156,323.6000061035156,326.8900146484375,297.2285461425781,63834000,0.0,0.0,0.0
2020-01-29 05:00:00+00:00,328.3800048828125,328.6300048828125,326.3999938964844,326.6199951171875,296.9829406738281,53888900,0.0,0.0,0.0
2020-01-30 05:00:00+00:00,324.3599853515625,327.9100036621094,323.5400085449219,327.67999267578125,297.94677734375,75491800,0.0,0.0,0.0
2020-01-31 05:00:00+00:00,327.0,327.1700134277344,320.7300109863281,321.7300109863281,292.5367736816406,113845600,0.0,0.0,0.0
2020-02-03 05:00:00+00:00,323.3500061035156,326.1600036621094,323.2200012207031,324.1199951171875,294.70989990234375,69083000,0.0,0.0,0.0
2020-02-04 05:00:00+00:00,328.07000732421875,330.010009765625,327.7200012207031,329.05999755859375,299.20159912109375,62573200,0.0,0.0,0.0
2020-02-05 05:00:00+00:00,332.2699890136719,333.0899963378906,330.6700134277344,332.8599853515625,302.65679931640625,65951100,0.0,0.0,0.0
2020-02-06 05:00:00+00:00,333.9100036621094,334.19000244140625,332.79998779296875,333.9800109863281,303.67510986328125,50359700,0.0,0.0,0.0
2020-02-07 05:00:00+00:00,332.82000732421875,333.989990234375,331.6000061035156,332.20001220703125,302.0566711425781,64139400,0.0,0.0,0.0
2020-02-10 05:00:00+00:00,331.2300109863281,334.75,331.19000244140625,334.67999267578125,304.3116455078125,42070000,0.0,0.0,0.0
2020-02-11 05:00:00+00:00,336.1600036621094,337.0199890136719,334.67999267578125,335.260009765625,304.8389892578125,54864500,0.0,0.0,0.0
2020-02-12 05:00:00+00:00,336.8299865722656,337.6499938964844,336.42999267578125,337.4200134277344,306.80303955078125,43992700,0.0,0.0,0.0
2020-02-13 05:00:00+00:00,335.8599853515625,338.1199951171875,335.55999755859375,337.05999755859375,306.4757385253906,54501900,0.0,0.0,0.0
2020-02-14 05:00:00+00:00,337.510009765625,337.7300109863281,336.20001220703125,337.6000061035156,306.96673583984375,64582200,0.0,0.0,0.0
2020-02-18 05:00:00+00:00,336.510009765625,337.6700134277344,335.2099914550781,336.7300109863281,306.1756286621094,57226200,0.0,0.0,0.0
2020-02-19 05:00:00+00:00,337.7900085449219,339.0799865722656,337.4800109863281,338.3399963378906,307.6395263671875,48814700,0.0,0.0,0.0
2020-02-20 05:00:00+00:00,337.739990234375,338.6400146484375,333.67999267578125,336.95001220703125,306.3756408691406,74163400,0.0,0.0,0.0
2020-02-21 05:00:00+00:00,335.4700012207031,335.80999755859375,332.5799865722656,333.4800109863281,303.2204895019531,113788200,0.0,0.0,0.0
2020-02-24 05:00:00+00:00,323.1400146484375,333.55999755859375,321.239990234375,322.4200134277344,293.1640319824219,161088400,0.0,0.0,0.0
2020-02-25 05:00:00+00:00,323.94000244140625,324.6099853515625,311.69000244140625,312.6499938964844,284.28057861328125,218913200,0.0,0.0,0.0
2020-02-26 05:00:00+00:00,314.17999267578125,318.1099853515625,310.70001220703125,311.5,283.23486328125,194773800,0.0,0.0,0.0
2020-02-27 05:00:00+00:00,305.4599914550781,311.55999755859375,297.510009765625,297.510009765625,270.5143127441406,284353500,0.0,0.0,0.0
2020-02-28 05:00:00+00:00,288.70001220703125,297.8900146484375,285.5400085449219,296.260009765625,269.3778381347656,384975800,0.0,0.0,0.0
2020-03-02 05:00:00+00:00,298.2099914550781,309.1600036621094,294.4599914550781,309.0899963378906,281.0435791015625,238703600,0.0,0.0,0.0
2020-03-03 05:00:00+00:00,309.5,313.8399963378906,297.57000732421875,300.239990234375,272.9966125488281,300139100,0.0,0.0,0.0
2020-03-04 05:00:00+00:00,306.1199951171875,313.1000061035156,303.3299865722656,312.8599853515625,284.4715270996094,176613400,0.0,0.0,0.0
2020-03-05 05:00:00+00:00,304.9800109863281,308.4700012207031,300.010009765625,302.4599914550781,275.0152587890625,186366800,0.0,0.0,0.0
2020-03-06 05:00:00+00:00,293.1499938964844,298.7799987792969,290.2300109863281,297.4599914550781,270.46893310546875,228667200,0.0,0.0,0.0
2020-03-09 04:00:00+00:00,275.29998779296875,284.19000244140625,273.45001220703125,274.2300109863281,249.3468017578125,309417300,0.0,0.0,0.0
2020-03-10 04:00:00+00:00,284.6400146484375,288.5199890136719,273.5,288.4200134277344,262.2491455078125,276444100,0.0,0.0,0.0
2020-03-11 04:00:00+00:00,280.70001220703125,281.94000244140625,270.8800048828125,274.3599853515625,249.4649658203125,255316300,0.0,0.0,0.0
2020-03-12 04:00:00+00:00,256.0,266.6600036621094,247.67999267578125,248.11000061035156,225.5968475341797,392220700,0.0,0.0,0.0
2020-03-13 04:00:00+00:00,263.0899963378906,271.4800109863281,248.52000427246094,269.32000732421875,244.8822784423828,329566100,0.0,0.0,0.0
2020-03-16 04:00:00+00:00,241.17999267578125,256.8999938964844,237.36000061035156,239.85000610351562,218.08636474609375,297240000,0.0,0.0,0.0
2020-03-17 04:00:00+00:00,245.0399932861328,256.1700134277344,237.07000732421875,252.8000030517578,229.86129760742188,262070500,0.0,0.0,0.0
2020-03-18 04:00:00+00:00,236.25,248.3699951171875,228.02000427246094,240.0,218.22279357910156,327597100,0.0,0.0,0.0
2020-03-19 04:00:00+00:00,239.25,247.3800048828125,232.22000122070312,240.50999450683594,218.6864776611328,289322000,0.0,0.0,0.0
2020-03-20 04:00:00+00:00,242.52999877929688,244.47000122070312,228.5,228.8000030517578,209.2623291015625,347158800,1.406,0.0,0.0
2020-03-23 04:00:00+00:00,228.19000244140625,229.67999267578125,218.25999450683594,222.9499969482422,203.9119415283203,326025200,0.0,0.0,0.0
2020-03-24 04:00:00+00:00,234.4199981689453,244.10000610351562,233.8000030517578,243.14999389648438,222.38697814941406,235494500,0.0,0.0,0.0
2020-03-25 04:00:00+00:00,244.8699951171875,256.3500061035156,239.75,246.7899932861328,225.7161407470703,299430300,0.0,0.0,0.0
2020-03-26 04:00:00+00:00,249.52000427246094,262.79998779296875,249.0500030517578,261.20001220703125,238.89564514160156,257632800,0.0,0.0,0.0
2020-03-27 04:00:00+00:00,253.27000427246094,260.80999755859375,251.0500030517578,253.4199981689453,231.7799835205078,224341200,0.0,0.0,0.0
2020-03-30 04:00:00+00:00,255.6999969482422,262.42999267578125,253.52999877929688,261.6499938964844,239.30722045898438,171369500,0.0,0.0,0.0
2020-03-31 04:00:00+00:00,260.55999755859375,263.3299865722656,256.2200012207031,257.75,235.740234375,194881100,0.0,0.0,0.0
2020-04-01 04:00:00+00:00,247.97999572753906,257.6600036621094,243.89999389648438,246.14999389648438,225.1307830810547,189554600,0.0,0.0,0.0
2020-04-02 04:00:00+00:00,245.19000244140625,252.67999267578125,244.58999633789062,251.8300018310547,230.3258056640625,177660400,0.0,0.0,0.0
2020-04-03 04:00:00+00:00,250.75999450683594,253.32000732421875,245.22000122070312,248.19000244140625,226.99661254882812,135561200,0.0,0.0,0.0
2020-04-06 04:00:00+00:00,257.8399963378906,267.0,248.1699981689453,264.8599853515625,242.2431182861328,188061200,0.0,0.0,0.0
2020-04-07 04:00:00+00:00,274.2099914550781,275.0299987792969,264.8900146484375,265.1300048828125,242.49005126953125,201427200,0.0,0.0,0.0
2020-04-08 04:00:00+00:00,267.9599914550781,276.0,265.25,274.0299987792969,250.63011169433594,153774500,0.0,0.0,0.0
2020-04-09 04:00:00+00:00,277.5799865722656,281.20001220703125,275.4700012207031,278.20001220703125,254.4440155029297,189999200,0.0,0.0,0.0
2020-04-13 04:00:00+00:00,277.1400146484375,277.510009765625,271.4100036621094,275.6600036621094,252.1209716796875,114839100,0.0,0.0,0.0
2020-04-14 04:00:00+00:00,280.9800109863281,284.8999938964844,275.510009765625,283.7900085449219,259.55670166015625,134143400,0.0,0.0,0.0
2020-04-15 04:00:00+00:00,277.57000732421875,283.94000244140625,275.4599914550781,277.760009765625,254.04159545898438,121775000,0.0,0.0,0.0
2020-04-16 04:00:00+00:00,279.1499938964844,280.0299987792969,275.760009765625,279.1000061035156,255.26715087890625,131798300,0.0,0.0,0.0
2020-04-17 04:00:00+00:00,285.3800048828125,287.29998779296875,282.3999938964844,286.6400146484375,262.1632995605469,146684800,0.0,0.0,0.0
2020-04-20 04:00:00+00:00,282.6099853515625,286.7900085449219,281.3500061035156,281.5899963378906,257.5445861816406,100109300,0.0,0.0,0.0
2020-04-21 04:00:00+00:00,276.7300109863281,278.0400085449219,272.0199890136719,273.0400085449219,249.72463989257812,126385700,0.0,0.0,0.0
2020-04-22 04:00:00+00:00,278.3500061035156,281.0,276.9100036621094,279.1000061035156,255.26715087890625,92951600,0.0,0.0,0.0
2020-04-23 04:00:00+00:00,280.489990234375,283.94000244140625,278.75,279.0799865722656,255.2488250732422,104709700,0.0,0.0,0.0
2020-04-24 04:00:00+00:00,280.7300109863281,283.70001220703125,278.5,282.9700012207031,258.8066711425781,85063200,0.0,0.0,0.0
2020-04-27 04:00:00+00:00,285.1199951171875,288.2699890136719,284.6199951171875,287.04998779296875,262.538330078125,77896600,0.0,0.0,0.0
2020-04-28 04:00:00+00:00,291.0199890136719,291.3999938964844,285.3999938964844,285.7300109863281,261.3310546875,105270000,0.0,0.0,0.0
2020-04-29 04:00:00+00:00,291.5299987792969,294.8800048828125,290.4100036621094,293.2099914550781,268.1722106933594,118745600,0.0,0.0,0.0
2020-04-30 04:00:00+00:00,291.7099914550781,293.32000732421875,288.5899963378906,290.4800109863281,265.6753845214844,122901700,0.0,0.0,0.0
2020-05-01 04:00:00+00:00,285.30999755859375,290.6600036621094,281.5199890136719,282.7900085449219,258.64202880859375,125180000,0.0,0.0,0.0
2020-05-04 04:00:00+00:00,280.739990234375,283.8999938964844,279.1300048828125,283.57000732421875,259.3554992675781,80873200,0.0,0.0,0.0
2020-05-05 04:00:00+00:00,286.6400146484375,289.25,283.7099914550781,286.19000244140625,261.7516784667969,79569900,0.0,0.0,0.0
2020-05-06 04:00:00+00:00,288.0400085449219,288.4599914550781,283.7799987792969,284.25,259.9774475097656,73632600,0.0,0.0,0.0
2020-05-07 04:00:00+00:00,287.75,289.7799987792969,287.1300048828125,287.67999267578125,263.11444091796875,75250400,0.0,0.0,0.0
2020-05-08 04:00:00+00:00,291.0899963378906,292.95001220703125,289.8599853515625,292.44000244140625,267.468017578125,76452400,0.0,0.0,0.0
2020-05-11 04:00:00+00:00,290.3399963378906,294.0,289.8800048828125,292.5,267.5229187011719,79514200,0.0,0.0,0.0
2020-05-12 04:00:00+00:00,293.7900085449219,294.239990234375,286.5199890136719,286.6700134277344,262.190673828125,95870800,0.0,0.0,0.0
2020-05-13 04:00:00+00:00,286.05999755859375,287.19000244140625,278.9599914550781,281.6000061035156,257.5536193847656,144721100,0.0,0.0,0.0
2020-05-14 04:00:00+00:00,278.95001220703125,285.1099853515625,272.989990234375,284.9700012207031,260.63592529296875,121977900,0.0,0.0,0.0
2020-05-15 04:00:00+00:00,282.3699951171875,286.3299865722656,281.3399963378906,286.2799987792969,261.8340759277344,111146300,0.0,0.0,0.0
2020-05-18 04:00:00+00:00,293.04998779296875,296.75,292.70001220703125,295.0,269.8094482421875,119703800,0.0,0.0,0.0
2020-05-19 04:00:00+00:00,294.3500061035156,296.2099914550781,291.95001220703125,291.9700012207031,267.03814697265625,95189300,0.0,0.0,0.0
2020-05-20 04:00:00+00:00,295.82000732421875,297.8699951171875,295.57000732421875,296.92999267578125,271.5745544433594,85861700,0.0,0.0,0.0
2020-05-21 04:00:00+00:00,296.7900085449219,297.6700134277344,293.69000244140625,294.8800048828125,269.6997375488281,78293900,0.0,0.0,0.0
2020-05-22 04:00:00+00:00,294.57000732421875,295.6300048828125,293.2200012207031,295.44000244140625,270.2119445800781,63958200,0.0,0.0,0.0
2020-05-26 04:00:00+00:00,301.92999267578125,302.19000244140625,295.4599914550781,299.0799865722656,273.541015625,88951400,0.0,0.0,0.0
2020-05-27 04:00:00+00:00,302.1199951171875,303.57000732421875,296.8699951171875,303.5299987792969,277.6110534667969,104817400,0.0,0.0,0.0
2020-05-28 04:00:00+00:00,304.6499938964844,306.8399963378906,302.239990234375,302.9700012207031,277.0987854003906,90405200,0.0,0.0,0.0
2020-05-29 04:00:00+00:00,302.4599914550781,304.9599914550781,299.4700012207031,304.32000732421875,278.3335266113281,119090800,0.0,0.0,0.0
2020-06-01 04:00:00+00:00,303.6199951171875,306.2099914550781,303.05999755859375,305.54998779296875,279.4584655761719,55758300,0.0,0.0,0.0
2020-06-02 04:00:00+00:00,306.54998779296875,308.1300048828125,305.1000061035156,308.0799865722656,281.7724914550781,74267200,0.0,0.0,0.0
2020-06-03 04:00:00+00:00,310.239990234375,313.2200012207031,309.94000244140625,312.17999267578125,285.5223693847656,92567600,0.0,0.0,0.0
2020-06-04 04:00:00+00:00,311.1099853515625,313.0,309.0799865722656,311.3599853515625,284.7723388671875,75794400,0.0,0.0,0.0
2020-06-05 04:00:00+00:00,317.2300109863281,321.2699890136719,317.1600036621094,319.3399963378906,292.0709533691406,150524700,0.0,0.0,0.0
2020-06-08 04:00:00+00:00,320.2200012207031,323.4100036621094,319.6300048828125,323.20001220703125,295.6014404296875,73641200,0.0,0.0,0.0
2020-06-09 04:00:00+00:00,320.29998779296875,323.2799987792969,319.3599853515625,320.7900085449219,293.39715576171875,77479200,0.0,0.0,0.0
2020-06-10 04:00:00+00:00,321.4200134277344,322.3900146484375,318.2200012207031,319.0,291.760009765625,95000800,0.0,0.0,0.0
2020-06-11 04:00:00+00:00,311.4599914550781,312.1499938964844,300.010009765625,300.6099853515625,274.9403991699219,209243600,0.0,0.0,0.0
2020-06-12 04:00:00+00:00,308.239990234375,309.0799865722656,298.6000061035156,304.2099914550781,278.23297119140625,194678900,0.0,0.0,0.0
2020-06-15 04:00:00+00:00,298.0199890136719,308.2799987792969,296.739990234375,307.04998779296875,280.8304443359375,135782700,0.0,0.0,0.0
2020-06-16 04:00:00+00:00,315.4800109863281,315.6400146484375,307.6700134277344,312.9599914550781,286.2358093261719,137627500,0.0,0.0,0.0
2020-06-17 04:00:00+00:00,314.07000732421875,314.3900146484375,310.8599853515625,311.6600036621094,285.0467224121094,83398900,0.0,0.0,0.0
2020-06-18 04:00:00+00:00,310.010009765625,312.29998779296875,309.510009765625,311.7799987792969,285.1564636230469,80828700,0.0,0.0,0.0
2020-06-19 04:00:00+00:00,314.1700134277344,314.3800048828125,306.5299987792969,308.6400146484375,283.5268859863281,135549600,1.366,0.0,0.0
2020-06-22 04:00:00+00:00,307.989990234375,311.04998779296875,306.75,310.6199951171875,285.3457946777344,74649400,0.0,0.0,0.0
2020-06-23 04:00:00+00:00,313.489990234375,314.5,311.6099853515625,312.04998779296875,286.6593017578125,68471200,0.0,0.0,0.0
2020-06-24 04:00:00+00:00,309.8399963378906,310.510009765625,302.1000061035156,304.0899963378906,279.34710693359375,132813500,0.0,0.0,0.0
2020-06-25 04:00:00+00:00,303.4700012207031,307.6400146484375,301.2799987792969,307.3500061035156,282.34185791015625,89468000,0.0,0.0,0.0
2020-06-26 04:00:00+00:00,306.1600036621094,306.3900146484375,299.4200134277344,300.04998779296875,275.63580322265625,127961000,0.0,0.0,0.0
2020-06-29 04:00:00+00:00,301.4100036621094,304.6099853515625,298.92999267578125,304.4599914550781,279.6870422363281,79773300,0.0,0.0,0.0
2020-06-30 04:00:00+00:00,303.989990234375,310.20001220703125,303.82000732421875,308.3599853515625,283.2696228027344,113394800,0.0,0.0,0.0
2020-07-01 04:00:00+00:00,309.57000732421875,311.8900146484375,309.07000732421875,310.5199890136719,285.25390625,72396500,0.0,0.0,0.0
2020-07-02 04:00:00+00:00,314.239990234375,315.70001220703125,311.510009765625,312.2300109863281,286.82470703125,69344200,0.0,0.0,0.0
2020-07-06 04:00:00+00:00,316.3699951171875,317.67999267578125,315.55999755859375,317.04998779296875,291.2525634765625,61713800,0.0,0.0,0.0
2020-07-07 04:00:00+00:00,315.3800048828125,317.5199890136719,313.3699951171875,313.7799987792969,288.2486572265625,82910000,0.0,0.0,0.0
2020-07-08 04:00:00+00:00,314.6099853515625,316.29998779296875,312.70001220703125,316.17999267578125,290.453369140625,54638600,0.0,0.0,0.0
2020-07-09 04:00:00+00:00,316.8399963378906,317.1000061035156,310.67999267578125,314.3800048828125,288.7999267578125,83354200,0.0,0.0,0.0
2020-07-10 04:00:00+00:00,314.30999755859375,317.8800048828125,312.760009765625,317.5899963378906,291.7486877441406,57550400,0.0,0.0,0.0
2020-07-13 04:00:00+00:00,320.1300048828125,322.7099914550781,314.1300048828125,314.8399963378906,289.222412109375,102997500,0.0,0.0,0.0
2020-07-14 04:00:00+00:00,313.29998779296875,319.760009765625,312.0,318.9200134277344,292.9704284667969,93657000,0.0,0.0,0.0
2020-07-15 04:00:00+00:00,322.4100036621094,323.0400085449219,319.2699890136719,321.8500061035156,295.6619873046875,87196500,0.0,0.0,0.0
2020-07-16 04:00:00+00:00,319.7900085449219,321.2799987792969,319.0899963378906,320.7900085449219,294.68829345703125,54622500,0.0,0.0,0.0
2020-07-17 04:00:00+00:00,321.8800048828125,322.57000732421875,319.739990234375,321.7200012207031,295.5426025390625,62774900,0.0,0.0,0.0
2020-07-20 04:00:00+00:00,321.42999267578125,325.1300048828125,320.6199951171875,324.32000732421875,297.9310607910156,56308800,0.0,0.0,0.0
2020-07-21 04:00:00+00:00,326.45001220703125,326.92999267578125,323.94000244140625,325.010009765625,298.5649719238281,57292200,0.0,0.0,0.0
2020-07-22 04:00:00+00:00,324.6199951171875,327.20001220703125,324.5,326.8599853515625,300.26434326171875,57792900,0.0,0.0,0.0
2020-07-23 04:00:00+00:00,326.4700012207031,327.2300109863281,321.4800109863281,322.9599914550781,296.68170166015625,75738000,0.0,0.0,0.0
2020-07-24 04:00:00+00:00,320.95001220703125,321.989990234375,319.25,320.8800048828125,294.7709655761719,73766600,0.0,0.0,0.0
2020-07-27 04:00:00+00:00,321.6300048828125,323.4100036621094,320.7699890136719,323.2200012207031,296.9205322265625,48293000,0.0,0.0,0.0
2020-07-28 04:00:00+00:00,322.42999267578125,323.6400146484375,320.8500061035156,321.1700134277344,295.03741455078125,57495000,0.0,0.0,0.0
2020-07-29 04:00:00+00:00,322.1199951171875,325.7300109863281,322.0799865722656,325.1199951171875,298.6659851074219,48454200,0.0,0.0,0.0
2020-07-30 04:00:00+00:00,321.8999938964844,324.4100036621094,319.6400146484375,323.9599914550781,297.600341796875,61861700,0.0,0.0,0.0
2020-07-31 04:00:00+00:00,325.8999938964844,326.6300048828125,321.3299865722656,326.5199890136719,299.95208740234375,84986800,0.0,0.0,0.0
2020-08-03 04:00:00+00:00,328.32000732421875,329.6199951171875,327.7300109863281,328.7900085449219,302.037353515625,53077900,0.0,0.0,0.0
2020-08-04 04:00:00+00:00,327.8599853515625,330.05999755859375,327.8599853515625,330.05999755859375,303.20404052734375,41917900,0.0,0.0,0.0
2020-08-05 04:00:00+00:00,331.4700012207031,332.3900146484375,331.17999267578125,332.1099853515625,305.08721923828125,42697700,0.0,0.0,0.0
2020-08-06 04:00:00+00:00,331.4800109863281,334.4599914550781,331.1300048828125,334.3299865722656,307.12652587890625,43679400,0.0,0.0,0.0
2020-08-07 04:00:00+00:00,333.2799987792969,334.8800048828125,332.29998779296875,334.57000732421875,307.3470764160156,57308300,0.0,0.0,0.0
2020-08-10 04:00:00+00:00,335.05999755859375,335.7699890136719,332.9599914550781,335.57000732421875,308.26568603515625,44282100,0.0,0.0,0.0
2020-08-11 04:00:00+00:00,336.8500061035156,337.5400085449219,332.010009765625,332.79998779296875,305.7210693359375,69601100,0.0,0.0,0.0
2020-08-12 04:00:00+00:00,335.44000244140625,338.2799987792969,335.4100036621094,337.44000244140625,309.9834899902344,53774400,0.0,0.0,0.0
2020-08-13 04:00:00+00:00,336.6099853515625,338.25,335.8299865722656,336.8299865722656,309.423095703125,41816100,0.0,0.0,0.0
2020-08-14 04:00:00+00:00,336.4100036621094,337.4200134277344,335.6199951171875,336.8399963378906,309.4323425292969,47260400,0.0,0.0,0.0
2020-08-17 04:00:00+00:00,337.94000244140625,338.3399963378906,336.8500061035156,337.9100036621094,310.415283203125,35481000,0.0,0.0,0.0
2020-08-18 04:00:00+00:00,338.3399963378906,339.1000061035156,336.6099853515625,338.6400146484375,311.0859069824219,38733900,0.0,0.0,0.0
2020-08-19 04:00:00+00:00,339.04998779296875,339.6099853515625,336.6199951171875,337.2300109863281,309.7906494140625,68054200,0.0,0.0,0.0
2020-08-20 04:00:00+00:00,335.3599853515625,338.79998779296875,335.2200012207031,338.2799987792969,310.75518798828125,42207800,0.0,0.0,0.0
2020-08-21 04:00:00+00:00,337.9200134277344,339.7200012207031,337.54998779296875,339.4800109863281,311.857421875,55106600,0.0,0.0,0.0
2020-08-24 04:00:00+00:00,342.1199951171875,343.0,339.45001220703125,342.9200134277344,315.01763916015625,48588700,0.0,0.0,0.0
2020-08-25 04:00:00+00:00,343.5299987792969,344.2099914550781,342.2699890136719,344.1199951171875,316.1199951171875,38463400,0.0,0.0,0.0
2020-08-26 04:00:00+00:00,344.760009765625,347.8599853515625,344.1700134277344,347.57000732421875,319.289306640625,50790200,0.0,0.0,0.0
2020-08-27 04:00:00+00:00,348.510009765625,349.8999938964844,346.5299987792969,348.3299865722656,319.98736572265625,58034100,0.0,0.0,0.0
2020-08-28 04:00:00+00:00,349.44000244140625,350.7200012207031,348.1499938964844,350.5799865722656,322.0542907714844,48588900,0.0,0.0,0.0
2020-08-31 04:00:00+00:00,350.3500061035156,351.29998779296875,349.05999755859375,349.30999755859375,320.8876037597656,66099200,0.0,0.0,0.0
2020-09-01 04:00:00+00:00,350.2099914550781,352.7099914550781,349.239990234375,352.6000061035156,323.9100036621094,54908700,0.0,0.0,0.0
2020-09-02 04:00:00+00:00,354.6700134277344,358.75,353.42999267578125,357.70001220703125,328.5950622558594,69540000,0.0,0.0,0.0
2020-09-03 04:00:00+00:00,355.8699951171875,356.3800048828125,342.5899963378906,345.3900146484375,317.28668212890625,148011100,0.0,0.0,0.0
2020-09-04 04:00:00+00:00,346.1300048828125,347.8299865722656,334.8699951171875,342.57000732421875,314.6961669921875,139156300,0.0,0.0,0.0
2020-09-08 04:00:00+00:00,336.7099914550781,342.6400146484375,332.8800048828125,333.2099914550781,306.09765625,114465300,0.0,0.0,0.0
2020-09-09 04:00:00+00:00,337.54998779296875,342.4599914550781,336.6099853515625,339.7900085449219,312.14239501953125,91462300,0.0,0.0,0.0
2020-09-10 04:00:00+00:00,341.82000732421875,342.5299987792969,332.8500061035156,333.8900146484375,306.7223815917969,90569500,0.0,0.0,0.0
2020-09-11 04:00:00+00:00,335.82000732421875,336.9700012207031,331.0,334.05999755859375,306.8785705566406,84680200,0.0,0.0,0.0
2020-09-14 04:00:00+00:00,337.489990234375,340.3800048828125,334.2200012207031,338.4599914550781,310.9205627441406,65605700,0.0,0.0,0.0
2020-09-15 04:00:00+00:00,341.1199951171875,342.0199890136719,338.4700012207031,340.1700134277344,312.4913330078125,52920900,0.0,0.0,0.0
2020-09-16 04:00:00+00:00,341.510009765625,343.05999755859375,338.5199890136719,338.82000732421875,311.2511901855469,82096000,0.0,0.0,0.0
2020-09-17 04:00:00+00:00,333.55999755859375,337.70001220703125,332.989990234375,335.8399963378906,308.513671875,91523300,0.0,0.0,0.0
2020-09-18 04:00:00+00:00,335.3699951171875,335.489990234375,327.9700012207031,330.6499938964844,304.9618835449219,105877900,1.339,0.0,0.0
2020-09-21 04:00:00+00:00,325.70001220703125,327.1300048828125,321.7300109863281,326.9700012207031,301.5677795410156,99450800,0.0,0.0,0.0
2020-09-22 04:00:00+00:00,328.57000732421875,330.8999938964844,325.8599853515625,330.29998779296875,304.63909912109375,63612100,0.0,0.0,0.0
2020-09-23 04:00:00+00:00,330.8999938964844,331.20001220703125,322.1000061035156,322.6400146484375,297.5741271972656,93112200,0.0,0.0,0.0
2020-09-24 04:00:00+00:00,321.2200012207031,326.79998779296875,319.79998779296875,323.5,298.367431640625,76681300,0.0,0.0,0.0
2020-09-25 04:00:00+00:00,322.5799865722656,329.5799865722656,321.6400146484375,328.7300109863281,303.19110107421875,71069400,0.0,0.0,0.0
2020-09-28 04:00:00+00:00,333.2200012207031,334.9599914550781,332.1499938964844,334.19000244140625,308.2268981933594,64584600,0.0,0.0,0.0
2020-09-29 04:00:00+00:00,333.9700012207031,334.7699890136719,331.6199951171875,332.3699951171875,306.5482482910156,51304000,0.0,0.0,0.0
2020-09-30 04:00:00+00:00,333.0899963378906,338.2900085449219,332.8800048828125,334.8900146484375,308.87249755859375,104081100,0.0,0.0,0.0
2020-10-01 04:00:00+00:00,337.69000244140625,338.739990234375,335.010009765625,337.0400085449219,310.85552978515625,88698700,0.0,0.0,0.0
2020-10-02 04:00:00+00:00,331.70001220703125,337.010009765625,331.19000244140625,333.8399963378906,307.9040832519531,89431100,0.0,0.0,0.0
2020-10-05 04:00:00+00:00,336.05999755859375,339.9599914550781,336.010009765625,339.760009765625,313.3642272949219,45713100,0.0,0.0,0.0
2020-10-06 04:00:00+00:00,339.9100036621094,342.1700134277344,334.3800048828125,334.92999267578125,308.90936279296875,90128900,0.0,0.0,0.0
2020-10-07 04:00:00+00:00,338.1199951171875,341.6300048828125,338.0899963378906,340.760009765625,314.28643798828125,56999600,0.0,0.0,0.0
2020-10-08 04:00:00+00:00,342.8500061035156,343.8500061035156,341.8599853515625,343.7799987792969,317.0718688964844,45242500,0.0,0.0,0.0
2020-10-09 04:00:00+00:00,345.55999755859375,347.3500061035156,344.8900146484375,346.8500061035156,319.9033203125,59528600,0.0,0.0,0.0
2020-10-12 04:00:00+00:00,349.5899963378906,354.0199890136719,349.05999755859375,352.42999267578125,325.0498046875,80388500,0.0,0.0,0.0
2020-10-13 04:00:00+00:00,352.2799987792969,352.4700012207031,349.0899963378906,350.1300048828125,322.9284973144531,73255500,0.0,0.0,0.0
2020-10-14 04:00:00+00:00,350.75,351.92999267578125,347.1400146484375,347.92999267578125,320.8994140625,57727900,0.0,0.0,0.0
2020-10-15 04:00:00+00:00,343.7099914550781,348.0199890136719,343.1300048828125,347.5,320.5028076171875,60357700,0.0,0.0,0.0
2020-10-16 04:00:00+00:00,348.9599914550781,350.75,347.1000061035156,347.2900085449219,320.3090515136719,89501900,0.0,0.0,0.0
2020-10-19 04:00:00+00:00,348.6499938964844,349.3299865722656,341.0400085449219,342.010009765625,315.4393310546875,68425600,0.0,0.0,0.0
2020-10-20 04:00:00+00:00,343.4599914550781,346.8800048828125,342.6400146484375,343.3800048828125,316.7029724121094,60051900,0.0,0.0,0.0
2020-10-21 04:00:00+00:00,343.3299865722656,345.6700134277344,342.3999938964844,342.7300109863281,316.1033935546875,63575000,0.0,0.0,0.0
2020-10-22 04:00:00+00:00,342.9599914550781,345.239990234375,340.6499938964844,344.6099853515625,317.83734130859375,55399300,0.0,0.0,0.0
2020-10-23 04:00:00+00:00,345.92999267578125,345.989990234375,343.1300048828125,345.7799987792969,318.91644287109375,49143900,0.0,0.0,0.0
2020-10-26 04:00:00+00:00,342.1300048828125,342.9800109863281,335.6199951171875,339.3900146484375,313.02288818359375,91473000,0.0,0.0,0.0
2020-10-27 04:00:00+00:00,339.760009765625,340.1199951171875,337.989990234375,338.2200012207031,311.94378662109375,65994100,0.0,0.0,0.0
2020-10-28 04:00:00+00:00,332.1000061035156,338.25,326.1300048828125,326.6600036621094,301.2817687988281,127094300,0.0,0.0,0.0
2020-10-29 04:00:00+00:00,326.9100036621094,333.3999938964844,325.0899963378906,329.9800109863281,304.34393310546875,90597700,0.0,0.0,0.0
2020-10-30 04:00:00+00:00,328.2799987792969,329.69000244140625,322.6000061035156,326.5400085449219,301.1712341308594,120287300,0.0,0.0,0.0
2020-11-02 05:00:00+00:00,330.20001220703125,332.3599853515625,327.239990234375,330.20001220703125,304.5468444824219,86068300,0.0,0.0,0.0
2020-11-03 05:00:00+00:00,333.69000244140625,338.25,330.2900085449219,336.0299987792969,309.9239807128906,93294200,0.0,0.0,0.0
2020-11-04 05:00:00+00:00,340.8599853515625,347.94000244140625,339.5899963378906,343.5400085449219,316.8504638671875,126959700,0.0,0.0,0.0
2020-11-05 05:00:00+00:00,349.239990234375,352.19000244140625,348.8599853515625,350.239990234375,323.030029296875,82039700,0.0,0.0,0.0
2020-11-06 05:00:00+00:00,349.92999267578125,351.510009765625,347.6499938964844,350.1600036621094,322.95623779296875,74973000,0.0,0.0,0.0
2020-11-09 05:00:00+00:00,363.9700012207031,364.3800048828125,354.05999755859375,354.55999755859375,327.0143737792969,172304200,0.0,0.0,0.0
2020-11-10 05:00:00+00:00,353.489990234375,355.17999267578125,350.510009765625,354.0400085449219,326.5348205566406,85552000,0.0,0.0,0.0
2020-11-11 05:00:00+00:00,356.3999938964844,357.55999755859375,355.05999755859375,356.6700134277344,328.96044921875,58649000,0.0,0.0,0.0
2020-11-12 05:00:00+00:00,355.5799865722656,356.7200012207031,351.260009765625,353.2099914550781,325.7692565917969,67546200,0.0,0.0,0.0
2020-11-13 05:00:00+00:00,355.2699890136719,358.8999938964844,354.7099914550781,358.1000061035156,330.279296875,62892200,0.0,0.0,0.0
2020-11-16 05:00:00+00:00,360.9800109863281,362.7799987792969,359.5899963378906,362.57000732421875,334.40203857421875,74541100,0.0,0.0,0.0
2020-11-17 05:00:00+00:00,359.9700012207031,361.9200134277344,358.3399963378906,360.6199951171875,332.6035461425781,66111000,0.0,0.0,0.0
2020-11-18 05:00:00+00:00,360.9100036621094,361.5,356.239990234375,356.2799987792969,328.6007080078125,70591300,0.0,0.0,0.0
2020-11-19 05:00:00+00:00,355.6000061035156,358.17999267578125,354.1499938964844,357.7799987792969,329.984130859375,59940900,0.0,0.0,0.0
2020-11-20 05:00:00+00:00,357.5,357.7200012207031,355.25,355.3299865722656,327.72454833984375,70417300,0.0,0.0,0.0
2020-11-23 05:00:00+00:00,357.2799987792969,358.82000732421875,354.8699951171875,357.4599914550781,329.68902587890625,63230600,0.0,0.0,0.0
2020-11-24 05:00:00+00:00,360.2099914550781,363.80999755859375,359.2900085449219,363.2200012207031,335.00146484375,62415900,0.0,0.0,0.0
2020-11-25 05:00:00+00:00,363.1300048828125,363.1600036621094,361.4800109863281,362.6600036621094,334.4850158691406,45330900,0.0,0.0,0.0
2020-11-27 05:00:00+00:00,363.8399963378906,364.17999267578125,362.5799865722656,363.6700134277344,335.41650390625,28514100,0.0,0.0,0.0
2020-11-30 05:00:00+00:00,362.8299865722656,363.1199951171875,359.1700134277344,362.05999755859375,333.93170166015625,83872700,0.0,0.0,0.0
2020-12-01 05:00:00+00:00,365.57000732421875,367.67999267578125,364.92999267578125,366.0199890136719,337.583984375,74231400,0.0,0.0,0.0
2020-12-02 05:00:00+00:00,364.82000732421875,366.9599914550781,364.20001220703125,366.7900085449219,338.2942199707031,45927000,0.0,0.0,0.0
2020-12-03 05:00:00+00:00,366.67999267578125,368.19000244140625,365.5,366.69000244140625,338.2019958496094,62882000,0.0,0.0,0.0
2020-12-04 05:00:00+00:00,367.32000732421875,369.8500061035156,367.2200012207031,369.8500061035156,341.1164245605469,50749900,0.0,0.0,0.0
2020-12-07 05:00:00+00:00,369.0199890136719,369.6199951171875,367.7200012207031,369.0899963378906,340.41546630859375,48944300,0.0,0.0,0.0
2020-12-08 05:00:00+00:00,367.7200012207031,370.7799987792969,367.6700134277344,370.1700134277344,341.41156005859375,42458900,0.0,0.0,0.0
2020-12-09 05:00:00+00:00,370.8800048828125,371.04998779296875,365.95001220703125,366.8500061035156,338.34954833984375,74098300,0.0,0.0,0.0
2020-12-10 05:00:00+00:00,365.3699951171875,367.8599853515625,364.42999267578125,366.7300109863281,338.2388916015625,57735400,0.0,0.0,0.0
2020-12-11 05:00:00+00:00,364.8999938964844,366.739990234375,363.260009765625,366.29998779296875,337.8422546386719,57698600,0.0,0.0,0.0
2020-12-14 05:00:00+00:00,368.6400146484375,369.79998779296875,364.4700012207031,364.6600036621094,336.32965087890625,69216200,0.0,0.0,0.0
2020-12-15 05:00:00+00:00,367.3999938964844,369.5899963378906,365.9200134277344,369.5899963378906,340.8767395019531,63865300,0.0,0.0,0.0
2020-12-16 05:00:00+00:00,369.82000732421875,371.1600036621094,368.8699951171875,370.1700134277344,341.41156005859375,58420500,0.0,0.0,0.0
2020-12-17 05:00:00+00:00,371.94000244140625,372.4599914550781,371.04998779296875,372.239990234375,343.3207092285156,64119500,0.0,0.0,0.0
2020-12-18 05:00:00+00:00,370.9700012207031,371.1499938964844,367.0199890136719,369.17999267578125,341.9499206542969,136542300,1.58,0.0,0.0
2020-12-21 05:00:00+00:00,364.9700012207031,378.4599914550781,362.0299987792969,367.8599853515625,340.7272644042969,96386700,0.0,0.0,0.0
2020-12-22 05:00:00+00:00,368.2099914550781,368.3299865722656,366.0299987792969,367.239990234375,340.15301513671875,47949000,0.0,0.0,0.0
2020-12-23 05:00:00+00:00,368.2799987792969,369.6199951171875,367.2200012207031,367.57000732421875,340.4587097167969,46201400,0.0,0.0,0.0
2020-12-24 05:00:00+00:00,368.0799865722656,369.0299987792969,367.45001220703125,369.0,341.7831726074219,26457900,0.0,0.0,0.0
2020-12-28 05:00:00+00:00,371.739990234375,372.5899963378906,371.07000732421875,372.1700134277344,344.71942138671875,39000400,0.0,0.0,0.0
2020-12-29 05:00:00+00:00,373.80999755859375,374.0,370.8299865722656,371.4599914550781,344.06170654296875,53680500,0.0,0.0,0.0
2020-12-30 05:00:00+00:00,372.3399963378906,373.1000061035156,371.57000732421875,371.989990234375,344.5526428222656,49455300,0.0,0.0,0.0
2020-12-31 05:00:00+00:00,371.7799987792969,374.6600036621094,371.2300109863281,373.8800048828125,346.30328369140625,78520700,0.0,0.0,0.0
2021-01-04 05:00:00+00:00,375.30999755859375,375.45001220703125,364.82000732421875,368.7900085449219,341.5887451171875,110210800,0.0,0.0,0.0
2021-01-05 05:00:00+00:00,368.1000061035156,372.5,368.04998779296875,371.3299865722656,343.9412536621094,66426200,0.0,0.0,0.0
2021-01-06 05:00:00+00:00,369.7099914550781,376.9800109863281,369.1199951171875,373.54998779296875,345.99761962890625,107997700,0.0,0.0,0.0
2021-01-07 05:00:00+00:00,376.1000061035156,379.8999938964844,375.9100036621094,379.1000061035156,351.13824462890625,68766800,0.0,0.0,0.0
2021-01-08 05:00:00+00:00,380.5899963378906,381.489990234375,377.1000061035156,381.260009765625,353.1389465332031,71677200,0.0,0.0,0.0
2021-01-11 05:00:00+00:00,377.8500061035156,380.5799865722656,377.7200012207031,378.69000244140625,350.75848388671875,51034700,0.0,0.0,0.0
2021-01-12 05:00:00+00:00,378.8900146484375,379.8599853515625,376.3599853515625,378.7699890136719,350.8326721191406,52547700,0.0,0.0,0.0
2021-01-13 05:00:00+00:00,378.69000244140625,380.8599853515625,377.8500061035156,379.7900085449219,351.77728271484375,45303600,0.0,0.0,0.0
2021-01-14 05:00:00+00:00,380.5899963378906,381.1300048828125,378.1000061035156,378.4599914550781,350.54547119140625,49989100,0.0,0.0,0.0
2021-01-15 05:00:00+00:00,376.7200012207031,377.5799865722656,373.70001220703125,375.70001220703125,347.9890441894531,107160000,0.0,0.0,0.0
2021-01-19 05:00:00+00:00,378.3399963378906,379.2300109863281,376.75,378.6499938964844,350.7214660644531,51233300,0.0,0.0,0.0
2021-01-20 05:00:00+00:00,381.1099853515625,384.7900085449219,380.69000244140625,383.8900146484375,355.574951171875,61836100,0.0,0.0,0.0
2021-01-21 05:00:00+00:00,384.489990234375,384.95001220703125,383.25,384.239990234375,355.8990783691406,47840100,0.0,0.0,0.0
2021-01-22 05:00:00+00:00,382.25,384.1300048828125,381.8399963378906,382.8800048828125,354.6393737792969,52860500,0.0,0.0,0.0
2021-01-25 05:00:00+00:00,383.6700134277344,384.7699890136719,378.4599914550781,384.3900146484375,356.03814697265625,70402000,0.0,0.0,0.0
2021-01-26 05:00:00+00:00,385.4100036621094,385.8500061035156,383.5400085449219,383.7900085449219,355.4822998046875,42665300,0.0,0.0,0.0
2021-01-27 05:00:00+00:00,380.2200012207031,380.32000732421875,372.010009765625,374.4100036621094,346.7941589355469,123351100,0.0,0.0,0.0
2021-01-28 05:00:00+00:00,376.3599853515625,381.92999267578125,375.8900146484375,377.6300048828125,349.7767028808594,94198100,0.0,0.0,0.0
2021-01-29 05:00:00+00:00,375.6300048828125,376.6700134277344,368.2699890136719,370.07000732421875,342.7742919921875,126765100,0.0,0.0,0.0
2021-02-01 05:00:00+00:00,373.7200012207031,377.3399963378906,370.3800048828125,376.2300109863281,348.47991943359375,75817600,0.0,0.0,0.0
2021-02-02 05:00:00+00:00,379.6499938964844,383.2200012207031,376.32000732421875,381.54998779296875,353.4075012207031,64450700,0.0,0.0,0.0
2021-02-03 05:00:00+00:00,382.44000244140625,383.70001220703125,380.4800109863281,381.8500061035156,353.6855163574219,52427100,0.0,0.0,0.0
2021-02-04 05:00:00+00:00,382.9599914550781,386.239990234375,381.9700012207031,386.19000244140625,357.7053527832031,47142600,0.0,0.0,0.0
2021-02-05 05:00:00+00:00,388.20001220703125,388.4700012207031,386.1400146484375,387.7099914550781,359.1131591796875,48669800,0.0,0.0,0.0
2021-02-08 05:00:00+00:00,389.2699890136719,390.55999755859375,388.3500061035156,390.510009765625,361.70672607421875,38365200,0.0,0.0,0.0
2021-02-09 05:00:00+00:00,389.6099853515625,390.8900146484375,389.1700134277344,390.25,361.46575927734375,35551100,0.0,0.0,0.0
2021-02-10 05:00:00+00:00,392.1199951171875,392.2799987792969,387.5,390.0799865722656,361.308349609375,59154400,0.0,0.0,0.0
2021-02-11 05:00:00+00:00,391.239990234375,391.69000244140625,388.1000061035156,390.7099914550781,361.89190673828125,42913300,0.0,0.0,0.0
2021-02-12 05:00:00+00:00,389.8500061035156,392.8999938964844,389.7699890136719,392.6400146484375,363.67962646484375,50593300,0.0,0.0,0.0
2021-02-16 05:00:00+00:00,393.9599914550781,394.1700134277344,391.5299987792969,392.29998779296875,363.3645935058594,50972400,0.0,0.0,0.0
2021-02-17 05:00:00+00:00,390.4200134277344,392.6600036621094,389.3299865722656,392.3900146484375,363.4479675292969,52290600,0.0,0.0,0.0
2021-02-18 05:00:00+00:00,389.5899963378906,391.5199890136719,387.739990234375,390.7200012207031,361.90118408203125,59712800,0.0,0.0,0.0
2021-02-19 05:00:00+00:00,392.07000732421875,392.3800048828125,389.54998779296875,390.0299987792969,361.2620849609375,83241000,0.0,0.0,0.0
2021-02-22 05:00:00+00:00,387.05999755859375,389.6199951171875,386.739990234375,387.0299987792969,358.48333740234375,67414200,0.0,0.0,0.0
2021-02-23 05:00:00+00:00,384.6600036621094,388.95001220703125,380.20001220703125,387.5,358.9187316894531,107284100,0.0,0.0,0.0
2021-02-24 05:00:00+00:00,386.3299865722656,392.2300109863281,385.2699890136719,391.7699890136719,362.87371826171875,72433900,0.0,0.0,0.0
2021-02-25 05:00:00+00:00,390.4100036621094,391.8800048828125,380.7799987792969,382.3299865722656,354.1300354003906,146670500,0.0,0.0,0.0
2021-02-26 05:00:00+00:00,384.3500061035156,385.5799865722656,378.2300109863281,380.3599853515625,352.3052673339844,152701600,0.0,0.0,0.0
2021-03-01 05:00:00+00:00,385.5899963378906,390.9200134277344,380.57000732421875,389.5799865722656,360.8452453613281,105348800,0.0,0.0,0.0
2021-03-02 05:00:00+00:00,389.82000732421875,390.07000732421875,386.0,386.5400085449219,358.02947998046875,79595300,0.0,0.0,0.0
2021-03-03 05:00:00+00:00,385.7900085449219,386.8299865722656,381.30999755859375,381.4200134277344,353.287109375,119940200,0.0,0.0,0.0
2021-03-04 05:00:00+00:00,381.2200012207031,384.0,371.8800048828125,376.70001220703125,348.915283203125,183433000,0.0,0.0,0.0
2021-03-05 05:00:00+00:00,380.4599914550781,384.760009765625,372.6400146484375,383.6300048828125,355.3341369628906,152039600,0.0,0.0,0.0
2021-03-08 05:00:00+00:00,384.6600036621094,387.67999267578125,381.4200134277344,381.7200012207031,353.5650329589844,123149200,0.0,0.0,0.0
2021-03-09 05:00:00+00:00,385.8500061035156,389.9100036621094,385.30999755859375,387.1700134277344,358.61309814453125,113633600,0.0,0.0,0.0
2021-03-10 05:00:00+00:00,389.69000244140625,391.3999938964844,388.1700134277344,389.5799865722656,360.8452453613281,109899400,0.0,0.0,0.0
2021-03-11 05:00:00+00:00,392.2300109863281,395.6499938964844,391.739990234375,393.5299987792969,364.5039367675781,86245000,0.0,0.0,0.0
2021-03-12 05:00:00+00:00,392.07000732421875,394.2099914550781,391.20001220703125,394.05999755859375,364.9947814941406,64653600,0.0,0.0,0.0
2021-03-15 04:00:00+00:00,394.3299865722656,396.69000244140625,392.0299987792969,396.4100036621094,367.1714782714844,73427200,0.0,0.0,0.0
2021-03-16 04:00:00+00:00,397.07000732421875,397.8299865722656,395.0799865722656,395.9100036621094,366.70831298828125,73722500,0.0,0.0,0.0
2021-03-17 04:00:00+00:00,394.5299987792969,398.1199951171875,393.29998779296875,397.260009765625,367.95880126953125,97959300,0.0,0.0,0.0
2021-03-18 04:00:00+00:00,394.4800109863281,396.7200012207031,390.75,391.4800109863281,362.6051025390625,115349100,0.0,0.0,0.0
2021-03-19 04:00:00+00:00,389.8800048828125,391.57000732421875,387.1499938964844,389.4800109863281,361.9341735839844,113624500,1.278,0.0,0.0
2021-03-22 04:00:00+00:00,390.0299987792969,394.07000732421875,389.9700012207031,392.5899963378906,364.8242492675781,73778600,0.0,0.0,0.0
2021-03-23 04:00:00+00:00,391.9100036621094,393.4599914550781,388.6600036621094,389.5,361.9527893066406,90686600,0.0,0.0,0.0
2021-03-24 04:00:00+00:00,391.0,392.75,387.4700012207031,387.5199890136719,360.1127624511719,97588600,0.0,0.0,0.0
2021-03-25 04:00:00+00:00,385.9800109863281,390.54998779296875,383.8999938964844,389.70001220703125,362.138671875,116128600,0.0,0.0,0.0
2021-03-26 04:00:00+00:00,390.92999267578125,396.4100036621094,390.2900085449219,395.9800109863281,367.9744567871094,114409100,0.0,0.0,0.0
2021-03-29 04:00:00+00:00,394.3999938964844,396.75,392.80999755859375,395.7799987792969,367.7885437011719,108107600,0.0,0.0,0.0
2021-03-30 04:00:00+00:00,394.4200134277344,395.45001220703125,393.0199890136719,394.7300109863281,366.81298828125,76262200,0.0,0.0,0.0
2021-03-31 04:00:00+00:00,395.3399963378906,398.0,395.30999755859375,396.3299865722656,368.2997131347656,112734200,0.0,0.0,0.0
2021-04-01 04:00:00+00:00,398.3999938964844,400.6700134277344,398.17999267578125,400.6099853515625,372.27703857421875,99682900,0.0,0.0,0.0
2021-04-05 04:00:00+00:00,403.4599914550781,406.94000244140625,403.3800048828125,406.3599853515625,377.6203308105469,91684800,0.0,0.0,0.0
2021-04-06 04:00:00+00:00,405.760009765625,407.239990234375,405.3999938964844,406.1199951171875,377.39727783203125,62021000,0.0,0.0,0.0
2021-04-07 04:00:00+00:00,405.94000244140625,406.9599914550781,405.45001220703125,406.5899963378906,377.83404541015625,55836300,0.0,0.0,0.0
2021-04-08 04:00:00+00:00,407.92999267578125,408.5799865722656,406.92999267578125,408.5199890136719,379.6275939941406,57863100,0.0,0.0,0.0
2021-04-09 04:00:00+00:00,408.3900146484375,411.6700134277344,408.260009765625,411.489990234375,382.3875427246094,61104600,0.0,0.0,0.0
2021-04-12 04:00:00+00:00,410.8500061035156,411.92999267578125,410.20001220703125,411.6400146484375,382.5269470214844,56704900,0.0,0.0,0.0
2021-04-13 04:00:00+00:00,411.5299987792969,413.5299987792969,411.1199951171875,412.8599853515625,383.66064453125,56551000,0.0,0.0,0.0
2021-04-14 04:00:00+00:00,412.8299865722656,413.9599914550781,410.8699951171875,411.45001220703125,382.3504333496094,61659900,0.0,0.0,0.0
2021-04-15 04:00:00+00:00,413.739990234375,416.1600036621094,413.69000244140625,415.8699951171875,386.4577941894531,60229800,0.0,0.0,0.0
2021-04-16 04:00:00+00:00,417.25,417.9100036621094,415.7300109863281,417.260009765625,387.74951171875,82037300,0.0,0.0,0.0
2021-04-19 04:00:00+00:00,416.260009765625,416.739990234375,413.7900085449219,415.2099914550781,385.84442138671875,78498500,0.0,0.0,0.0
2021-04-20 04:00:00+00:00,413.9100036621094,415.0899963378906,410.5899963378906,412.1700134277344,383.01947021484375,81851800,0.0,0.0,0.0
2021-04-21 04:00:00+00:00,411.510009765625,416.2900085449219,411.3599853515625,416.07000732421875,386.6436462402344,66793000,0.0,0.0,0.0
2021-04-22 04:00:00+00:00,415.8900146484375,416.7799987792969,411.1300048828125,412.2699890136719,383.1123352050781,97582800,0.0,0.0,0.0
2021-04-23 04:00:00+00:00,412.8699951171875,418.25,412.7900085449219,416.739990234375,387.2662048339844,73209200,0.0,0.0,0.0
2021-04-26 04:00:00+00:00,417.44000244140625,418.2200012207031,416.80999755859375,417.6099853515625,388.07470703125,52182400,0.0,0.0,0.0
2021-04-27 04:00:00+00:00,417.92999267578125,418.1400146484375,416.29998779296875,417.5199890136719,387.99102783203125,51303100,0.0,0.0,0.0
2021-04-28 04:00:00+00:00,417.80999755859375,419.010009765625,416.8999938964844,417.3999938964844,387.87957763671875,51238900,0.0,0.0,0.0
2021-04-29 04:00:00+00:00,420.32000732421875,420.7200012207031,416.44000244140625,420.05999755859375,390.3514404296875,78544300,0.0,0.0,0.0
2021-04-30 04:00:00+00:00,417.6300048828125,418.5400085449219,416.3399963378906,417.29998779296875,387.7865905761719,85527000,0.0,0.0,0.0
2021-05-03 04:00:00+00:00,419.42999267578125,419.8399963378906,417.6700134277344,418.20001220703125,388.6229248046875,68128300,0.0,0.0,0.0
2021-05-04 04:00:00+00:00,416.07000732421875,416.6000061035156,411.6700134277344,415.6199951171875,386.2254638671875,101591200,0.0,0.0,0.0
2021-05-05 04:00:00+00:00,417.3800048828125,417.6300048828125,415.1499938964844,415.75,386.3462829589844,60162200,0.0,0.0,0.0
2021-05-06 04:00:00+00:00,415.8299865722656,419.2099914550781,413.67999267578125,419.07000732421875,389.4314270019531,74321400,0.0,0.0,0.0
2021-05-07 04:00:00+00:00,419.8900146484375,422.82000732421875,419.1600036621094,422.1199951171875,392.2657470703125,67733800,0.0,0.0,0.0
2021-05-10 04:00:00+00:00,422.5,422.739990234375,417.80999755859375,417.94000244140625,388.3813171386719,81852400,0.0,0.0,0.0
2021-05-11 04:00:00+00:00,413.1000061035156,415.2699890136719,410.05999755859375,414.2099914550781,384.9151306152344,116888000,0.0,0.0,0.0
2021-05-12 04:00:00+00:00,411.2300109863281,412.5899963378906,404.0,405.4100036621094,376.7374572753906,134811000,0.0,0.0,0.0
2021-05-13 04:00:00+00:00,407.07000732421875,412.3500061035156,407.0199890136719,410.2799987792969,381.2630920410156,106394000,0.0,0.0,0.0
2021-05-14 04:00:00+00:00,413.2099914550781,417.489990234375,413.17999267578125,416.5799865722656,387.1175231933594,82201600,0.0,0.0,0.0
2021-05-17 04:00:00+00:00,415.3900146484375,416.3900146484375,413.3599853515625,415.5199890136719,386.1324768066406,65129200,0.0,0.0,0.0
2021-05-18 04:00:00+00:00,415.79998779296875,416.05999755859375,411.7699890136719,411.94000244140625,382.8057556152344,59810200,0.0,0.0,0.0
2021-05-19 04:00:00+00:00,406.9200134277344,411.04998779296875,405.3299865722656,410.8599853515625,381.80206298828125,106467100,0.0,0.0,0.0
2021-05-20 04:00:00+00:00,411.79998779296875,416.6300048828125,411.6700134277344,415.2799987792969,385.90948486328125,78022200,0.0,0.0,0.0
2021-05-21 04:00:00+00:00,416.8699951171875,418.20001220703125,414.45001220703125,414.94000244140625,385.5935974121094,76578700,0.0,0.0,0.0
2021-05-24 04:00:00+00:00,417.3399963378906,420.32000732421875,417.0799865722656,419.1700134277344,389.5244445800781,51376700,0.0,0.0,0.0
2021-05-25 04:00:00+00:00,420.3299865722656,420.7099914550781,417.6199951171875,418.239990234375,388.66015625,57451400,0.0,0.0,0.0
2021-05-26 04:00:00+00:00,418.8699951171875,419.6099853515625,417.760009765625,419.07000732421875,389.4314270019531,43088600,0.0,0.0,0.0
2021-05-27 04:00:00+00:00,420.1700134277344,420.7200012207031,418.989990234375,419.2900085449219,389.6358642578125,56707700,0.0,0.0,0.0
2021-05-28 04:00:00+00:00,420.9700012207031,421.25,419.7900085449219,420.0400085449219,390.3328552246094,58520200,0.0,0.0,0.0
2021-06-01 04:00:00+00:00,422.57000732421875,422.7200012207031,419.20001220703125,419.6700134277344,389.9890441894531,54216600,0.0,0.0,0.0
2021-06-02 04:00:00+00:00,420.3699951171875,421.2300109863281,419.2900085449219,420.3299865722656,390.6022644042969,49097100,0.0,0.0,0.0
2021-06-03 04:00:00+00:00,417.8500061035156,419.989990234375,416.2799987792969,418.7699890136719,389.1526794433594,58138800,0.0,0.0,0.0
2021-06-04 04:00:00+00:00,420.75,422.9200134277344,418.8399963378906,422.6000061035156,392.7117919921875,55938800,0.0,0.0,0.0
2021-06-07 04:00:00+00:00,422.5899963378906,422.7799987792969,421.19000244140625,422.19000244140625,392.3307800292969,51555000,0.0,0.0,0.0
2021-06-08 04:00:00+00:00,423.1099853515625,423.2099914550781,420.32000732421875,422.2799987792969,392.4144592285156,47134300,0.0,0.0,0.0
2021-06-09 04:00:00+00:00,423.17999267578125,423.260009765625,421.4100036621094,421.6499938964844,391.8289794921875,48436300,0.0,0.0,0.0
2021-06-10 04:00:00+00:00,422.9599914550781,424.6300048828125,421.54998779296875,423.6099853515625,393.65032958984375,51020100,0.0,0.0,0.0
2021-06-11 04:00:00+00:00,424.20001220703125,424.42999267578125,422.82000732421875,424.30999755859375,394.3008117675781,45570800,0.0,0.0,0.0
2021-06-14 04:00:00+00:00,424.42999267578125,425.3699951171875,423.1000061035156,425.260009765625,395.1837158203125,42358500,0.0,0.0,0.0
2021-06-15 04:00:00+00:00,425.4200134277344,425.4599914550781,423.5400085449219,424.4800109863281,394.45880126953125,51508500,0.0,0.0,0.0
2021-06-16 04:00:00+00:00,424.6300048828125,424.8699951171875,419.9200134277344,422.1099853515625,392.25653076171875,80386100,0.0,0.0,0.0
2021-06-17 04:00:00+00:00,421.6700134277344,423.0199890136719,419.32000732421875,421.9700012207031,392.12640380859375,90949700,0.0,0.0,0.0
2021-06-18 04:00:00+00:00,417.0899963378906,417.8299865722656,414.70001220703125,414.9200134277344,386.83636474609375,118676300,1.376,0.0,0.0
2021-06-21 04:00:00+00:00,416.79998779296875,421.05999755859375,415.92999267578125,420.8599853515625,392.37432861328125,72822000,0.0,0.0,0.0
2021-06-22 04:00:00+00:00,420.8500061035156,424.0,420.0799865722656,423.1099853515625,394.47210693359375,57700300,0.0,0.0,0.0
2021-06-23 04:00:00+00:00,423.19000244140625,424.04998779296875,422.510009765625,422.6000061035156,393.99664306640625,49445400,0.0,0.0,0.0
2021-06-24 04:00:00+00:00,424.8900146484375,425.54998779296875,424.6199951171875,425.1000061035156,396.3273620605469,45110300,0.0,0.0,0.0
2021-06-25 04:00:00+00:00,425.8999938964844,427.0899963378906,425.54998779296875,426.6099853515625,397.7351989746094,58129500,0.0,0.0,0.0
2021-06-28 04:00:00+00:00,427.1700134277344,427.6499938964844,425.8900146484375,427.4700012207031,398.5369567871094,53159600,0.0,0.0,0.0
2021-06-29 04:00:00+00:00,427.8800048828125,428.55999755859375,427.1300048828125,427.70001220703125,398.75140380859375,35970500,0.0,0.0,0.0
2021-06-30 04:00:00+00:00,427.2099914550781,428.7799987792969,427.17999267578125,428.05999755859375,399.08697509765625,64827900,0.0,0.0,0.0
2021-07-01 04:00:00+00:00,428.8699951171875,430.6000061035156,428.79998779296875,430.42999267578125,401.2966003417969,53441000,0.0,0.0,0.0
2021-07-02 04:00:00+00:00,431.6700134277344,434.1000061035156,430.5199890136719,433.7200012207031,404.3638916015625,57697700,0.0,0.0,0.0
2021-07-06 04:00:00+00:00,433.7799987792969,434.010009765625,430.010009765625,432.92999267578125,403.62744140625,68710400,0.0,0.0,0.0
2021-07-07 04:00:00+00:00,433.6600036621094,434.760009765625,431.510009765625,434.4599914550781,405.0538024902344,63549500,0.0,0.0,0.0
2021-07-08 04:00:00+00:00,428.7799987792969,431.7300109863281,427.5199890136719,430.9200134277344,401.7535095214844,97595200,0.0,0.0,0.0
2021-07-09 04:00:00+00:00,432.5299987792969,435.8399963378906,430.7099914550781,435.5199890136719,406.0420227050781,76238600,0.0,0.0,0.0
2021-07-12 04:00:00+00:00,435.42999267578125,437.3500061035156,434.9700012207031,437.0799865722656,407.4965515136719,52889600,0.0,0.0,0.0
2021-07-13 04:00:00+00:00,436.239990234375,437.8399963378906,435.30999755859375,435.5899963378906,406.10736083984375,52911300,0.0,0.0,0.0
2021-07-14 04:00:00+00:00,437.3999938964844,437.9200134277344,434.9100036621094,436.239990234375,406.7133483886719,64130400,0.0,0.0,0.0
2021-07-15 04:00:00+00:00,434.80999755859375,435.5299987792969,432.7200012207031,434.75,405.32421875,55126400,0.0,0.0,0.0
2021-07-16 04:00:00+00:00,436.010009765625,436.05999755859375,430.9200134277344,431.3399963378906,402.14508056640625,75874700,0.0,0.0,0.0
2021-07-19 04:00:00+00:00,426.19000244140625,431.4100036621094,421.9700012207031,424.9700012207031,396.2061767578125,147987000,0.0,0.0,0.0
2021-07-20 04:00:00+00:00,425.67999267578125,432.4200134277344,424.8299865722656,431.05999755859375,401.8838806152344,99608200,0.0,0.0,0.0
2021-07-21 04:00:00+00:00,432.3399963378906,434.70001220703125,431.010009765625,434.54998779296875,405.13775634765625,64724400,0.0,0.0,0.0
2021-07-22 04:00:00+00:00,434.739990234375,435.7200012207031,433.69000244140625,435.4599914550781,405.9861755371094,47878500,0.0,0.0,0.0
2021-07-23 04:00:00+00:00,437.5199890136719,440.29998779296875,436.7900085449219,439.94000244140625,410.16290283203125,63766600,0.0,0.0,0.0
2021-07-26 04:00:00+00:00,439.30999755859375,441.0299987792969,439.260009765625,441.0199890136719,411.1697998046875,43719200,0.0,0.0,0.0
2021-07-27 04:00:00+00:00,439.9100036621094,439.94000244140625,435.989990234375,439.010009765625,409.2958984375,67397100,0.0,0.0,0.0
2021-07-28 04:00:00+00:00,439.67999267578125,440.29998779296875,437.30999755859375,438.8299865722656,409.1280212402344,52472400,0.0,0.0,0.0
2021-07-29 04:00:00+00:00,439.82000732421875,441.79998779296875,439.80999755859375,440.6499938964844,410.82476806640625,47435300,0.0,0.0,0.0
2021-07-30 04:00:00+00:00,437.9100036621094,440.05999755859375,437.7699890136719,438.510009765625,408.8296813964844,68951200,0.0,0.0,0.0
2021-08-02 04:00:00+00:00,440.3399963378906,440.92999267578125,437.2099914550781,437.5899963378906,407.9720458984375,58783300,0.0,0.0,0.0
2021-08-03 04:00:00+00:00,438.44000244140625,441.2799987792969,436.1000061035156,441.1499938964844,411.29095458984375,58053900,0.0,0.0,0.0
2021-08-04 04:00:00+00:00,439.7799987792969,441.1199951171875,438.7300109863281,438.9800109863281,409.2679443359375,46732200,0.0,0.0,0.0
2021-08-05 04:00:00+00:00,440.2200012207031,441.8500061035156,439.8800048828125,441.760009765625,411.85968017578125,38969700,0.0,0.0,0.0
2021-08-06 04:00:00+00:00,442.1000061035156,442.94000244140625,441.79998779296875,442.489990234375,412.540283203125,46930000,0.0,0.0,0.0
2021-08-09 04:00:00+00:00,442.4599914550781,442.79998779296875,441.30999755859375,442.1300048828125,412.2047119140625,41222600,0.0,0.0,0.0
2021-08-10 04:00:00+00:00,442.6099853515625,443.44000244140625,441.8800048828125,442.67999267578125,412.7174987792969,43339300,0.0,0.0,0.0
2021-08-11 04:00:00+00:00,443.82000732421875,443.8800048828125,442.6199951171875,443.7799987792969,413.7430419921875,44034300,0.0,0.0,0.0
2021-08-12 04:00:00+00:00,443.6199951171875,445.260009765625,442.6600036621094,445.1099853515625,414.98291015625,38909400,0.0,0.0,0.0
2021-08-13 04:00:00+00:00,445.5899963378906,445.94000244140625,445.07000732421875,445.9200134277344,415.7381896972656,39470300,0.0,0.0,0.0
2021-08-16 04:00:00+00:00,444.5299987792969,447.1099853515625,442.8699951171875,446.9700012207031,416.71710205078125,73740000,0.0,0.0,0.0
2021-08-17 04:00:00+00:00,444.239990234375,444.9599914550781,440.8500061035156,444.0400085449219,413.9855041503906,92673900,0.0,0.0,0.0
2021-08-18 04:00:00+00:00,442.9599914550781,444.6300048828125,438.9200134277344,439.17999267578125,409.45440673828125,89351900,0.0,0.0,0.0
2021-08-19 04:00:00+00:00,436.2699890136719,441.1400146484375,436.1199951171875,439.8599853515625,410.0883483886719,92812200,0.0,0.0,0.0
2021-08-20 04:00:00+00:00,440.2300109863281,443.7099914550781,439.7099914550781,443.3599853515625,413.35137939453125,72008700,0.0,0.0,0.0
2021-08-23 04:00:00+00:00,445.1600036621094,448.2300109863281,443.44000244140625,447.260009765625,416.987548828125,54973000,0.0,0.0,0.0
2021-08-24 04:00:00+00:00,447.9700012207031,448.5400085449219,447.4200134277344,447.9700012207031,417.6494140625,38744700,0.0,0.0,0.0
2021-08-25 04:00:00+00:00,448.1700134277344,449.4599914550781,447.7699890136719,448.9100036621094,418.52581787109375,40529700,0.0,0.0,0.0
2021-08-26 04:00:00+00:00,448.6099853515625,448.8599853515625,446.1600036621094,446.260009765625,416.05517578125,57829600,0.0,0.0,0.0
2021-08-27 04:00:00+00:00,447.1199951171875,450.6499938964844,447.05999755859375,450.25,419.7750549316406,77235100,0.0,0.0,0.0
2021-08-30 04:00:00+00:00,450.9700012207031,453.07000732421875,450.7099914550781,452.2300109863281,421.62103271484375,48357400,0.0,0.0,0.0
2021-08-31 04:00:00+00:00,452.1300048828125,452.489990234375,450.9200134277344,451.55999755859375,420.9964294433594,59300200,0.0,0.0,0.0
2021-09-01 04:00:00+00:00,452.55999755859375,453.1099853515625,451.54998779296875,451.79998779296875,421.22021484375,48721400,0.0,0.0,0.0
2021-09-02 04:00:00+00:00,453.32000732421875,454.04998779296875,451.9100036621094,453.19000244140625,422.51611328125,42501000,0.0,0.0,0.0
2021-09-03 04:00:00+00:00,451.9800109863281,453.6300048828125,451.54998779296875,453.0799865722656,422.41357421875,47170500,0.0,0.0,0.0
2021-09-07 04:00:00+00:00,452.7099914550781,452.80999755859375,450.739990234375,451.4599914550781,420.9031677246094,51671500,0.0,0.0,0.0
2021-09-08 04:00:00+00:00,450.8900146484375,451.6700134277344,448.8599853515625,450.9100036621094,420.3904724121094,56181900,0.0,0.0,0.0
2021-09-09 04:00:00+00:00,450.70001220703125,452.57000732421875,448.7200012207031,448.9800109863281,418.59112548828125,57970400,0.0,0.0,0.0
2021-09-10 04:00:00+00:00,451.0400085449219,451.489990234375,445.30999755859375,445.44000244140625,415.2906494140625,89948200,0.0,0.0,0.0
2021-09-13 04:00:00+00:00,448.6400146484375,448.9200134277344,444.1099853515625,446.5799865722656,416.3534851074219,83738600,0.0,0.0,0.0
2021-09-14 04:00:00+00:00,448.1199951171875,448.3399963378906,443.2200012207031,444.1700134277344,414.1065979003906,78197100,0.0,0.0,0.0
2021-09-15 04:00:00+00:00,444.6199951171875,448.4100036621094,443.44000244140625,447.8800048828125,417.56549072265625,78792200,0.0,0.0,0.0
2021-09-16 04:00:00+00:00,447.32000732421875,448.3599853515625,444.0199890136719,447.1700134277344,416.903564453125,77786700,0.0,0.0,0.0
2021-09-17 04:00:00+00:00,444.9200134277344,445.3699951171875,441.0199890136719,441.3999938964844,412.8424987792969,118425000,1.428,0.0,0.0
2021-09-20 04:00:00+00:00,434.8800048828125,436.55999755859375,428.8599853515625,434.0400085449219,405.9586486816406,166445500,0.0,0.0,0.0
2021-09-21 04:00:00+00:00,436.5299987792969,437.9100036621094,433.07000732421875,433.6300048828125,405.57525634765625,92526100,0.0,0.0,0.0
2021-09-22 04:00:00+00:00,436.04998779296875,440.0299987792969,433.75,437.8599853515625,409.53155517578125,102350100,0.0,0.0,0.0
2021-09-23 04:00:00+00:00,439.8500061035156,444.8900146484375,439.6000061035156,443.17999267578125,414.5073547363281,76396000,0.0,0.0,0.0
2021-09-24 04:00:00+00:00,441.44000244140625,444.6700134277344,441.2099914550781,443.9100036621094,415.190185546875,62094800,0.0,0.0,0.0
2021-09-27 04:00:00+00:00,442.80999755859375,444.04998779296875,441.8999938964844,442.6400146484375,414.0023193359375,61371100,0.0,0.0,0.0
2021-09-28 04:00:00+00:00,439.69000244140625,440.0400085449219,432.94000244140625,433.7200012207031,405.659423828125,130436300,0.0,0.0,0.0
2021-09-29 04:00:00+00:00,435.19000244140625,437.0400085449219,433.8500061035156,434.45001220703125,406.34222412109375,82329200,0.0,0.0,0.0
2021-09-30 04:00:00+00:00,436.0199890136719,436.7699890136719,428.7799987792969,429.1400146484375,401.37567138671875,140506000,0.0,0.0,0.0
2021-10-01 04:00:00+00:00,430.9800109863281,436.0299987792969,427.2300109863281,434.239990234375,406.1457824707031,129240100,0.0,0.0,0.0
2021-10-04 04:00:00+00:00,433.0,433.9599914550781,426.3599853515625,428.6400146484375,400.9080810546875,128570000,0.0,0.0,0.0
2021-10-05 04:00:00+00:00,430.239990234375,435.489990234375,429.3900146484375,433.1000061035156,405.0794677734375,90682500,0.0,0.0,0.0
2021-10-06 04:00:00+00:00,429.2699890136719,435.1199951171875,427.5400085449219,434.8999938964844,406.7630615234375,113032200,0.0,0.0,0.0
2021-10-07 04:00:00+00:00,438.3900146484375,441.67999267578125,438.20001220703125,438.6600036621094,410.2798156738281,72437500,0.0,0.0,0.0
2021-10-08 04:00:00+00:00,439.4800109863281,439.8900146484375,437.19000244140625,437.8599853515625,409.53155517578125,74557400,0.0,0.0,0.0
2021-10-11 04:00:00+00:00,437.1600036621094,440.260009765625,434.6199951171875,434.69000244140625,406.5666198730469,65233300,0.0,0.0,0.0
2021-10-12 04:00:00+00:00,435.6700134277344,436.1000061035156,432.7799987792969,433.6199951171875,405.5658874511719,71181200,0.0,0.0,0.0
2021-10-13 04:00:00+00:00,434.7099914550781,436.04998779296875,431.5400085449219,435.17999267578125,407.02496337890625,72974000,0.0,0.0,0.0
2021-10-14 04:00:00+00:00,439.0799865722656,442.6600036621094,438.5799865722656,442.5,413.8713073730469,70236800,0.0,0.0,0.0
2021-10-15 04:00:00+00:00,444.75,446.260009765625,444.0899963378906,445.8699951171875,417.0232849121094,66260200,0.0,0.0,0.0
2021-10-18 04:00:00+00:00,443.9700012207031,447.54998779296875,443.2699890136719,447.19000244140625,418.25787353515625,62213200,0.0,0.0,0.0
2021-10-19 04:00:00+00:00,448.9200134277344,450.7099914550781,448.2699890136719,450.6400146484375,421.4847106933594,46996800,0.0,0.0,0.0
2021-10-20 04:00:00+00:00,451.1300048828125,452.7300109863281,451.010009765625,452.4100036621094,423.1401062011719,49571600,0.0,0.0,0.0
2021-10-21 04:00:00+00:00,451.7699890136719,453.8299865722656,451.30999755859375,453.5899963378906,424.2438659667969,41305400,0.0,0.0,0.0
2021-10-22 04:00:00+00:00,453.1300048828125,454.6700134277344,451.04998779296875,453.1199951171875,423.8042297363281,58845100,0.0,0.0,0.0
2021-10-25 04:00:00+00:00,454.2799987792969,455.8999938964844,452.3900146484375,455.54998779296875,426.0770263671875,45214500,0.0,0.0,0.0
2021-10-26 04:00:00+00:00,457.20001220703125,458.489990234375,455.55999755859375,455.9599914550781,426.4604797363281,56075100,0.0,0.0,0.0
2021-10-27 04:00:00+00:00,456.45001220703125,457.1600036621094,453.8599853515625,453.94000244140625,424.5711669921875,72438000,0.0,0.0,0.0
2021-10-28 04:00:00+00:00,455.4599914550781,458.3999938964844,455.45001220703125,458.32000732421875,428.6678161621094,51437900,0.0,0.0,0.0
2021-10-29 04:00:00+00:00,455.8699951171875,459.55999755859375,455.55999755859375,459.25,429.53759765625,70162400,0.0,0.0,0.0
2021-11-01 04:00:00+00:00,460.29998779296875,460.70001220703125,458.20001220703125,460.0400085449219,430.27655029296875,48433600,0.0,0.0,0.0
2021-11-02 04:00:00+00:00,460.2200012207031,462.2300109863281,460.0799865722656,461.8999938964844,432.0162048339844,48908400,0.0,0.0,0.0
2021-11-03 04:00:00+00:00,461.29998779296875,465.1499938964844,460.8299865722656,464.7200012207031,434.6537780761719,52509800,0.0,0.0,0.0
2021-11-04 04:00:00+00:00,465.3599853515625,467.0,464.989990234375,466.9100036621094,436.7020568847656,52847100,0.0,0.0,0.0
2021-11-05 04:00:00+00:00,469.2799987792969,470.6499938964844,466.9200134277344,468.5299987792969,438.21728515625,66390600,0.0,0.0,0.0
2021-11-08 05:00:00+00:00,469.70001220703125,470.2300109863281,468.20001220703125,468.92999267578125,438.5914001464844,50405200,0.0,0.0,0.0
2021-11-09 05:00:00+00:00,469.32000732421875,469.57000732421875,465.8800048828125,467.3800048828125,437.1416320800781,51149100,0.0,0.0,0.0
2021-11-10 05:00:00+00:00,465.5799865722656,467.3800048828125,462.0400085449219,463.6199951171875,433.62493896484375,69429700,0.0,0.0,0.0
2021-11-11 05:00:00+00:00,465.2099914550781,465.2900085449219,463.75,463.7699890136719,433.7651672363281,34848500,0.0,0.0,0.0
2021-11-12 05:00:00+00:00,465.1199951171875,467.8599853515625,464.1099853515625,467.2699890136719,437.0387268066406,53466700,0.0,0.0,0.0
2021-11-15 05:00:00+00:00,468.6400146484375,468.80999755859375,466.2300109863281,467.42999267578125,437.1884460449219,46980500,0.0,0.0,0.0
2021-11-16 05:00:00+00:00,467.1499938964844,470.489990234375,467.07000732421875,469.2799987792969,438.9187316894531,48857500,0.0,0.0,0.0
2021-11-17 05:00:00+00:00,469.0,469.19000244140625,467.4800109863281,468.1400146484375,437.8524475097656,47858300,0.0,0.0,0.0
2021-11-18 05:00:00+00:00,469.239990234375,470.010009765625,466.3399963378906,469.7300109863281,439.3396301269531,50625600,0.0,0.0,0.0
2021-11-19 05:00:00+00:00,469.6099853515625,470.94000244140625,468.5,468.8900146484375,438.5539245605469,57315600,0.0,0.0,0.0
2021-11-22 05:00:00+00:00,470.8900146484375,473.5400085449219,467.3500061035156,467.57000732421875,437.3193664550781,72762000,0.0,0.0,0.0
2021-11-23 05:00:00+00:00,467.2200012207031,469.1000061035156,464.45001220703125,468.19000244140625,437.8992614746094,73206500,0.0,0.0,0.0
2021-11-24 05:00:00+00:00,466.05999755859375,469.57000732421875,465.19000244140625,469.44000244140625,439.0684509277344,61858800,0.0,0.0,0.0
2021-11-26 05:00:00+00:00,462.3399963378906,463.8999938964844,457.7699890136719,458.9700012207031,429.2757263183594,112669600,0.0,0.0,0.0
2021-11-29 05:00:00+00:00,464.07000732421875,466.55999755859375,461.7300109863281,464.6000061035156,434.54150390625,86268800,0.0,0.0,0.0
2021-11-30 05:00:00+00:00,462.0,464.0299987792969,455.29998779296875,455.55999755859375,426.08642578125,148559600,0.0,0.0,0.0
2021-12-01 05:00:00+00:00,461.6400146484375,464.6700134277344,450.2900085449219,450.5,421.3537292480469,131939200,0.0,0.0,0.0
2021-12-02 05:00:00+00:00,450.7300109863281,459.07000732421875,450.30999755859375,457.3999938964844,427.807373046875,127637800,0.0,0.0,0.0
2021-12-03 05:00:00+00:00,459.1700134277344,460.29998779296875,448.9200134277344,453.4200134277344,424.0848083496094,137331600,0.0,0.0,0.0
2021-12-06 05:00:00+00:00,456.1300048828125,460.7900085449219,453.55999755859375,458.7900085449219,429.1074523925781,98977500,0.0,0.0,0.0
2021-12-07 05:00:00+00:00,464.4100036621094,468.8800048828125,458.6499938964844,468.2799987792969,437.9834289550781,95484700,0.0,0.0,0.0
2021-12-08 05:00:00+00:00,468.70001220703125,470.0,466.8299865722656,469.5199890136719,439.14324951171875,72238800,0.0,0.0,0.0
2021-12-09 05:00:00+00:00,468.1499938964844,469.6300048828125,466.1400146484375,466.3500061035156,436.1782531738281,61272600,0.0,0.0,0.0
2021-12-10 05:00:00+00:00,469.2300109863281,470.8999938964844,466.510009765625,470.739990234375,440.2842712402344,77159800,0.0,0.0,0.0
2021-12-13 05:00:00+00:00,470.19000244140625,470.55999755859375,466.2699890136719,466.57000732421875,436.38409423828125,87724700,0.0,0.0,0.0
2021-12-14 05:00:00+00:00,463.0899963378906,465.739990234375,460.25,463.3599853515625,433.3817138671875,97264100,0.0,0.0,0.0
2021-12-15 05:00:00+00:00,463.4200134277344,470.8599853515625,460.739990234375,470.6000061035156,440.1533508300781,116899300,0.0,0.0,0.0
2021-12-16 05:00:00+00:00,472.57000732421875,472.8699951171875,464.79998779296875,466.45001220703125,436.2718811035156,116568600,0.0,0.0,0.0
2021-12-17 05:00:00+00:00,461.54998779296875,464.739990234375,458.05999755859375,459.8699951171875,431.6286315917969,135511600,1.633,0.0,0.0
2021-12-20 05:00:00+00:00,454.4800109863281,455.3999938964844,451.1400146484375,454.9800109863281,427.03900146484375,107134800,0.0,0.0,0.0
2021-12-21 05:00:00+00:00,458.6099853515625,463.2099914550781,456.30999755859375,463.05999755859375,434.6227111816406,69806300,0.0,0.0,0.0
2021-12-22 05:00:00+00:00,462.7900085449219,467.80999755859375,462.5799865722656,467.69000244140625,438.9683837890625,58890200,0.0,0.0,0.0
2021-12-23 05:00:00+00:00,468.75,472.19000244140625,468.6400146484375,470.6000061035156,441.69970703125,56439700,0.0,0.0,0.0
2021-12-27 05:00:00+00:00,472.05999755859375,477.30999755859375,472.010009765625,477.260009765625,447.9507141113281,56808600,0.0,0.0,0.0
2021-12-28 05:00:00+00:00,477.7200012207031,478.80999755859375,476.05999755859375,476.8699951171875,447.5846252441406,47274600,0.0,0.0,0.0
2021-12-29 05:00:00+00:00,476.9800109863281,478.55999755859375,475.9200134277344,477.4800109863281,448.1572570800781,54503000,0.0,0.0,0.0
2021-12-30 05:00:00+00:00,477.92999267578125,479.0,475.6700134277344,476.1600036621094,446.9182434082031,55329000,0.0,0.0,0.0
2021-12-31 05:00:00+00:00,475.6400146484375,476.8599853515625,474.6700134277344,474.9599914550781,445.7919006347656,65237400,0.0,0.0,0.0
2022-01-03 05:00:00+00:00,476.29998779296875,477.8500061035156,473.8500061035156,477.7099914550781,448.3730163574219,72668200,0.0,0.0,0.0
2022-01-04 05:00:00+00:00,479.2200012207031,479.9800109863281,475.5799865722656,477.54998779296875,448.222900390625,71178700,0.0,0.0,0.0
2022-01-05 05:00:00+00:00,477.1600036621094,477.9800109863281,468.2799987792969,468.3800048828125,439.6159973144531,104538900,0.0,0.0,0.0
2022-01-06 05:00:00+00:00,467.8900146484375,470.82000732421875,465.42999267578125,467.94000244140625,439.2030944824219,86858900,0.0,0.0,0.0
2022-01-07 05:00:00+00:00,467.95001220703125,469.20001220703125,464.6499938964844,466.0899963378906,437.46661376953125,85111600,0.0,0.0,0.0
2022-01-10 05:00:00+00:00,462.70001220703125,465.739990234375,456.6000061035156,465.510009765625,436.92230224609375,119362000,0.0,0.0,0.0
2022-01-11 05:00:00+00:00,465.2300109863281,469.8500061035156,462.04998779296875,469.75,440.9019775390625,74303100,0.0,0.0,0.0
2022-01-12 05:00:00+00:00,471.5899963378906,473.20001220703125,468.94000244140625,471.0199890136719,442.0939025878906,67605400,0.0,0.0,0.0
2022-01-13 05:00:00+00:00,472.19000244140625,472.8800048828125,463.44000244140625,464.5299987792969,436.0024719238281,91173100,0.0,0.0,0.0
2022-01-14 05:00:00+00:00,461.19000244140625,465.0899963378906,459.8999938964844,464.7200012207031,436.1808166503906,95890900,0.0,0.0,0.0
2022-01-18 05:00:00+00:00,459.739990234375,459.9599914550781,455.30999755859375,456.489990234375,428.45623779296875,109709100,0.0,0.0,0.0
2022-01-19 05:00:00+00:00,458.1300048828125,459.6099853515625,451.4599914550781,451.75,424.00726318359375,109357600,0.0,0.0,0.0
2022-01-20 05:00:00+00:00,453.75,458.739990234375,444.5,446.75,419.3143310546875,122379700,0.0,0.0,0.0
2022-01-21 05:00:00+00:00,445.55999755859375,448.05999755859375,437.95001220703125,437.9800109863281,411.08294677734375,202271200,0.0,0.0,0.0
2022-01-24 05:00:00+00:00,432.0299987792969,440.3800048828125,420.760009765625,439.8399963378906,412.82867431640625,251783900,0.0,0.0,0.0
2022-01-25 05:00:00+00:00,433.05999755859375,439.7200012207031,427.1499938964844,434.4700012207031,407.78851318359375,167997300,0.0,0.0,0.0
2022-01-26 05:00:00+00:00,440.7200012207031,444.0400085449219,428.8599853515625,433.3800048828125,406.7654113769531,186391100,0.0,0.0,0.0
2022-01-27 05:00:00+00:00,438.260009765625,441.5899963378906,429.45001220703125,431.239990234375,404.7568664550781,149878300,0.0,0.0,0.0
2022-01-28 05:00:00+00:00,432.67999267578125,442.0,427.82000732421875,441.95001220703125,414.8091735839844,164457400,0.0,0.0,0.0
2022-01-31 05:00:00+00:00,441.239990234375,450.2799987792969,439.80999755859375,449.9100036621094,422.28021240234375,152251400,0.0,0.0,0.0
2022-02-01 05:00:00+00:00,450.67999267578125,453.6300048828125,446.94000244140625,452.95001220703125,425.1335754394531,123155400,0.0,0.0,0.0
2022-02-02 05:00:00+00:00,455.5,458.1199951171875,453.04998779296875,457.3500061035156,429.2634582519531,117361000,0.0,0.0,0.0
2022-02-03 05:00:00+00:00,450.95001220703125,452.9700012207031,445.7099914550781,446.6000061035156,419.1736145019531,118024400,0.0,0.0,0.0
2022-02-04 05:00:00+00:00,446.3500061035156,452.7799987792969,443.8299865722656,448.70001220703125,421.1446228027344,118454400,0.0,0.0,0.0
2022-02-07 05:00:00+00:00,449.510009765625,450.989990234375,445.8500061035156,447.260009765625,419.79302978515625,84472900,0.0,0.0,0.0
2022-02-08 05:00:00+00:00,446.7300109863281,451.9200134277344,445.2200012207031,450.94000244140625,423.2471008300781,81012000,0.0,0.0,0.0
2022-02-09 05:00:00+00:00,455.2200012207031,457.8800048828125,455.010009765625,457.5400085449219,429.4418029785156,92589900,0.0,0.0,0.0
2022-02-10 05:00:00+00:00,451.3399963378906,457.7099914550781,447.20001220703125,449.32000732421875,421.7265625,140103700,0.0,0.0,0.0
2022-02-11 05:00:00+00:00,449.4100036621094,451.6099853515625,438.94000244140625,440.4599914550781,413.41064453125,153214600,0.0,0.0,0.0
2022-02-14 05:00:00+00:00,439.9200134277344,441.6000061035156,435.3399963378906,439.0199890136719,412.05902099609375,123006300,0.0,0.0,0.0
2022-02-15 05:00:00+00:00,443.7300109863281,446.2799987792969,443.17999267578125,446.1000061035156,418.70428466796875,88482700,0.0,0.0,0.0
2022-02-16 05:00:00+00:00,443.92999267578125,448.05999755859375,441.94000244140625,446.6000061035156,419.1736145019531,84863600,0.0,0.0,0.0
2022-02-17 05:00:00+00:00,443.2200012207031,446.57000732421875,436.4200134277344,437.05999755859375,410.21942138671875,102259100,0.0,0.0,0.0
2022-02-18 05:00:00+00:00,437.3299865722656,438.6600036621094,431.82000732421875,434.2300109863281,407.5632629394531,132642900,0.0,0.0,0.0
2022-02-22 05:00:00+00:00,431.8900146484375,435.5,425.8599853515625,429.57000732421875,403.1894836425781,124391800,0.0,0.0,0.0
2022-02-23 05:00:00+00:00,432.6600036621094,433.260009765625,421.3500061035156,421.95001220703125,396.0373840332031,132578000,0.0,0.0,0.0
2022-02-24 05:00:00+00:00,411.0199890136719,428.760009765625,410.6400146484375,428.29998779296875,401.9974060058594,213942900,0.0,0.0,0.0
2022-02-25 05:00:00+00:00,429.6099853515625,437.8399963378906,427.8599853515625,437.75,410.8670959472656,121804500,0.0,0.0,0.0
2022-02-28 05:00:00+00:00,432.0299987792969,438.20001220703125,430.70001220703125,436.6300048828125,409.81585693359375,145615000,0.0,0.0,0.0
2022-03-01 05:00:00+00:00,435.0400085449219,437.1700134277344,427.1099853515625,429.9800109863281,403.5742492675781,137785900,0.0,0.0,0.0
2022-03-02 05:00:00+00:00,432.3699951171875,439.7200012207031,431.57000732421875,437.8900146484375,410.9985046386719,117726500,0.0,0.0,0.0
2022-03-03 05:00:00+00:00,440.4700012207031,441.1099853515625,433.79998779296875,435.7099914550781,408.95233154296875,105501700,0.0,0.0,0.0
2022-03-04 05:00:00+00:00,431.75,433.3699951171875,427.8800048828125,432.1700134277344,405.6297302246094,113978200,0.0,0.0,0.0
2022-03-07 05:00:00+00:00,431.54998779296875,432.29998779296875,419.3599853515625,419.42999267578125,393.672119140625,137896600,0.0,0.0,0.0
2022-03-08 05:00:00+00:00,419.6199951171875,427.2099914550781,415.1199951171875,416.25,390.68743896484375,164772700,0.0,0.0,0.0
2022-03-09 05:00:00+00:00,425.1400146484375,429.510009765625,422.82000732421875,427.4100036621094,401.1621398925781,116990800,0.0,0.0,0.0
2022-03-10 05:00:00+00:00,422.5199890136719,426.42999267578125,420.44000244140625,425.4800109863281,399.3504638671875,93972700,0.0,0.0,0.0
2022-03-11 05:00:00+00:00,428.1199951171875,428.7699890136719,419.5299987792969,420.07000732421875,394.27288818359375,95636300,0.0,0.0,0.0
2022-03-14 04:00:00+00:00,420.8900146484375,424.54998779296875,415.7900085449219,417.0,391.3913269042969,95729200,0.0,0.0,0.0
2022-03-15 04:00:00+00:00,419.7699890136719,426.8399963378906,418.4200134277344,426.1700134277344,399.9981994628906,106219100,0.0,0.0,0.0
2022-03-16 04:00:00+00:00,429.8900146484375,435.67999267578125,424.79998779296875,435.6199951171875,408.8678283691406,144954800,0.0,0.0,0.0
2022-03-17 04:00:00+00:00,433.5899963378906,441.07000732421875,433.19000244140625,441.07000732421875,413.9831848144531,102676900,0.0,0.0,0.0
2022-03-18 04:00:00+00:00,438.0,444.8599853515625,437.2200012207031,444.5199890136719,418.5174255371094,106345500,1.366,0.0,0.0
2022-03-21 04:00:00+00:00,444.3399963378906,446.4599914550781,440.67999267578125,444.3900146484375,418.3951110839844,88349800,0.0,0.0,0.0
2022-03-22 04:00:00+00:00,445.8599853515625,450.5799865722656,445.8599853515625,449.5899963378906,423.2908630371094,74650400,0.0,0.0,0.0
2022-03-23 04:00:00+00:00,446.9100036621094,448.489990234375,443.7099914550781,443.79998779296875,417.839599609375,79426100,0.0,0.0,0.0
2022-03-24 04:00:00+00:00,445.94000244140625,450.5,444.760009765625,450.489990234375,424.13818359375,64736900,0.0,0.0,0.0
2022-03-25 04:00:00+00:00,451.1600036621094,452.9800109863281,448.42999267578125,452.69000244140625,426.20953369140625,77101300,0.0,0.0,0.0
2022-03-28 04:00:00+00:00,452.05999755859375,455.9100036621094,450.05999755859375,455.9100036621094,429.2412109375,68529800,0.0,0.0,0.0
2022-03-29 04:00:00+00:00,460.0199890136719,462.07000732421875,457.17999267578125,461.54998779296875,434.55126953125,86581500,0.0,0.0,0.0
2022-03-30 04:00:00+00:00,460.3399963378906,461.20001220703125,456.4700012207031,458.70001220703125,431.86798095703125,79666900,0.0,0.0,0.0
2022-03-31 04:00:00+00:00,457.8900146484375,458.760009765625,451.1600036621094,451.6400146484375,425.22100830078125,121699900,0.0,0.0,0.0
2022-04-01 04:00:00+00:00,453.30999755859375,453.4599914550781,449.1400146484375,452.9200134277344,426.42608642578125,89048800,0.0,0.0,0.0
2022-04-04 04:00:00+00:00,453.1300048828125,456.9100036621094,452.260009765625,456.79998779296875,430.0791320800781,59601000,0.0,0.0,0.0
2022-04-05 04:00:00+00:00,455.2200012207031,457.8299865722656,449.82000732421875,451.0299987792969,424.6465759277344,74214500,0.0,0.0,0.0
2022-04-06 04:00:00+00:00,446.8900146484375,448.92999267578125,443.4700012207031,446.5199890136719,420.4004211425781,106898000,0.0,0.0,0.0
2022-04-07 04:00:00+00:00,445.5899963378906,450.69000244140625,443.5299987792969,448.7699890136719,422.5188293457031,78097200,0.0,0.0,0.0
2022-04-08 04:00:00+00:00,447.9700012207031,450.6300048828125,445.94000244140625,447.57000732421875,421.3890075683594,79272700,0.0,0.0,0.0
2022-04-11 04:00:00+00:00,444.1099853515625,445.0,439.3900146484375,439.9200134277344,414.1865539550781,89770500,0.0,0.0,0.0
2022-04-12 04:00:00+00:00,443.0799865722656,445.75,436.6499938964844,438.2900085449219,412.6518859863281,84363600,0.0,0.0,0.0
2022-04-13 04:00:00+00:00,438.0299987792969,444.1099853515625,437.8399963378906,443.30999755859375,417.37823486328125,74070400,0.0,0.0,0.0
2022-04-14 04:00:00+00:00,443.54998779296875,444.7300109863281,437.67999267578125,437.7900085449219,412.18109130859375,97869500,0.0,0.0,0.0
2022-04-18 04:00:00+00:00,436.80999755859375,439.75,435.6099853515625,437.9700012207031,412.3505859375,66002500,0.0,0.0,0.0
2022-04-19 04:00:00+00:00,437.8599853515625,445.79998779296875,437.67999267578125,445.0400085449219,419.007080078125,77821000,0.0,0.0,0.0
2022-04-20 04:00:00+00:00,446.9200134277344,447.57000732421875,443.4800109863281,444.7099914550781,418.6963806152344,65224400,0.0,0.0,0.0
2022-04-21 04:00:00+00:00,448.5400085449219,450.010009765625,437.1000061035156,438.05999755859375,412.4353332519531,85417300,0.0,0.0,0.0
2022-04-22 04:00:00+00:00,436.9100036621094,438.0799865722656,425.44000244140625,426.0400085449219,401.1184387207031,132471800,0.0,0.0,0.0
2022-04-25 04:00:00+00:00,423.6700134277344,428.69000244140625,418.8399963378906,428.510009765625,403.44403076171875,119647700,0.0,0.0,0.0
2022-04-26 04:00:00+00:00,425.8299865722656,426.0400085449219,416.07000732421875,416.1000061035156,391.7598876953125,103996300,0.0,0.0,0.0
2022-04-27 04:00:00+00:00,417.239990234375,422.9200134277344,415.010009765625,417.2699890136719,392.8614501953125,122030000,0.0,0.0,0.0
2022-04-28 04:00:00+00:00,422.2900085449219,429.6400146484375,417.6000061035156,427.80999755859375,402.784912109375,105449100,0.0,0.0,0.0
2022-04-29 04:00:00+00:00,423.5899963378906,425.8699951171875,411.2099914550781,412.0,387.89971923828125,145491100,0.0,0.0,0.0
2022-05-02 04:00:00+00:00,412.07000732421875,415.9200134277344,405.0199890136719,414.4800109863281,390.23468017578125,158312500,0.0,0.0,0.0
2022-05-03 04:00:00+00:00,415.010009765625,418.92999267578125,413.3599853515625,416.3800048828125,392.0235290527344,100028200,0.0,0.0,0.0
2022-05-04 04:00:00+00:00,417.0799865722656,429.6600036621094,413.7099914550781,429.05999755859375,403.9617614746094,144247900,0.0,0.0,0.0
2022-05-05 04:00:00+00:00,424.54998779296875,425.0,409.44000244140625,413.80999755859375,389.6039123535156,172929100,0.0,0.0,0.0
2022-05-06 04:00:00+00:00,411.1000061035156,414.79998779296875,405.7300109863281,411.3399963378906,387.2783508300781,151770800,0.0,0.0,0.0
2022-05-09 04:00:00+00:00,405.1000061035156,406.4100036621094,396.5,398.1700134277344,374.8787536621094,155586100,0.0,0.0,0.0
2022-05-10 04:00:00+00:00,404.489990234375,406.0799865722656,394.82000732421875,399.0899963378906,375.74493408203125,132497200,0.0,0.0,0.0
2022-05-11 04:00:00+00:00,398.07000732421875,404.0400085449219,391.9599914550781,392.75,369.77581787109375,142361000,0.0,0.0,0.0
2022-05-12 04:00:00+00:00,389.3699951171875,395.79998779296875,385.1499938964844,392.3399963378906,369.3897705078125,125090800,0.0,0.0,0.0
2022-05-13 04:00:00+00:00,396.7099914550781,403.17999267578125,395.6099853515625,401.7200012207031,378.2210693359375,104174400,0.0,0.0,0.0
2022-05-16 04:00:00+00:00,399.9800109863281,403.9700012207031,397.6000061035156,400.0899963378906,376.6864929199219,78622400,0.0,0.0,0.0
2022-05-17 04:00:00+00:00,406.5299987792969,408.57000732421875,402.5799865722656,408.32000732421875,384.43505859375,83029700,0.0,0.0,0.0
2022-05-18 04:00:00+00:00,403.5,403.79998779296875,390.54998779296875,391.8599853515625,368.9378356933594,117674500,0.0,0.0,0.0
2022-05-19 04:00:00+00:00,388.6199951171875,394.1400146484375,387.1099853515625,389.4599914550781,366.67822265625,98510700,0.0,0.0,0.0
2022-05-20 04:00:00+00:00,393.25,397.0299987792969,380.5400085449219,389.6300048828125,366.8383483886719,131432200,0.0,0.0,0.0
2022-05-23 04:00:00+00:00,392.8299865722656,397.7300109863281,390.3800048828125,396.9200134277344,373.7018127441406,76414900,0.0,0.0,0.0
2022-05-24 04:00:00+00:00,392.55999755859375,395.1499938964844,386.9599914550781,393.8900146484375,370.8490905761719,91448800,0.0,0.0,0.0
2022-05-25 04:00:00+00:00,392.30999755859375,399.45001220703125,391.8900146484375,397.3699951171875,374.1255187988281,91472900,0.0,0.0,0.0
2022-05-26 04:00:00+00:00,398.6700134277344,407.0400085449219,398.45001220703125,405.30999755859375,381.6010437011719,82168300,0.0,0.0,0.0
2022-05-27 04:00:00+00:00,407.9100036621094,415.3800048828125,407.70001220703125,415.260009765625,390.96905517578125,84768700,0.0,0.0,0.0
2022-05-31 04:00:00+00:00,413.54998779296875,416.4599914550781,410.0299987792969,412.92999267578125,388.7753601074219,95937000,0.0,0.0,0.0
2022-06-01 04:00:00+00:00,415.1700134277344,416.239990234375,406.92999267578125,409.5899963378906,385.6307067871094,86585800,0.0,0.0,0.0
2022-06-02 04:00:00+00:00,409.4200134277344,417.44000244140625,407.0400085449219,417.3900146484375,392.9744567871094,79609600,0.0,0.0,0.0
2022-06-03 04:00:00+00:00,412.3999938964844,414.0400085449219,409.510009765625,410.5400085449219,386.5251770019531,71874300,0.0,0.0,0.0
2022-06-06 04:00:00+00:00,414.7799987792969,416.6099853515625,410.54998779296875,411.7900085449219,387.70196533203125,57508900,0.0,0.0,0.0
2022-06-07 04:00:00+00:00,408.1000061035156,416.2200012207031,407.6099853515625,415.739990234375,391.42095947265625,59272400,0.0,0.0,0.0
2022-06-08 04:00:00+00:00,413.92999267578125,415.82000732421875,410.3800048828125,411.2200012207031,387.1654052734375,64350000,0.0,0.0,0.0
2022-06-09 04:00:00+00:00,409.3399963378906,411.739990234375,401.44000244140625,401.44000244140625,377.9574890136719,86289800,0.0,0.0,0.0
2022-06-10 04:00:00+00:00,394.8800048828125,395.7799987792969,389.75,389.79998779296875,366.9983825683594,132893900,0.0,0.0,0.0
2022-06-13 04:00:00+00:00,379.8500061035156,381.80999755859375,373.29998779296875,375.0,353.0640563964844,170004900,0.0,0.0,0.0
2022-06-14 04:00:00+00:00,376.8500061035156,377.94000244140625,370.5899963378906,373.8699951171875,352.00018310546875,104011800,0.0,0.0,0.0
2022-06-15 04:00:00+00:00,377.3599853515625,383.8999938964844,372.1199951171875,379.20001220703125,357.0184326171875,125666800,0.0,0.0,0.0
2022-06-16 04:00:00+00:00,370.510009765625,370.94000244140625,364.0799865722656,366.6499938964844,345.20245361328125,134473300,0.0,0.0,0.0
2022-06-17 04:00:00+00:00,365.510009765625,369.3800048828125,362.1700134277344,365.8599853515625,345.9466552734375,111113900,1.577,0.0,0.0
2022-06-21 04:00:00+00:00,371.8900146484375,376.5299987792969,371.80999755859375,375.07000732421875,354.6554260253906,76811900,0.0,0.0,0.0
2022-06-22 04:00:00+00:00,370.6199951171875,378.7200012207031,370.17999267578125,374.3900146484375,354.0124206542969,90059400,0.0,0.0,0.0
2022-06-23 04:00:00+00:00,376.6400146484375,378.8299865722656,372.8900146484375,378.05999755859375,357.482666015625,79292100,0.0,0.0,0.0
2022-06-24 04:00:00+00:00,381.3999938964844,390.0899963378906,381.3699951171875,390.0799865722656,368.848388671875,98050300,0.0,0.0,0.0
2022-06-27 04:00:00+00:00,391.04998779296875,391.3599853515625,387.44000244140625,388.5899963378906,367.4395446777344,66009600,0.0,0.0,0.0
2022-06-28 04:00:00+00:00,390.2300109863281,393.1600036621094,380.5299987792969,380.6499938964844,359.9317321777344,86548900,0.0,0.0,0.0
2022-06-29 04:00:00+00:00,381.2300109863281,382.2699890136719,378.4200134277344,380.3399963378906,359.6385498046875,65676000,0.0,0.0,0.0
2022-06-30 04:00:00+00:00,376.239990234375,380.6600036621094,372.55999755859375,377.25,356.71673583984375,112508300,0.0,0.0,0.0
2022-07-01 04:00:00+00:00,376.55999755859375,381.70001220703125,373.79998779296875,381.239990234375,360.4895324707031,74839700,0.0,0.0,0.0
2022-07-05 04:00:00+00:00,375.8800048828125,381.9800109863281,372.8999938964844,381.9599914550781,361.1704406738281,81438000,0.0,0.0,0.0
2022-07-06 04:00:00+00:00,382.1099853515625,385.8699951171875,379.6000061035156,383.25,362.39013671875,70426200,0.0,0.0,0.0
2022-07-07 04:00:00+00:00,385.1199951171875,389.8299865722656,383.2699890136719,388.989990234375,367.8177185058594,64525900,0.0,0.0,0.0
2022-07-08 04:00:00+00:00,387.2699890136719,390.6400146484375,385.6600036621094,388.6700134277344,367.51513671875,72397800,0.0,0.0,0.0
2022-07-11 04:00:00+00:00,385.8500061035156,386.8699951171875,383.5,384.2300109863281,363.31689453125,58366900,0.0,0.0,0.0
2022-07-12 04:00:00+00:00,383.6499938964844,386.1600036621094,378.989990234375,380.8299865722656,360.1019287109375,62219200,0.0,0.0,0.0
2022-07-13 04:00:00+00:00,375.1000061035156,381.9200134277344,374.6600036621094,378.8299865722656,358.2107849121094,84224600,0.0,0.0,0.0
2022-07-14 04:00:00+00:00,373.6099853515625,379.04998779296875,371.0400085449219,377.9100036621094,357.3408508300781,89704800,0.0,0.0,0.0
2022-07-15 04:00:00+00:00,382.54998779296875,385.25,380.5400085449219,385.1300048828125,364.16790771484375,79060400,0.0,0.0,0.0
2022-07-18 04:00:00+00:00,388.3800048828125,389.0899963378906,380.6600036621094,381.95001220703125,361.1609802246094,63203600,0.0,0.0,0.0
2022-07-19 04:00:00+00:00,386.0799865722656,392.8699951171875,385.3900146484375,392.2699890136719,370.91925048828125,78506000,0.0,0.0,0.0
2022-07-20 04:00:00+00:00,392.4700012207031,396.260009765625,391.0299987792969,394.7699890136719,373.28314208984375,71843800,0.0,0.0,0.0
2022-07-21 04:00:00+00:00,394.1600036621094,398.8399963378906,391.6300048828125,398.7900085449219,377.0843811035156,64903900,0.0,0.0,0.0
2022-07-22 04:00:00+00:00,398.9200134277344,400.17999267578125,392.75,395.0899963378906,373.58575439453125,72197300,0.0,0.0,0.0
2022-07-25 04:00:00+00:00,395.75,396.4700012207031,393.2099914550781,395.57000732421875,374.03961181640625,53631500,0.0,0.0,0.0
2022-07-26 04:00:00+00:00,393.8399963378906,394.05999755859375,389.95001220703125,390.8900146484375,369.6143493652344,52946400,0.0,0.0,0.0
2022-07-27 04:00:00+00:00,394.3599853515625,402.8800048828125,394.04998779296875,401.0400085449219,379.2118835449219,82342100,0.0,0.0,0.0
2022-07-28 04:00:00+00:00,401.8900146484375,406.79998779296875,398.1499938964844,406.07000732421875,383.9681091308594,73966600,0.0,0.0,0.0
2022-07-29 04:00:00+00:00,407.5799865722656,413.0299987792969,406.7699890136719,411.989990234375,389.5658264160156,87003700,0.0,0.0,0.0
2022-08-01 04:00:00+00:00,409.1499938964844,413.4100036621094,408.3999938964844,410.7699890136719,388.4122619628906,69997500,0.0,0.0,0.0
2022-08-02 04:00:00+00:00,409.1199951171875,413.0,406.82000732421875,408.05999755859375,385.8498229980469,63435400,0.0,0.0,0.0
2022-08-03 04:00:00+00:00,410.29998779296875,415.67999267578125,410.0,414.45001220703125,391.89208984375,67820600,0.0,0.0,0.0
2022-08-04 04:00:00+00:00,414.3699951171875,415.0899963378906,412.44000244140625,414.1700134277344,391.62725830078125,45656600,0.0,0.0,0.0
2022-08-05 04:00:00+00:00,409.6600036621094,414.1499938964844,409.6000061035156,413.4700012207031,390.96533203125,56814900,0.0,0.0,0.0
2022-08-08 04:00:00+00:00,415.25,417.6199951171875,411.8299865722656,412.989990234375,390.51141357421875,53886100,0.0,0.0,0.0
2022-08-09 04:00:00+00:00,412.2200012207031,412.75,410.2200012207031,411.3500061035156,388.960693359375,44931800,0.0,0.0,0.0
2022-08-10 04:00:00+00:00,418.7799987792969,420.1400146484375,416.7200012207031,419.989990234375,397.1304626464844,68665700,0.0,0.0,0.0
2022-08-11 04:00:00+00:00,422.989990234375,424.95001220703125,419.2099914550781,419.989990234375,397.1304626464844,59489700,0.0,0.0,0.0
2022-08-12 04:00:00+00:00,422.0299987792969,427.2099914550781,421.0299987792969,427.1000061035156,403.853515625,61694500,0.0,0.0,0.0
2022-08-15 04:00:00+00:00,424.7699890136719,429.4100036621094,424.7099914550781,428.8599853515625,405.5176696777344,54048300,0.0,0.0,0.0
2022-08-16 04:00:00+00:00,427.7300109863281,431.7300109863281,426.8800048828125,429.70001220703125,406.3119812011719,59289000,0.0,0.0,0.0
2022-08-17 04:00:00+00:00,425.9100036621094,429.5,424.5400085449219,426.6499938964844,403.4279479980469,63563400,0.0,0.0,0.0
2022-08-18 04:00:00+00:00,426.8599853515625,428.6099853515625,425.5,427.8900146484375,404.6004638671875,49023200,0.0,0.0,0.0
2022-08-19 04:00:00+00:00,424.9800109863281,425.260009765625,421.2200012207031,422.1400146484375,399.1634521484375,68016900,0.0,0.0,0.0
2022-08-22 04:00:00+00:00,417.04998779296875,417.2300109863281,412.3999938964844,413.3500061035156,390.85186767578125,77695600,0.0,0.0,0.0
2022-08-23 04:00:00+00:00,412.8999938964844,415.4200134277344,411.7699890136719,412.3500061035156,389.9064025878906,49105200,0.0,0.0,0.0
2022-08-24 04:00:00+00:00,412.1099853515625,415.1099853515625,411.3900146484375,413.6700134277344,391.15447998046875,49177800,0.0,0.0,0.0
2022-08-25 04:00:00+00:00,415.239990234375,419.55999755859375,414.0899963378906,419.510009765625,396.6766357421875,50942300,0.0,0.0,0.0
2022-08-26 04:00:00+00:00,419.3900146484375,419.9599914550781,405.25,405.30999755859375,383.2494201660156,103087000,0.0,0.0,0.0
2022-08-29 04:00:00+00:00,402.20001220703125,405.8399963378906,401.20001220703125,402.6300048828125,380.7153015136719,65370800,0.0,0.0,0.0
2022-08-30 04:00:00+00:00,403.8500061035156,404.1000061035156,396.0,398.2099914550781,376.5359191894531,85652400,0.0,0.0,0.0
2022-08-31 04:00:00+00:00,399.92999267578125,401.239990234375,395.0400085449219,395.17999267578125,373.6708984375,76029700,0.0,0.0,0.0
2022-09-01 04:00:00+00:00,392.8900146484375,396.7799987792969,390.0400085449219,396.4200134277344,374.8433532714844,78740100,0.0,0.0,0.0
2022-09-02 04:00:00+00:00,400.2799987792969,401.55999755859375,390.3299865722656,392.239990234375,370.8908996582031,99632100,0.0,0.0,0.0
2022-09-06 04:00:00+00:00,393.1300048828125,394.1199951171875,388.4200134277344,390.760009765625,369.4913635253906,76637400,0.0,0.0,0.0
2022-09-07 04:00:00+00:00,390.42999267578125,398.5899963378906,390.20001220703125,397.7799987792969,376.1293640136719,70964200,0.0,0.0,0.0
2022-09-08 04:00:00+00:00,395.3900146484375,400.8599853515625,394.1199951171875,400.3800048828125,378.5877990722656,80821700,0.0,0.0,0.0
2022-09-09 04:00:00+00:00,402.739990234375,407.510009765625,402.4599914550781,406.6000061035156,384.4692687988281,76706900,0.0,0.0,0.0
2022-09-12 04:00:00+00:00,408.7799987792969,411.7300109863281,408.4599914550781,410.9700012207031,388.6014404296875,69256300,0.0,0.0,0.0
2022-09-13 04:00:00+00:00,401.8299865722656,403.1000061035156,391.9200134277344,393.1000061035156,371.7041015625,122947100,0.0,0.0,0.0
2022-09-14 04:00:00+00:00,394.4700012207031,396.20001220703125,391.1199951171875,394.6000061035156,373.1224365234375,85023700,0.0,0.0,0.0
2022-09-15 04:00:00+00:00,392.9599914550781,395.9599914550781,388.7799987792969,390.1199951171875,368.8862609863281,87633800,0.0,0.0,0.0
2022-09-16 04:00:00+00:00,384.1400146484375,386.25,382.1099853515625,385.55999755859375,366.0719909667969,103084800,1.596,0.0,0.0
2022-09-19 04:00:00+00:00,382.260009765625,388.54998779296875,382.17999267578125,388.54998779296875,368.91094970703125,73278500,0.0,0.0,0.0
2022-09-20 04:00:00+00:00,385.05999755859375,386.1199951171875,381.20001220703125,384.0899963378906,364.67633056640625,77274900,0.0,0.0,0.0
2022-09-21 04:00:00+00:00,386.1099853515625,389.30999755859375,377.3800048828125,377.3900146484375,358.31500244140625,106746600,0.0,0.0,0.0
2022-09-22 04:00:00+00:00,376.5799865722656,378.29998779296875,373.44000244140625,374.2200012207031,355.3052673339844,89472600,0.0,0.0,0.0
2022-09-23 04:00:00+00:00,370.5799865722656,370.6199951171875,363.2900085449219,367.95001220703125,349.3521423339844,122346900,0.0,0.0,0.0
2022-09-26 04:00:00+00:00,366.4100036621094,370.2099914550781,363.0299987792969,364.30999755859375,345.8962097167969,92581200,0.0,0.0,0.0
2022-09-27 04:00:00+00:00,368.0199890136719,370.3999938964844,360.8699951171875,363.3800048828125,345.0130615234375,108294100,0.0,0.0,0.0
2022-09-28 04:00:00+00:00,364.3800048828125,372.29998779296875,362.6000061035156,370.5299987792969,351.8017578125,110802200,0.0,0.0,0.0
2022-09-29 04:00:00+00:00,366.80999755859375,367.1099853515625,359.70001220703125,362.7900085449219,344.4529724121094,112952300,0.0,0.0,0.0
2022-09-30 04:00:00+00:00,361.79998779296875,365.9100036621094,357.0400085449219,357.17999267578125,339.1264953613281,153711200,0.0,0.0,0.0
2022-10-03 04:00:00+00:00,361.0799865722656,368.54998779296875,359.2099914550781,366.6099853515625,348.0798645019531,89756500,0.0,0.0,0.0
2022-10-04 04:00:00+00:00,372.3999938964844,378.0,366.57000732421875,377.9700012207031,358.8656921386719,103602800,0.0,0.0,0.0
2022-10-05 04:00:00+00:00,373.3900146484375,379.4599914550781,370.95001220703125,377.0899963378906,358.0301513671875,88065700,0.0,0.0,0.0
2022-10-06 04:00:00+00:00,375.6199951171875,378.7200012207031,372.67999267578125,373.20001220703125,354.3368225097656,82333500,0.0,0.0,0.0
2022-10-07 04:00:00+00:00,368.9700012207031,373.2900085449219,360.94000244140625,362.7900085449219,344.4529724121094,107789500,0.0,0.0,0.0
2022-10-10 04:00:00+00:00,363.9599914550781,364.2099914550781,357.6700134277344,360.0199890136719,341.822998046875,76042800,0.0,0.0,0.0
2022-10-11 04:00:00+00:00,358.239990234375,363.0299987792969,355.7099914550781,357.739990234375,339.6581726074219,92482800,0.0,0.0,0.0
2022-10-12 04:00:00+00:00,358.1700134277344,359.82000732421875,356.29998779296875,356.55999755859375,338.5378723144531,76991800,0.0,0.0,0.0
2022-10-13 04:00:00+00:00,349.2099914550781,367.510009765625,348.1099853515625,365.9700012207031,347.47222900390625,147254500,0.0,0.0,0.0
2022-10-14 04:00:00+00:00,368.54998779296875,370.260009765625,356.9599914550781,357.6300048828125,339.55377197265625,123737000,0.0,0.0,0.0
2022-10-17 04:00:00+00:00,364.010009765625,367.9800109863281,357.2799987792969,366.82000732421875,348.2792663574219,93168200,0.0,0.0,0.0
2022-10-18 04:00:00+00:00,375.1300048828125,375.45001220703125,367.5199890136719,371.1300048828125,352.37139892578125,97162900,0.0,0.0,0.0
2022-10-19 04:00:00+00:00,368.989990234375,371.8500061035156,365.54998779296875,368.5,349.87432861328125,79746900,0.0,0.0,0.0
2022-10-20 04:00:00+00:00,368.0299987792969,372.6700134277344,364.6099853515625,365.4100036621094,346.9405517578125,88283100,0.0,0.0,0.0
2022-10-21 04:00:00+00:00,365.1199951171875,374.79998779296875,363.5400085449219,374.2900085449219,355.3717346191406,131038400,0.0,0.0,0.0
2022-10-24 04:00:00+00:00,375.8900146484375,380.05999755859375,373.1099853515625,378.8699951171875,359.7202453613281,85436900,0.0,0.0,0.0
2022-10-25 04:00:00+00:00,378.7900085449219,385.25,378.6700134277344,384.9200134277344,365.4643859863281,78846300,0.0,0.0,0.0
2022-10-26 04:00:00+00:00,381.6199951171875,387.5799865722656,381.3500061035156,382.0199890136719,362.7109069824219,104087300,0.0,0.0,0.0
2022-10-27 04:00:00+00:00,383.07000732421875,385.0,379.3299865722656,379.9800109863281,360.7741394042969,81971800,0.0,0.0,0.0
2022-10-28 04:00:00+00:00,379.8699951171875,389.5199890136719,379.67999267578125,389.0199890136719,369.357177734375,100302000,0.0,0.0,0.0
2022-10-31 04:00:00+00:00,386.44000244140625,388.3999938964844,385.260009765625,386.2099914550781,366.68927001953125,96631300,0.0,0.0,0.0
2022-11-01 04:00:00+00:00,390.1400146484375,390.3900146484375,383.2900085449219,384.5199890136719,365.0846862792969,85407600,0.0,0.0,0.0
2022-11-02 04:00:00+00:00,383.8999938964844,388.6300048828125,374.760009765625,374.8699951171875,355.92236328125,126990400,0.0,0.0,0.0
2022-11-03 04:00:00+00:00,371.4700012207031,374.20001220703125,368.7900085449219,371.010009765625,352.2575378417969,87100100,0.0,0.0,0.0
2022-11-04 04:00:00+00:00,377.0,378.8699951171875,370.0,376.3500061035156,357.3275146484375,103505200,0.0,0.0,0.0
2022-11-07 05:00:00+00:00,377.7099914550781,380.57000732421875,375.5299987792969,379.95001220703125,360.74560546875,68286900,0.0,0.0,0.0
2022-11-08 05:00:00+00:00,381.1099853515625,385.1199951171875,377.7200012207031,382.0,362.6919860839844,84641100,0.0,0.0,0.0
2022-11-09 05:00:00+00:00,379.92999267578125,381.1400146484375,373.6099853515625,374.1300048828125,355.2198181152344,78495500,0.0,0.0,0.0
2022-11-10 05:00:00+00:00,388.04998779296875,395.0400085449219,385.6400146484375,394.69000244140625,374.7406005859375,141455800,0.0,0.0,0.0
2022-11-11 05:00:00+00:00,395.5899963378906,399.3500061035156,393.6099853515625,398.510009765625,378.36749267578125,93839900,0.0,0.0,0.0
2022-11-14 05:00:00+00:00,396.6600036621094,400.17999267578125,394.8299865722656,395.1199951171875,375.1488952636719,71903500,0.0,0.0,0.0
2022-11-15 05:00:00+00:00,401.1499938964844,402.30999755859375,394.489990234375,398.489990234375,378.34857177734375,93194500,0.0,0.0,0.0
2022-11-16 05:00:00+00:00,396.7799987792969,397.7799987792969,394.7900085449219,395.45001220703125,375.46221923828125,68508500,0.0,0.0,0.0
2022-11-17 05:00:00+00:00,390.4599914550781,394.95001220703125,390.1400146484375,394.239990234375,374.3133239746094,74496300,0.0,0.0,0.0
2022-11-18 05:00:00+00:00,397.739990234375,397.80999755859375,393.0400085449219,396.0299987792969,376.0128173828125,92922500,0.0,0.0,0.0
2022-11-21 05:00:00+00:00,394.6400146484375,395.82000732421875,392.6600036621094,394.5899963378906,374.6456298828125,51243200,0.0,0.0,0.0
2022-11-22 05:00:00+00:00,396.6300048828125,400.07000732421875,395.1499938964844,399.8999938964844,379.687255859375,60429000,0.0,0.0,0.0
2022-11-23 05:00:00+00:00,399.54998779296875,402.92999267578125,399.30999755859375,402.4200134277344,382.07989501953125,68261600,0.0,0.0,0.0
2022-11-25 05:00:00+00:00,401.8299865722656,402.9100036621094,401.5400085449219,402.3299865722656,381.994384765625,30545400,0.0,0.0,0.0
2022-11-28 05:00:00+00:00,399.0899963378906,400.80999755859375,395.1099853515625,395.9100036621094,375.8988952636719,67881600,0.0,0.0,0.0
2022-11-29 05:00:00+00:00,396.04998779296875,397.29998779296875,393.29998779296875,395.2300109863281,375.2532958984375,52310000,0.0,0.0,0.0
2022-11-30 05:00:00+00:00,395.489990234375,407.67999267578125,393.4800109863281,407.67999267578125,387.0740966796875,144566700,0.0,0.0,0.0
2022-12-01 05:00:00+00:00,408.7699890136719,410.0,404.75,407.3800048828125,386.7891540527344,76398200,0.0,0.0,0.0
2022-12-02 05:00:00+00:00,402.25,407.8599853515625,402.1400146484375,406.9100036621094,386.34295654296875,85342700,0.0,0.0,0.0
2022-12-05 05:00:00+00:00,403.95001220703125,404.92999267578125,398.1700134277344,399.5899963378906,379.3929443359375,77289800,0.0,0.0,0.0
2022-12-06 05:00:00+00:00,399.4200134277344,399.989990234375,391.6400146484375,393.8299865722656,373.924072265625,77972200,0.0,0.0,0.0
2022-12-07 05:00:00+00:00,392.94000244140625,395.6400146484375,391.9700012207031,393.1600036621094,373.2879943847656,65927900,0.0,0.0,0.0
2022-12-08 05:00:00+00:00,395.1400146484375,397.3599853515625,393.2699890136719,396.239990234375,376.2122497558594,60737900,0.0,0.0,0.0
2022-12-09 05:00:00+00:00,394.94000244140625,397.6199951171875,393.1499938964844,393.2799987792969,373.40179443359375,81447700,0.0,0.0,0.0
2022-12-12 05:00:00+00:00,394.1099853515625,398.95001220703125,393.4100036621094,398.95001220703125,378.7852783203125,75405800,0.0,0.0,0.0
2022-12-13 05:00:00+00:00,410.2200012207031,410.489990234375,399.07000732421875,401.9700012207031,381.6526184082031,123782500,0.0,0.0,0.0
2022-12-14 05:00:00+00:00,401.6099853515625,405.5,396.30999755859375,399.3999938964844,379.2124938964844,108111300,0.0,0.0,0.0
2022-12-15 05:00:00+00:00,394.29998779296875,395.25,387.8900146484375,389.6300048828125,369.9363708496094,117705900,0.0,0.0,0.0
2022-12-16 05:00:00+00:00,385.17999267578125,386.5799865722656,381.0400085449219,383.2699890136719,365.5688171386719,119858000,1.781,0.0,0.0
2022-12-19 05:00:00+00:00,383.4700012207031,383.82000732421875,378.2799987792969,380.0199890136719,362.46893310546875,79878100,0.0,0.0,0.0
2022-12-20 05:00:00+00:00,379.2300109863281,382.2300109863281,377.8500061035156,380.5400085449219,362.9649658203125,74427200,0.0,0.0,0.0
2022-12-21 05:00:00+00:00,383.25,387.4100036621094,382.69000244140625,386.2300109863281,368.3921813964844,78167400,0.0,0.0,0.0
2022-12-22 05:00:00+00:00,383.04998779296875,386.2099914550781,374.7699890136719,380.7200012207031,363.1365661621094,100120900,0.0,0.0,0.0
2022-12-23 05:00:00+00:00,379.6499938964844,383.05999755859375,378.0299987792969,382.9100036621094,365.22552490234375,59857300,0.0,0.0,0.0
2022-12-27 05:00:00+00:00,382.7900085449219,383.1499938964844,379.6499938964844,381.3999938964844,363.7851867675781,51638200,0.0,0.0,0.0
2022-12-28 05:00:00+00:00,381.3299865722656,383.3900146484375,376.4200134277344,376.6600036621094,359.2641296386719,70911500,0.0,0.0,0.0
2022-12-29 05:00:00+00:00,379.6300048828125,384.3500061035156,379.0799865722656,383.44000244140625,365.7309875488281,66970900,0.0,0.0,0.0
2022-12-30 05:00:00+00:00,380.6400146484375,382.5799865722656,378.42999267578125,382.42999267578125,364.76763916015625,84022200,0.0,0.0,0.0
2023-01-03 05:00:00+00:00,384.3699951171875,386.42999267578125,377.8299865722656,380.82000732421875,363.2320251464844,74850700,0.0,0.0,0.0
2023-01-04 05:00:00+00:00,383.17999267578125,385.8800048828125,380.0,383.760009765625,366.0362243652344,85934100,0.0,0.0,0.0
2023-01-05 05:00:00+00:00,381.7200012207031,381.8399963378906,378.760009765625,379.3800048828125,361.8585510253906,76970500,0.0,0.0,0.0
2023-01-06 05:00:00+00:00,382.6099853515625,389.25,379.4100036621094,388.0799865722656,370.1566467285156,104189600,0.0,0.0,0.0
2023-01-09 05:00:00+00:00,390.3699951171875,393.70001220703125,387.6700134277344,387.8599853515625,369.94683837890625,73978100,0.0,0.0,0.0
2023-01-10 05:00:00+00:00,387.25,390.6499938964844,386.2699890136719,390.5799865722656,372.54119873046875,65358100,0.0,0.0,0.0
2023-01-11 05:00:00+00:00,392.2300109863281,395.6000061035156,391.3800048828125,395.5199890136719,377.2530822753906,68881100,0.0,0.0,0.0
2023-01-12 05:00:00+00:00,396.6700134277344,398.489990234375,392.4200134277344,396.9599914550781,378.6265563964844,90157700,0.0,0.0,0.0
2023-01-13 05:00:00+00:00,393.6199951171875,399.1000061035156,393.3399963378906,398.5,380.095458984375,63903900,0.0,0.0,0.0
2023-01-17 05:00:00+00:00,398.4800109863281,400.2300109863281,397.05999755859375,397.7699890136719,379.3991394042969,62677300,0.0,0.0,0.0
2023-01-18 05:00:00+00:00,399.010009765625,400.1199951171875,391.2799987792969,391.489990234375,373.4091796875,99632300,0.0,0.0,0.0
2023-01-19 05:00:00+00:00,389.3599853515625,391.0799865722656,387.260009765625,388.6400146484375,370.6908264160156,86958900,0.0,0.0,0.0
2023-01-20 05:00:00+00:00,390.1000061035156,396.0400085449219,388.3800048828125,395.8800048828125,377.5964050292969,91806400,0.0,0.0,0.0
2023-01-23 05:00:00+00:00,396.7200012207031,402.6499938964844,395.7200012207031,400.6300048828125,382.1271057128906,84178800,0.0,0.0,0.0
2023-01-24 05:00:00+00:00,398.8800048828125,401.1499938964844,397.6400146484375,400.20001220703125,381.7169189453125,59524900,0.0,0.0,0.0
2023-01-25 05:00:00+00:00,395.95001220703125,400.70001220703125,393.55999755859375,400.3500061035156,381.8599853515625,84800300,0.0,0.0,0.0
2023-01-26 05:00:00+00:00,403.1300048828125,404.9200134277344,400.0299987792969,404.75,386.0568542480469,72287400,0.0,0.0,0.0
2023-01-27 05:00:00+00:00,403.6600036621094,408.1600036621094,403.44000244140625,405.67999267578125,386.9437561035156,68346200,0.0,0.0,0.0
2023-01-30 05:00:00+00:00,402.79998779296875,405.1300048828125,400.2799987792969,400.5899963378906,382.08892822265625,74202000,0.0,0.0,0.0
2023-01-31 05:00:00+00:00,401.1300048828125,406.5299987792969,400.7699890136719,406.4800109863281,387.7068176269531,86811800,0.0,0.0,0.0
2023-02-01 05:00:00+00:00,405.2099914550781,413.6700134277344,402.3500061035156,410.79998779296875,391.8272705078125,101459200,0.0,0.0,0.0
2023-02-02 05:00:00+00:00,414.8599853515625,418.30999755859375,412.8800048828125,416.7799987792969,397.53118896484375,101654500,0.0,0.0,0.0
2023-02-03 05:00:00+00:00,411.5899963378906,416.9700012207031,411.0899963378906,412.3500061035156,393.30584716796875,94736800,0.0,0.0,0.0
2023-02-06 05:00:00+00:00,409.7900085449219,411.2900085449219,408.1000061035156,409.8299865722656,390.9021911621094,60295300,0.0,0.0,0.0
2023-02-07 05:00:00+00:00,408.8699951171875,416.489990234375,407.57000732421875,415.19000244140625,396.01458740234375,90990700,0.0,0.0,0.0
2023-02-08 05:00:00+00:00,413.1300048828125,414.5299987792969,409.92999267578125,410.6499938964844,391.68426513671875,76227500,0.0,0.0,0.0
2023-02-09 05:00:00+00:00,414.4100036621094,414.57000732421875,405.80999755859375,407.0899963378906,388.2886657714844,78694900,0.0,0.0,0.0
2023-02-10 05:00:00+00:00,405.8599853515625,408.44000244140625,405.010009765625,408.0400085449219,389.19488525390625,70769700,0.0,0.0,0.0
2023-02-13 05:00:00+00:00,408.7200012207031,412.9700012207031,408.239990234375,412.8299865722656,393.7636413574219,64913500,0.0,0.0,0.0
2023-02-14 05:00:00+00:00,411.239990234375,415.04998779296875,408.510009765625,412.6400146484375,393.5823974609375,88389300,0.0,0.0,0.0
2023-02-15 05:00:00+00:00,410.3500061035156,414.05999755859375,409.4700012207031,413.9800109863281,394.8605041503906,61555700,0.0,0.0,0.0
2023-02-16 05:00:00+00:00,408.7900085449219,412.9100036621094,408.1400146484375,408.2799987792969,389.42376708984375,76431500,0.0,0.0,0.0
2023-02-17 05:00:00+00:00,406.05999755859375,407.510009765625,404.04998779296875,407.260009765625,388.4508972167969,89257800,0.0,0.0,0.0
2023-02-21 05:00:00+00:00,403.05999755859375,404.1600036621094,398.82000732421875,399.0899963378906,380.65814208984375,82655900,0.0,0.0,0.0
2023-02-22 05:00:00+00:00,399.5199890136719,401.1300048828125,397.0199890136719,398.5400085449219,380.133544921875,83742300,0.0,0.0,0.0
2023-02-23 05:00:00+00:00,401.55999755859375,402.20001220703125,396.25,400.6600036621094,382.1556701660156,96242400,0.0,0.0,0.0
2023-02-24 05:00:00+00:00,395.4200134277344,397.25,393.6400146484375,396.3800048828125,378.0733337402344,108194400,0.0,0.0,0.0
2023-02-27 05:00:00+00:00,399.8699951171875,401.2900085449219,396.75,397.7300109863281,379.36102294921875,80444700,0.0,0.0,0.0
2023-02-28 05:00:00+00:00,397.2300109863281,399.2799987792969,396.1499938964844,396.260009765625,377.9589538574219,96438600,0.0,0.0,0.0
2023-03-01 05:00:00+00:00,395.4100036621094,396.69000244140625,393.3800048828125,394.739990234375,376.5091552734375,99706800,0.0,0.0,0.0
2023-03-02 05:00:00+00:00,392.67999267578125,398.69000244140625,392.3299865722656,397.80999755859375,379.437255859375,85127800,0.0,0.0,0.0
2023-03-03 05:00:00+00:00,399.7099914550781,404.45001220703125,399.0299987792969,404.19000244140625,385.5226745605469,90120000,0.0,0.0,0.0
2023-03-06 05:00:00+00:00,405.04998779296875,407.45001220703125,404.010009765625,404.4700012207031,385.7896728515625,72795900,0.0,0.0,0.0
2023-03-07 05:00:00+00:00,404.4200134277344,404.6700134277344,397.6300048828125,398.2699890136719,379.8760681152344,108310600,0.0,0.0,0.0
2023-03-08 05:00:00+00:00,398.3900146484375,399.7099914550781,396.5899963378906,398.9200134277344,380.4960021972656,74746600,0.0,0.0,0.0
2023-03-09 05:00:00+00:00,399.739990234375,401.4800109863281,390.5299987792969,391.55999755859375,373.4759521484375,111945300,0.0,0.0,0.0
2023-03-10 05:00:00+00:00,390.989990234375,393.1600036621094,384.32000732421875,385.9100036621094,368.0868835449219,189253000,0.0,0.0,0.0
2023-03-13 04:00:00+00:00,381.80999755859375,390.3900146484375,380.6499938964844,385.3599853515625,367.5622863769531,157790000,0.0,0.0,0.0
2023-03-14 04:00:00+00:00,390.5,393.45001220703125,387.04998779296875,391.7300109863281,373.63812255859375,149752400,0.0,0.0,0.0
2023-03-15 04:00:00+00:00,385.8900146484375,389.489990234375,383.7099914550781,389.2799987792969,371.3012390136719,172996900,0.0,0.0,0.0
2023-03-16 04:00:00+00:00,386.82000732421875,396.4700012207031,386.2900085449219,396.1099853515625,377.8157653808594,143254200,0.0,0.0,0.0
2023-03-17 04:00:00+00:00,393.2200012207031,394.3999938964844,388.54998779296875,389.989990234375,373.39813232421875,140553400,1.506,0.0,0.0
2023-03-20 04:00:00+00:00,390.79998779296875,394.1700134277344,390.07000732421875,393.739990234375,376.9886474609375,93055800,0.0,0.0,0.0
2023-03-21 04:00:00+00:00,397.239990234375,399.4100036621094,395.5799865722656,398.9100036621094,381.93865966796875,91524200,0.0,0.0,0.0
2023-03-22 04:00:00+00:00,398.7300109863281,402.489990234375,392.07000732421875,392.1099853515625,375.4279479980469,111746600,0.0,0.0,0.0
2023-03-23 04:00:00+00:00,395.0899963378906,399.2900085449219,390.3500061035156,393.1700134277344,376.4429016113281,119351300,0.0,0.0,0.0
2023-03-24 04:00:00+00:00,391.8399963378906,395.8399963378906,389.3999938964844,395.75,378.9131164550781,107682400,0.0,0.0,0.0
2023-03-27 04:00:00+00:00,398.1199951171875,398.9200134277344,395.55999755859375,396.489990234375,379.6215515136719,74010400,0.0,0.0,0.0
2023-03-28 04:00:00+00:00,395.7699890136719,396.489990234375,393.69000244140625,395.6000061035156,378.76947021484375,62871700,0.0,0.0,0.0
2023-03-29 04:00:00+00:00,399.92999267578125,401.6000061035156,398.67999267578125,401.3500061035156,384.2748107910156,77497900,0.0,0.0,0.0
2023-03-30 04:00:00+00:00,404.0899963378906,404.3500061035156,401.760009765625,403.70001220703125,386.52484130859375,69840000,0.0,0.0,0.0
2023-03-31 04:00:00+00:00,404.6600036621094,409.70001220703125,404.54998779296875,409.3900146484375,391.9727478027344,112062600,0.0,0.0,0.0
2023-04-03 04:00:00+00:00,408.8500061035156,411.3699951171875,408.44000244140625,410.95001220703125,393.46636962890625,67391100,0.0,0.0,0.0
2023-04-04 04:00:00+00:00,411.6199951171875,411.9200134277344,407.239990234375,408.6700134277344,391.2834167480469,66601500,0.0,0.0,0.0
2023-04-05 04:00:00+00:00,407.9100036621094,408.70001220703125,405.8800048828125,407.6000061035156,390.2589416503906,65200200,0.0,0.0,0.0
2023-04-06 04:00:00+00:00,406.7699890136719,409.4800109863281,405.67999267578125,409.19000244140625,391.7812805175781,63743300,0.0,0.0,0.0
2023-04-10 04:00:00+00:00,406.6099853515625,409.69000244140625,405.9700012207031,409.6099853515625,392.18341064453125,63681000,0.0,0.0,0.0
2023-04-11 04:00:00+00:00,410.260009765625,411.17999267578125,408.9200134277344,409.7200012207031,392.2887268066406,59297900,0.0,0.0,0.0
2023-04-12 04:00:00+00:00,411.8699951171875,412.1700134277344,407.44000244140625,408.04998779296875,390.6897888183594,86420400,0.0,0.0,0.0
2023-04-13 04:00:00+00:00,409.17999267578125,413.8399963378906,407.989990234375,413.4700012207031,395.8792419433594,85814800,0.0,0.0,0.0
2023-04-14 04:00:00+00:00,412.80999755859375,415.0899963378906,410.05999755859375,412.4599914550781,394.912109375,78161500,0.0,0.0,0.0
2023-04-17 04:00:00+00:00,412.3699951171875,413.9599914550781,411.0899963378906,413.94000244140625,396.3291931152344,66436400,0.0,0.0,0.0
2023-04-18 04:00:00+00:00,415.5799865722656,415.7200012207031,412.7799987792969,414.2099914550781,396.5876770019531,63560000,0.0,0.0,0.0
2023-04-19 04:00:00+00:00,412.2200012207031,415.0799865722656,412.1600036621094,414.1400146484375,396.52069091796875,55227300,0.0,0.0,0.0
2023-04-20 04:00:00+00:00,411.2099914550781,413.70001220703125,410.2699890136719,411.8800048828125,394.35675048828125,75840400,0.0,0.0,0.0
2023-04-21 04:00:00+00:00,412.19000244140625,412.67999267578125,410.1700134277344,412.20001220703125,394.6631774902344,73457400,0.0,0.0,0.0
2023-04-24 04:00:00+00:00,411.989990234375,413.07000732421875,410.6000061035156,412.6300048828125,395.0749206542969,64332100,0.0,0.0,0.0
2023-04-25 04:00:00+00:00,410.5799865722656,411.1600036621094,406.0199890136719,406.0799865722656,388.8035888671875,97766700,0.0,0.0,0.0
2023-04-26 04:00:00+00:00,406.7200012207031,407.8399963378906,403.7799987792969,404.3599853515625,387.15673828125,80447000,0.0,0.0,0.0
2023-04-27 04:00:00+00:00,407.0,412.69000244140625,406.739990234375,412.4100036621094,394.8642578125,92968400,0.0,0.0,0.0
2023-04-28 04:00:00+00:00,411.489990234375,415.94000244140625,411.42999267578125,415.92999267578125,398.2345275878906,89433100,0.0,0.0,0.0
2023-05-01 04:00:00+00:00,415.4700012207031,417.6199951171875,415.2699890136719,415.510009765625,397.8324279785156,62122300,0.0,0.0,0.0
2023-05-02 04:00:00+00:00,414.7699890136719,414.82000732421875,407.82000732421875,410.8399963378906,393.3610534667969,103998500,0.0,0.0,0.0
2023-05-03 04:00:00+00:00,411.3599853515625,413.8699951171875,407.7699890136719,408.0199890136719,390.6610412597656,91531800,0.0,0.0,0.0
2023-05-04 04:00:00+00:00,406.92999267578125,407.2699890136719,403.739990234375,405.1300048828125,387.89398193359375,94901900,0.0,0.0,0.0
2023-05-05 04:00:00+00:00,408.9100036621094,413.7200012207031,408.6400146484375,412.6300048828125,395.0749206542969,87891800,0.0,0.0,0.0
2023-05-08 04:00:00+00:00,412.9700012207031,413.239990234375,411.2799987792969,412.739990234375,395.1802673339844,50046800,0.0,0.0,0.0
2023-05-09 04:00:00+00:00,411.1300048828125,412.0899963378906,410.69000244140625,410.92999267578125,393.4471740722656,49220100,0.0,0.0,0.0
2023-05-10 04:00:00+00:00,413.8800048828125,414.5400085449219,408.8699951171875,412.8500061035156,395.28558349609375,96142900,0.0,0.0,0.0
2023-05-11 04:00:00+00:00,411.95001220703125,412.42999267578125,409.9700012207031,412.1300048828125,394.5962219238281,70157100,0.0,0.0,0.0
2023-05-12 04:00:00+00:00,413.4200134277344,413.6400146484375,409.07000732421875,411.5899963378906,394.0791320800781,70481500,0.0,0.0,0.0
2023-05-15 04:00:00+00:00,412.2200012207031,413.42999267578125,410.2300109863281,413.010009765625,395.43878173828125,54289400,0.0,0.0,0.0
2023-05-16 04:00:00+00:00,411.8599853515625,412.82000732421875,410.239990234375,410.25,392.7961120605469,57705500,0.0,0.0,0.0
2023-05-17 04:00:00+00:00,412.3500061035156,415.8599853515625,410.6400146484375,415.2300109863281,397.56427001953125,87287000,0.0,0.0,0.0
2023-05-18 04:00:00+00:00,414.8999938964844,419.6700134277344,414.6700134277344,419.2300109863281,401.39410400390625,97177200,0.0,0.0,0.0
2023-05-19 04:00:00+00:00,420.1700134277344,420.7200012207031,417.3500061035156,418.6199951171875,400.8101501464844,103793300,0.0,0.0,0.0
2023-05-22 04:00:00+00:00,418.6400146484375,420.3900146484375,417.3500061035156,418.7900085449219,400.9728698730469,60745400,0.0,0.0,0.0
2023-05-23 04:00:00+00:00,417.0799865722656,418.7200012207031,413.67999267578125,414.0899963378906,396.47283935546875,86383500,0.0,0.0,0.0
2023-05-24 04:00:00+00:00,412.4200134277344,412.82000732421875,409.8800048828125,411.0899963378906,393.6004333496094,89213700,0.0,0.0,0.0
2023-05-25 04:00:00+00:00,414.739990234375,416.1600036621094,412.4100036621094,414.6499938964844,397.0090637207031,90961600,0.0,0.0,0.0
2023-05-26 04:00:00+00:00,415.3299865722656,420.7699890136719,415.25,420.0199890136719,402.1505432128906,93830000,0.0,0.0,0.0
2023-05-30 04:00:00+00:00,422.0299987792969,422.5799865722656,418.739990234375,420.17999267578125,402.3037414550781,72216000,0.0,0.0,0.0
2023-05-31 04:00:00+00:00,418.2799987792969,419.2200012207031,416.2200012207031,417.8500061035156,400.0728454589844,110811800,0.0,0.0,0.0
2023-06-01 04:00:00+00:00,418.0899963378906,422.9200134277344,416.7900085449219,421.82000732421875,403.87396240234375,88865000,0.0,0.0,0.0
2023-06-02 04:00:00+00:00,424.5,428.739990234375,423.95001220703125,427.9200134277344,409.7144470214844,91426200,0.0,0.0,0.0
2023-06-05 04:00:00+00:00,428.2799987792969,429.6199951171875,426.3699951171875,427.1000061035156,408.9293518066406,65460200,0.0,0.0,0.0
2023-06-06 04:00:00+00:00,426.6700134277344,428.5799865722656,425.989990234375,428.0299987792969,409.8197937011719,64022200,0.0,0.0,0.0
2023-06-07 04:00:00+00:00,428.44000244140625,429.6199951171875,426.1099853515625,426.54998779296875,408.40264892578125,85373300,0.0,0.0,0.0
2023-06-08 04:00:00+00:00,426.6199951171875,429.6000061035156,425.82000732421875,429.1300048828125,410.8729248046875,61952800,0.0,0.0,0.0
2023-06-09 04:00:00+00:00,429.9599914550781,431.989990234375,428.8699951171875,429.8999938964844,411.61016845703125,85742800,0.0,0.0,0.0
2023-06-12 04:00:00+00:00,430.9200134277344,433.8800048828125,430.1700134277344,433.79998779296875,415.34423828125,76104300,0.0,0.0,0.0
2023-06-13 04:00:00+00:00,435.32000732421875,437.3299865722656,434.6300048828125,436.6600036621094,418.08258056640625,95899700,0.0,0.0,0.0
2023-06-14 04:00:00+00:00,437.010009765625,439.05999755859375,433.5899963378906,437.17999267578125,418.58038330078125,100612100,0.0,0.0,0.0
2023-06-15 04:00:00+00:00,436.3299865722656,443.8999938964844,436.2300109863281,442.6000061035156,423.7698974609375,110303100,0.0,0.0,0.0
2023-06-16 04:00:00+00:00,443.0199890136719,443.6099853515625,438.9700012207031,439.4599914550781,422.326416015625,114165800,1.638,0.0,0.0
2023-06-20 04:00:00+00:00,437.45001220703125,438.3699951171875,435.0299987792969,437.17999267578125,420.1352844238281,76160400,0.0,0.0,0.0
2023-06-21 04:00:00+00:00,436.1600036621094,436.989990234375,434.3299865722656,434.94000244140625,417.9826965332031,76982300,0.0,0.0,0.0
2023-06-22 04:00:00+00:00,433.95001220703125,436.6199951171875,433.6000061035156,436.510009765625,419.4914245605469,70637200,0.0,0.0,0.0
2023-06-23 04:00:00+00:00,432.92999267578125,435.05999755859375,432.4700012207031,433.2099914550781,416.320068359375,92074500,0.0,0.0,0.0
2023-06-26 04:00:00+00:00,432.6199951171875,434.6099853515625,431.19000244140625,431.44000244140625,414.6191711425781,72823600,0.0,0.0,0.0
2023-06-27 04:00:00+00:00,432.3500061035156,436.80999755859375,431.8800048828125,436.1700134277344,419.1647033691406,72813700,0.0,0.0,0.0
2023-06-28 04:00:00+00:00,435.04998779296875,437.44000244140625,434.4100036621094,436.3900146484375,419.3761291503906,75636000,0.0,0.0,0.0
2023-06-29 04:00:00+00:00,435.9599914550781,438.2799987792969,435.5400085449219,438.1099853515625,421.02911376953125,67882300,0.0,0.0,0.0
2023-06-30 04:00:00+00:00,441.44000244140625,444.29998779296875,441.1099853515625,443.2799987792969,425.99749755859375,104964000,0.0,0.0,0.0
2023-07-03 04:00:00+00:00,442.9200134277344,444.0799865722656,442.6300048828125,443.7900085449219,426.4876708984375,32793400,0.0,0.0,0.0
2023-07-05 04:00:00+00:00,441.9100036621094,443.8900146484375,441.8999938964844,443.1300048828125,425.8533935546875,58418400,0.0,0.0,0.0
2023-07-06 04:00:00+00:00,439.4200134277344,440.1000061035156,437.05999755859375,439.6600036621094,422.5186462402344,80658300,0.0,0.0,0.0
2023-07-07 04:00:00+00:00,438.6300048828125,442.6400146484375,438.29998779296875,438.54998779296875,421.4518737792969,86134200,0.0,0.0,0.0
2023-07-10 04:00:00+00:00,438.17999267578125,439.8399963378906,437.5899963378906,439.6600036621094,422.5186462402344,62443500,0.0,0.0,0.0
2023-07-11 04:00:00+00:00,440.45001220703125,442.9700012207031,439.44000244140625,442.4599914550781,425.2094421386719,64463800,0.0,0.0,0.0
2023-07-12 04:00:00+00:00,446.3900146484375,447.4800109863281,444.9100036621094,446.0199890136719,428.6307067871094,91924500,0.0,0.0,0.0
2023-07-13 04:00:00+00:00,447.8999938964844,450.3800048828125,447.45001220703125,449.55999755859375,432.0325927734375,72425200,0.0,0.0,0.0
2023-07-14 04:00:00+00:00,450.4800109863281,451.3599853515625,448.489990234375,449.2799987792969,431.7635803222656,69815800,0.0,0.0,0.0
2023-07-17 04:00:00+00:00,449.1300048828125,451.92999267578125,449.0799865722656,450.8399963378906,433.2627868652344,52680200,0.0,0.0,0.0
2023-07-18 04:00:00+00:00,450.5,454.8599853515625,450.04998779296875,454.19000244140625,436.482177734375,80668200,0.0,0.0,0.0
2023-07-19 04:00:00+00:00,455.010009765625,456.42999267578125,454.1099853515625,455.20001220703125,437.4527893066406,65891700,0.0,0.0,0.0
2023-07-20 04:00:00+00:00,454.1700134277344,455.1000061035156,451.44000244140625,452.17999267578125,434.5505065917969,70591600,0.0,0.0,0.0
2023-07-21 04:00:00+00:00,453.9599914550781,454.1700134277344,452.1700134277344,452.17999267578125,434.5505065917969,71275600,0.0,0.0,0.0
2023-07-24 04:00:00+00:00,453.3699951171875,455.0400085449219,452.29998779296875,454.20001220703125,436.4917907714844,54023400,0.0,0.0,0.0
2023-07-25 04:00:00+00:00,453.9200134277344,456.739990234375,453.8699951171875,455.44000244140625,437.6833801269531,55191200,0.0,0.0,0.0
2023-07-26 04:00:00+00:00,454.4700012207031,456.989990234375,453.3800048828125,455.510009765625,437.7506103515625,71052900,0.0,0.0,0.0
2023-07-27 04:00:00+00:00,459.0199890136719,459.44000244140625,451.54998779296875,452.489990234375,434.848388671875,92194400,0.0,0.0,0.0
2023-07-28 04:00:00+00:00,455.8800048828125,457.7799987792969,452.489990234375,456.9200134277344,439.105712890625,80011800,0.0,0.0,0.0
2023-07-31 04:00:00+00:00,457.4100036621094,458.1600036621094,456.04998779296875,457.7900085449219,439.94183349609375,62040400,0.0,0.0,0.0
2023-08-01 04:00:00+00:00,456.2699890136719,457.25,455.489990234375,456.4800109863281,438.6828918457031,55291500,0.0,0.0,0.0
2023-08-02 04:00:00+00:00,453.25,453.5199890136719,449.3500061035156,450.1300048828125,432.58038330078125,93933400,0.0,0.0,0.0
2023-08-03 04:00:00+00:00,448.0400085449219,450.7900085449219,447.3699951171875,448.8399963378906,431.34075927734375,64276100,0.0,0.0,0.0
2023-08-04 04:00:00+00:00,450.7200012207031,452.8999938964844,446.2699890136719,446.80999755859375,429.3898620605469,100128900,0.0,0.0,0.0
2023-08-07 04:00:00+00:00,448.7099914550781,450.8699951171875,447.989990234375,450.7099914550781,433.13775634765625,58357500,0.0,0.0,0.0
2023-08-08 04:00:00+00:00,448.0799865722656,450.70001220703125,445.2699890136719,448.75,431.2542419433594,71361300,0.0,0.0,0.0
2023-08-09 04:00:00+00:00,449.0299987792969,449.20001220703125,444.9599914550781,445.75,428.3711853027344,78789600,0.0,0.0,0.0
2023-08-10 04:00:00+00:00,448.19000244140625,451.70001220703125,444.70001220703125,445.9100036621094,428.52496337890625,93005500,0.0,0.0,0.0
2023-08-11 04:00:00+00:00,443.9700012207031,446.70001220703125,443.3500061035156,445.6499938964844,428.27508544921875,68690900,0.0,0.0,0.0
2023-08-14 04:00:00+00:00,444.70001220703125,448.1099853515625,444.3800048828125,448.1099853515625,430.6391296386719,47867400,0.0,0.0,0.0
2023-08-15 04:00:00+00:00,446.2699890136719,446.6400146484375,442.29998779296875,442.8900146484375,425.62274169921875,75707500,0.0,0.0,0.0
2023-08-16 04:00:00+00:00,442.4599914550781,444.17999267578125,439.5299987792969,439.6400146484375,422.4993591308594,80107200,0.0,0.0,0.0
2023-08-17 04:00:00+00:00,441.1600036621094,441.42999267578125,435.75,436.2900085449219,419.280029296875,95711300,0.0,0.0,0.0
2023-08-18 04:00:00+00:00,433.3699951171875,437.57000732421875,433.010009765625,436.5,419.4817810058594,98852000,0.0,0.0,0.0
2023-08-21 04:00:00+00:00,437.54998779296875,440.1099853515625,435.32000732421875,439.3399963378906,422.21112060546875,68719000,0.0,0.0,0.0
2023-08-22 04:00:00+00:00,441.17999267578125,441.17999267578125,437.57000732421875,438.1499938964844,421.0675048828125,64994200,0.0,0.0,0.0
2023-08-23 04:00:00+00:00,439.25,443.6700134277344,439.1000061035156,443.0299987792969,425.7572021484375,68441000,0.0,0.0,0.0
2023-08-24 04:00:00+00:00,444.69000244140625,445.2200012207031,436.8599853515625,436.8900146484375,419.85662841796875,88517300,0.0,0.0,0.0
2023-08-25 04:00:00+00:00,438.67999267578125,441.29998779296875,435.0,439.9700012207031,422.81658935546875,102325100,0.0,0.0,0.0
2023-08-28 04:00:00+00:00,442.239990234375,443.3999938964844,439.9700012207031,442.760009765625,425.4977722167969,61595400,0.0,0.0,0.0
2023-08-29 04:00:00+00:00,442.6499938964844,449.45001220703125,442.4599914550781,449.1600036621094,431.64825439453125,83081900,0.0,0.0,0.0
2023-08-30 04:00:00+00:00,449.510009765625,451.6700134277344,448.7799987792969,451.010009765625,433.4261169433594,69053900,0.0,0.0,0.0
2023-08-31 04:00:00+00:00,451.6499938964844,452.8299865722656,450.1600036621094,450.3500061035156,432.7918395996094,66084600,0.0,0.0,0.0
2023-09-01 04:00:00+00:00,453.1700134277344,453.6700134277344,449.67999267578125,451.19000244140625,433.59906005859375,58944100,0.0,0.0,0.0
2023-09-05 04:00:00+00:00,450.7300109863281,451.05999755859375,449.1700134277344,449.239990234375,431.72515869140625,55166200,0.0,0.0,0.0
2023-09-06 04:00:00+00:00,448.3999938964844,448.510009765625,443.80999755859375,446.2200012207031,428.8228454589844,70758500,0.0,0.0,0.0
2023-09-07 04:00:00+00:00,443.1099853515625,445.54998779296875,442.75,444.8500061035156,427.5063171386719,70355400,0.0,0.0,0.0
2023-09-08 04:00:00+00:00,444.8999938964844,447.1099853515625,444.5299987792969,445.5199890136719,428.1501770019531,61659700,0.0,0.0,0.0
2023-09-11 04:00:00+00:00,448.239990234375,448.7699890136719,446.4700012207031,448.45001220703125,430.9659729003906,60180100,0.0,0.0,0.0
2023-09-12 04:00:00+00:00,446.95001220703125,448.5299987792969,445.3900146484375,445.989990234375,428.6017761230469,67565400,0.0,0.0,0.0
2023-09-13 04:00:00+00:00,446.2200012207031,447.7099914550781,445.0799865722656,446.510009765625,429.1015625,60199300,0.0,0.0,0.0
2023-09-14 04:00:00+00:00,449.07000732421875,451.0799865722656,447.7200012207031,450.3599853515625,432.8014221191406,83430800,0.0,0.0,0.0
2023-09-15 04:00:00+00:00,447.1400146484375,447.4800109863281,442.9200134277344,443.3699951171875,427.5868835449219,111848900,1.583,0.0,0.0
2023-09-18 04:00:00+00:00,443.04998779296875,444.9700012207031,442.55999755859375,443.6300048828125,427.83770751953125,55752200,0.0,0.0,0.0
2023-09-19 04:00:00+00:00,442.67999267578125,443.2900085449219,439.94000244140625,442.7099914550781,426.950439453125,66514600,0.0,0.0,0.0
2023-09-20 04:00:00+00:00,444.010009765625,444.44000244140625,438.42999267578125,438.6400146484375,423.02532958984375,82562600,0.0,0.0,0.0
2023-09-21 04:00:00+00:00,435.70001220703125,435.9700012207031,431.2300109863281,431.3900146484375,416.033447265625,104095800,0.0,0.0,0.0
2023-09-22 04:00:00+00:00,432.45001220703125,434.1000061035156,429.989990234375,430.4200134277344,415.0979919433594,100829700,0.0,0.0,0.0
2023-09-25 04:00:00+00:00,429.1700134277344,432.2699890136719,428.7200012207031,432.2300109863281,416.843505859375,70874500,0.0,0.0,0.0
2023-09-26 04:00:00+00:00,429.0899963378906,429.82000732421875,425.0199890136719,425.8800048828125,410.71954345703125,96168400,0.0,0.0,0.0
2023-09-27 04:00:00+00:00,427.0899963378906,427.6700134277344,422.2900085449219,426.04998779296875,410.8834533691406,104705800,0.0,0.0,0.0
2023-09-28 04:00:00+00:00,425.4800109863281,430.25,424.8699951171875,428.5199890136719,413.2655944824219,92258300,0.0,0.0,0.0
2023-09-29 04:00:00+00:00,431.6700134277344,431.8500061035156,425.9100036621094,427.4800109863281,412.2625732421875,115111300,0.0,0.0,0.0
2023-10-02 04:00:00+00:00,426.6199951171875,428.6000061035156,424.4599914550781,427.30999755859375,412.0986328125,83798600,0.0,0.0,0.0
2023-10-03 04:00:00+00:00,425.05999755859375,427.3699951171875,420.17999267578125,421.5899963378906,406.582275390625,103760600,0.0,0.0,0.0
2023-10-04 04:00:00+00:00,422.07000732421875,425.42999267578125,420.55999755859375,424.6600036621094,409.54296875,87453000,0.0,0.0,0.0
2023-10-05 04:00:00+00:00,424.3599853515625,425.3699951171875,421.1700134277344,424.5,409.38873291015625,70142700,0.0,0.0,0.0
2023-10-06 04:00:00+00:00,421.9700012207031,431.1300048828125,420.6000061035156,429.5400085449219,414.2492980957031,113273300,0.0,0.0,0.0
2023-10-09 04:00:00+00:00,427.5799865722656,432.8800048828125,427.010009765625,432.2900085449219,416.9013366699219,80374400,0.0,0.0,0.0
2023-10-10 04:00:00+00:00,432.94000244140625,437.2200012207031,432.5299987792969,434.5400085449219,419.0712585449219,78607300,0.0,0.0,0.0
2023-10-11 04:00:00+00:00,435.6400146484375,436.5799865722656,433.17999267578125,436.32000732421875,420.78790283203125,62451700,0.0,0.0,0.0
2023-10-12 04:00:00+00:00,436.95001220703125,437.3399963378906,431.2300109863281,433.6600036621094,418.22259521484375,81154200,0.0,0.0,0.0
2023-10-13 04:00:00+00:00,435.2099914550781,436.45001220703125,429.8800048828125,431.5,416.13946533203125,95143100,0.0,0.0,0.0
2023-10-16 04:00:00+00:00,433.82000732421875,437.1400146484375,433.57000732421875,436.0400085449219,420.517822265625,75433200,0.0,0.0,0.0
2023-10-17 04:00:00+00:00,432.80999755859375,438.1400146484375,432.45001220703125,436.0199890136719,420.49853515625,75324700,0.0,0.0,0.0
2023-10-18 04:00:00+00:00,434.19000244140625,435.17999267578125,429.0899963378906,430.2099914550781,414.8952941894531,93559800,0.0,0.0,0.0
2023-10-19 04:00:00+00:00,430.95001220703125,432.82000732421875,425.7300109863281,426.42999267578125,411.24993896484375,121323000,0.0,0.0,0.0
2023-10-20 04:00:00+00:00,425.9800109863281,426.5400085449219,421.0799865722656,421.19000244140625,406.19647216796875,123919900,0.0,0.0,0.0
2023-10-23 04:00:00+00:00,419.6099853515625,424.45001220703125,417.79998779296875,420.4599914550781,405.492431640625,92035100,0.0,0.0,0.0
2023-10-24 04:00:00+00:00,422.6499938964844,424.82000732421875,420.739990234375,423.6300048828125,408.5496520996094,78564200,0.0,0.0,0.0
2023-10-25 04:00:00+00:00,421.8900146484375,421.9200134277344,417.0199890136719,417.54998779296875,402.68609619140625,94223200,0.0,0.0,0.0
2023-10-26 04:00:00+00:00,416.45001220703125,417.3299865722656,411.6000061035156,412.54998779296875,397.86407470703125,115156800,0.0,0.0,0.0
2023-10-27 04:00:00+00:00,414.19000244140625,414.6000061035156,409.2099914550781,410.67999267578125,396.0606384277344,107367700,0.0,0.0,0.0
2023-10-30 04:00:00+00:00,413.55999755859375,416.67999267578125,412.2200012207031,415.5899963378906,400.7957763671875,86562700,0.0,0.0,0.0
2023-10-31 04:00:00+00:00,416.17999267578125,418.5299987792969,414.2099914550781,418.20001220703125,403.3129577636719,79665200,0.0,0.0,0.0
2023-11-01 04:00:00+00:00,419.20001220703125,423.5,418.6499938964844,422.6600036621094,407.6141662597656,98068100,0.0,0.0,0.0
2023-11-02 04:00:00+00:00,426.5799865722656,430.9200134277344,426.55999755859375,430.760009765625,415.4258117675781,94938900,0.0,0.0,0.0
2023-11-03 04:00:00+00:00,433.1400146484375,436.2900085449219,433.010009765625,434.69000244140625,419.2159423828125,100167800,0.0,0.0,0.0
2023-11-06 05:00:00+00:00,435.4700012207031,436.1499938964844,433.67999267578125,435.69000244140625,420.1802673339844,67831700,0.0,0.0,0.0
2023-11-07 05:00:00+00:00,435.69000244140625,437.5899963378906,434.510009765625,436.92999267578125,421.37615966796875,64256100,0.0,0.0,0.0
2023-11-08 05:00:00+00:00,437.54998779296875,438.0899963378906,434.8699951171875,437.25,421.6848449707031,61746000,0.0,0.0,0.0
2023-11-09 05:00:00+00:00,438.42999267578125,438.4700012207031,433.3999938964844,433.8399963378906,418.3962097167969,83174400,0.0,0.0,0.0
2023-11-10 05:00:00+00:00,435.9800109863281,440.92999267578125,433.8299865722656,440.6099853515625,424.9251403808594,89462200,0.0,0.0,0.0
2023-11-13 05:00:00+00:00,439.2300109863281,441.3299865722656,438.4200134277344,440.19000244140625,424.5201110839844,52236100,0.0,0.0,0.0
2023-11-14 05:00:00+00:00,446.32000732421875,450.05999755859375,446.0899963378906,448.7300109863281,432.75616455078125,97176900,0.0,0.0,0.0
2023-11-15 05:00:00+00:00,450.1099853515625,451.3800048828125,448.79998779296875,449.67999267578125,433.6722717285156,77327600,0.0,0.0,0.0
2023-11-16 05:00:00+00:00,449.2200012207031,450.55999755859375,448.1199951171875,450.2300109863281,434.20269775390625,66665800,0.0,0.0,0.0
2023-11-17 05:00:00+00:00,450.239990234375,451.4200134277344,449.2900085449219,450.7900085449219,434.74273681640625,83133200,0.0,0.0,0.0
2023-11-20 05:00:00+00:00,450.5299987792969,455.1300048828125,450.5199890136719,454.260009765625,438.08929443359375,69936200,0.0,0.0,0.0
2023-11-21 05:00:00+00:00,453.17999267578125,454.1300048828125,451.9599914550781,453.2699890136719,437.1345520019531,49244600,0.0,0.0,0.0
2023-11-22 05:00:00+00:00,454.9800109863281,456.3800048828125,453.8900146484375,455.0199890136719,438.8221435546875,59394900,0.0,0.0,0.0
2023-11-24 05:00:00+00:00,455.07000732421875,455.5,454.7300109863281,455.29998779296875,439.0922546386719,29737400,0.0,0.0,0.0
2023-11-27 05:00:00+00:00,454.6499938964844,455.489990234375,454.0799865722656,454.4800109863281,438.3014831542969,50506000,0.0,0.0,0.0
2023-11-28 05:00:00+00:00,454.0799865722656,456.2699890136719,453.5,454.92999267578125,438.7353820800781,62115000,0.0,0.0,0.0
2023-11-29 05:00:00+00:00,457.1499938964844,458.32000732421875,454.20001220703125,454.6099853515625,438.4268493652344,63146000,0.0,0.0,0.0
2023-11-30 05:00:00+00:00,455.4800109863281,456.760009765625,453.3399963378906,456.3999938964844,440.153076171875,79752700,0.0,0.0,0.0
2023-12-01 05:00:00+00:00,455.7699890136719,459.6499938964844,455.1600036621094,459.1000061035156,442.75701904296875,89183400,0.0,0.0,0.0
2023-12-04 05:00:00+00:00,455.6000061035156,459.1199951171875,454.3399963378906,456.69000244140625,440.43280029296875,72430900,0.0,0.0,0.0
2023-12-05 05:00:00+00:00,455.260009765625,457.5899963378906,454.8699951171875,456.6000061035156,440.34600830078125,69793500,0.0,0.0,0.0
2023-12-06 05:00:00+00:00,458.80999755859375,458.8399963378906,454.30999755859375,454.760009765625,438.5715026855469,69124700,0.0,0.0,0.0
2023-12-07 05:00:00+00:00,456.9100036621094,458.8999938964844,456.2900085449219,458.2300109863281,441.9179382324219,66995400,0.0,0.0,0.0
2023-12-08 05:00:00+00:00,457.4599914550781,460.75,457.2099914550781,460.20001220703125,443.81781005859375,83194400,0.0,0.0,0.0
2023-12-11 05:00:00+00:00,459.69000244140625,462.1700134277344,459.4700012207031,461.989990234375,445.5440979003906,65002200,0.0,0.0,0.0
2023-12-12 05:00:00+00:00,461.6300048828125,464.20001220703125,460.6000061035156,464.1000061035156,447.5790100097656,68327600,0.0,0.0,0.0
2023-12-13 05:00:00+00:00,464.489990234375,470.760009765625,464.1199951171875,470.5,453.7511291503906,93278000,0.0,0.0,0.0
2023-12-14 05:00:00+00:00,472.5,473.7300109863281,469.25,472.010009765625,455.2073669433594,119026000,0.0,0.0,0.0
2023-12-15 05:00:00+00:00,469.489990234375,470.70001220703125,467.42999267578125,469.3299865722656,454.45794677734375,141553700,1.906,0.0,0.0
2023-12-18 05:00:00+00:00,470.9800109863281,472.9800109863281,469.8900146484375,471.9700012207031,457.0143127441406,70375300,0.0,0.0,0.0
2023-12-19 05:00:00+00:00,472.5299987792969,474.9200134277344,472.45001220703125,474.8399963378906,459.79327392578125,55761800,0.0,0.0,0.0
2023-12-20 05:00:00+00:00,473.9599914550781,475.8999938964844,467.82000732421875,468.260009765625,453.421875,102921000,0.0,0.0,0.0
2023-12-21 05:00:00+00:00,471.3299865722656,472.9800109863281,468.8399963378906,472.70001220703125,457.72113037109375,86667500,0.0,0.0,0.0
2023-12-22 05:00:00+00:00,473.8599853515625,475.3800048828125,471.70001220703125,473.6499938964844,458.6410217285156,67160400,0.0,0.0,0.0
2023-12-26 05:00:00+00:00,474.07000732421875,476.5799865722656,473.989990234375,475.6499938964844,460.5776672363281,55387000,0.0,0.0,0.0
2023-12-27 05:00:00+00:00,475.44000244140625,476.6600036621094,474.8900146484375,476.510009765625,461.41046142578125,68000300,0.0,0.0,0.0
2023-12-28 05:00:00+00:00,476.8800048828125,477.54998779296875,476.260009765625,476.69000244140625,461.584716796875,77158100,0.0,0.0,0.0
2023-12-29 05:00:00+00:00,476.489990234375,477.0299987792969,473.29998779296875,475.30999755859375,460.2484130859375,122283100,0.0,0.0,0.0
2024-01-02 05:00:00+00:00,472.1600036621094,473.6700134277344,470.489990234375,472.6499938964844,457.6726989746094,123623700,0.0,0.0,0.0
2024-01-03 05:00:00+00:00,470.42999267578125,471.19000244140625,468.1700134277344,468.7900085449219,453.93511962890625,103585900,0.0,0.0,0.0
2024-01-04 05:00:00+00:00,468.29998779296875,470.9599914550781,467.04998779296875,467.2799987792969,452.472900390625,84232200,0.0,0.0,0.0
2024-01-05 05:00:00+00:00,467.489990234375,470.44000244140625,466.42999267578125,467.9200134277344,453.0926513671875,86118900,0.0,0.0,0.0
2024-01-08 05:00:00+00:00,468.42999267578125,474.75,468.29998779296875,474.6000061035156,459.5609436035156,74879100,0.0,0.0,0.0
2024-01-09 05:00:00+00:00,471.8699951171875,474.92999267578125,471.3500061035156,473.8800048828125,458.8637390136719,65931400,0.0,0.0,0.0
2024-01-10 05:00:00+00:00,474.1600036621094,477.45001220703125,473.8699951171875,476.55999755859375,461.45880126953125,67310600,0.0,0.0,0.0
2024-01-11 05:00:00+00:00,477.5899963378906,478.1199951171875,472.260009765625,476.3500061035156,461.2554626464844,77940700,0.0,0.0,0.0
2024-01-12 05:00:00+00:00,477.8399963378906,478.6000061035156,475.2300109863281,476.67999267578125,461.5749816894531,58026400,0.0,0.0,0.0
2024-01-16 05:00:00+00:00,475.260009765625,476.6099853515625,473.05999755859375,474.92999267578125,459.88043212890625,85014900,0.0,0.0,0.0
2024-01-17 05:00:00+00:00,471.82000732421875,472.7900085449219,469.8699951171875,472.2900085449219,457.3241882324219,68843900,0.0,0.0,0.0
2024-01-18 05:00:00+00:00,474.010009765625,477.05999755859375,472.4200134277344,476.489990234375,461.39105224609375,91856200,0.0,0.0,0.0
2024-01-19 05:00:00+00:00,477.6499938964844,482.7200012207031,476.5400085449219,482.42999267578125,467.1428527832031,110834500,0.0,0.0,0.0
2024-01-22 05:00:00+00:00,484.010009765625,485.2200012207031,482.7799987792969,483.45001220703125,468.1304931640625,75844900,0.0,0.0,0.0
2024-01-23 05:00:00+00:00,484.010009765625,485.1099853515625,482.8900146484375,484.8599853515625,469.4957580566406,49945300,0.0,0.0,0.0
2024-01-24 05:00:00+00:00,487.80999755859375,488.7699890136719,484.8800048828125,485.3900146484375,470.009033203125,81765000,0.0,0.0,0.0
2024-01-25 05:00:00+00:00,487.5799865722656,488.30999755859375,485.3900146484375,488.0299987792969,472.56536865234375,72525000,0.0,0.0,0.0
2024-01-26 05:00:00+00:00,487.5899963378906,489.1199951171875,486.5400085449219,487.4100036621094,471.9649963378906,76641600,0.0,0.0,0.0
2024-01-29 05:00:00+00:00,487.7300109863281,491.4200134277344,487.1700134277344,491.2699890136719,475.70269775390625,61322800,0.0,0.0,0.0
2024-01-30 05:00:00+00:00,490.55999755859375,491.6199951171875,490.1099853515625,490.8900146484375,475.334716796875,58618400,0.0,0.0,0.0
2024-01-31 05:00:00+00:00,488.6199951171875,489.0799865722656,482.8599853515625,482.8800048828125,467.5785827636719,126011100,0.0,0.0,0.0
2024-02-01 05:00:00+00:00,484.6300048828125,489.2300109863281,483.79998779296875,489.20001220703125,473.69830322265625,91891600,0.0,0.0,0.0
2024-02-02 05:00:00+00:00,489.6499938964844,496.04998779296875,489.29998779296875,494.3500061035156,478.68511962890625,99228200,0.0,0.0,0.0
2024-02-05 05:00:00+00:00,493.70001220703125,494.3800048828125,490.2300109863281,492.54998779296875,476.9421081542969,75757100,0.0,0.0,0.0
2024-02-06 05:00:00+00:00,493.5199890136719,494.32000732421875,492.04998779296875,493.9800109863281,478.3268127441406,55918600,0.0,0.0,0.0
2024-02-07 05:00:00+00:00,496.2900085449219,498.5299987792969,495.3599853515625,498.1000061035156,482.3162536621094,70556500,0.0,0.0,0.0
2024-02-08 05:00:00+00:00,498.1000061035156,498.7099914550781,497.260009765625,498.32000732421875,482.5293273925781,52343600,0.0,0.0,0.0
2024-02-09 05:00:00+00:00,498.8399963378906,501.6499938964844,498.489990234375,501.20001220703125,485.3180847167969,63979400,0.0,0.0,0.0
2024-02-12 05:00:00+00:00,501.1700134277344,503.5,500.239990234375,500.9800109863281,485.10498046875,56502300,0.0,0.0,0.0
2024-02-13 05:00:00+00:00,494.5299987792969,497.0899963378906,490.7200012207031,494.0799865722656,478.4237060546875,113099200,0.0,0.0,0.0
2024-02-14 05:00:00+00:00,496.7900085449219,499.07000732421875,494.3999938964844,498.57000732421875,482.7713928222656,68387800,0.0,0.0,0.0
2024-02-15 05:00:00+00:00,499.2900085449219,502.20001220703125,498.79998779296875,502.010009765625,486.1024169921875,61683000,0.0,0.0,0.0
2024-02-16 05:00:00+00:00,501.70001220703125,502.8699951171875,498.75,499.510009765625,483.6816101074219,75532900,0.0,0.0,0.0
2024-02-20 05:00:00+00:00,497.7200012207031,498.4100036621094,494.45001220703125,496.760009765625,481.01873779296875,71736700,0.0,0.0,0.0
2024-02-21 05:00:00+00:00,495.4200134277344,497.3699951171875,493.55999755859375,497.2099914550781,481.4544982910156,59293400,0.0,0.0,0.0
2024-02-22 05:00:00+00:00,504.010009765625,508.489990234375,503.0199890136719,507.5,491.41839599609375,76402500,0.0,0.0,0.0
2024-02-23 05:00:00+00:00,509.2699890136719,510.1300048828125,507.1000061035156,507.8500061035156,491.7572937011719,61321800,0.0,0.0,0.0
2024-02-26 05:00:00+00:00,508.29998779296875,508.75,505.8599853515625,505.989990234375,489.9562072753906,50386700,0.0,0.0,0.0
2024-02-27 05:00:00+00:00,506.70001220703125,507.1600036621094,504.75,506.92999267578125,490.86639404296875,48854500,0.0,0.0,0.0
2024-02-28 05:00:00+00:00,505.3299865722656,506.8599853515625,504.9599914550781,506.260009765625,490.2177429199219,56506600,0.0,0.0,0.0
2024-02-29 05:00:00+00:00,508.07000732421875,509.739990234375,505.3500061035156,508.0799865722656,491.9799499511719,83924800,0.0,0.0,0.0
2024-03-01 05:00:00+00:00,508.9800109863281,513.2899780273438,508.55999755859375,512.8499755859375,496.598876953125,76844800,0.0,0.0,0.0
2024-03-04 05:00:00+00:00,512.030029296875,514.2000122070312,512.0,512.2999877929688,496.06622314453125,49799300,0.0,0.0,0.0
2024-03-05 05:00:00+00:00,510.239990234375,510.70001220703125,504.9100036621094,507.17999267578125,491.1085205078125,72855600,0.0,0.0,0.0
2024-03-06 05:00:00+00:00,510.54998779296875,512.0700073242188,508.4200134277344,509.75,493.5970764160156,68382400,0.0,0.0,0.0
2024-03-07 05:00:00+00:00,513.1400146484375,515.8900146484375,509.80999755859375,514.8099975585938,498.496826171875,58652100,0.0,0.0,0.0
2024-03-08 05:00:00+00:00,515.4600219726562,518.219970703125,511.1300048828125,511.7200012207031,495.5046691894531,86532500,0.0,0.0,0.0
2024-03-11 04:00:00+00:00,510.4800109863281,511.8800048828125,508.5,511.2799987792969,495.0785827636719,62557200,0.0,0.0,0.0
2024-03-12 04:00:00+00:00,513.4500122070312,517.3800048828125,510.8599853515625,516.780029296875,500.40435791015625,73114400,0.0,0.0,0.0
2024-03-13 04:00:00+00:00,517.1099853515625,517.2899780273438,514.489990234375,515.969970703125,499.6199951171875,55104100,0.0,0.0,0.0
2024-03-14 04:00:00+00:00,516.969970703125,517.1300048828125,511.82000732421875,514.9500122070312,498.6323547363281,110171800,0.0,0.0,0.0
2024-03-15 04:00:00+00:00,510.2099914550781,511.70001220703125,508.1199951171875,509.8299865722656,495.2083740234375,107646300,1.595,0.0,0.0
2024-03-18 04:00:00+00:00,514.0,515.47998046875,512.4400024414062,512.8599853515625,498.1515197753906,88893300,0.0,0.0,0.0
2024-03-19 04:00:00+00:00,512.1500244140625,516.0,511.1199951171875,515.7100219726562,500.91986083984375,60755300,0.0,0.0,0.0
2024-03-20 04:00:00+00:00,515.77001953125,520.6199951171875,515.0800170898438,520.47998046875,505.5530700683594,69594600,0.0,0.0,0.0
2024-03-21 04:00:00+00:00,523.3900146484375,524.1099853515625,521.9099731445312,522.2000122070312,507.2236328125,60256100,0.0,0.0,0.0
2024-03-22 04:00:00+00:00,522.1099853515625,522.6099853515625,520.969970703125,521.2100219726562,506.2621765136719,79070800,0.0,0.0,0.0
2024-03-25 04:00:00+00:00,519.7999877929688,520.9500122070312,519.6099853515625,519.77001953125,504.8633728027344,48512100,0.0,0.0,0.0
2024-03-26 04:00:00+00:00,521.22998046875,521.5800170898438,518.4000244140625,518.8099975585938,503.9308776855469,65463700,0.0,0.0,0.0
2024-03-27 04:00:00+00:00,521.7100219726562,523.2100219726562,519.489990234375,523.1699829101562,508.1658935546875,82999800,0.0,0.0,0.0
2024-03-28 04:00:00+00:00,523.2100219726562,524.6099853515625,522.780029296875,523.0700073242188,508.0686340332031,96294900,0.0,0.0,0.0
2024-04-01 04:00:00+00:00,523.8300170898438,524.3800048828125,520.969970703125,522.1599731445312,507.1847839355469,62477500,0.0,0.0,0.0
2024-04-02 04:00:00+00:00,518.239990234375,518.97998046875,516.47998046875,518.8400268554688,503.9601135253906,74230300,0.0,0.0,0.0
2024-04-03 04:00:00+00:00,517.719970703125,520.9500122070312,517.6699829101562,519.4099731445312,504.51361083984375,59155800,0.0,0.0,0.0
2024-04-04 04:00:00+00:00,523.52001953125,523.8699951171875,512.760009765625,513.0700073242188,498.35552978515625,96858100,0.0,0.0,0.0
2024-04-05 04:00:00+00:00,514.4600219726562,520.4400024414062,514.010009765625,518.4299926757812,503.5617370605469,74546500,0.0,0.0,0.0
2024-04-08 04:00:00+00:00,519.1500244140625,520.1799926757812,517.8900146484375,518.719970703125,503.8434143066406,48401800,0.0,0.0,0.0
2024-04-09 04:00:00+00:00,520.5,520.75,514.3499755859375,519.3200073242188,504.4263000488281,68049200,0.0,0.0,0.0
2024-04-10 04:00:00+00:00,513.47998046875,516.1599731445312,512.0900268554688,514.1199951171875,499.3753662109375,82652800,0.0,0.0,0.0
2024-04-11 04:00:00+00:00,515.6799926757812,519.47998046875,512.0800170898438,518.0,503.14404296875,70099000,0.0,0.0,0.0
2024-04-12 04:00:00+00:00,514.3699951171875,515.8200073242188,509.0799865722656,510.8500061035156,496.1991882324219,92561100,0.0,0.0,0.0
2024-04-15 04:00:00+00:00,515.1300048828125,515.2999877929688,503.5799865722656,504.45001220703125,489.9827575683594,92101400,0.0,0.0,0.0
2024-04-16 04:00:00+00:00,504.94000244140625,506.5,502.2099914550781,503.5299987792969,489.089111328125,73484000,0.0,0.0,0.0
2024-04-17 04:00:00+00:00,506.04998779296875,506.2200012207031,499.1199951171875,500.54998779296875,486.194580078125,75910300,0.0,0.0,0.0
2024-04-18 04:00:00+00:00,501.9800109863281,504.1300048828125,498.55999755859375,499.5199890136719,485.194091796875,74548100,0.0,0.0,0.0
2024-04-19 04:00:00+00:00,499.44000244140625,500.4599914550781,493.8599853515625,495.1600036621094,480.9591979980469,102212600,0.0,0.0,0.0
2024-04-22 04:00:00+00:00,497.8299865722656,502.3800048828125,495.42999267578125,499.7200012207031,485.38836669921875,67961000,0.0,0.0,0.0
2024-04-23 04:00:00+00:00,501.7799987792969,506.0899963378906,499.5299987792969,505.6499938964844,491.1482849121094,64633600,0.0,0.0,0.0
2024-04-24 04:00:00+00:00,506.55999755859375,507.3699951171875,503.1300048828125,505.4100036621094,490.9151611328125,55928100,0.0,0.0,0.0
2024-04-25 04:00:00+00:00,499.17999267578125,504.2699890136719,497.489990234375,503.489990234375,489.0502014160156,69122400,0.0,0.0,0.0
2024-04-26 04:00:00+00:00,506.3500061035156,509.8800048828125,505.70001220703125,508.260009765625,493.6834716796875,64306100,0.0,0.0,0.0
2024-04-29 04:00:00+00:00,510.0899963378906,510.75,507.25,510.05999755859375,495.43182373046875,46415400,0.0,0.0,0.0
2024-04-30 04:00:00+00:00,508.55999755859375,509.55999755859375,501.9800109863281,501.9800109863281,487.5835876464844,77483600,0.0,0.0,0.0
2024-05-01 04:00:00+00:00,501.3800048828125,508.19000244140625,499.8699951171875,500.3500061035156,486.0002746582031,80242800,0.0,0.0,0.0
2024-05-02 04:00:00+00:00,504.1499938964844,505.8900146484375,499.54998779296875,505.0299987792969,490.5460510253906,62550200,0.0,0.0,0.0
2024-05-03 04:00:00+00:00,511.1600036621094,512.5499877929688,508.55999755859375,511.2900085449219,496.6265563964844,72756700,0.0,0.0,0.0
2024-05-06 04:00:00+00:00,513.75,516.6099853515625,513.2999877929688,516.5700073242188,501.755126953125,47264700,0.0,0.0,0.0
2024-05-07 04:00:00+00:00,517.5599975585938,518.5700073242188,516.4500122070312,517.1400146484375,502.3088073730469,52561300,0.0,0.0,0.0
2024-05-08 04:00:00+00:00,515.260009765625,517.739990234375,515.1400146484375,517.1900024414062,502.3572998046875,42047200,0.0,0.0,0.0
2024-05-09 04:00:00+00:00,517.3800048828125,520.2100219726562,516.7100219726562,520.1699829101562,505.25189208984375,43643700,0.0,0.0,0.0
2024-05-10 04:00:00+00:00,521.8099975585938,522.6400146484375,519.5900268554688,520.8400268554688,505.90277099609375,52233200,0.0,0.0,0.0
2024-05-13 04:00:00+00:00,522.5599975585938,522.6699829101562,519.739990234375,520.9099731445312,505.9705505371094,36716400,0.0,0.0,0.0
2024-05-14 04:00:00+00:00,521.1099853515625,523.8300170898438,520.5599975585938,523.2999877929688,508.2920837402344,57535900,0.0,0.0,0.0
2024-05-15 04:00:00+00:00,525.8300170898438,530.0800170898438,525.1799926757812,529.780029296875,514.5863647460938,59504900,0.0,0.0,0.0
2024-05-16 04:00:00+00:00,529.8800048828125,531.52001953125,528.5399780273438,528.6900024414062,513.5274047851562,50244800,0.0,0.0,0.0
2024-05-17 04:00:00+00:00,528.8099975585938,529.52001953125,527.3200073242188,529.4500122070312,514.2657470703125,59187600,0.0,0.0,0.0
2024-05-20 04:00:00+00:00,529.5700073242188,531.5599975585938,529.1699829101562,530.0599975585938,514.8582153320312,37764200,0.0,0.0,0.0
2024-05-21 04:00:00+00:00,529.280029296875,531.52001953125,529.0700073242188,531.3599853515625,516.1209716796875,33437000,0.0,0.0,0.0
2024-05-22 04:00:00+00:00,530.6500244140625,531.3800048828125,527.5999755859375,529.8300170898438,514.6348266601562,48390000,0.0,0.0,0.0
2024-05-23 04:00:00+00:00,532.9600219726562,533.0700073242188,524.719970703125,525.9600219726562,510.8758544921875,57211200,0.0,0.0,0.0
2024-05-24 04:00:00+00:00,527.8499755859375,530.27001953125,526.8800048828125,529.4400024414062,514.256103515625,41291100,0.0,0.0,0.0
2024-05-28 04:00:00+00:00,530.27001953125,530.510009765625,527.1099853515625,529.8099975585938,514.6153564453125,36269600,0.0,0.0,0.0
2024-05-29 04:00:00+00:00,525.6799926757812,527.3099975585938,525.3699951171875,526.0999755859375,511.0118103027344,45190300,0.0,0.0,0.0
2024-05-30 04:00:00+00:00,524.52001953125,525.2000122070312,521.3300170898438,522.6099853515625,507.62188720703125,46377600,0.0,0.0,0.0
2024-05-31 04:00:00+00:00,523.5900268554688,527.5,518.3599853515625,527.3699951171875,512.2452392578125,90785800,0.0,0.0,0.0
2024-06-03 04:00:00+00:00,529.02001953125,529.3099975585938,522.5999755859375,527.7999877929688,512.6629638671875,46835700,0.0,0.0,0.0
2024-06-04 04:00:00+00:00,526.4600219726562,529.1500244140625,524.9600219726562,528.3900146484375,513.2361450195312,34632700,0.0,0.0,0.0
2024-06-05 04:00:00+00:00,530.77001953125,534.6900024414062,528.72998046875,534.6699829101562,519.3361206054688,47610400,0.0,0.0,0.0
2024-06-06 04:00:00+00:00,534.97998046875,535.4199829101562,532.6799926757812,534.6599731445312,519.3262329101562,30808500,0.0,0.0,0.0
2024-06-07 04:00:00+00:00,533.6599731445312,536.8900146484375,532.5399780273438,534.010009765625,518.6949462890625,43224500,0.0,0.0,0.0
2024-06-10 04:00:00+00:00,533.1799926757812,535.989990234375,532.5700073242188,535.6599731445312,520.2976684570312,35686100,0.0,0.0,0.0
2024-06-11 04:00:00+00:00,534.0700073242188,537.010009765625,532.0499877929688,536.9500122070312,521.550537109375,36383400,0.0,0.0,0.0
2024-06-12 04:00:00+00:00,541.6300048828125,544.1199951171875,540.2999877929688,541.3599853515625,525.834228515625,63251300,0.0,0.0,0.0
2024-06-13 04:00:00+00:00,543.1500244140625,543.3300170898438,539.5900268554688,542.4500122070312,526.8928833007812,44760900,0.0,0.0,0.0
2024-06-14 04:00:00+00:00,540.8800048828125,542.8099975585938,539.8499755859375,542.780029296875,527.2134399414062,40089900,0.0,0.0,0.0
2024-06-17 04:00:00+00:00,542.0800170898438,548.530029296875,541.6099853515625,547.0999755859375,531.4094848632812,55839500,0.0,0.0,0.0
2024-06-18 04:00:00+00:00,547.1599731445312,548.6199951171875,546.72998046875,548.489990234375,532.759765625,41376400,0.0,0.0,0.0
2024-06-20 04:00:00+00:00,549.4400024414062,550.1199951171875,545.1799926757812,547.0,531.3125,70328200,0.0,0.0,0.0
2024-06-21 04:00:00+00:00,544.4000244140625,545.6500244140625,543.02001953125,544.510009765625,530.60009765625,64338600,1.759,0.0,0.0
2024-06-24 04:00:00+00:00,544.3300170898438,546.9500122070312,542.6199951171875,542.739990234375,528.8753051757812,45528700,0.0,0.0,0.0
2024-06-25 04:00:00+00:00,543.989990234375,545.2000122070312,542.4400024414062,544.8300170898438,530.9119262695312,37936200,0.0,0.0,0.0
2024-06-26 04:00:00+00:00,543.6900024414062,546.239990234375,543.030029296875,545.510009765625,531.5745849609375,38550600,0.0,0.0,0.0
2024-06-27 04:00:00+00:00,545.3699951171875,546.9600219726562,544.6099853515625,546.3699951171875,532.41259765625,35041500,0.0,0.0,0.0
2024-06-28 04:00:00+00:00,547.1599731445312,550.280029296875,542.9500122070312,544.219970703125,530.3175048828125,76144500,0.0,0.0,0.0
2024-07-01 04:00:00+00:00,545.6300048828125,545.8800048828125,542.52001953125,545.3400268554688,531.4088745117188,40297800,0.0,0.0,0.0
2024-07-02 04:00:00+00:00,543.7000122070312,549.010009765625,543.6500244140625,549.010009765625,534.9850463867188,40434800,0.0,0.0,0.0
2024-07-03 04:00:00+00:00,548.6900024414062,551.8300170898438,548.6500244140625,551.4600219726562,537.3726196289062,32789900,0.0,0.0,0.0
2024-07-05 04:00:00+00:00,551.77001953125,555.0499877929688,551.1199951171875,554.6400146484375,540.4713745117188,41488400,0.0,0.0,0.0
2024-07-08 04:00:00+00:00,555.4400024414062,556.25,554.1900024414062,555.280029296875,541.0950927734375,36110500,0.0,0.0,0.0
2024-07-09 04:00:00+00:00,556.260009765625,557.1799926757812,555.52001953125,555.8200073242188,541.62109375,27289700,0.0,0.0,0.0
2024-07-10 04:00:00+00:00,557.0700073242188,561.6699829101562,556.77001953125,561.3200073242188,546.980712890625,38701200,0.0,0.0,0.0
2024-07-11 04:00:00+00:00,561.4400024414062,562.3300170898438,555.8300170898438,556.47998046875,542.2643432617188,53054200,0.0,0.0,0.0
2024-07-12 04:00:00+00:00,557.6300048828125,563.6699829101562,557.1500244140625,559.989990234375,545.6846923828125,53084400,0.0,0.0,0.0
2024-07-15 04:00:00+00:00,562.030029296875,564.8400268554688,559.6300048828125,561.530029296875,547.185302734375,40584300,0.0,0.0,0.0
2024-07-16 04:00:00+00:00,562.8699951171875,565.1599731445312,562.0999755859375,564.8599853515625,550.43017578125,36475300,0.0,0.0,0.0
2024-07-17 04:00:00+00:00,558.7999877929688,560.510009765625,556.6099853515625,556.9400024414062,542.7124633789062,57119000,0.0,0.0,0.0
2024-07-18 04:00:00+00:00,558.510009765625,559.52001953125,550.4299926757812,552.6599731445312,538.5418090820312,56270400,0.0,0.0,0.0
2024-07-19 04:00:00+00:00,552.4199829101562,554.0800170898438,547.9099731445312,548.989990234375,534.965576171875,65509100,0.0,0.0,0.0
2024-07-22 04:00:00+00:00,553.0,555.27001953125,551.02001953125,554.6500244140625,540.4811401367188,43346700,0.0,0.0,0.0
2024-07-23 04:00:00+00:00,554.5399780273438,556.739990234375,553.280029296875,553.780029296875,539.6331787109375,34439600,0.0,0.0,0.0
2024-07-24 04:00:00+00:00,548.8599853515625,549.1699829101562,540.2899780273438,541.22998046875,527.40380859375,74515300,0.0,0.0,0.0
2024-07-25 04:00:00+00:00,541.3499755859375,547.4600219726562,537.4500122070312,538.4099731445312,524.6558837890625,61158300,0.0,0.0,0.0
2024-07-26 04:00:00+00:00,542.280029296875,547.1900024414062,541.489990234375,544.4400024414062,530.5317993164062,53763800,0.0,0.0,0.0
2024-07-29 04:00:00+00:00,546.02001953125,547.0499877929688,542.719970703125,544.760009765625,530.8436889648438,39515800,0.0,0.0,0.0
2024-07-30 04:00:00+00:00,546.260009765625,547.3400268554688,538.52001953125,542.0,528.1541748046875,46853600,0.0,0.0,0.0
2024-07-31 04:00:00+00:00,548.97998046875,553.5,547.5800170898438,550.8099975585938,536.7390747070312,65663400,0.0,0.0,0.0
2024-08-01 04:00:00+00:00,552.5700073242188,554.8699951171875,539.4299926757812,543.010009765625,529.138427734375,76428700,0.0,0.0,0.0
2024-08-02 04:00:00+00:00,535.75,536.989990234375,528.5999755859375,532.9000244140625,519.2866821289062,82789100,0.0,0.0,0.0
2024-08-05 04:00:00+00:00,511.6400146484375,523.5800170898438,510.2699890136719,517.3800048828125,504.1631164550781,146267400,0.0,0.0,0.0
2024-08-06 04:00:00+00:00,519.219970703125,529.75,517.8699951171875,522.1500244140625,508.81134033203125,84826300,0.0,0.0,0.0
2024-08-07 04:00:00+00:00,528.469970703125,531.5900268554688,518.0499877929688,518.6599731445312,505.4105224609375,70698300,0.0,0.0,0.0
2024-08-08 04:00:00+00:00,523.9099731445312,531.2899780273438,521.8400268554688,530.6500244140625,517.0941772460938,63276600,0.0,0.0,0.0
2024-08-09 04:00:00+00:00,529.8099975585938,534.510009765625,528.5599975585938,532.989990234375,519.3743286132812,45619600,0.0,0.0,0.0
2024-08-12 04:00:00+00:00,534.2100219726562,535.72998046875,530.9500122070312,533.27001953125,519.6472778320312,42542100,0.0,0.0,0.0
2024-08-13 04:00:00+00:00,536.530029296875,542.280029296875,536.280029296875,542.0399780273438,528.193115234375,52333100,0.0,0.0,0.0
2024-08-14 04:00:00+00:00,542.8499755859375,544.9600219726562,540.1199951171875,543.75,529.8595581054688,42446900,0.0,0.0,0.0
2024-08-15 04:00:00+00:00,549.5,553.3599853515625,548.8800048828125,553.0700073242188,538.94140625,60846800,0.0,0.0,0.0
2024-08-16 04:00:00+00:00,551.4199829101562,555.02001953125,551.260009765625,554.3099975585938,540.1497802734375,44430700,0.0,0.0,0.0
2024-08-19 04:00:00+00:00,554.72998046875,559.6099853515625,553.8599853515625,559.6099853515625,545.3142700195312,39121800,0.0,0.0,0.0
2024-08-20 04:00:00+00:00,559.1500244140625,560.8400268554688,557.3300170898438,558.7000122070312,544.4276123046875,33732300,0.0,0.0,0.0
2024-08-21 04:00:00+00:00,559.77001953125,562.1099853515625,554.72998046875,560.6199951171875,546.2984619140625,41514600,0.0,0.0,0.0
2024-08-22 04:00:00+00:00,562.5599975585938,563.1799926757812,554.97998046875,556.219970703125,542.0108642578125,56121500,0.0,0.0,0.0
2024-08-23 04:00:00+00:00,559.530029296875,563.0900268554688,557.2899780273438,562.1300048828125,547.77001953125,50639400,0.0,0.0,0.0
2024-08-26 04:00:00+00:00,563.1799926757812,563.9099731445312,559.0499877929688,560.7899780273438,546.4641723632812,35788600,0.0,0.0,0.0
2024-08-27 04:00:00+00:00,559.489990234375,562.0599975585938,558.3200073242188,561.5599975585938,547.214599609375,32693900,0.0,0.0,0.0
2024-08-28 04:00:00+00:00,561.2100219726562,561.6500244140625,555.0399780273438,558.2999877929688,544.0379028320312,41066000,0.0,0.0,0.0
2024-08-29 04:00:00+00:00,560.3099975585938,563.6799926757812,557.1799926757812,558.3499755859375,544.0864868164062,38715200,0.0,0.0,0.0
2024-08-30 04:00:00+00:00,560.77001953125,564.2000122070312,557.1400146484375,563.6799926757812,549.2803344726562,62700100,0.0,0.0,0.0
2024-09-03 04:00:00+00:00,560.469970703125,560.8099975585938,549.510009765625,552.0800170898438,537.976806640625,60600100,0.0,0.0,0.0
2024-09-04 04:00:00+00:00,550.2000122070312,554.4299926757812,549.4600219726562,550.9500122070312,536.8756103515625,47224900,0.0,0.0,0.0
2024-09-05 04:00:00+00:00,550.8900146484375,553.7999877929688,547.0999755859375,549.6099853515625,535.5697021484375,44264300,0.0,0.0,0.0
2024-09-06 04:00:00+00:00,549.9400024414062,551.5999755859375,539.4400024414062,540.3599853515625,526.55615234375,68493800,0.0,0.0,0.0
2024-09-09 04:00:00+00:00,544.6500244140625,547.7100219726562,542.6799926757812,546.4099731445312,532.4514770507812,40445800,0.0,0.0,0.0
2024-09-10 04:00:00+00:00,548.3599853515625,549.1500244140625,543.3800048828125,548.7899780273438,534.7706909179688,36394600,0.0,0.0,0.0
2024-09-11 04:00:00+00:00,548.7000122070312,555.3599853515625,539.9600219726562,554.4199829101562,540.2569580078125,75248600,0.0,0.0,0.0
2024-09-12 04:00:00+00:00,555.010009765625,559.4000244140625,552.739990234375,559.0900268554688,544.8076171875,51819600,0.0,0.0,0.0
2024-09-13 04:00:00+00:00,559.7100219726562,563.030029296875,559.4500122070312,562.010009765625,547.653076171875,39310500,0.0,0.0,0.0
2024-09-16 04:00:00+00:00,561.739990234375,563.1099853515625,559.9000244140625,562.8400268554688,548.4618530273438,36656100,0.0,0.0,0.0
2024-09-17 04:00:00+00:00,565.0999755859375,566.5800170898438,560.7899780273438,563.0700073242188,548.6859741210938,49321000,0.0,0.0,0.0
2024-09-18 04:00:00+00:00,563.739990234375,568.6900024414062,560.8300170898438,561.4000244140625,547.0586547851562,59044900,0.0,0.0,0.0
2024-09-19 04:00:00+00:00,571.010009765625,572.8800048828125,568.0800170898438,570.97998046875,556.3939208984375,75315500,0.0,0.0,0.0
2024-09-20 04:00:00+00:00,567.8400268554688,569.3099975585938,565.1699829101562,568.25,555.4320678710938,77503100,1.746,0.0,0.0
2024-09-23 04:00:00+00:00,569.3400268554688,570.3300170898438,568.0999755859375,569.6699829101562,556.8200073242188,44116900,0.0,0.0,0.0
2024-09-24 04:00:00+00:00,570.47998046875,571.3599853515625,567.5999755859375,571.2999877929688,558.413330078125,46805700,0.0,0.0,0.0
2024-09-25 04:00:00+00:00,571.1400146484375,571.8900146484375,568.9099731445312,570.0399780273438,557.181640625,38428600,0.0,0.0,0.0
2024-09-26 04:00:00+00:00,574.3800048828125,574.7100219726562,569.9000244140625,572.2999877929688,559.3907470703125,48336000,0.0,0.0,0.0
2024-09-27 04:00:00+00:00,573.3900146484375,574.219970703125,570.4199829101562,571.469970703125,558.5794067382812,42100900,0.0,0.0,0.0
2024-09-30 04:00:00+00:00,570.4199829101562,574.3800048828125,568.0800170898438,573.760009765625,560.8178100585938,63557400,0.0,0.0,0.0
2024-10-01 04:00:00+00:00,573.4000244140625,574.0599975585938,566.0,568.6199951171875,555.793701171875,72668800,0.0,0.0,0.0
2024-10-02 04:00:00+00:00,567.7100219726562,569.9000244140625,565.27001953125,568.8599853515625,556.0283813476562,38097800,0.0,0.0,0.0
2024-10-03 04:00:00+00:00,567.3599853515625,569.7999877929688,565.489990234375,567.8200073242188,555.0117797851562,40846500,0.0,0.0,0.0
2024-10-04 04:00:00+00:00,572.3499755859375,573.3599853515625,568.0999755859375,572.97998046875,560.055419921875,42939100,0.0,0.0,0.0
2024-10-07 04:00:00+00:00,571.2999877929688,571.9600219726562,566.6300048828125,567.7999877929688,554.9921875,49964700,0.0,0.0,0.0
2024-10-08 04:00:00+00:00,570.4199829101562,573.780029296875,569.530029296875,573.1699829101562,560.2410888671875,37398700,0.0,0.0,0.0
2024-10-09 04:00:00+00:00,573.1599731445312,577.7100219726562,572.5499877929688,577.1400146484375,564.1216430664062,37912200,0.0,0.0,0.0
2024-10-10 04:00:00+00:00,575.77001953125,577.5800170898438,574.489990234375,576.1300048828125,563.1343994140625,44138100,0.0,0.0,0.0
2024-10-11 04:00:00+00:00,576.0499877929688,580.3300170898438,575.9099731445312,579.5800170898438,566.506591796875,42268000,0.0,0.0,0.0
2024-10-14 04:00:00+00:00,581.219970703125,585.27001953125,580.72998046875,584.3200073242188,571.1396484375,36217200,0.0,0.0,0.0
2024-10-15 04:00:00+00:00,584.5900268554688,584.9000244140625,578.5399780273438,579.780029296875,566.7020874023438,54203600,0.0,0.0,0.0
2024-10-16 04:00:00+00:00,579.780029296875,582.8300170898438,578.9600219726562,582.2999877929688,569.1651611328125,30725400,0.0,0.0,0.0
2024-10-17 04:00:00+00:00,585.9099731445312,586.1199951171875,582.1599731445312,582.3499755859375,569.214111328125,34393700,0.0,0.0,0.0
2024-10-18 04:00:00+00:00,584.0700073242188,585.3900146484375,582.5800170898438,584.5900268554688,571.403564453125,37416800,0.0,0.0,0.0
2024-10-21 04:00:00+00:00,583.8499755859375,584.8499755859375,580.5999755859375,583.6300048828125,570.4652099609375,36439000,0.0,0.0,0.0
2024-10-22 04:00:00+00:00,581.0499877929688,584.5,580.3800048828125,583.3200073242188,570.1622314453125,34183800,0.0,0.0,0.0
2024-10-23 04:00:00+00:00,581.260009765625,581.7100219726562,574.4199829101562,577.989990234375,564.9522705078125,49314600,0.0,0.0,0.0
2024-10-24 04:00:00+00:00,579.97998046875,580.0599975585938,576.5700073242188,579.239990234375,566.1742553710938,34979900,0.0,0.0,0.0
2024-10-25 04:00:00+00:00,581.510009765625,584.4600219726562,578.0800170898438,579.0399780273438,565.9785766601562,47268200,0.0,0.0,0.0
2024-10-28 04:00:00+00:00,582.5800170898438,582.7100219726562,580.52001953125,580.8300170898438,567.7283325195312,30174700,0.0,0.0,0.0
2024-10-29 04:00:00+00:00,579.8499755859375,582.9099731445312,578.4299926757812,581.77001953125,568.647216796875,42899700,0.0,0.0,0.0
2024-10-30 04:00:00+00:00,581.2899780273438,583.3200073242188,579.2899780273438,580.010009765625,566.9268798828125,41435800,0.0,0.0,0.0
2024-10-31 04:00:00+00:00,575.5599975585938,575.6300048828125,568.4400024414062,568.6400146484375,555.813232421875,60182500,0.0,0.0,0.0
2024-11-01 04:00:00+00:00,571.3200073242188,575.5499877929688,570.6199951171875,571.0399780273438,558.1591186523438,45667500,0.0,0.0,0.0
2024-11-04 05:00:00+00:00,571.1799926757812,572.5,567.8900146484375,569.8099975585938,556.9569091796875,38217000,0.0,0.0,0.0
2024-11-05 05:00:00+00:00,570.739990234375,576.739990234375,570.52001953125,576.7000122070312,563.6914672851562,39478300,0.0,0.0,0.0
2024-11-06 05:00:00+00:00,589.2000122070312,591.9299926757812,585.3900146484375,591.0399780273438,577.7080078125,68182000,0.0,0.0,0.0
2024-11-07 05:00:00+00:00,593.0800170898438,596.6500244140625,593.0,595.6099853515625,582.1749877929688,47233200,0.0,0.0,0.0
2024-11-08 05:00:00+00:00,596.1699829101562,599.6400146484375,596.1699829101562,598.1900024414062,584.6967163085938,46444900,0.0,0.0,0.0
2024-11-11 05:00:00+00:00,599.8099975585938,600.1699829101562,597.0,598.760009765625,585.2539672851562,37586800,0.0,0.0,0.0
2024-11-12 05:00:00+00:00,598.6799926757812,599.2899780273438,594.3699951171875,596.9000244140625,583.435791015625,43006100,0.0,0.0,0.0
2024-11-13 05:00:00+00:00,597.3699951171875,599.22998046875,594.9600219726562,597.1900024414062,583.7193603515625,47388600,0.0,0.0,0.0
2024-11-14 05:00:00+00:00,597.3200073242188,597.8099975585938,592.6500244140625,593.3499755859375,579.9658813476562,38904100,0.0,0.0,0.0
2024-11-15 05:00:00+00:00,589.719970703125,590.2000122070312,583.8599853515625,585.75,572.5372924804688,75988800,0.0,0.0,0.0
2024-11-18 05:00:00+00:00,586.219970703125,589.489990234375,585.3400268554688,588.1500244140625,574.88330078125,37001700,0.0,0.0,0.0
2024-11-19 05:00:00+00:00,584.7100219726562,591.0399780273438,584.030029296875,590.2999877929688,576.9846801757812,49412000,0.0,0.0,0.0
2024-11-20 05:00:00+00:00,590.3800048828125,590.7899780273438,584.6300048828125,590.5,577.18017578125,50032600,0.0,0.0,0.0
2024-11-21 05:00:00+00:00,593.4000244140625,595.1199951171875,587.4500122070312,593.6699829101562,580.2786865234375,46750300,0.0,0.0,0.0
2024-11-22 05:00:00+00:00,593.6599731445312,596.1500244140625,593.1500244140625,595.510009765625,582.0770874023438,38226400,0.0,0.0,0.0
2024-11-25 05:00:00+00:00,599.52001953125,600.8599853515625,595.2000122070312,597.530029296875,584.0516357421875,42441400,0.0,0.0,0.0
2024-11-26 05:00:00+00:00,598.7999877929688,601.3300170898438,598.0700073242188,600.6500244140625,587.101318359375,45621300,0.0,0.0,0.0
2024-11-27 05:00:00+00:00,600.4600219726562,600.8499755859375,597.280029296875,598.8300170898438,585.322265625,34000200,0.0,0.0,0.0
2024-11-29 05:00:00+00:00,599.6599731445312,603.3499755859375,599.3800048828125,602.5499877929688,588.9583740234375,30177400,0.0,0.0,0.0
2024-12-02 05:00:00+00:00,602.969970703125,604.3200073242188,602.469970703125,603.6300048828125,590.0139770507812,31746000,0.0,0.0,0.0
2024-12-03 05:00:00+00:00,603.3900146484375,604.1599731445312,602.3400268554688,603.9099731445312,590.2877197265625,26906600,0.0,0.0,0.0
2024-12-04 05:00:00+00:00,605.6300048828125,607.9099731445312,604.9500122070312,607.6599731445312,593.9530639648438,42787600,0.0,0.0,0.0
2024-12-05 05:00:00+00:00,607.6599731445312,608.47998046875,606.2999877929688,606.6599731445312,592.9756469726562,28762200,0.0,0.0,0.0
2024-12-06 05:00:00+00:00,607.4400024414062,609.0700073242188,607.02001953125,607.8099975585938,594.0997314453125,31241500,0.0,0.0,0.0
2024-12-09 05:00:00+00:00,607.6900024414062,607.8599853515625,604.0800170898438,604.6799926757812,591.0404052734375,34742700,0.0,0.0,0.0
2024-12-10 05:00:00+00:00,605.3699951171875,605.7999877929688,602.1300048828125,602.7999877929688,589.2027587890625,37234500,0.0,0.0,0.0
2024-12-11 05:00:00+00:00,605.780029296875,608.4299926757812,605.5,607.4600219726562,593.7576904296875,28677700,0.0,0.0,0.0
2024-12-12 05:00:00+00:00,606.5800170898438,607.1599731445312,604.3300170898438,604.3300170898438,590.6983642578125,31543800,0.0,0.0,0.0
2024-12-13 05:00:00+00:00,606.4000244140625,607.1300048828125,602.8099975585938,604.2100219726562,590.5808715820312,35904700,0.0,0.0,0.0
2024-12-16 05:00:00+00:00,606.0,607.780029296875,605.2100219726562,606.7899780273438,593.1028442382812,43695200,0.0,0.0,0.0
2024-12-17 05:00:00+00:00,604.1900024414062,605.1699829101562,602.8900146484375,604.2899780273438,590.6591796875,55773500,0.0,0.0,0.0
2024-12-18 05:00:00+00:00,603.97998046875,606.4099731445312,585.8900146484375,586.280029296875,573.055419921875,108248700,0.0,0.0,0.0
2024-12-19 05:00:00+00:00,591.3599853515625,593.0,585.8499755859375,586.0999755859375,572.8794555664062,85919500,0.0,0.0,0.0
2024-12-20 05:00:00+00:00,581.77001953125,595.75,580.9099731445312,591.1500244140625,579.7603149414062,125716700,1.966,0.0,0.0
2024-12-23 05:00:00+00:00,590.8900146484375,595.2999877929688,587.6599731445312,594.6900024414062,583.2320556640625,57635800,0.0,0.0,0.0
2024-12-24 05:00:00+00:00,596.0599975585938,601.3400268554688,595.469970703125,601.2999877929688,589.7147827148438,33160100,0.0,0.0,0.0
2024-12-26 05:00:00+00:00,599.5,602.47998046875,598.0800170898438,601.3400268554688,589.7540283203125,41219100,0.0,0.0,0.0
2024-12-27 05:00:00+00:00,597.5399780273438,597.780029296875,590.760009765625,595.010009765625,583.5459594726562,64969300,0.0,0.0,0.0
2024-12-30 05:00:00+00:00,587.8900146484375,591.739990234375,584.4099731445312,588.219970703125,576.8866577148438,56578800,0.0,0.0,0.0
2024-12-31 05:00:00+00:00,589.9099731445312,590.6400146484375,584.4199829101562,586.0800170898438,574.7879638671875,57052700,0.0,0.0,0.0
2025-01-02 05:00:00+00:00,589.3900146484375,591.1300048828125,580.5,584.6400146484375,573.375732421875,50204000,0.0,0.0,0.0
2025-01-03 05:00:00+00:00,587.530029296875,592.5999755859375,586.4299926757812,591.9500122070312,580.544921875,37888500,0.0,0.0,0.0
2025-01-06 05:00:00+00:00,596.27001953125,599.7000122070312,593.5999755859375,595.3599853515625,583.88916015625,47679400,0.0,0.0,0.0
2025-01-07 05:00:00+00:00,597.4199829101562,597.75,586.780029296875,588.6300048828125,577.2888793945312,60393100,0.0,0.0,0.0
2025-01-08 05:00:00+00:00,588.7000122070312,590.5800170898438,585.2000122070312,589.489990234375,578.1322631835938,47304700,0.0,0.0,0.0
2025-01-10 05:00:00+00:00,585.8800048828125,585.9500122070312,578.5499877929688,580.489990234375,569.3056030273438,73105000,0.0,0.0,0.0
2025-01-13 05:00:00+00:00,575.77001953125,581.75,575.3499755859375,581.3900146484375,570.1883544921875,47910100,0.0,0.0,0.0
2025-01-14 05:00:00+00:00,584.3599853515625,585.0,578.3499755859375,582.1900024414062,570.9728393554688,48420600,0.0,0.0,0.0
2025-01-15 05:00:00+00:00,590.3300170898438,593.9400024414062,589.2000122070312,592.780029296875,581.35888671875,56900200,0.0,0.0,0.0
2025-01-16 05:00:00+00:00,594.1699829101562,594.3499755859375,590.9299926757812,591.6400146484375,580.2409057617188,43319700,0.0,0.0,0.0
2025-01-17 05:00:00+00:00,596.9600219726562,599.3599853515625,595.6099853515625,597.5800170898438,586.06640625,58070600,0.0,0.0,0.0
2025-01-21 05:00:00+00:00,600.6699829101562,603.0599975585938,598.6699829101562,603.0499877929688,591.4310302734375,42532900,0.0,0.0,0.0
2025-01-22 05:00:00+00:00,605.9199829101562,607.8200073242188,605.3599853515625,606.4400024414062,594.7557373046875,48196000,0.0,0.0,0.0
2025-01-23 05:00:00+00:00,605.7999877929688,609.75,605.52001953125,609.75,598.0018920898438,41152100,0.0,0.0,0.0
2025-01-24 05:00:00+00:00,609.8099975585938,610.780029296875,606.7999877929688,607.969970703125,596.256103515625,34604700,0.0,0.0,0.0
2025-01-27 05:00:00+00:00,594.8099975585938,599.6900024414062,594.6400146484375,599.3699951171875,587.8219604492188,70361100,0.0,0.0,0.0
2025-01-28 05:00:00+00:00,600.6199951171875,605.3699951171875,597.25,604.52001953125,592.8726806640625,44433300,0.0,0.0,0.0
2025-01-29 05:00:00+00:00,603.719970703125,604.1300048828125,599.219970703125,601.8099975585938,590.21484375,37177400,0.0,0.0,0.0
2025-01-30 05:00:00+00:00,603.9600219726562,606.5999755859375,600.719970703125,605.0399780273438,593.3826293945312,39281300,0.0,0.0,0.0
2025-01-31 05:00:00+00:00,607.5,609.9600219726562,601.0499877929688,601.8200073242188,590.2247924804688,66566900,0.0,0.0,0.0
2025-02-03 05:00:00+00:00,592.6699829101562,600.2899780273438,590.489990234375,597.77001953125,586.252685546875,65857200,0.0,0.0,0.0
2025-02-04 05:00:00+00:00,597.8300170898438,602.2999877929688,597.280029296875,601.780029296875,590.185546875,33457800,0.0,0.0,0.0
2025-02-05 05:00:00+00:00,600.6400146484375,604.3699951171875,598.5800170898438,604.219970703125,592.5784301757812,30653100,0.0,0.0,0.0
2025-02-06 05:00:00+00:00,605.989990234375,606.4500122070312,602.6300048828125,606.3200073242188,594.6380004882812,35771500,0.0,0.0,0.0
2025-02-07 05:00:00+00:00,606.8900146484375,608.1300048828125,600.0499877929688,600.77001953125,589.1950073242188,50788500,0.0,0.0,0.0
2025-02-10 05:00:00+00:00,604.030029296875,605.5,602.739990234375,604.8499755859375,593.1963500976562,26048700,0.0,0.0,0.0
2025-02-11 05:00:00+00:00,602.5499877929688,605.8599853515625,602.4299926757812,605.3099975585938,593.6473999023438,30056700,0.0,0.0,0.0
2025-02-12 05:00:00+00:00,599.2000122070312,604.5499877929688,598.510009765625,603.3599853515625,591.7350463867188,45076100,0.0,0.0,0.0
2025-02-13 05:00:00+00:00,604.47998046875,609.9400024414062,603.2000122070312,609.72998046875,597.9822387695312,40921300,0.0,0.0,0.0
2025-02-14 05:00:00+00:00,609.9400024414062,610.989990234375,609.0700073242188,609.7000122070312,597.9528198242188,26910400,0.0,0.0,0.0
2025-02-18 05:00:00+00:00,610.8800048828125,611.489990234375,608.3800048828125,611.489990234375,599.7083129882812,26749000,0.0,0.0,0.0
2025-02-19 05:00:00+00:00,610.0800170898438,613.22998046875,609.5599975585938,612.9299926757812,601.12060546875,31011100,0.0,0.0,0.0
2025-02-20 05:00:00+00:00,611.5399780273438,611.6799926757812,607.02001953125,610.3800048828125,598.6197509765625,36554000,0.0,0.0,0.0
2025-02-21 05:00:00+00:00,610.1599731445312,610.2999877929688,599.469970703125,599.9400024414062,588.3809814453125,76519800,0.0,0.0,0.0
2025-02-24 05:00:00+00:00,602.02001953125,603.030029296875,596.489990234375,597.2100219726562,585.7034912109375,50737200,0.0,0.0,0.0
2025-02-25 05:00:00+00:00,597.1500244140625,597.8900146484375,589.5599975585938,594.239990234375,582.790771484375,58266500,0.0,0.0,0.0
2025-02-26 05:00:00+00:00,595.9299926757812,599.5800170898438,591.8599853515625,594.5399780273438,583.0848388671875,43321600,0.0,0.0,0.0
2025-02-27 05:00:00+00:00,596.8499755859375,598.02001953125,584.6500244140625,585.0499877929688,573.7778930664062,74196700,0.0,0.0,0.0
2025-02-28 05:00:00+00:00,585.5599975585938,594.719970703125,582.4400024414062,594.1799926757812,582.73193359375,88744100,0.0,0.0,0.0
2025-03-03 05:00:00+00:00,596.1799926757812,597.3400268554688,579.9000244140625,583.77001953125,572.5224609375,74249200,0.0,0.0,0.0
2025-03-04 05:00:00+00:00,579.7100219726562,585.3900146484375,572.25,576.8599853515625,565.74560546875,109648200,0.0,0.0,0.0
2025-03-05 05:00:00+00:00,576.6900024414062,584.8800048828125,573.0800170898438,583.0599975585938,571.8261108398438,71230500,0.0,0.0,0.0
2025-03-06 05:00:00+00:00,575.47998046875,580.1699829101562,570.1199951171875,572.7100219726562,561.675537109375,80094900,0.0,0.0,0.0
2025-03-07 05:00:00+00:00,570.9000244140625,577.3900146484375,565.6300048828125,575.9199829101562,564.82373046875,81158800,0.0,0.0,0.0
2025-03-10 04:00:00+00:00,567.5900268554688,569.5399780273438,555.5900268554688,560.5800170898438,549.779296875,99326600,0.0,0.0,0.0
2025-03-11 04:00:00+00:00,559.4000244140625,564.02001953125,552.02001953125,555.9199829101562,545.208984375,88102100,0.0,0.0,0.0
2025-03-12 04:00:00+00:00,562.1699829101562,563.1099853515625,553.6900024414062,558.8699951171875,548.1022338867188,69588200,0.0,0.0,0.0
2025-03-13 04:00:00+00:00,558.489990234375,559.1099853515625,549.6799926757812,551.4199829101562,540.7957153320312,74079400,0.0,0.0,0.0
2025-03-14 04:00:00+00:00,556.1099853515625,563.8300170898438,551.489990234375,562.8099975585938,551.96630859375,62660300,0.0,0.0,0.0
2025-03-17 04:00:00+00:00,562.7899780273438,569.7100219726562,562.3499755859375,567.1500244140625,556.22265625,49008700,0.0,0.0,0.0
2025-03-18 04:00:00+00:00,564.7999877929688,565.02001953125,559.0599975585938,561.02001953125,550.2108154296875,66041400,0.0,0.0,0.0
2025-03-19 04:00:00+00:00,562.8300170898438,570.9500122070312,561.6300048828125,567.1300048828125,556.2030639648438,66556000,0.0,0.0,0.0
2025-03-20 04:00:00+00:00,563.3300170898438,570.5700073242188,562.5999755859375,565.489990234375,554.5946655273438,62958200,0.0,0.0,0.0
2025-03-21 04:00:00+00:00,559.280029296875,564.8900146484375,558.030029296875,563.97998046875,554.7776489257812,83763000,1.696,0.0,0.0
2025-03-24 04:00:00+00:00,570.7999877929688,575.1500244140625,570.2000122070312,574.0800170898438,564.712890625,58766800,0.0,0.0,0.0
2025-03-25 04:00:00+00:00,575.2999877929688,576.4099731445312,573.6900024414062,575.4600219726562,566.0703735351562,38355700,0.0,0.0,0.0
2025-03-26 04:00:00+00:00,575.1900024414062,576.3300170898438,567.1900024414062,568.5900268554688,559.3125,51848300,0.0,0.0,0.0
2025-03-27 04:00:00+00:00,567.1799926757812,570.9000244140625,564.9400024414062,567.0800170898438,557.8270874023438,42164200,0.0,0.0,0.0
2025-03-28 04:00:00+00:00,565.530029296875,566.27001953125,555.0700073242188,555.6599731445312,546.5933837890625,71662700,0.0,0.0,0.0
2025-03-31 04:00:00+00:00,549.8300170898438,560.7100219726562,546.8699951171875,559.3900146484375,550.2625122070312,95328200,0.0,0.0,0.0
2025-04-01 04:00:00+00:00,557.4500122070312,562.9400024414062,553.6799926757812,560.969970703125,551.8167724609375,54609600,0.0,0.0,0.0
2025-04-02 04:00:00+00:00,555.0499877929688,567.4199829101562,554.8099975585938,564.52001953125,555.308837890625,76014500,0.0,0.0,0.0
2025-04-03 04:00:00+00:00,545.1099853515625,547.969970703125,536.7000122070312,536.7000122070312,527.9427490234375,125986000,0.0,0.0,0.0
2025-04-04 04:00:00+00:00,523.6699829101562,525.8699951171875,505.05999755859375,505.2799987792969,497.0354309082031,217965100,0.0,0.0,0.0
2025-04-07 04:00:00+00:00,489.19000244140625,523.1699829101562,481.79998779296875,504.3800048828125,496.1501159667969,256611400,0.0,0.0,0.0
2025-04-08 04:00:00+00:00,521.8599853515625,524.97998046875,489.1600036621094,496.4800109863281,488.3790588378906,165816600,0.0,0.0,0.0
2025-04-09 04:00:00+00:00,493.44000244140625,548.6199951171875,493.04998779296875,548.6199951171875,539.6682739257812,241867300,0.0,0.0,0.0
2025-04-10 04:00:00+00:00,532.1699829101562,533.5,509.32000732421875,524.5800170898438,516.0205688476562,162331200,0.0,0.0,0.0
2025-04-11 04:00:00+00:00,523.010009765625,536.4299926757812,520.0700073242188,533.9400024414062,525.2277221679688,97866300,0.0,0.0,0.0
2025-04-14 04:00:00+00:00,544.0499877929688,544.280029296875,533.8599853515625,539.1199951171875,530.3232421875,68034000,0.0,0.0,0.0
2025-04-15 04:00:00+00:00,539.6699829101562,543.22998046875,536.8099975585938,537.6099853515625,528.8378295898438,56892900,0.0,0.0,0.0
2025-04-16 04:00:00+00:00,531.6799926757812,537.8900146484375,520.2899780273438,525.6599731445312,517.0829467773438,83484800,0.0,0.0,0.0
2025-04-17 04:00:00+00:00,527.6400146484375,531.1699829101562,523.9099731445312,526.4099731445312,517.8206787109375,79868100,0.0,0.0,0.0
2025-04-21 04:00:00+00:00,521.1599731445312,521.7000122070312,508.4599914550781,513.8800048828125,505.4951171875,69368100,0.0,0.0,0.0
2025-04-22 04:00:00+00:00,520.1400146484375,529.2999877929688,519.1900024414062,527.25,518.64697265625,75948100,0.0,0.0,0.0
2025-04-23 04:00:00+00:00,540.4299926757812,545.4299926757812,533.8800048828125,535.4199829101562,526.6836547851562,90590700,0.0,0.0,0.0
2025-04-24 04:00:00+00:00,536.719970703125,547.4299926757812,535.4500122070312,546.6900024414062,537.769775390625,64150400,0.0,0.0,0.0
2025-04-25 04:00:00+00:00,546.6500244140625,551.0499877929688,543.6900024414062,550.6400146484375,541.6553344726562,61119600,0.0,0.0,0.0
2025-04-28 04:00:00+00:00,551.3900146484375,553.5499877929688,545.02001953125,550.8499755859375,541.8617553710938,47613800,0.0,0.0,0.0
2025-04-29 04:00:00+00:00,548.9099731445312,555.4500122070312,548.5499877929688,554.3200073242188,545.2752685546875,47775100,0.0,0.0,0.0
2025-04-30 04:00:00+00:00,547.5700073242188,556.52001953125,541.52001953125,554.5399780273438,545.49169921875,93101500,0.0,0.0,0.0
2025-05-01 04:00:00+00:00,560.3699951171875,564.0700073242188,557.8599853515625,558.469970703125,549.3575439453125,63186100,0.0,0.0,0.0
2025-05-02 04:00:00+00:00,564.72998046875,568.3800048828125,562.3800048828125,566.760009765625,557.5122680664062,60717300,0.0,0.0,0.0
2025-05-05 04:00:00+00:00,562.5700073242188,566.6500244140625,561.7000122070312,563.510009765625,554.3153076171875,38659200,0.0,0.0,0.0
2025-05-06 04:00:00+00:00,557.9299926757812,563.3499755859375,556.9600219726562,558.7999877929688,549.6820678710938,48264700,0.0,0.0,0.0
2025-05-07 04:00:00+00:00,560.1500244140625,563.8200073242188,556.0399780273438,561.1500244140625,551.9938354492188,55588000,0.0,0.0,0.0
2025-05-08 04:00:00+00:00,565.239990234375,570.3099975585938,561.7000122070312,565.0599975585938,555.8399658203125,65130800,0.0,0.0,0.0
2025-05-09 04:00:00+00:00,566.47998046875,567.5,562.760009765625,564.3400268554688,555.1317749023438,37603400,0.0,0.0,0.0
2025-05-12 04:00:00+00:00,581.469970703125,583.0,577.0399780273438,582.989990234375,573.4774780273438,78993600,0.0,0.0,0.0
2025-05-13 04:00:00+00:00,583.4099731445312,589.0800170898438,582.8400268554688,586.8400268554688,577.2647094726562,67947200,0.0,0.0,0.0
2025-05-14 04:00:00+00:00,587.8099975585938,588.97998046875,585.5399780273438,587.5900268554688,578.00244140625,66283500,0.0,0.0,0.0
2025-05-15 04:00:00+00:00,585.5599975585938,590.969970703125,585.0999755859375,590.4600219726562,580.8255004882812,71268100,0.0,0.0,0.0
2025-05-16 04:00:00+00:00,591.25,594.5,589.280029296875,594.2000122070312,584.5045166015625,76052100,0.0,0.0,0.0
2025-05-19 04:00:00+00:00,588.0999755859375,595.5399780273438,588.0999755859375,594.8499755859375,585.1439208984375,68168500,0.0,0.0,0.0
2025-05-20 04:00:00+00:00,593.0900268554688,594.0499877929688,589.5999755859375,592.8499755859375,583.1765747070312,60614500,0.0,0.0,0.0
2025-05-21 04:00:00+00:00,588.4400024414062,592.5800170898438,581.8200073242188,582.8599853515625,573.3494873046875,95197700,0.0,0.0,0.0
2025-05-22 04:00:00+00:00,582.6599731445312,586.6199951171875,581.4099731445312,583.0900268554688,573.5758666992188,70860400,0.0,0.0,0.0
2025-05-23 04:00:00+00:00,575.97998046875,581.8099975585938,575.5999755859375,579.1099853515625,569.6607055664062,76029000,0.0,0.0,0.0
2025-05-27 04:00:00+00:00,586.0700073242188,591.3099975585938,578.4299926757812,591.1500244140625,581.5043334960938,72588500,0.0,0.0,0.0
2025-05-28 04:00:00+00:00,591.5599975585938,592.77001953125,586.989990234375,587.72998046875,578.14013671875,68445500,0.0,0.0,0.0
2025-05-29 04:00:00+00:00,593.0599975585938,593.2000122070312,586.0700073242188,590.0499877929688,580.4223022460938,69973300,0.0,0.0,0.0
2025-05-30 04:00:00+00:00,588.9299926757812,591.1300048828125,583.239990234375,589.3900146484375,579.7731323242188,90601200,0.0,0.0,0.0
2025-06-02 04:00:00+00:00,587.760009765625,592.7899780273438,585.0599975585938,592.7100219726562,583.0389404296875,61630500,0.0,0.0,0.0
2025-06-03 04:00:00+00:00,592.3400268554688,597.0800170898438,591.8499755859375,596.0900268554688,586.3637084960938,63606200,0.0,0.0,0.0
2025-06-04 04:00:00+00:00,596.9600219726562,597.9500122070312,595.489990234375,595.9299926757812,586.2062377929688,57314200,0.0,0.0,0.0
2025-06-05 04:00:00+00:00,597.6300048828125,599.0,591.0499877929688,593.0499877929688,583.373291015625,92278700,0.0,0.0,0.0
2025-06-06 04:00:00+00:00,598.6599731445312,600.8300170898438,596.8599853515625,599.1400146484375,589.3639526367188,66588700,0.0,0.0,0.0
2025-06-09 04:00:00+00:00,599.719970703125,601.25,598.489990234375,599.6799926757812,589.8951416015625,53016400,0.0,0.0,0.0
2025-06-10 04:00:00+00:00,600.219970703125,603.469970703125,599.0900268554688,603.0800170898438,593.2396850585938,66247000,0.0,0.0,0.0
2025-06-11 04:00:00+00:00,604.1900024414062,605.0599975585938,599.27001953125,601.3599853515625,591.5477294921875,73658200,0.0,0.0,0.0
2025-06-12 04:00:00+00:00,600.010009765625,603.75,599.52001953125,603.75,593.8987426757812,64129000,0.0,0.0,0.0
2025-06-13 04:00:00+00:00,598.5,601.8499755859375,595.47998046875,597.0,587.2589111328125,89506000,0.0,0.0,0.0
2025-06-16 04:00:00+00:00,600.4000244140625,604.4500122070312,600.219970703125,602.6799926757812,592.8461303710938,79984100,0.0,0.0,0.0
2025-06-17 04:00:00+00:00,600.2100219726562,601.75,596.760009765625,597.530029296875,587.7802734375,82209400,0.0,0.0,0.0
2025-06-18 04:00:00+00:00,598.4400024414062,601.219970703125,596.469970703125,597.4400024414062,587.691650390625,76605000,0.0,0.0,0.0
2025-06-20 04:00:00+00:00,598.3800048828125,599.4600219726562,592.8599853515625,594.280029296875,586.3114624023438,94051400,1.761,0.0,0.0
2025-06-23 04:00:00+00:00,595.0399780273438,600.5399780273438,591.8900146484375,600.1500244140625,592.1027221679688,87426000,0.0,0.0,0.0
2025-06-24 04:00:00+00:00,604.3300170898438,607.8499755859375,603.4099731445312,606.780029296875,598.643798828125,67735300,0.0,0.0,0.0
2025-06-25 04:00:00+00:00,607.9099731445312,608.6099853515625,605.5399780273438,607.1199951171875,598.9793090820312,62114800,0.0,0.0,0.0
2025-06-26 04:00:00+00:00,608.989990234375,612.3099975585938,608.3699951171875,611.8699951171875,603.6655883789062,78548400,0.0,0.0,0.0
2025-06-27 04:00:00+00:00,612.8800048828125,616.3900146484375,610.8300170898438,614.9099731445312,606.664794921875,86258400,0.0,0.0,0.0
2025-06-30 04:00:00+00:00,617.3800048828125,619.219970703125,615.0399780273438,617.8499755859375,609.5653076171875,92502500,0.0,0.0,0.0
2025-07-01 04:00:00+00:00,616.3599853515625,618.8300170898438,615.52001953125,617.6500244140625,609.3681030273438,70030100,0.0,0.0,0.0
2025-07-02 04:00:00+00:00,617.239990234375,620.489990234375,616.6099853515625,620.4500122070312,612.130615234375,66510400,0.0,0.0,0.0
2025-07-03 04:00:00+00:00,622.4500122070312,626.280029296875,622.4299926757812,625.3400268554688,616.9550170898438,51065800,0.0,0.0,0.0
2025-07-07 04:00:00+00:00,623.3599853515625,624.030029296875,617.8699951171875,620.6799926757812,612.3573608398438,74814500,0.0,0.0,0.0
2025-07-08 04:00:00+00:00,621.3499755859375,622.1099853515625,619.52001953125,620.3400268554688,612.0220336914062,59024600,0.0,0.0,0.0
2025-07-09 04:00:00+00:00,622.77001953125,624.719970703125,620.9099731445312,624.0599975585938,615.692138671875,66113300,0.0,0.0,0.0
2025-07-10 04:00:00+00:00,624.2000122070312,626.8699951171875,623.010009765625,625.8200073242188,617.4285278320312,57529000,0.0,0.0,0.0
2025-07-11 04:00:00+00:00,622.739990234375,624.8599853515625,621.530029296875,623.6199951171875,615.258056640625,63670200,0.0,0.0,0.0
2025-07-14 04:00:00+00:00,623.1599731445312,625.1599731445312,621.7999877929688,624.8099975585938,616.4320678710938,51898500,0.0,0.0,0.0
2025-07-15 04:00:00+00:00,627.52001953125,627.8599853515625,622.0599975585938,622.1400146484375,613.7978515625,74317300,0.0,0.0,0.0
2025-07-16 04:00:00+00:00,623.739990234375,624.72998046875,618.0499877929688,624.219970703125,615.8499145507812,88987500,0.0,0.0,0.0
2025-07-17 04:00:00+00:00,624.4000244140625,628.4000244140625,624.1799926757812,628.0399780273438,619.6187133789062,68885700,0.0,0.0,0.0
2025-07-18 04:00:00+00:00,629.2999877929688,629.469970703125,626.4600219726562,627.5800170898438,619.1649169921875,65621600,0.0,0.0,0.0
2025-07-21 04:00:00+00:00,628.77001953125,631.5399780273438,628.3400268554688,628.77001953125,620.3389892578125,63375000,0.0,0.0,0.0
2025-07-22 04:00:00+00:00,629.0999755859375,629.72998046875,626.1900024414062,628.8599853515625,620.4277954101562,60046300,0.0,0.0,0.0
2025-07-23 04:00:00+00:00,631.5499877929688,634.2100219726562,629.72998046875,634.2100219726562,625.7059936523438,70511000,0.0,0.0,0.0
2025-07-24 04:00:00+00:00,634.5999755859375,636.1500244140625,633.989990234375,634.4199829101562,625.9132080078125,71307100,0.0,0.0,0.0
2025-07-25 04:00:00+00:00,635.0900268554688,637.5800170898438,634.8400268554688,637.0999755859375,628.5572509765625,56865400,0.0,0.0,0.0
2025-07-28 04:00:00+00:00,637.47998046875,638.0399780273438,635.5399780273438,636.9400024414062,628.3994750976562,54917100,0.0,0.0,0.0
2025-07-29 04:00:00+00:00,638.3499755859375,638.6699829101562,634.3400268554688,635.260009765625,626.7420043945312,60556300,0.0,0.0,0.0
2025-07-30 04:00:00+00:00,635.9199829101562,637.6799926757812,631.5399780273438,634.4600219726562,625.95263671875,80418900,0.0,0.0,0.0
2025-07-31 04:00:00+00:00,639.4600219726562,639.8499755859375,630.77001953125,632.0800170898438,623.6046142578125,103385200,0.0,0.0,0.0
2025-08-01 04:00:00+00:00,626.2999877929688,626.3400268554688,619.2899780273438,621.719970703125,613.3834228515625,140103600,0.0,0.0,0.0
2025-08-04 04:00:00+00:00,625.6699829101562,631.219970703125,625.5800170898438,631.1699829101562,622.706787109375,73218000,0.0,0.0,0.0
2025-08-05 04:00:00+00:00,631.7899780273438,632.6099853515625,627.0399780273438,627.969970703125,619.5496826171875,68051400,0.0,0.0,0.0
2025-08-06 04:00:00+00:00,629.0499877929688,633.4400024414062,628.1300048828125,632.780029296875,624.2952880859375,64357500,0.0,0.0,0.0
2025-08-07 04:00:00+00:00,636.239990234375,636.97998046875,629.1099853515625,632.25,623.7723388671875,74205800,0.0,0.0,0.0
2025-08-08 04:00:00+00:00,634.0599975585938,637.6500244140625,633.739990234375,637.1799926757812,628.6361694335938,64051600,0.0,0.0,0.0
2025-08-11 04:00:00+00:00,637.4600219726562,638.9500122070312,634.6599731445312,635.9199829101562,627.3931274414062,58742300,0.0,0.0,0.0
2025-08-12 04:00:00+00:00,638.2899780273438,642.8499755859375,636.7899780273438,642.6900024414062,634.0723266601562,64730800,0.0,0.0,0.0
2025-08-13 04:00:00+00:00,644.9099731445312,646.1900024414062,642.6799926757812,644.8900146484375,636.242919921875,60092800,0.0,0.0,0.0
2025-08-14 04:00:00+00:00,642.7899780273438,645.6199951171875,642.3400268554688,644.9500122070312,636.302001953125,59327500,0.0,0.0,0.0
2025-08-15 04:00:00+00:00,645.989990234375,646.0900268554688,642.52001953125,643.4400024414062,634.812255859375,68592500,0.0,0.0,0.0
2025-08-18 04:00:00+00:00,642.8599853515625,644.0,642.1799926757812,643.2999877929688,634.6741333007812,43804900,0.0,0.0,0.0
2025-08-19 04:00:00+00:00,643.1199951171875,644.1099853515625,638.47998046875,639.8099975585938,631.2308959960938,69750700,0.0,0.0,0.0
2025-08-20 04:00:00+00:00,639.4000244140625,639.6599731445312,632.9500122070312,638.1099853515625,629.5537109375,88890300,0.0,0.0,0.0
2025-08-21 04:00:00+00:00,636.280029296875,637.969970703125,633.8099975585938,635.5499877929688,627.0281372070312,54805800,0.0,0.0,0.0
2025-08-22 04:00:00+00:00,637.760009765625,646.5,637.25,645.3099975585938,636.6572265625,84083200,0.0,0.0,0.0
2025-08-25 04:00:00+00:00,644.0399780273438,645.2899780273438,642.3499755859375,642.469970703125,633.8552856445312,51274300,0.0,0.0,0.0
2025-08-26 04:00:00+00:00,642.2000122070312,645.510009765625,641.5700073242188,645.1599731445312,636.5092163085938,51581600,0.0,0.0,0.0
2025-08-27 04:00:00+00:00,644.5700073242188,647.3699951171875,644.4199829101562,646.6300048828125,637.9595336914062,48341100,0.0,0.0,0.0
2025-08-28 04:00:00+00:00,647.239990234375,649.47998046875,645.3400268554688,648.9199829101562,640.21875,61519500,0.0,0.0,0.0
2025-08-29 04:00:00+00:00,647.469970703125,647.8400268554688,643.1400146484375,645.0499877929688,636.4006958007812,74522200,0.0,0.0,0.0
2025-09-02 04:00:00+00:00,637.5,640.489990234375,634.9199829101562,640.27001953125,631.684814453125,81983500,0.0,0.0,0.0
2025-09-03 04:00:00+00:00,642.6699829101562,644.2100219726562,640.4600219726562,643.739990234375,635.1082763671875,70820900,0.0,0.0,0.0
2025-09-04 04:00:00+00:00,644.4199829101562,649.1500244140625,643.510009765625,649.1199951171875,640.4161376953125,65219200,0.0,0.0,0.0
2025-09-05 04:00:00+00:00,651.47998046875,652.2100219726562,643.3300170898438,647.239990234375,638.561279296875,85178900,0.0,0.0,0.0
2025-09-08 04:00:00+00:00,648.6199951171875,649.8400268554688,647.22998046875,648.8300170898438,640.1300048828125,63133100,0.0,0.0,0.0
2025-09-09 04:00:00+00:00,648.969970703125,650.8599853515625,647.219970703125,650.3300170898438,641.60986328125,66133900,0.0,0.0,0.0
2025-09-10 04:00:00+00:00,653.6199951171875,654.5499877929688,650.6300048828125,652.2100219726562,643.4646606445312,78034500,0.0,0.0,0.0
2025-09-11 04:00:00+00:00,654.1799926757812,658.3300170898438,653.5900268554688,657.6300048828125,648.81201171875,69934400,0.0,0.0,0.0
2025-09-12 04:00:00+00:00,657.5999755859375,659.1099853515625,656.9000244140625,657.4099731445312,648.5948486328125,72780100,0.0,0.0,0.0
2025-09-15 04:00:00+00:00,659.6400146484375,661.0399780273438,659.3400268554688,660.9099731445312,652.0480346679688,63772400,0.0,0.0,0.0
2025-09-16 04:00:00+00:00,661.469970703125,661.780029296875,659.2100219726562,660.0,651.1502075195312,61169000,0.0,0.0,0.0
2025-09-17 04:00:00+00:00,660.010009765625,661.719970703125,654.2999877929688,659.1799926757812,650.3411865234375,101952200,0.0,0.0,0.0
2025-09-18 04:00:00+00:00,661.8900146484375,664.8900146484375,660.27001953125,662.260009765625,653.3798217773438,90459200,0.0,0.0,0.0
2025-09-19 04:00:00+00:00,662.3300170898438,664.5499877929688,660.3699951171875,663.7000122070312,656.6160278320312,97945600,1.831,0.0,0.0
2025-09-22 04:00:00+00:00,662.2000122070312,667.2899780273438,662.1699829101562,666.8400268554688,659.722412109375,69452200,0.0,0.0,0.0
2025-09-23 04:00:00+00:00,666.719970703125,667.3400268554688,661.97998046875,663.2100219726562,656.1312866210938,81708900,0.0,0.0,0.0
2025-09-24 04:00:00+00:00,664.510009765625,664.6099853515625,659.6699829101562,661.0999755859375,654.0436401367188,68082200,0.0,0.0,0.0
2025-09-25 04:00:00+00:00,657.9400024414062,659.4099731445312,654.4099731445312,658.0499877929688,651.0263061523438,89622100,0.0,0.0,0.0
2025-09-26 04:00:00+00:00,659.510009765625,662.3699951171875,657.8800048828125,661.8200073242188,654.7560424804688,69179200,0.0,0.0,0.0
2025-09-29 04:00:00+00:00,664.3599853515625,665.280029296875,661.8599853515625,663.6799926757812,656.5962524414062,73499000,0.0,0.0,0.0
2025-09-30 04:00:00+00:00,662.9299926757812,666.6500244140625,661.6099853515625,666.1799926757812,659.0695190429688,86288000,0.0,0.0,0.0
2025-10-01 04:00:00+00:00,663.1699829101562,669.3699951171875,663.0599975585938,668.4500122070312,661.3153686523438,72545400,0.0,0.0,0.0
2025-10-02 04:00:00+00:00,670.4500122070312,670.5700073242188,666.780029296875,669.219970703125,662.0770263671875,56896000,0.0,0.0,0.0
2025-10-03 04:00:00+00:00,669.989990234375,672.6799926757812,668.1599731445312,669.2100219726562,662.0671997070312,70494400,0.0,0.0,0.0
2025-10-06 04:00:00+00:00,671.6199951171875,672.510009765625,669.4600219726562,671.6099853515625,664.4415283203125,54623300,0.0,0.0,0.0
2025-10-07 04:00:00+00:00,672.5399780273438,672.989990234375,667.6699829101562,669.1199951171875,661.9781494140625,72020100,0.0,0.0,0.0
2025-10-08 04:00:00+00:00,670.25,673.2100219726562,669.4199829101562,673.1099853515625,665.925537109375,60702200,0.0,0.0,0.0
2025-10-09 04:00:00+00:00,673.530029296875,673.9400024414062,669.2100219726562,671.1599731445312,663.996337890625,66501900,0.0,0.0,0.0
2025-10-10 04:00:00+00:00,672.1300048828125,673.9500122070312,652.8400268554688,653.02001953125,646.0499877929688,159422600,0.0,0.0,0.0
2025-10-13 04:00:00+00:00,660.6500244140625,665.1300048828125,659.77001953125,663.0399780273438,655.9630126953125,79560500,0.0,0.0,0.0
2025-10-14 04:00:00+00:00,657.1699829101562,665.8300170898438,653.1699829101562,662.22998046875,655.1616821289062,88779600,0.0,0.0,0.0
2025-10-15 04:00:00+00:00,666.8200073242188,670.22998046875,658.9299926757812,665.1699829101562,658.0703125,81702600,0.0,0.0,0.0
2025-10-16 04:00:00+00:00,666.8200073242188,668.7100219726562,657.1099853515625,660.6400146484375,653.5887451171875,110563300,0.0,0.0,0.0
2025-10-17 04:00:00+00:00,659.5,665.760009765625,658.1400146484375,664.3900146484375,657.2986450195312,96500900,0.0,0.0,0.0
2025-10-20 04:00:00+00:00,667.3200073242188,672.2100219726562,667.27001953125,671.2999877929688,664.1348876953125,60493400,0.0,0.0,0.0
2025-10-21 04:00:00+00:00,671.4400024414062,672.989990234375,669.97998046875,671.2899780273438,664.1249389648438,56249000,0.0,0.0,0.0
2025-10-22 04:00:00+00:00,672.0,672.0,663.2999877929688,667.7999877929688,660.6722412109375,80564000,0.0,0.0,0.0
2025-10-23 04:00:00+00:00,668.1199951171875,672.7100219726562,667.7999877929688,671.760009765625,664.5899658203125,65604500,0.0,0.0,0.0
2025-10-24 04:00:00+00:00,676.4600219726562,678.469970703125,675.6500244140625,677.25,670.0213623046875,74356500,0.0,0.0,0.0
2025-10-27 04:00:00+00:00,682.72998046875,685.5399780273438,682.1199951171875,685.239990234375,677.9260864257812,63339800,0.0,0.0,0.0
2025-10-28 04:00:00+00:00,687.0499877929688,688.9099731445312,684.8300170898438,687.0599975585938,679.7266235351562,61738100,0.0,0.0,0.0
2025-10-29 04:00:00+00:00,688.719970703125,689.7000122070312,682.8699951171875,687.3900146484375,680.0531616210938,85657100,0.0,0.0,0.0
2025-10-30 04:00:00+00:00,683.9000244140625,685.9400024414062,679.8300170898438,679.8300170898438,672.5737915039062,76335800,0.0,0.0,0.0
2025-10-31 04:00:00+00:00,685.0399780273438,685.0800170898438,679.239990234375,682.0599975585938,674.780029296875,87164100,0.0,0.0,0.0
2025-11-03 05:00:00+00:00,685.6699829101562,685.7999877929688,679.9400024414062,683.3400268554688,676.04638671875,57315000,0.0,0.0,0.0
2025-11-04 05:00:00+00:00,676.1099853515625,679.9600219726562,674.5800170898438,675.239990234375,668.0328369140625,78427000,0.0,0.0,0.0
2025-11-05 05:00:00+00:00,674.97998046875,680.8599853515625,674.1699829101562,677.5800170898438,670.347900390625,74402400,0.0,0.0,0.0
2025-11-06 05:00:00+00:00,676.469970703125,677.3800048828125,668.719970703125,670.3099975585938,663.1554565429688,85035300,0.0,0.0,0.0
2025-11-07 05:00:00+00:00,667.9099731445312,671.0800170898438,661.2100219726562,670.969970703125,663.808349609375,100592400,0.0,0.0,0.0
2025-11-10 05:00:00+00:00,677.239990234375,682.1799926757812,675.030029296875,681.4400024414062,674.1666870117188,75842900,0.0,0.0,0.0
2025-11-11 05:00:00+00:00,679.9500122070312,683.5700073242188,678.72998046875,683.0,675.7099609375,58953400,0.0,0.0,0.0
2025-11-12 05:00:00+00:00,684.7899780273438,684.9600219726562,680.9500122070312,683.3800048828125,676.0859375,62312500,0.0,0.0,0.0
2025-11-13 05:00:00+00:00,680.5,680.8599853515625,670.52001953125,672.0399780273438,664.866943359375,103457800,0.0,0.0,0.0
2025-11-14 05:00:00+00:00,665.3800048828125,675.6599731445312,663.27001953125,671.9299926757812,664.7581787109375,96846700,0.0,0.0,0.0
2025-11-17 05:00:00+00:00,669.7000122070312,673.7100219726562,662.1699829101562,665.6699829101562,658.5648803710938,90456100,0.0,0.0,0.0
2025-11-18 05:00:00+00:00,662.0999755859375,665.1199951171875,655.8599853515625,660.0800170898438,653.0346069335938,114467500,0.0,0.0,0.0
2025-11-19 05:00:00+00:00,660.780029296875,667.3400268554688,658.75,662.6300048828125,655.5574340820312,94703000,0.0,0.0,0.0
2025-11-20 05:00:00+00:00,672.9099731445312,675.5599975585938,651.8900146484375,652.530029296875,645.5652465820312,165293500,0.0,0.0,0.0
2025-11-21 05:00:00+00:00,655.0499877929688,664.5499877929688,650.8499755859375,659.030029296875,651.995849609375,123956200,0.0,0.0,0.0
2025-11-24 05:00:00+00:00,662.6900024414062,670.0599975585938,661.5900268554688,668.72998046875,661.59228515625,80437900,0.0,0.0,0.0
2025-11-25 05:00:00+00:00,668.6300048828125,676.2100219726562,664.47998046875,675.02001953125,667.8151245117188,81077100,0.0,0.0,0.0
2025-11-26 05:00:00+00:00,677.6300048828125,681.7000122070312,676.719970703125,679.6799926757812,672.4254760742188,71879600,0.0,0.0,0.0
2025-11-28 05:00:00+00:00,680.8599853515625,683.6699829101562,680.5,683.3900146484375,676.0958251953125,49212000,0.0,0.0,0.0
2025-12-01 05:00:00+00:00,678.8099975585938,682.989990234375,678.739990234375,680.27001953125,673.0091552734375,61201200,0.0,0.0,0.0
2025-12-02 05:00:00+00:00,681.9199829101562,683.8200073242188,679.3300170898438,681.530029296875,674.2557373046875,62953800,0.0,0.0,0.0
2025-12-03 05:00:00+00:00,680.5700073242188,684.9099731445312,679.6900024414062,683.8900146484375,676.5905151367188,57238500,0.0,0.0,0.0
2025-12-04 05:00:00+00:00,685.2999877929688,685.3699951171875,681.3400268554688,684.3900146484375,677.085205078125,61970300,0.0,0.0,0.0
2025-12-05 05:00:00+00:00,685.469970703125,688.3900146484375,684.5800170898438,685.6900024414062,678.3712768554688,79241000,0.0,0.0,0.0
2025-12-08 05:00:00+00:00,686.5900268554688,686.6400146484375,681.5700073242188,683.6300048828125,676.3333129882812,55231500,0.0,0.0,0.0
2025-12-09 05:00:00+00:00,683.1500244140625,685.3900146484375,682.5900268554688,683.0399780273438,675.74951171875,58310100,0.0,0.0,0.0
2025-12-10 05:00:00+00:00,682.5599975585938,688.969970703125,681.3099975585938,687.5700073242188,680.2312622070312,85671300,0.0,0.0,0.0
2025-12-11 05:00:00+00:00,685.1400146484375,689.25,682.1699829101562,689.1699829101562,681.8141479492188,86173700,0.0,0.0,0.0
2025-12-12 05:00:00+00:00,688.1699829101562,688.8800048828125,679.1699829101562,681.760009765625,674.4832153320312,113160300,0.0,0.0,0.0
2025-12-15 05:00:00+00:00,685.739990234375,685.760009765625,679.25,680.72998046875,673.4641723632812,90811000,0.0,0.0,0.0
2025-12-16 05:00:00+00:00,679.22998046875,681.0800170898438,674.97998046875,678.8699951171875,671.6240844726562,122030600,0.0,0.0,0.0
2025-12-17 05:00:00+00:00,679.8900146484375,680.4400024414062,671.2000122070312,671.4000244140625,664.2338256835938,110625200,0.0,0.0,0.0
2025-12-18 05:00:00+00:00,677.5999755859375,680.739990234375,674.9000244140625,676.469970703125,669.2496337890625,108650100,0.0,0.0,0.0
2025-12-19 05:00:00+00:00,676.5900268554688,681.0900268554688,676.469970703125,680.5900268554688,675.3153686523438,103599500,1.993,0.0,0.0
2025-12-22 05:00:00+00:00,683.9400024414062,685.3599853515625,680.5900268554688,684.8300170898438,679.5224609375,69556700,0.0,0.0,0.0
2025-12-23 05:00:00+00:00,683.9199829101562,688.2000122070312,683.8699951171875,687.9600219726562,682.628173828125,64840000,0.0,0.0,0.0
2025-12-24 05:00:00+00:00,687.9500122070312,690.8300170898438,687.7999877929688,690.3800048828125,685.0294799804688,39445600,0.0,0.0,0.0
2025-12-26 05:00:00+00:00,690.6400146484375,691.6599731445312,689.27001953125,690.3099975585938,684.9600219726562,41613300,0.0,0.0,0.0
2025-12-29 05:00:00+00:00,687.5399780273438,689.2000122070312,686.0700073242188,687.8499755859375,682.51904296875,62559500,0.0,0.0,0.0
2025-12-30 05:00:00+00:00,687.4500122070312,688.5599975585938,686.5800170898438,687.010009765625,681.685546875,47160700,0.0,0.0,0.0
2025-12-31 05:00:00+00:00,687.1400146484375,687.3599853515625,681.7100219726562,681.9199829101562,676.635009765625,74144800,0.0,0.0,0.0
2026-01-02 05:00:00+00:00,685.7100219726562,686.8699951171875,679.8200073242188,683.1699829101562,677.8753051757812,89377200,0.0,0.0,0.0
2026-01-05 05:00:00+00:00,686.5399780273438,689.4299926757812,686.3800048828125,687.719970703125,682.3900756835938,71927200,0.0,0.0,0.0
2026-01-06 05:00:00+00:00,687.9299926757812,692.3200073242188,687.780029296875,691.8099975585938,686.4483642578125,69273800,0.0,0.0,0.0
2026-01-07 05:00:00+00:00,692.1900024414062,693.9600219726562,689.3200073242188,689.5800170898438,684.2356567382812,75588300,0.0,0.0,0.0
2026-01-08 05:00:00+00:00,688.8200073242188,690.6199951171875,687.489990234375,689.510009765625,684.1661987304688,64019200,0.0,0.0,0.0
2026-01-09 05:00:00+00:00,690.6300048828125,695.3099975585938,689.1799926757812,694.0700073242188,688.6908569335938,80125500,0.0,0.0,0.0
2026-01-12 05:00:00+00:00,690.6799926757812,696.0900268554688,690.6300048828125,695.1599731445312,689.7723999023438,63976000,0.0,0.0,0.0
2026-01-13 05:00:00+00:00,695.489990234375,696.0900268554688,691.3499755859375,693.77001953125,688.3931884765625,78309700,0.0,0.0,0.0
2026-01-14 05:00:00+00:00,691.0,691.719970703125,686.0399780273438,690.3599853515625,685.0095825195312,94676700,0.0,0.0,0.0
2026-01-15 05:00:00+00:00,694.5700073242188,695.4500122070312,691.25,692.239990234375,686.8750610351562,77862000,0.0,0.0,0.0
2026-01-16 05:00:00+00:00,693.6599731445312,694.25,690.0999755859375,691.6599731445312,686.2994995117188,79289200,0.0,0.0,0.0
2026-01-20 05:00:00+00:00,681.489990234375,684.77001953125,676.5700073242188,677.5800170898438,672.32861328125,111623300,0.0,0.0,0.0
2026-01-21 05:00:00+00:00,679.6500244140625,688.739990234375,678.1300048828125,685.4000244140625,680.0880737304688,127844500,0.0,0.0,0.0
2026-01-22 05:00:00+00:00,689.8499755859375,691.1300048828125,686.9199829101562,688.97998046875,683.6403198242188,77112200,0.0,0.0,0.0
2026-01-23 05:00:00+00:00,688.1500244140625,690.9600219726562,687.1599731445312,689.22998046875,683.8883056640625,63059600,0.0,0.0,0.0
2026-01-26 05:00:00+00:00,690.489990234375,694.1300048828125,689.9199829101562,692.72998046875,687.3612670898438,60473800,0.0,0.0,0.0
2026-01-27 05:00:00+00:00,694.1799926757812,696.530029296875,693.5700073242188,695.489990234375,690.0997924804688,55506100,0.0,0.0,0.0
2026-01-28 05:00:00+00:00,697.0499877929688,697.8400268554688,693.9400024414062,695.4199829101562,690.0303344726562,61172200,0.0,0.0,0.0
2026-01-29 05:00:00+00:00,696.3900146484375,697.0599975585938,684.8300170898438,694.0399780273438,688.6610717773438,97486200,0.0,0.0,0.0
2026-01-30 05:00:00+00:00,691.7899780273438,694.2100219726562,687.1199951171875,691.969970703125,686.607177734375,101835100,0.0,0.0,0.0
2026-02-02 05:00:00+00:00,689.5800170898438,696.9299926757812,689.4199829101562,695.4099731445312,690.0204467773438,79286500,0.0,0.0,0.0
2026-02-03 05:00:00+00:00,696.2100219726562,696.9600219726562,684.030029296875,689.530029296875,684.18603515625,107904600,0.0,0.0,0.0
2026-02-04 05:00:00+00:00,690.3499755859375,691.4500122070312,681.760009765625,686.1900024414062,680.8719482421875,105204600,0.0,0.0,0.0
2026-02-05 05:00:00+00:00,680.9400024414062,683.6900024414062,675.7899780273438,677.6199951171875,672.3683471679688,113610800,0.0,0.0,0.0
2026-02-06 05:00:00+00:00,681.4600219726562,692.3099975585938,680.8499755859375,690.6199951171875,685.267578125,89127600,0.0,0.0,0.0
2026-02-09 05:00:00+00:00,689.4199829101562,695.8699951171875,688.3400268554688,693.9500122070312,688.57177734375,73885200,0.0,0.0,0.0
2026-02-10 05:00:00+00:00,694.9500122070312,696.5399780273438,691.6599731445312,692.1199951171875,686.7559204101562,65185700,0.0,0.0,0.0
2026-02-11 05:00:00+00:00,696.3900146484375,697.1400146484375,689.1799926757812,691.9600219726562,686.5972290039062,76353900,0.0,0.0,0.0
2026-02-12 05:00:00+00:00,694.239990234375,695.3499755859375,680.3699951171875,681.27001953125,675.9901123046875,118829000,0.0,0.0,0.0
2026-02-13 05:00:00+00:00,681.6900024414062,686.280029296875,677.52001953125,681.75,676.46630859375,96267500,0.0,0.0,0.0
2026-02-17 05:00:00+00:00,680.1400146484375,684.9400024414062,675.780029296875,682.8499755859375,677.5578002929688,81354700,0.0,0.0,0.0
2026-02-18 05:00:00+00:00,684.02001953125,689.1500244140625,682.8300170898438,686.2899780273438,680.9711303710938,73570300,0.0,0.0,0.0
2026-02-19 05:00:00+00:00,683.8400268554688,686.1799926757812,681.5499877929688,684.47998046875,679.1751708984375,58649400,0.0,0.0,0.0
2026-02-20 05:00:00+00:00,682.3200073242188,690.0599975585938,681.72998046875,689.4299926757812,684.0868530273438,100034000,0.0,0.0,0.0
2026-02-23 05:00:00+00:00,687.8300170898438,690.0,680.3699951171875,682.3900146484375,677.1013793945312,90558100,0.0,0.0,0.0
2026-02-24 05:00:00+00:00,681.9000244140625,688.3499755859375,680.0,687.3499755859375,682.0228881835938,73798700,0.0,0.0,0.0
2026-02-25 05:00:00+00:00,690.1799926757812,693.6799926757812,690.0999755859375,693.1500244140625,687.7780151367188,56369500,0.0,0.0,0.0
2026-02-26 05:00:00+00:00,693.280029296875,693.2999877929688,684.3499755859375,689.2999877929688,683.957763671875,71671000,0.0,0.0,0.0
2026-02-27 05:00:00+00:00,683.0900268554688,686.8599853515625,681.6400146484375,685.989990234375,680.6734619140625,83308900,0.0,0.0,0.0
2026-03-02 05:00:00+00:00,678.7000122070312,688.6199951171875,678.02001953125,686.3800048828125,681.0604248046875,87477200,0.0,0.0,0.0
2026-03-03 05:00:00+00:00,675.0599975585938,682.6099853515625,669.6599731445312,680.3300170898438,675.057373046875,105003100,0.0,0.0,0.0
2026-03-04 05:00:00+00:00,681.6300048828125,687.0900268554688,679.6199951171875,685.1300048828125,679.8201904296875,79182200,0.0,0.0,0.0
2026-03-05 05:00:00+00:00,682.0800170898438,685.530029296875,675.6099853515625,681.3099975585938,676.0297241210938,106606500,0.0,0.0,0.0
2026-03-06 05:00:00+00:00,673.4099731445312,676.1099853515625,669.760009765625,672.3800048828125,667.1688842773438,100687000,0.0,0.0,0.0
2026-03-09 04:00:00+00:00,666.3900146484375,679.9199829101562,662.3900146484375,678.27001953125,673.0133056640625,102667700,0.0,0.0,0.0
2026-03-10 04:00:00+00:00,677.719970703125,683.3599853515625,674.760009765625,677.1799926757812,671.9317626953125,81505300,0.0,0.0,0.0
2026-03-11 04:00:00+00:00,677.5800170898438,680.0800170898438,673.3400268554688,676.3300170898438,671.08837890625,68441700,0.0,0.0,0.0
2026-03-12 04:00:00+00:00,671.1599731445312,671.6500244140625,665.8699951171875,666.0599975585938,660.89794921875,108882200,0.0,0.0,0.0
2026-03-13 04:00:00+00:00,669.27001953125,672.3400268554688,661.3599853515625,662.2899780273438,657.1571655273438,97200200,0.0,0.0,0.0
2026-03-16 04:00:00+00:00,668.3800048828125,672.0700073242188,667.1199951171875,669.030029296875,663.844970703125,82023100,0.0,0.0,0.0
2026-03-17 04:00:00+00:00,672.3900146484375,674.4400024414062,669.7000122070312,670.7899780273438,665.5912475585938,87128000,0.0,0.0,0.0
2026-03-18 04:00:00+00:00,668.3599853515625,669.719970703125,661.1900024414062,661.4299926757812,656.3037719726562,82062600,0.0,0.0,0.0
2026-03-19 04:00:00+00:00,656.969970703125,662.97998046875,655.1699829101562,659.7999877929688,654.6864013671875,111272500,0.0,0.0,0.0
2026-03-20 04:00:00+00:00,656.510009765625,656.6900024414062,644.719970703125,648.5700073242188,645.301025390625,163617500,1.797,0.0,0.0
2026-03-23 04:00:00+00:00,658.0700073242188,662.6199951171875,653.9400024414062,655.3800048828125,652.07666015625,134802700,0.0,0.0,0.0
2026-03-24 04:00:00+00:00,651.3200073242188,657.030029296875,649.8800048828125,653.1799926757812,649.8877563476562,96457500,0.0,0.0,0.0
2026-03-25 04:00:00+00:00,658.6699829101562,660.8900146484375,654.239990234375,656.8200073242188,653.5093994140625,90653800,0.0,0.0,0.0
2026-03-26 04:00:00+00:00,652.0599975585938,654.8499755859375,644.8200073242188,645.0900268554688,641.8385620117188,96494400,0.0,0.0,0.0
2026-03-27 04:00:00+00:00,642.5,642.6599731445312,633.1099853515625,634.0900268554688,630.8939819335938,103649400,0.0,0.0,0.0
2026-03-30 04:00:00+00:00,640.1099853515625,640.3699951171875,629.280029296875,631.969970703125,628.78466796875,99275900,0.0,0.0,0.0
2026-03-31 04:00:00+00:00,638.9400024414062,651.5399780273438,637.97998046875,650.3400268554688,647.0620727539062,152534100,0.0,0.0,0.0
2026-04-01 04:00:00+00:00,653.9000244140625,658.52001953125,653.0,655.239990234375,651.9373779296875,97841500,0.0,0.0,0.0
2026-04-02 04:00:00+00:00,646.4199829101562,658.2000122070312,645.1099853515625,655.8300170898438,652.5244140625,68358700,0.0,0.0,0.0
2026-04-06 04:00:00+00:00,655.8599853515625,659.719970703125,655.52001953125,658.9299926757812,655.6088256835938,39105800,0.0,0.0,0.0
2026-04-07 04:00:00+00:00,656.6500244140625,659.6099853515625,651.0599975585938,659.219970703125,655.8972778320312,69980400,0.0,0.0,0.0
2026-04-08 04:00:00+00:00,676.3900146484375,677.0800170898438,671.4600219726562,676.010009765625,672.6027221679688,93606100,0.0,0.0,0.0
2026-04-09 04:00:00+00:00,674.8400268554688,681.1599731445312,673.77001953125,679.9099731445312,676.4829711914062,57134400,0.0,0.0,0.0
2026-04-10 04:00:00+00:00,681.3200073242188,682.030029296875,678.4500122070312,679.4600219726562,676.0353393554688,42253500,0.0,0.0,0.0
2026-04-13 04:00:00+00:00,677.4099731445312,686.2999877929688,676.5800170898438,686.0999755859375,682.641845703125,54185800,0.0,0.0,0.0
2026-04-14 04:00:00+00:00,687.6900024414062,694.5800170898438,687.6599731445312,694.4600219726562,690.959716796875,63480500,0.0,0.0,0.0
2026-04-15 04:00:00+00:00,695.260009765625,700.280029296875,694.2000122070312,699.9400024414062,696.412109375,58240400,0.0,0.0,0.0
2026-04-16 04:00:00+00:00,701.0599975585938,702.780029296875,698.530029296875,701.6599731445312,698.1234130859375,49972400,0.0,0.0,0.0
2026-04-17 04:00:00+00:00,706.1400146484375,712.3900146484375,705.760009765625,710.1400146484375,706.5607299804688,70661900,0.0,0.0,0.0
2026-04-20 04:00:00+00:00,708.780029296875,709.9099731445312,706.1400146484375,708.719970703125,705.1477661132812,43546800,0.0,0.0,0.0
2026-04-21 04:00:00+00:00,710.280029296875,711.280029296875,702.6400146484375,704.0800170898438,700.53125,58941400,0.0,0.0,0.0
2026-04-22 04:00:00+00:00,709.1500244140625,711.4500122070312,708.219970703125,711.2100219726562,707.6253051757812,42518500,0.0,0.0,0.0
2026-04-23 04:00:00+00:00,709.5,712.3599853515625,702.280029296875,708.4500122070312,704.8792114257812,56174000,0.0,0.0,0.0
2026-04-24 04:00:00+00:00,710.75,714.469970703125,709.010009765625,713.9400024414062,710.341552734375,45182000,0.0,0.0,0.0
2026-04-27 04:00:00+00:00,713.1699829101562,715.6300048828125,712.2999877929688,715.1699829101562,711.5653076171875,33135900,0.0,0.0,0.0
2026-04-28 04:00:00+00:00,711.8200073242188,712.8800048828125,709.25,711.6900024414062,708.1028442382812,43117400,0.0,0.0,0.0
2026-04-29 04:00:00+00:00,711.0,712.2000122070312,708.3699951171875,711.5800170898438,707.993408203125,41859200,0.0,0.0,0.0
2026-04-30 04:00:00+00:00,714.6300048828125,719.7899780273438,710.4500122070312,718.6599731445312,715.0377197265625,67240900,0.0,0.0,0.0
2026-05-01 04:00:00+00:00,721.25,724.8699951171875,720.469970703125,720.6500244140625,717.0177001953125,43049800,0.0,0.0,0.0
2026-05-04 04:00:00+00:00,720.0700073242188,722.1199951171875,714.989990234375,718.010009765625,714.3909912109375,51950600,0.0,0.0,0.0
2026-05-05 04:00:00+00:00,721.77001953125,725.0399780273438,721.489990234375,723.77001953125,720.1220092773438,36933200,0.0,0.0,0.0
2026-05-06 04:00:00+00:00,728.1599731445312,734.5900268554688,727.8200073242188,733.8300170898438,730.1312866210938,53288900,0.0,0.0,0.0
2026-05-07 04:00:00+00:00,735.0499877929688,736.1300048828125,729.75,731.5800170898438,727.8926391601562,51724600,0.0,0.0,0.0
2026-05-08 04:00:00+00:00,734.9299926757812,738.0800170898438,734.5700073242188,737.6199951171875,733.9021606445312,47227100,0.0,0.0,0.0
2026-05-11 04:00:00+00:00,736.4500122070312,740.7899780273438,736.4500122070312,739.2999877929688,735.5736694335938,44024000,0.0,0.0,0.0
2026-05-12 04:00:00+00:00,736.8900146484375,738.8400268554688,731.8300170898438,738.1799926757812,734.4593505859375,54185300,0.0,0.0,0.0
2026-05-13 04:00:00+00:00,738.469970703125,743.9099731445312,735.469970703125,742.3099975585938,738.5685424804688,44200200,0.0,0.0,0.0
2026-05-14 04:00:00+00:00,743.6500244140625,749.530029296875,743.5599975585938,748.1699829101562,744.3989868164062,45307600,0.0,0.0,0.0
2026-05-15 04:00:00+00:00,741.7899780273438,743.4600219726562,737.9600219726562,739.1699829101562,735.4443969726562,60410800,0.0,0.0,0.0
2026-05-18 04:00:00+00:00,739.8300170898438,741.4199829101562,733.3900146484375,738.6500244140625,734.927001953125,47843900,0.0,0.0,0.0
2026-05-19 04:00:00+00:00,734.780029296875,737.6500244140625,731.530029296875,733.72998046875,730.0317993164062,54255900,0.0,0.0,0.0
2026-05-20 04:00:00+00:00,735.7100219726562,741.8699951171875,733.8900146484375,741.25,737.5138549804688,45768000,0.0,0.0,0.0
2026-05-21 04:00:00+00:00,738.6400146484375,744.8699951171875,737.030029296875,742.719970703125,738.9764404296875,43332200,0.0,0.0,0.0
2026-05-22 04:00:00+00:00,746.239990234375,748.9400024414062,744.47998046875,745.6400146484375,741.8817749023438,41762000,0.0,0.0,0.0
2026-05-26 04:00:00+00:00,750.010009765625,752.1300048828125,748.3699951171875,750.5900268554688,746.8068237304688,41123600,0.0,0.0,0.0
2026-05-27 04:00:00+00:00,750.8800048828125,751.3800048828125,748.219970703125,750.4600219726562,746.677490234375,42106300,0.0,0.0,0.0
2026-05-28 04:00:00+00:00,750.25,755.1500244140625,749.22998046875,754.5999755859375,750.7965698242188,41562600,0.0,0.0,0.0
2026-05-29 04:00:00+00:00,755.9000244140625,758.0800170898438,754.6900024414062,756.47998046875,752.6671142578125,55075700,0.0,0.0,0.0
2026-06-01 04:00:00+00:00,755.3599853515625,760.280029296875,754.6900024414062,758.5399780273438,754.7167358398438,43634900,0.0,0.0,0.0
2026-06-02 04:00:00+00:00,757.030029296875,760.4000244140625,756.75,759.5700073242188,755.7415771484375,31581900,0.0,0.0,0.0
2026-06-03 04:00:00+00:00,758.1500244140625,758.7999877929688,753.5700073242188,754.239990234375,750.4384155273438,51402500,0.0,0.0,0.0
2026-06-04 04:00:00+00:00,752.0999755859375,758.3099975585938,751.469970703125,757.0900268554688,753.2740478515625,49923000,0.0,0.0,0.0
2026-06-05 04:00:00+00:00,752.3099975585938,752.8200073242188,735.530029296875,737.5499877929688,733.83251953125,93989400,0.0,0.0,0.0
2026-06-08 04:00:00+00:00,743.3599853515625,745.3400268554688,738.1900024414062,739.219970703125,735.4940795898438,49319100,0.0,0.0,0.0
2026-06-09 04:00:00+00:00,743.6300048828125,746.9000244140625,722.5900268554688,737.0499877929688,733.3350219726562,87683500,0.0,0.0,0.0
2026-06-10 04:00:00+00:00,733.3900146484375,738.3800048828125,725.3300170898438,725.4299926757812,721.7736206054688,60341300,0.0,0.0,0.0
2026-06-11 04:00:00+00:00,728.760009765625,740.0,724.4099731445312,737.760009765625,734.04150390625,86330500,0.0,0.0,0.0
2026-06-12 04:00:00+00:00,740.7100219726562,744.4400024414062,735.030029296875,741.75,738.0113525390625,57079500,0.0,0.0,0.0
2026-06-15 04:00:00+00:00,751.8499755859375,756.6799926757812,751.760009765625,754.8300170898438,751.0254516601562,60176400,0.0,0.0,0.0
2026-06-16 04:00:00+00:00,754.5499877929688,755.4400024414062,749.8800048828125,750.3300170898438,746.5481567382812,67093100,0.0,0.0,0.0
2026-06-17 04:00:00+00:00,751.2899780273438,752.1500244140625,739.219970703125,740.9600219726562,737.225341796875,85945200,0.0,0.0,0.0
2026-06-18 04:00:00+00:00,747.760009765625,748.22998046875,743.8599853515625,746.739990234375,744.8902587890625,80875700,1.904,0.0,0.0
2026-06-22 04:00:00+00:00,747.7000122070312,750.1799926757812,743.1300048828125,744.3900146484375,742.546142578125,46628100,0.0,0.0,0.0
2026-06-23 04:00:00+00:00,733.8099975585938,739.6300048828125,732.2999877929688,733.5800170898438,731.7628784179688,66846800,0.0,0.0,0.0
2026-06-24 04:00:00+00:00,735.1699829101562,739.9500122070312,730.8400268554688,733.239990234375,731.4237060546875,57439500,0.0,0.0,0.0
2026-06-25 04:00:00+00:00,738.9099731445312,739.3699951171875,729.5999755859375,734.2999877929688,732.4810791015625,53934400,0.0,0.0,0.0
2026-06-26 04:00:00+00:00,728.9500122070312,736.530029296875,716.5800170898438,728.989990234375,727.1842651367188,71034000,0.0,0.0,0.0
2026-06-29 04:00:00+00:00,736.530029296875,741.5599975585938,732.0900268554688,741.0,739.1644897460938,58035200,0.0,0.0,0.0
2026-06-30 04:00:00+00:00,741.2899780273438,748.02001953125,740.8900146484375,746.77001953125,744.9202270507812,55626000,0.0,0.0,0.0
2026-07-01 04:00:00+00:00,745.0,749.4400024414062,742.3800048828125,745.760009765625,743.9127197265625,47100900,0.0,0.0,0.0
2026-07-02 04:00:00+00:00,747.4000244140625,751.3099975585938,740.030029296875,744.780029296875,742.9351806640625,57447800,0.0,0.0,0.0
2026-07-06 04:00:00+00:00,748.739990234375,752.4099731445312,747.4099731445312,751.280029296875,749.4190673828125,50673300,0.0,0.0,0.0
2026-07-07 04:00:00+00:00,750.219970703125,750.9600219726562,745.2100219726562,747.7100219726562,745.85791015625,43721500,0.0,0.0,0.0
2026-07-08 04:00:00+00:00,743.1599731445312,746.1500244140625,739.510009765625,745.4000244140625,743.5536499023438,43767400,0.0,0.0,0.0
2026-07-09 04:00:00+00:00,747.3499755859375,751.969970703125,745.5900268554688,751.7100219726562,749.8480224609375,41441700,0.0,0.0,0.0
2026-07-10 04:00:00+00:00,752.0499877929688,755.4199829101562,748.0999755859375,754.9500122070312,753.0799560546875,42191300,0.0,0.0,0.0
2026-07-13 04:00:00+00:00,752.469970703125,753.9099731445312,748.0,749.1699829101562,747.3142700195312,44013600,0.0,0.0,0.0
2026-07-14 04:00:00+00:00,750.9099731445312,753.3400268554688,748.6599731445312,751.8300170898438,749.9677124023438,35143100,0.0,0.0,0.0
2026-07-15 04:00:00+00:00,754.239990234375,755.5800170898438,750.2000122070312,754.8099975585938,752.9403076171875,43844800,0.0,0.0,0.0
2026-07-16 04:00:00+00:00,752.760009765625,754.5700073242188,747.8800048828125,750.719970703125,748.8604125976562,46409800,0.0,0.0,0.0
2026-07-17 04:00:00+00:00,742.0800170898438,747.2899780273438,740.7999877929688,743.2899780273438,741.4487915039062,62651000,0.0,0.0,0.0
2026-07-20 04:00:00+00:00,747.0599975585938,748.72998046875,741.510009765625,742.0900268554688,740.2518310546875,50422300,0.0,0.0,0.0
2026-07-21 04:00:00+00:00,746.2899780273438,749.0399780273438,744.1799926757812,748.280029296875,746.426513671875,34324300,0.0,0.0,0.0
2026-07-22 04:00:00+00:00,746.6199951171875,750.02001953125,746.3699951171875,747.4099731445312,745.55859375,32836200,0.0,0.0,0.0
2026-07-23 04:00:00+00:00,739.3699951171875,742.5599975585938,735.2100219726562,738.1799926757812,736.3515014648438,55437300,0.0,0.0,0.0
2026-07-24 04:00:00+00:00,738.510009765625,743.719970703125,737.2899780273438,738.9299926757812,737.099609375,44782000,0.0,0.0,0.0
2026-07-27 04:00:00+00:00,744.9099731445312,745.530029296875,735.8699951171875,739.0900268554688,737.25927734375,41461200,0.0,0.0,0.0
2026-07-28 04:00:00+00:00,739.1900024414062,742.7899780273438,735.97998046875,740.8599853515625,739.0248413085938,47322200,0.0,0.0,0.0
2026-07-29 04:00:00+00:00,739.969970703125,742.6799926757812,729.0999755859375,729.4600219726562,727.6531372070312,70697200,0.0,0.0,0.0
2026-07-30 04:00:00+00:00,736.0499877929688,742.4500122070312,734.5900268554688,741.6900024414062,739.852783203125,66811300,0.0,0.0,0.0
2026-07-31 04:00:00+00:00,744.6799926757812,748.9000244140625,737.6799926757812,747.030029296875,745.1796264648438,62445900,0.0,0.0,0.0
2026-08-03 04:00:00+00:00,749.4400024414062,758.5800170898438,748.7999877929688,757.6699829101562,755.793212890625,59927500,0.0,0.0,0.0
2026-08-04 04:00:00+00:00,760.6300048828125,773.4099731445312,760.52001953125,771.3300170898438,769.4193725585938,69154800,0.0,0.0,0.0
2026-08-05 04:00:00+00:00,775.8499755859375,776.8499755859375,769.510009765625,769.7899780273438,767.8831787109375,44689100,0.0,0.0,0.0
2026-08-06 04:00:00+00:00,770.2100219726562,771.8200073242188,767.4600219726562,768.5599975585938,766.65625,38416900,0.0,0.0,0.0
2026-08-07 04:00:00+00:00,771.02001953125,773.9199829101562,769.6099853515625,773.260009765625,771.3446044921875,43586300,0.0,0.0,0.0
2026-08-10 04:00:00+00:00,772.5999755859375,775.0499877929688,771.6199951171875,773.030029296875,771.1151733398438,39249500,0.0,0.0,0.0
2026-08-11 04:00:00+00:00,774.530029296875,774.6099853515625,769.2000122070312,770.5599975585938,768.6513061523438,36740600,0.0,0.0,0.0
2026-08-12 04:00:00+00:00,774.7100219726562,774.9000244140625,771.280029296875,772.489990234375,770.5764770507812,33179100,0.0,0.0,0.0
2026-08-13 04:00:00+00:00,774.8699951171875,779.3699951171875,774.1099853515625,777.8800048828125,775.9531860351562,35634500,0.0,0.0,0.0
2026-08-14 04:00:00+00:00,778.5399780273438,778.7999877929688,775.4299926757812,776.3400268554688,774.4169921875,31367900,0.0,0.0,0.0
2026-08-17 04:00:00+00:00,776.1799926757812,776.780029296875,772.510009765625,772.6699829101562,770.7560424804688,34356600,0.0,0.0,0.0
2026-08-18 04:00:00+00:00,768.7000122070312,769.5,766.9199829101562,767.4500122070312,765.5490112304688,43920900,0.0,0.0,0.0
2026-08-19 04:00:00+00:00,770.3599853515625,772.469970703125,768.0999755859375,769.0599975585938,767.1549682617188,40306000,0.0,0.0,0.0
2026-08-20 04:00:00+00:00,765.9600219726562,768.1500244140625,762.0399780273438,762.5999755859375,760.7109985351562,45520300,0.0,0.0,0.0
2026-08-21 04:00:00+00:00,766.0499877929688,767.8499755859375,764.1699829101562,765.719970703125,763.8232421875,39188700,0.0,0.0,0.0
2026-08-24 04:00:00+00:00,764.780029296875,765.219970703125,762.0800170898438,763.469970703125,761.5787963867188,32430900,0.0,0.0,0.0
2026-08-25 04:00:00+00:00,766.1599731445312,766.780029296875,763.0499877929688,765.9099731445312,764.0127563476562,27422300,0.0,0.0,0.0
2026-08-26 04:00:00+00:00,764.72998046875,767.3499755859375,763.9299926757812,766.0800170898438,764.182373046875,28751600,0.0,0.0,0.0
2026-08-27 04:00:00+00:00,768.5,772.3599853515625,767.1599731445312,771.0999755859375,769.18994140625,34557100,0.0,0.0,0.0
2026-08-28 04:00:00+00:00,771.760009765625,775.2999877929688,768.3099975585938,769.3499755859375,767.4442749023438,36744300,0.0,0.0,0.0
2026-08-31 04:00:00+00:00,767.3300170898438,768.0,764.719970703125,767.0499877929688,765.1499633789062,38810800,0.0,0.0,0.0
2026-09-01 04:00:00+00:00,762.010009765625,764.6699829101562,759.47998046875,761.780029296875,759.89306640625,41126300,0.0,0.0,0.0
2026-09-02 04:00:00+00:00,762.4500122070312,766.4299926757812,761.72998046875,765.1599731445312,763.2646484375,29566200,0.0,0.0,0.0
2026-09-03 04:00:00+00:00,767.9000244140625,774.030029296875,767.4500122070312,773.1699829101562,771.2548217773438,43531600,0.0,0.0,0.0
2026-09-04 04:00:00+00:00,772.010009765625,772.8699951171875,769.0,770.1900024414062,768.2822265625,34054200,0.0,0.0,0.0
2026-09-08 04:00:00+00:00,769.0700073242188,769.7000122070312,765.1400146484375,765.9600219726562,764.0626831054688,44746100,0.0,0.0,0.0
2026-09-09 04:00:00+00:00,764.0800170898438,764.469970703125,760.9400024414062,762.4000244140625,760.5115356445312,32812400,0.0,0.0,0.0
2026-09-10 04:00:00+00:00,758.030029296875,760.1099853515625,756.6400146484375,757.8300170898438,755.9528198242188,42740400,0.0,0.0,0.0
2026-09-11 04:00:00+00:00,764.719970703125,766.3800048828125,763.5999755859375,764.2899780273438,762.3967895507812,45512700,0.0,0.0,0.0
2026-09-14 04:00:00+00:00,759.0,763.52001953125,757.9299926757812,760.8800048828125,758.9952392578125,43992400,0.0,0.0,0.0
2026-09-15 04:00:00+00:00,760.1199951171875,760.3499755859375,756.1500244140625,757.3900146484375,755.513916015625,46195000,0.0,0.0,0.0
2026-09-16 04:00:00+00:00,759.5,761.6699829101562,749.5999755859375,754.0499877929688,752.1821899414062,59217700,0.0,0.0,0.0
2026-09-17 04:00:00+00:00,763.1500244140625,763.5700073242188,759.9600219726562,762.5999755859375,760.7109985351562,49652800,0.0,0.0,0.0
2026-09-18 04:00:00+00:00,761.3099975585938,762.0,757.969970703125,761.6900024414062,761.6900024414062,65395100,1.889,0.0,0.0
2026-09-21 04:00:00+00:00,766.25,774.8900146484375,766.030029296875,773.5,773.5,50484700,0.0,0.0,0.0
2026-09-22 04:00:00+00:00,774.030029296875,775.1400146484375,772.5700073242188,773.3800048828125,773.3800048828125,34802300,0.0,0.0,0.0
2026-09-23 04:00:00+00:00,772.7899780273438,773.0499877929688,766.5,767.8099975585938,767.8099975585938,54931700,0.0,0.0,0.0
2026-09-24 04:00:00+00:00,764.0700073242188,768.9500122070312,763.25,767.1799926757812,767.1799926757812,43983700,0.0,0.0,0.0
2026-09-25 04:00:00+00:00,768.780029296875,772.280029296875,766.2899780273438,771.3499755859375,771.3499755859375,36629600,0.0,0.0,0.0
