ts,open,high,low,close,volume_usd
1782831600,288.99,288.99,288.5,288.98,0.259899
1782835200,288.98,289.33,287.9,289.26,4.790187
1782838800,289.26,289.76,288.21,288.48,5.255737
1782842400,288.48,289.23,286.69,286.88,5.329106
1782846000,286.88,289.89,286.88,289.18,5.295649
1782849600,289.18,291.96,286.09,289.5,2.919624
1782853200,289.5,289.5,288.87,289.39,5.37968
1782856800,289.39,289.5,289.02,289.18,5.409073
1782860400,289.18,289.6,289.01,289.06,5.207252
1782864000,289.06,289.7,288.6,289.39,5.378841
1782867600,289.39,289.92,288.95,289.28,5.35496
1782871200,289.28,289.97,289.08,289.71,5.068097
1782874800,289.71,289.94,289.4,289.57,5.272571
1782878400,289.57,289.92,289.35,289.74,5.301652
1782882000,289.74,290.01,289.39,289.74,5.359339
1782885600,289.74,290.03,289.42,289.42,5.272643
1782889200,289.42,289.63,288.48,289.63,5.119035
1782892800,289.63,289.63,288.76,289.21,5.206482
1782896400,289.21,289.6,288.89,289.54,5.150168
1782900000,289.54,289.95,288.75,289.03,32.187682
1782903600,289.03,289.03,289.03,289.03,0
1782907200,289.03,289.03,289.03,289.03,0
1782910800,289.03,289.03,289.03,289.03,0
1782914400,293.25,295.02,292.63,294.68,2.909845
1782918000,294.68,296.54,294.28,295.21,805.370357
1782921600,295.21,295.64,293.91,294.35,24483.523391
1782925200,294.35,294.86,293.25,293.8,67.215704
1782928800,293.8,295.48,293.03,294.61,5.422378
1782932400,294.61,295.16,293.76,294.39,5.533692
1782936000,294.39,294.56,293.46,293.89,5.232611
1782939600,293.89,294.36,293.43,294,5.409533
1782943200,294,294.25,293.6,293.95,5.466968
1782946800,293.95,294.69,293.85,294.49,5.354857
1782950400,294.49,296.27,294.07,295.7,5.433569
1782954000,295.7,296.05,295.14,295.32,5.409527
1782957600,295.32,295.48,294.82,295.26,5.077075
1782961200,295.26,296.61,295.04,296.61,5.328725
1782964800,296.61,296.76,295.81,296.29,5.273927
1782968400,296.29,296.64,295.5,296.24,5.359867
1782972000,296.24,296.89,295.77,296.56,5.394211
1782975600,296.56,297.74,296.3,296.95,5.492904
1782979200,296.95,297.64,296.23,296.88,5.347851
1782982800,296.88,297.05,295.78,296.13,5.546377
1782986400,296.13,296.28,294.96,296.19,5.354523
1782990000,296.19,296.19,294.61,294.92,5.433069
1782993600,294.92,295.47,294.08,294.62,5.393785
1782997200,294.62,302.66,293.93,302.44,1982.568654
1783000800,302.44,306.95,302.44,306.63,2004.633976
1783004400,306.63,307.87,304.5,305.34,5.756718
1783008000,305.34,308.68,305.34,307.89,5.778321
1783011600,307.89,308.56,306.8,307.2,5.81484
1783015200,307.2,307.86,306.67,307.42,5.747373
1783018800,307.42,309.5,307.06,308.19,5.725721
1783022400,308.19,308.7,307.75,307.93,2875.215347
1783026000,307.93,308.26,307.77,307.92,5.668652
1783029600,307.92,308.43,307.7,308.15,5.699688
1783033200,308.15,308.47,307.74,308.28,5.639661
1783036800,308.28,308.47,306.75,307.03,14292.868471
1783040400,307.03,307.71,306.7,307.3,5.620985
1783044000,307.3,308.5,307.16,308.04,5.696856
1783047600,308.04,308.2,307.51,307.91,5721.60763
1783051200,307.91,308.12,307.61,307.82,5.572661
1783054800,307.82,309.57,307.65,308.03,17232.785608
1783058400,308.03,309.66,307.87,309.25,8610.363493
1783062000,309.25,309.68,307.79,308.23,14331.924648
1783065600,308.23,309.26,307.85,308.4,2874.638597
1783069200,308.4,308.77,307.82,308.15,5.640349
1783072800,308.15,308.67,307.94,308.59,5.735065
1783076400,308.59,308.63,307.9,308.49,2867.610475
1783080000,308.49,308.71,307.83,308.11,8598.981234
1783083600,308.11,308.43,308.04,308.04,5.547293
1783087200,308.04,308.58,307.9,307.99,2867.671091
1783090800,307.99,308.35,307.85,308.06,2866.864796
1783094400,308.06,310.33,308.06,309.45,17237.22554
1783098000,309.45,309.98,309.01,309.33,8635.390312
1783101600,309.33,309.91,309.09,309.77,5.16839
1783105200,309.77,310.21,309.02,309.02,4.05438
1783108800,309.02,309.72,308.61,309.29,2875.147631
1783112400,309.29,309.44,308.65,308.65,3.428964
1783116000,308.65,309.35,308.35,308.72,2.471584
1783119600,308.72,309.1,308.42,308.53,1.605294
1783123200,308.53,309.24,308.21,308.22,0.555557
1783126800,308.22,308.62,308.22,308.29,0.061691
1783130400,308.29,308.29,308.29,308.29,0
1783134000,308.04,308.04,308.04,308.04,2862.276876
1783137600,308.04,308.04,308.04,308.04,0
1783141200,308.04,308.04,308.04,308.04,0
1783144800,308.04,308.04,308.04,308.04,0
1783148400,308.04,308.04,308.04,308.04,0
1783152000,308.04,308.04,308.04,308.04,0
1783155600,308.01,308.01,307.86,307.86,5727.591
1783159200,307.86,307.86,307.86,307.86,0
1783162800,308.6,308.6,308.6,308.6,2869.98
1783166400,308.6,308.76,307.91,308.63,11474.712
1783170000,308.63,308.63,307.93,307.93,5730.288
1783173600,307.93,307.93,307.84,307.84,2862.912
1783177200,307.84,307.84,307.64,307.64,2861.052
1783180800,307.64,307.64,307.64,307.64,0
1783184400,307.64,307.64,307.64,307.64,0
1783188000,307.64,307.64,307.64,307.64,0
1783191600,307.64,307.64,307.64,307.64,0
1783195200,307.64,307.64,307.64,307.64,0
1783198800,307.64,307.64,307.64,307.64,0
1783202400,307.64,307.64,307.64,307.64,0
1783206000,307.64,307.64,307.64,307.64,0
1783209600,307.64,307.64,307.64,307.64,0
1783213200,307.64,307.64,307.64,307.64,0
1783216800,307.76,307.76,307.76,307.76,2862.168
1783220400,307.76,307.76,307.61,307.61,2860.773
1783224000,307.61,307.61,307.61,307.61,0
1783227600,307.61,307.61,307.61,307.61,0
1783231200,307.61,307.61,307.61,307.61,0
1783234800,307.61,307.61,307.61,307.61,0
1783238400,307.61,307.61,307.61,307.61,0
1783242000,308.3,308.3,307.7,307.7,5728.8
1783245600,307.7,307.7,307.7,307.7,0
1783249200,307.7,307.7,307.7,307.7,0
1783252800,307.7,307.7,307.7,307.7,0
1783256400,307.7,307.7,307.7,307.7,0
1783260000,307.7,307.7,307.7,307.7,0
1783263600,307.7,307.7,307.7,307.7,0
1783267200,307.7,307.7,307.7,307.7,0
1783270800,307.7,307.7,307.7,307.7,0
1783274400,308.66,308.8,308.66,308.8,5742.378
1783278000,308.8,308.8,308.8,308.8,0
1783281600,308.8,308.8,308.8,308.8,0
1783285200,308.8,308.8,308.8,308.8,0
1783288800,308.8,308.8,308.8,308.8,0
1783292400,308.78,308.78,308.78,308.78,2871.654
1783296000,308.78,308.78,306.8,306.8,26249.143323
1783299600,306.8,306.8,306.8,306.8,0
1783303200,306.8,306.8,306.8,306.8,0
1783306800,306.8,306.8,306.8,306.8,0
1783310400,306.8,306.8,306.8,306.8,0
1783314000,306.8,306.8,306.8,306.8,0
1783317600,306.8,306.8,306.8,306.8,0
1783321200,306.8,306.8,306.8,306.8,0
1783324800,306.8,306.8,306.8,306.8,0
1783328400,306.8,306.8,306.8,306.8,0
1783332000,306.8,306.8,306.8,306.8,0
1783335600,306.8,306.8,306.8,306.8,0
1783339200,306.8,306.8,306.8,306.8,0
1783342800,306.58,306.58,306.58,306.58,2728.562
1783346400,306.58,306.58,306.58,306.58,0
1783350000,306.58,306.58,306.58,306.58,0
1783353600,306.58,306.58,306.58,306.58,0
1783357200,306.58,306.58,306.58,306.58,0
1783360800,306.58,306.58,306.58,306.58,0
1783364400,306.58,306.58,306.58,306.58,0
1783368000,306.58,306.58,306.58,306.58,0
1783371600,306.58,306.58,306.58,306.58,0
1783375200,306.58,306.58,306.58,306.58,0
1783378800,306.58,306.58,306.58,306.58,0
1783382400,306.58,306.58,306.58,306.58,0
1783386000,306.58,306.58,306.58,306.58,0
1783389600,306.58,306.58,306.58,306.58,0
1783393200,313.37,313.37,313.37,313.37,5577.986
1783396800,313.37,313.37,313.37,313.37,0
1783400400,313.68,313.68,313.68,313.68,2791.752
1783404000,313.68,313.68,313.68,313.68,0
1783407600,313.68,313.68,313.68,313.68,0
1783411200,313.68,313.68,313.68,313.68,0
1783414800,313.68,313.68,313.68,313.68,0
1783418400,313.68,313.68,313.68,313.68,0
1783422000,313.68,313.68,313.68,313.68,0
1783425600,313.68,313.68,313.68,313.68,0
1783429200,313.68,313.68,313.68,313.68,0
1783432800,312.67,312.67,312.67,312.67,2720.229
1783436400,312.67,312.67,312.67,312.67,0
1783440000,312.67,312.67,312.67,312.67,0
1783443600,312.67,312.67,312.67,312.67,0
1783447200,312.67,312.67,312.67,312.67,0
1783450800,312.67,312.67,312.67,312.67,0
1783454400,312.67,312.67,312.67,312.67,0
1783458000,312.67,312.67,312.67,312.67,0
1783461600,312.67,312.67,312.67,312.67,0
1783465200,312.67,312.67,312.67,312.67,0
1783468800,312.67,312.67,312.67,312.67,0
1783472400,312.67,312.67,312.67,312.67,0
1783476000,312.67,312.67,312.67,312.67,0
1783479600,312.67,312.67,312.67,312.67,0
1783483200,312.67,312.67,312.67,312.67,0
1783486800,312.67,312.67,312.67,312.67,0
1783490400,312.67,312.67,312.67,312.67,0
1783494000,312.67,312.67,312.67,312.67,0
1783497600,312.67,312.67,312.67,312.67,0
1783501200,312.67,312.67,312.67,312.67,0
1783504800,312.67,312.67,312.67,312.67,0
1783508400,312.67,312.67,312.67,312.67,0
1783512000,312.67,312.67,312.67,312.67,0
1783515600,309.37,309.37,309.37,309.37,2722.456
1783519200,309.37,309.37,309.37,309.37,0
1783522800,309.37,309.37,309.37,309.37,0
1783526400,310.65,310.65,310.65,310.65,2500.018005
1783530000,310.65,310.65,310.65,310.65,0
1783533600,310.65,310.65,310.65,310.65,0
1783537200,310.65,310.65,310.65,310.65,0
1783540800,313.1,313.1,313.1,313.1,2519.73487
1783544400,313.1,313.56,313.1,313.56,5518.656
1783548000,313.56,313.56,313.56,313.56,0
1783551600,313.56,313.56,313.56,313.56,0
1783555200,313.56,313.56,313.56,313.56,0
1783558800,313.56,313.56,313.56,313.56,0
1783562400,313.56,313.56,313.56,313.56,0
1783566000,313.56,313.56,313.56,313.56,0
1783569600,313.56,313.56,313.56,313.56,0
1783573200,313.56,313.56,313.56,313.56,0
1783576800,313.56,313.56,313.56,313.56,0
1783580400,313.56,313.56,313.56,313.56,0
1783584000,313.56,313.56,313.56,313.56,0
1783587600,313.56,313.56,313.56,313.56,0
1783591200,313.56,313.56,313.56,313.56,0
1783594800,313.56,313.56,313.56,313.56,0
1783598400,313.56,313.56,313.56,313.56,0
1783602000,313.56,313.56,313.56,313.56,0
1783605600,313.56,313.56,313.56,313.56,0
1783609200,313.56,313.56,313.56,313.56,0
1783612800,313.56,313.56,313.56,313.56,0
1783616400,314.61,314.61,314.61,314.61,16.737252
1783620000,314.61,314.61,314.61,314.61,0
1783623600,314.61,314.61,314.61,314.61,0
1783627200,314.61,314.61,314.61,314.61,0
1783630800,316.01,316.01,316.01,316.01,2780.888
1783634400,316.01,316.01,316.01,316.01,0
1783638000,316.01,316.01,316.01,316.01,0
1783641600,315.66,315.66,315.66,315.66,5555.616
1783645200,315.66,315.66,315.66,315.66,0
1783648800,315.66,315.66,315.66,315.66,0
1783652400,315.66,315.66,315.66,315.66,0
1783656000,315.66,315.66,315.66,315.66,0
1783659600,315.66,315.66,315.66,315.66,0
1783663200,315.66,315.66,315.66,315.66,0
1783666800,315.66,315.66,315.66,315.66,0
1783670400,315.74,315.74,315.74,315.74,16.797368
1783674000,315.74,315.74,315.74,315.74,0
1783677600,315.74,315.74,315.74,315.74,0
1783681200,315.74,315.74,315.74,315.74,0
1783684800,315.74,315.74,315.74,315.74,0
1783688400,315.74,315.74,315.74,315.74,0
1783692000,313.31,313.31,313.31,313.31,2725.797
1783695600,313.31,313.31,313.31,313.31,0
1783699200,313.31,313.31,313.31,313.31,0
1783702800,313.31,313.31,313.31,313.31,0
1783706400,313.31,313.31,313.31,313.31,0
1783710000,313.31,313.31,313.31,313.31,0
1783713600,313.31,313.31,313.31,313.31,0
1783717200,313.31,313.31,313.31,313.31,0
1783720800,313.31,313.31,313.31,313.31,0
1783724400,313.31,313.31,313.31,313.31,0
1783728000,315.28,316,315.28,316,8241.336
1783731600,316,316,316,316,0
1783735200,316,316,316,316,0
1783738800,316,316,316,316,0
1783742400,315.8,315.8,315.64,315.64,5493.528
1783746000,315.64,315.64,315.64,315.64,24714.612
1783749600,315.64,315.64,315.64,315.64,5492.136
1783753200,315.64,315.64,315.64,315.64,0
1783756800,315.64,315.64,315.64,315.64,0
1783760400,315.55,315.55,315.55,315.55,5490.57
1783764000,315.55,315.55,315.55,315.55,0
1783767600,315.52,315.52,315.52,315.52,5490.048
1783771200,315.52,315.52,315.52,315.52,0
1783774800,315.52,315.52,315.52,315.52,0
1783778400,315.52,315.52,315.52,315.52,0
1783782000,315.52,315.52,315.52,315.52,0
1783785600,315.52,315.52,315.52,315.52,0
1783789200,315.52,315.52,315.52,315.52,0
1783792800,315.52,315.52,315.52,315.52,0
1783796400,315.52,315.52,315.52,315.52,0
1783800000,315.52,315.52,315.52,315.52,0
1783803600,315.52,315.52,315.52,315.52,0
1783807200,315.52,315.52,315.52,315.52,0
1783810800,315.52,315.52,315.52,315.52,0
1783814400,315.52,315.52,315.52,315.52,0
1783818000,315.52,315.52,315.52,315.52,0
1783821600,315.52,315.52,315.52,315.52,0
1783825200,315.52,315.52,315.52,315.52,0
1783828800,315.52,315.52,315.52,315.52,0
1783832400,315.52,315.52,315.52,315.52,0
1783836000,315.52,315.52,315.52,315.52,0
1783839600,315.52,315.52,315.52,315.52,0
1783843200,315.52,315.52,315.52,315.52,0
1783846800,315.52,315.52,315.52,315.52,0
1783850400,315.52,315.52,315.52,315.52,0
1783854000,315.52,315.52,315.52,315.52,0
1783857600,315.52,315.52,315.52,315.52,0
1783861200,315.52,315.52,315.52,315.52,0
1783864800,314.85,314.94,314.85,314.94,13696.758
1783868400,314.94,315.05,314.9,315.05,10961.478
1783872000,315.05,315.15,315.05,315.15,10478.895944999998
1783875600,315.15,315.15,315.15,315.15,0
1783879200,315.15,315.15,315.15,315.15,0
1783882800,315.15,315.15,315.15,315.15,0
1783886400,315.15,315.15,315.15,315.15,0
1783890000,315.15,315.15,315.15,315.15,0
1783893600,313.49,313.68,313.46,313.64,27283.374
1783897200,313.64,313.64,313.24,313.53,8179.566
1783900800,313.53,314.12,313.53,314.12,19121.382
1783904400,314.12,314.12,314.12,314.12,0
1783908000,314.12,314.12,314.12,314.12,0
1783911600,314.12,314.12,314.12,314.12,0
1783915200,314.12,314.12,314.12,314.12,0
1783918800,314.12,314.12,314.12,314.12,0
1783922400,314.72,315.69,314.72,315.69,0.945615
1783926000,315.69,315.69,315.69,315.69,0
1783929600,315.69,315.69,315.69,315.69,0
1783933200,315.69,315.69,315.69,315.69,0
1783936800,315.69,315.69,315.69,315.69,0
1783940400,315.69,315.69,315.69,315.69,0
1783944000,315.69,315.69,315.69,315.69,0
1783947600,316.81,316.81,316.81,316.81,2756.247
1783951200,316.81,316.81,316.81,316.81,0
1783954800,316.81,316.81,316.81,316.81,0
1783958400,316.81,316.81,316.81,316.81,0
1783962000,316.81,316.81,316.81,316.81,0
1783965600,316.81,316.81,316.81,316.81,0
1783969200,316.81,316.81,316.81,316.81,0
1783972800,316.81,316.81,316.81,316.81,0
1783976400,316.81,316.81,316.81,316.81,0
1783980000,316.81,316.81,316.81,316.81,0
1783983600,316.81,316.81,316.81,316.81,0
1783987200,316.81,316.81,316.81,316.81,0
1783990800,316.81,316.81,316.81,316.81,0
1783994400,316.81,316.81,316.81,316.81,0
1783998000,316.81,316.81,316.81,316.81,0
1784001600,316.81,316.81,316.81,316.81,0
1784005200,316.81,316.81,316.81,316.81,0
1784008800,316.81,316.81,316.81,316.81,0
1784012400,316.81,316.81,316.81,316.81,0
1784016000,316.81,316.81,316.81,316.81,0
1784019600,316.81,316.81,316.81,316.81,0
1784023200,316.81,316.81,316.81,316.81,0
1784026800,316.81,316.81,316.81,316.81,0
1784030400,316.81,316.81,316.81,316.81,0
1784034000,313.96,313.96,313.96,313.96,19.999252
1784037600,313.96,313.96,313.45,313.45,19.966765
1784041200,313.45,313.45,313.45,313.45,0
1784044800,313.45,313.45,313.45,313.45,0
1784048400,313.45,313.45,313.45,313.45,0
1784052000,313.45,313.45,313.45,313.45,0
1784055600,313.45,313.45,313.45,313.45,0
1784059200,313.45,313.45,313.45,313.45,0
1784062800,313.45,313.45,313.45,313.45,0
1784066400,313.45,313.45,313.45,313.45,0
1784070000,313.45,313.45,313.45,313.45,0
1784073600,313.45,313.45,313.45,313.45,0
1784077200,313.45,313.45,313.45,313.45,0
1784080800,315.65,315.65,315.65,315.65,2746.155
1784084400,315.65,315.65,315.65,315.65,0
1784088000,315.65,315.65,315.65,315.65,0
1784091600,315.65,315.65,315.65,315.65,0
1784095200,315.65,315.65,315.65,315.65,0
1784098800,315.65,315.65,315.65,315.65,0
1784102400,315.65,315.65,315.65,315.65,0
1784106000,315.65,315.65,315.65,315.65,0
1784109600,315.65,315.65,315.65,315.65,0
1784113200,315.65,315.65,315.65,315.65,0
1784116800,315.65,315.65,315.65,315.65,0
1784120400,317.68,317.68,317.68,317.68,2732.048
1784124000,317.68,317.68,317.68,317.68,0
1784127600,325.96,325.96,325.96,325.96,14.99416
1784131200,325.96,325.96,325.96,325.96,0
1784134800,326.79,326.79,326.79,326.79,15.03234
1784138400,326.79,327.41,326.79,327.41,12.992651
1784142000,327.41,327.67,327.08,327.08,29.922075
1784145600,327.08,327.08,327.08,327.08,0
1784149200,327.26,327.26,327.26,327.26,17.9993
1784152800,327.26,327.42,327.26,327.42,2815.812
1784156400,327.42,327.9,327.42,327.7,19.9958
1784160000,327.7,328.24,327.7,328.24,27.014152
1784163600,328.24,328.24,328.24,328.24,0
1784167200,328.24,328.24,328.24,328.24,0
1784170800,328.24,328.24,328.24,328.24,0
1784174400,328.24,328.24,328.24,328.24,0
1784178000,328.24,328.24,328.24,328.24,0
1784181600,327.12,327.12,327.12,327.12,9.97716
1784185200,327.12,327.37,327.12,327.37,2815.218315
1784188800,327.37,327.37,327.37,327.37,0
1784192400,327.37,327.37,327.37,327.37,0
1784196000,327.37,327.37,327.37,327.37,0
1784199600,327.37,327.37,327.37,327.37,0
1784203200,328.43,328.43,328.05,328.05,8174.753
1784206800,328.05,328.05,327.43,327.43,2717.669
1784210400,327.43,329.1,327.43,328.66,79.983616
1784214000,328.66,331.89,328.66,331.82,701.152185
1784217600,331.82,331.82,330.35,331.82,629.907794
1784221200,331.82,333.07,331.5,331.5,413.38817
1784224800,331.5,331.5,329.9,331,540.3624
1784228400,331,334.13,331,334.13,53.594452
1784232000,334.13,334.13,332.5,332.88,280.114438
1784235600,332.88,332.88,332.68,332.77,237.636274
1784239200,332.77,334.34,332.77,334.34,3048.29683
1784242800,334.34,335.1,334.12,334.94,335.365861
1784246400,334.94,335.63,334.15,335.02,2807.002279
1784250000,335.02,335.02,334.5,334.58,2799.567076
1784253600,334.58,338.56,334.58,338.17,11230.481
1784257200,338.17,338.17,335.42,335.42,104.114368
1784260800,335.42,335.42,335.42,335.42,0
1784264400,335.97,335.97,335.88,335.88,95.02407
1784268000,335.88,335.88,335.22,335.22,18.906408
1784271600,335.22,336.39,335.22,336.39,22.706325
1784275200,336.39,336.39,335.05,335.12,46.136613
1784278800,335.12,335.12,333.4,333.4,2764.636204
1784282400,333.4,333.75,332.57,332.61,24792.487633
1784286000,332.61,332.61,332.61,332.61,0
1784289600,332.75,332.75,332.75,332.75,71.308325
1784293200,332.75,333.07,332.08,332.74,8186.719134
1784296800,332.74,332.74,330.51,332.53,2906.308194
1784300400,332.53,334.76,332.53,333.76,438.836409
1784304000,333.76,333.76,330.24,331.73,585.930369
1784307600,331.73,331.73,329.33,330.34,301.889393
1784311200,330.34,333.02,330.34,333.02,35.899556
1784314800,333.02,333.95,333.02,333.95,195.978505
1784318400,333.95,333.95,333.55,333.8,67.10018
1784322000,333.8,334.09,333.8,333.91,3063.016738
1784325600,333.91,333.91,333.84,333.84,85.596576
1784329200,333.84,334.07,333.7,333.93,140.08937
1784332800,333.93,333.93,333.53,333.79,62.352773
1784336400,333.79,333.79,333.37,333.37,2733.634
1784340000,333.37,333.37,333,333,2730.6
1784343600,333,333,332.94,332.94,5460.216
1784347200,332.94,332.94,332.94,332.94,0
1784350800,333.08,333.08,333.08,333.08,59.9544
1784354400,333.08,333.08,333.08,333.08,0
1784358000,333.08,333.08,333.08,333.08,0
1784361600,333.4,334.06,333.4,333.83,10947.984
1784365200,333.83,333.83,333.83,333.83,0
1784368800,333.83,333.83,333.83,333.83,0
1784372400,332.95,332.95,332.84,332.84,2780.78168
1784376000,332.84,333.25,332.84,333.25,37.557275
1784379600,333.25,333.54,332.6,333.54,16480.457554
1784383200,333.54,334.47,333.11,334.47,2818.872861
1784386800,334.47,334.47,332.76,333.16,11000.732984
1784390400,333.16,333.69,332.71,333.69,10584.50409
1784394000,333.69,333.8,333.35,333.49,3045.976573
1784397600,333.49,333.49,333.26,333.37,2855.372403
1784401200,333.37,333.37,332.76,332.76,2802.41187
1784404800,332.76,333.08,332.72,332.94,87.279066
1784408400,332.94,332.97,332.89,332.97,2746.399194
1784412000,332.97,333.66,332.97,333.66,133.997856
1784415600,333.66,334.1,333.33,334.04,5536.265685
1784419200,334.04,334.04,332.87,332.87,8195.748676
1784422800,332.87,333.26,332.87,333.26,49.355806
1784426400,333.26,333.34,332.9,333.34,2797.125034
1784430000,333.34,333.73,333.2,333.73,2743.119704
1784433600,333.73,333.78,333.39,333.72,2840.812109
1784437200,333.72,333.72,333.46,333.63,5502.594956
1784440800,333.63,334.15,333.17,333.58,10940.386003
1784444400,333.58,333.87,333.25,333.87,10937.898
1784448000,333.87,333.87,332.96,333.15,8349.669106
1784451600,333.15,333.79,333.15,333.67,10948.013433
1784455200,333.67,333.9,333.54,333.54,8284.183626
1784458800,333.54,333.72,333.54,333.58,45.839646
1784462400,333.58,333.58,333.18,333.21,130.177821
1784466000,333.21,333.4,333.21,333.4,113.65606
1784469600,333.4,333.76,333.4,333.76,5473.430368
1784473200,333.76,333.93,333.6,333.93,2782.286281
1784476800,333.93,333.93,333.3,333.56,320.479496
1784480400,333.56,334.24,333.56,333.87,11273.449949
1784484000,333.87,333.9,333.76,333.76,159.49087
1784487600,333.76,333.89,333.3,333.8,2918.581094
1784491200,333.8,333.8,333.33,333.65,16606.844268
1784494800,333.65,333.97,333.42,333.97,5616.97386
1784498400,333.97,334.62,333.43,333.43,2896.691611
1784502000,333.43,334.62,333.09,334.62,228.077427
1784505600,334.62,335.11,332.6,333.24,391.714155
1784509200,333.24,333.97,332.63,333.97,273.477887
1784512800,333.97,335.37,333.97,335.37,2971.745738
1784516400,335.37,335.37,334.38,334.47,188.373478
1784520000,334.47,334.47,334.47,334.47,0
1784523600,333.56,333.56,333.35,333.35,337.821766
1784527200,333.35,333.35,332.89,332.89,241.505472
1784530800,332.89,333.2,332.89,333.19,87.749658
1784534400,333.19,334.01,333.19,333.28,262.602635
1784538000,333.28,333.56,333.28,333.56,121.08228
1784541600,333.56,333.56,333.02,333.02,141.061751
1784545200,333.02,333.02,332.28,332.28,114.160074
1784548800,332.28,332.55,331.38,332.41,197.136515
1784552400,332.41,332.48,328.58,328.75,3733.864288
1784556000,328.75,328.75,326.2,326.29,1219.327733
1784559600,326.29,327.12,324.98,325.92,1289.823026
1784563200,325.92,325.92,324.12,324.27,11832.093413
1784566800,324.27,325.14,324.27,324.78,1019.124501
1784570400,324.78,327.13,324.78,327.13,514.105511
1784574000,327.13,329.51,327.13,328.67,3435.699015
1784577600,328.67,328.67,328.67,328.67,0
1784581200,326.9,326.9,326.58,326.58,245.304717
1784584800,326.58,326.58,326.43,326.43,28.39941
1784588400,326.43,326.43,326.43,326.43,0
1784592000,326.43,326.43,326.43,326.43,0
1784595600,326.43,326.43,326.43,326.43,0
1784599200,325.9,326.36,325.9,326.36,95.640434
1784602800,326.36,326.36,326.08,326.08,107.878888
1784606400,326.08,326.71,326.08,326.45,101.801176
1784610000,326.45,326.81,326.44,326.81,94.648461
1784613600,326.81,326.81,326.35,326.51,149.647742
1784617200,326.51,326.51,326.09,326.09,155.713015
1784620800,326.09,326.09,324.5,324.66,99.43211
1784624400,324.66,325.02,324.61,325.02,185.32881
1784628000,325.02,325.22,324.71,324.71,111.340608
1784631600,324.71,325.4,324.69,325.06,211.809986
1784635200,325.06,325.15,324.53,325.11,200.780967
1784638800,325.11,325.31,323.08,323.08,5614.97978
1784642400,323.08,326.79,323.08,326.79,78.244004
1784646000,326.79,328.86,326.2,328.86,770.761787
1784649600,328.86,329.39,327.86,328.07,122.781871
1784653200,328.07,328.07,326.71,326.99,127.000498
1784656800,326.99,327.55,326.86,326.86,240.007676
1784660400,326.86,328.23,326.86,328.23,102.342114
1784664000,328.23,328.23,325.49,325.49,109.55712
1784667600,325.49,325.61,325.36,325.61,2821.608709
1784671200,325.61,325.61,324.33,324.33,152.893409
1784674800,324.33,324.74,324.33,324.7,147.181836
1784678400,324.7,324.7,324.05,324.09,72.821663
1784682000,324.09,325.03,324.09,325.03,132.442314
1784685600,325.03,325.03,324.69,324.69,92.992845
1784689200,324.69,326.27,324.69,326.27,29.135911
1784692800,326.27,326.27,326.27,326.27,0
1784696400,326.27,326.27,326.27,326.27,0
1784700000,326.34,326.34,326.34,326.34,15.109542
1784703600,326.34,326.91,326.34,326.8,68.232765
1784707200,326.8,327.17,326.73,327.17,108.347931
1784710800,327.17,327.17,327.13,327.13,16.323787
1784714400,327.13,327.13,326.7,326.74,74.065766
1784718000,326.74,327.46,326.74,327.46,249.190269
1784721600,327.46,327.46,327.46,327.46,0
1784725200,327.68,327.8,325.92,326.77,3003.635416
1784728800,326.77,326.77,326.77,326.77,0
1784732400,325.24,325.24,325.24,325.24,31.678376
1784736000,325.24,325.24,324.44,324.44,18.914852
1784739600,324.44,324.44,324.44,324.44,0
1784743200,323.9,323.9,323.88,323.88,122.78851
1784746800,323.88,326.6,323.88,326.6,135.164059
1784750400,326.6,326.6,326.6,326.6,0
1784754000,325.88,325.88,325.88,325.88,36.400796
1784757600,325.88,325.88,325.88,325.88,0
1784761200,325.88,325.88,325.88,325.88,0
1784764800,325.88,325.88,325.88,325.88,0
1784768400,325.88,325.88,325.88,325.88,0
1784772000,325.88,325.88,325.88,325.88,0
1784775600,325.88,325.88,325.88,325.88,0
1784779200,325.88,325.88,325.88,325.88,0
1784782800,325.66,325.66,325.66,325.66,14.882662
1784786400,325.66,325.66,325.66,325.66,0
1784790000,325.66,325.66,325.66,325.66,0
1784793600,324.74,324.74,324.66,324.66,161.027694
1784797200,324.66,324.66,324.19,324.23,190.856623
1784800800,324.23,324.23,324.18,324.18,17.732646
1784804400,324.18,324.18,322.92,322.92,14.757444
1784808000,322.92,322.92,322.92,322.92,0
1784811600,321.77,322.06,321.14,321.14,8105.748
1784815200,321.14,321.14,321.14,321.14,0
1784818800,321.14,321.14,321.14,321.14,0
1784822400,320.53,320.53,320.53,320.53,206.549532
1784826000,320.53,321.15,320.31,320.31,1065.944932
1784829600,320.31,320.31,319.97,320.11,837.739142
1784833200,320.11,321.11,320.11,320.93,368.014787
1784836800,320.93,321.9,320.93,321.15,607.403399
1784840400,321.15,321.34,320.6,321.28,473.941039
1784844000,321.28,321.83,321.28,321.83,73.080705
1784847600,321.83,321.83,321.51,321.51,218.388412
1784851200,321.51,321.51,321.17,321.17,51.165256
1784854800,321.17,321.25,321.17,321.22,211.91988
1784858400,321.22,321.22,320.97,320.97,225.565699
1784862000,320.97,321.17,320.97,321.16,110.640939
1784865600,321.16,321.45,321.15,321.45,5521.009668
1784869200,321.45,321.45,320.84,320.84,92.56234
1784872800,320.84,320.84,320.84,320.84,0
1784876400,321.45,321.45,321.45,321.45,14.690265
1784880000,321.45,321.45,321.45,321.45,0
1784883600,322.42,322.42,322.42,322.42,10.865554
1784887200,322.42,322.42,322.42,322.42,113.395114
1784890800,322.42,322.85,322.32,322.41,377.185631
1784894400,322.41,322.61,321.42,321.42,451.752459
1784898000,321.42,325.69,321.42,325.69,3244.548007
1784901600,325.69,329.96,325.69,329.96,429.644979
1784905200,329.96,331.93,329.96,331.93,34.221983
1784908800,331.93,334.26,331.93,333.62,390.052644
1784912400,333.62,333.62,333.62,333.62,0
1784916000,333.62,333.62,333.62,333.62,0
1784919600,332.44,332.44,332.44,332.44,152.556716
1784923200,332.44,332.44,332.44,332.44,0
1784926800,333.7,333.7,333.7,333.7,83.52511
1784930400,333.7,333.7,333.33,333.33,2943.240569
1784934000,333.33,333.33,333.33,333.33,0
1784937600,333.33,333.33,333.33,333.33,0
1784941200,333.33,333.33,333.33,333.33,0
1784944800,333.33,333.33,333.33,333.33,0
1784948400,333.33,333.33,333.33,333.33,0
1784952000,331.96,331.96,331.96,331.96,2821.66
1784955600,331.96,331.99,331.89,331.89,47.100251
1784959200,331.89,332.19,331.89,332.1,768.097074
1784962800,332.1,332.95,332.05,332.95,485.807173
1784966400,332.95,332.95,332.3,332.32,411.560393
1784970000,332.32,332.34,332.02,332.02,319.594874
1784973600,332.02,332.34,331.85,332.28,431.186243
1784977200,332.28,332.55,332.28,332.55,195.067774
1784980800,332.55,332.55,332.26,332.26,249.264469
1784984400,332.26,332.34,331.93,332.18,245.165721
1784988000,332.18,332.37,332.18,332.36,221.049095
1784991600,332.36,332.54,332.21,332.5,213.030098
1784995200,332.5,332.65,332.31,332.31,329.38498
1784998800,332.31,332.62,332.1,332.62,403.868605
1785002400,332.62,332.98,332.62,332.98,493.296026
1785006000,332.98,333.05,332.71,332.8,169.527702
1785009600,332.8,333.07,332.8,333.04,249.904534
1785013200,333.04,333.04,332.79,332.87,160.187095
1785016800,332.87,333.11,332.87,332.87,364.445444
1785020400,332.87,332.87,332.81,332.82,2859.186148
1785024000,332.82,333.1,332.82,333.1,12.72442
1785027600,333.1,333.11,333,333.03,452.321001
1785031200,333.03,333.03,332.66,332.66,2843.929676
1785034800,332.66,332.98,332.66,332.98,69.391198
1785038400,332.98,333.18,332.8,332.89,398.0974
1785042000,332.89,333.09,332.89,332.92,200.078855
1785045600,332.92,332.92,332.69,332.69,94.683574
1785049200,332.69,332.91,332.69,332.9,62.748141
1785052800,332.9,333.03,332.89,333.03,308.638428
1785056400,333.03,333.03,332.68,332.68,452.906506
1785060000,332.68,333.08,332.68,332.85,226.161287
1785063600,332.85,333.08,332.76,333.06,336.411818
1785067200,333.06,333.06,332.75,332.9,155.74596
1785070800,332.9,333.1,332.9,333.09,241.437454
1785074400,333.09,333.34,333.08,333.08,201.049079
1785078000,333.08,333.43,333.08,333.43,158.27849
1785081600,333.43,333.5,333.43,333.5,10.17175
1785085200,333.5,333.63,333.41,333.41,66.317658
1785088800,333.41,333.41,333.15,333.15,188.329695
1785092400,333.15,333.25,333,333,227.810639
1785096000,333,333.44,333,333.29,261.834411
1785099600,333.29,333.51,333.11,333.11,326.586923
1785103200,333.11,334.3,333.11,333.7,403.288547
1785106800,333.7,333.82,333.39,333.82,135.227998
1785110400,333.82,337.76,333.82,335.22,728.16655
1785114000,335.22,336.44,335.18,336.44,323.667908
1785117600,336.44,336.44,335.85,335.87,39.36328
1785121200,335.87,336.13,335.82,336.13,90.907271
1785124800,336.13,336.13,334.88,334.88,262.119374
1785128400,334.88,334.88,333.63,333.63,267.980481
1785132000,333.63,334.4,333.63,334.09,471.84642
1785135600,334.09,334.88,334.09,334.88,18.4184
1785139200,334.88,334.88,334.42,334.42,66.315486
1785142800,334.42,334.42,333.59,333.59,286.132097
1785146400,333.59,333.68,333.47,333.68,420.960743
1785150000,333.68,334.27,333.68,334.27,74.441929
1785153600,334.27,334.27,333.89,333.89,294.016721
1785157200,333.89,335.63,333.89,335.45,198.247702
1785160800,335.45,337.91,335.45,337.89,88655.607355
1785164400,337.89,339.26,337.89,337.93,19313.396365
1785168000,337.93,337.93,336.41,336.41,243.661057
1785171600,336.41,336.41,335.51,335.51,2936.398123
1785175200,335.51,335.96,334.8,335.89,713.703664
1785178800,335.89,336.89,335.34,336.89,5755.865117
1785182400,336.89,337.21,336.85,336.85,156.147468
1785186000,336.85,336.85,336.41,336.82,3034.485558
1785189600,336.82,337.03,336.66,336.7,11421.606818
1785193200,336.7,336.98,336.7,336.86,353.381473
1785196800,336.86,337.45,336.74,337.41,353.534355
1785200400,337.41,337.51,337.12,337.42,198.90755
1785204000,337.42,338.1,337.42,338.1,178.34862
1785207600,338.1,338.36,338.02,338.36,253.6681
1785211200,338.36,338.36,337.81,337.81,327.814473
1785214800,337.81,337.81,337.74,337.79,2796.930347
1785218400,337.79,337.79,337.23,337.23,86.10252
1785222000,337.23,337.82,337.23,337.72,250.326662
1785225600,337.72,338.23,337.52,338.15,121.913515
1785229200,338.15,338.9,338.15,338.9,101.670009
1785232800,338.9,339.06,338.84,338.84,103.841036
1785236400,338.84,338.84,338.84,338.84,0
1785240000,338.38,338.38,338.38,338.38,146.01097
1785243600,338.38,338.59,338.38,338.59,14.525511
1785247200,338.59,338.59,337.48,337.48,120.63065
1785250800,337.48,339.69,337.48,339.43,8313.453108
1785254400,339.43,340.27,339.43,339.71,215.399808
1785258000,339.71,339.71,339.19,339.71,210.753466
1785261600,339.71,339.71,339.43,339.43,87.09542
1785265200,339.43,339.43,339.43,339.43,0
1785268800,340.27,340.27,340.09,340.09,57.283918
1785272400,340.09,340.09,339.85,339.88,270.639696
1785276000,339.88,339.89,339.47,339.89,123.640115
1785279600,339.89,341.11,339.89,341.11,8487.132113
1785283200,341.11,341.24,341.11,341.24,25.76362
1785286800,341.24,341.24,341.24,341.24,0
1785290400,341,341.54,341,341.54,477.636596
1785294000,341.54,343.22,341.54,342.31,176.602313
1785297600,342.31,344.13,342.31,342.84,3105.272402
1785301200,342.84,342.84,340.69,340.69,186.327327
1785304800,340.69,341.07,340.23,341.07,188.483758
1785308400,341.07,341.57,341.07,341.57,324.814225
1785312000,341.57,341.57,341.36,341.55,47.389527
1785315600,341.55,341.55,339.86,339.86,95.622708
1785319200,339.86,341.3,339.64,341.3,438.639874
1785322800,341.3,341.3,340.96,341.06,193.119224
1785326400,341.06,341.06,339.08,339.08,122.591868
1785330000,339.08,339.93,338.42,339.93,144.278441
1785333600,339.93,342.37,339.93,341.49,347.354286
1785337200,341.49,341.49,340.22,340.64,156.350032
1785340800,340.64,341.16,340.64,341.08,136.107688
1785344400,341.08,343.04,341.08,343.04,90.439396
1785348000,343.04,343.82,343.04,343.61,211.933271
1785351600,343.61,343.61,343.61,343.61,0
1785355200,338.05,339.39,338.05,339.39,21664
1785358800,339.39,339.88,339.06,339.06,19006.88
1785362400,339.06,339.06,339.06,339.06,0
1785366000,339.06,339.06,339.06,339.06,0
1785369600,339.06,339.06,339.06,339.06,0
1785373200,339.06,339.06,339.06,339.06,0
1785376800,339.06,339.06,339.06,339.06,0
1785380400,339.06,339.06,339.06,339.06,0
1785384000,339.06,339.06,339.06,339.06,0
1785387600,339.06,339.06,339.06,339.06,0
1785391200,339.06,339.06,339.06,339.06,0
1785394800,339.06,339.06,339.06,339.06,0
1785398400,339.06,339.06,339.06,339.06,0
1785402000,339.06,339.06,339.06,339.06,0
1785405600,339.06,339.06,339.06,339.06,0
1785409200,339.06,339.06,339.06,339.06,0
1785412800,339.06,339.06,339.06,339.06,0
1785416400,339.06,339.06,339.06,339.06,0
1785420000,330.85,331.94,330.85,331.94,1305.532295
1785423600,331.94,331.94,331.4,331.94,24178.176
1785427200,331.94,332.11,330.65,332.11,5150.650822
1785430800,332.11,333.18,332.03,333.18,1183.192445
1785434400,333.18,333.93,333.14,333.93,416.695383
1785438000,333.93,333.93,332.7,332.7,616.810103
1785441600,332.7,339.05,318.95,318.95,21872.378114
1785445200,318.95,319.18,306.82,311.47,38627.791802
1785448800,311.47,313.14,311.47,313.14,324.183134
1785452400,313.14,314.49,313.08,313.08,5290.282239
1785456000,313.08,314.65,312.18,313.83,6998.596699
1785459600,313.83,314.78,312.86,314.78,5762.753291
1785463200,314.78,315.06,314.32,314.32,317.174598
1785466800,314.32,314.32,313.76,314.1,802.304969
1785470400,314.1,314.12,313.24,313.44,648.561718
1785474000,313.44,313.44,311.8,312.21,18994.002088
1785477600,312.21,312.72,312.21,312.72,3154.128003
1785481200,312.72,312.72,310.91,311.85,970.745849
1785484800,311.85,311.85,308.81,309.44,3351.6695990000003
1785488400,309.44,310.29,308.88,309.79,440.446048
1785492000,309.79,309.79,307.93,307.93,562.130575
1785495600,307.93,308.51,307.1,308.28,366.363041
1785499200,308.28,308.32,306.92,307.74,1006.402866
1785502800,307.74,307.74,301.83,304.43,10346.506378
1785506400,304.43,304.43,302.43,302.91,14890.219624
1785510000,302.91,302.91,301.85,301.85,301.85096
1785513600,301.85,301.85,301.17,301.17,255.83841
1785517200,301.17,301.79,301.05,301.32,246.461493
1785520800,301.32,302.58,301.07,302.38,586.059191
1785524400,302.38,309.5,302.38,309.5,10642.14034
1785528000,309.5,309.5,306.97,306.97,250.883728
1785531600,306.97,307.18,306.35,306.73,411.391443
1785535200,306.73,307.11,306.73,307.11,179.960749
1785538800,307.11,307.76,307.11,307.39,317.382426
1785542400,307.39,307.51,306.97,306.97,155.674705
1785546000,306.97,307.28,306.97,307.28,89.939065
1785549600,307.28,307.54,307.22,307.54,133.986286
1785553200,307.54,307.54,307.38,307.48,154.096166
1785556800,307.48,307.61,307.19,307.53,476.969138
1785560400,307.53,307.57,307.42,307.42,118.338003
1785564000,307.42,307.42,307.05,307.15,229.811942
1785567600,307.15,307.15,306.6,306.6,116.24654
1785571200,306.6,307.32,306.25,307.28,8402.125676
1785574800,307.28,307.38,307.28,307.38,162.935078
1785578400,307.38,307.6,307.38,307.6,411.015748
1785582000,307.6,307.62,307.19,307.62,262.524403
1785585600,307.62,307.64,307.48,307.64,2852.296992
1785589200,307.64,307.7,307.28,307.28,336.559156
1785592800,307.28,307.86,307.28,307.86,250.463366
1785596400,307.86,308.12,307.69,307.69,8590.39119
1785600000,307.69,308.08,307.69,307.82,43.481032
1785603600,307.82,307.82,307.06,307.06,76.676662
1785607200,307.06,307.06,307,307.01,68.619499
1785610800,307.01,307.01,306.14,306.14,2788.355425
1785614400,306.14,306.58,306.14,306.58,88.196326
1785618000,306.58,307.17,306.38,307.17,73.461736
1785621600,307.17,307.17,307.13,307.13,28.25596
1785625200,307.13,307.38,306.89,306.94,272.750144
1785628800,306.94,307.47,306.94,307.47,224.810599
1785632400,307.47,307.6,307.47,307.6,122.5786
1785636000,307.6,308.45,307.58,308.45,2991.370222
1785639600,308.45,308.45,308.29,308.34,131.858708
1785643200,308.34,308.91,308.34,308.91,177.604744
1785646800,308.91,309.55,308.91,309.55,2847.721421
1785650400,309.55,309.59,309.45,309.59,122.568478
1785654000,309.59,310.83,309.59,310.55,2981.197826
1785657600,310.55,310.74,310.36,310.61,142.923008
1785661200,310.61,310.74,310,310.74,204.62386
1785664800,310.74,310.74,310.3,310.3,61.06704
1785668400,310.3,310.64,309.47,309.47,2937.284479
1785672000,309.47,309.49,309.47,309.49,11.358283
1785675600,309.49,309.73,309.47,309.47,207.315063
1785679200,309.47,310.08,309.47,310.08,332.315654
1785682800,310.08,310.25,309.78,309.78,2947.112665
1785686400,309.78,310.39,309.78,310.01,165.037657
1785690000,310.01,310.65,310.01,310.34,5737.701496
1785693600,310.34,310.87,310.34,310.76,256.724753
1785697200,310.76,310.83,310.36,310.83,144.194249
1785700800,310.83,310.83,310.14,310.14,178.730516
1785704400,310.14,310.28,309.95,310.28,2784.559195
1785708000,310.28,310.61,310.28,310.41,1498.40853
1785711600,310.41,310.41,309.45,309.45,5448.432
1785715200,309.45,309.99,309.32,309.32,5449.928
1785718800,309.32,309.32,309.32,309.32,0
1785722400,309.32,309.32,309.32,309.32,0
1785726000,309.32,309.32,309.32,309.32,0
1785729600,309.32,309.32,309.32,309.32,0
1785733200,309.32,309.32,309.32,309.32,0
1785736800,309.32,309.32,309.32,309.32,0
1785740400,309.32,309.32,309.32,309.32,0
1785744000,309.32,309.32,309.32,309.32,0
1785747600,309.32,309.32,309.32,309.32,0
1785751200,309.32,309.32,309.32,309.32,0
1785754800,309.32,309.32,309.32,309.32,0
1785758400,309.32,309.32,309.32,309.32,0
1785762000,310.69,310.69,310.62,310.62,195.7256
1785765600,310.62,310.62,310.62,310.62,0
1785769200,310.62,310.62,310.62,310.62,0
1785772800,303.83,303.83,303.83,303.83,39.4979
1785776400,303.83,303.83,303.83,303.83,0
1785780000,303.83,303.83,303.83,303.83,0
1785783600,303.83,303.83,303.83,303.83,0
1785787200,303.83,303.83,303.83,303.83,0
1785790800,303.83,303.83,303.83,303.83,0
1785794400,303.83,303.83,303.83,303.83,0
1785798000,303.83,303.83,303.83,303.83,0
1785801600,303.83,303.83,303.83,303.83,0
1785805200,303.83,303.83,303.83,303.83,0
1785808800,303.83,303.83,303.83,303.83,0
1785812400,303.83,303.83,303.83,303.83,0
1785816000,303.83,303.83,303.83,303.83,0
1785819600,303.83,303.83,303.83,303.83,0
1785823200,303.83,303.83,303.83,303.83,0
1785826800,303.83,303.83,303.83,303.83,0
1785830400,303.83,303.83,303.83,303.83,0
1785834000,303.83,303.83,303.83,303.83,0
1785837600,303.83,303.83,303.83,303.83,0
1785841200,303.83,303.83,303.83,303.83,0
1785844800,303.83,303.83,303.83,303.83,0
1785848400,303.83,303.83,303.83,303.83,0
1785852000,303.83,303.83,303.83,303.83,0
1785855600,303.83,303.83,303.83,303.83,0
1785859200,307.78,307.78,307.78,307.78,1485.34628
1785862800,307.78,307.78,307.78,307.78,0
1785866400,307.78,307.78,307.78,307.78,0
1785870000,307.78,307.78,307.78,307.78,0
1785873600,307.78,307.78,307.78,307.78,0
1785877200,307.78,307.78,307.78,307.78,0
1785880800,307.78,307.78,307.78,307.78,0
1785884400,307.78,307.78,307.78,307.78,0
1785888000,310.26,310.26,310.26,310.26,48.803898
1785891600,310.26,310.26,310.26,310.26,0
1785895200,310.26,310.26,310.26,310.26,0
1785898800,310.26,310.26,310.26,310.26,0
1785902400,310.26,310.26,310.26,310.26,0
1785906000,310.26,310.26,310.26,310.26,0
1785909600,310.26,310.26,310.26,310.26,0
1785913200,310.26,310.26,310.26,310.26,0
1785916800,310.26,310.26,310.26,310.26,0
1785920400,310.26,310.26,310.26,310.26,0
1785924000,310.26,310.26,310.26,310.26,0
1785927600,310.46,310.46,310.46,310.46,999.06028
1785931200,310.46,310.46,310.46,310.46,0
1785934800,308.56,308.56,308.51,308.51,1097.902132
1785938400,308.51,308.51,307.34,307.75,2370.932027
1785942000,307.75,307.75,307.75,307.75,0
1785945600,307.75,307.75,307.75,307.75,0
1785949200,307.75,307.75,307.75,307.75,0
1785952800,307.75,307.75,307.75,307.75,0
1785956400,307.75,307.75,307.75,307.75,0
1785960000,311.07,311.07,311.07,311.07,100.724466
1785963600,311.07,311.07,311.07,311.07,0
1785967200,311.07,311.07,311.07,311.07,0
1785970800,311.07,311.07,311.07,311.07,0
1785974400,311.07,311.07,311.07,311.07,0
1785978000,311.07,311.07,311.07,311.07,0
1785981600,311.07,311.07,311.07,311.07,0
1785985200,311.07,311.07,311.07,311.07,0
1785988800,311.07,311.07,311.07,311.07,0
1785992400,311.07,311.07,311.07,311.07,0
1785996000,311.07,311.07,311.07,311.07,0
1785999600,311.07,311.07,311.07,311.07,0
1786003200,311.07,311.07,311.07,311.07,0
1786006800,314.25,314.25,314.25,314.25,21.18045
1786010400,314.25,314.25,314.25,314.25,0
1786014000,314.25,314.25,314.25,314.25,0
1786017600,314.25,314.25,314.25,314.25,0
1786021200,313.87,313.87,313.87,313.87,98.55518
1786024800,313.87,313.87,312.4,312.4,21.2432
1786028400,312.4,312.4,312.4,312.4,0
1786032000,309.59,309.59,309.59,309.59,48.60563
1786035600,309.59,310.74,309.59,310.74,2734.512
1786039200,310.74,310.74,310.74,310.74,0
1786042800,312.66,312.66,312.66,312.66,2751.408
1786046400,312.66,312.76,311.68,311.68,11107.169984
1786050000,311.68,311.68,311.68,311.68,0
1786053600,311.9,311.9,311.9,311.9,2744.72
1786057200,311.9,311.9,311.9,311.9,0
1786060800,311.9,311.9,311.9,311.9,0
1786064400,311.9,311.9,311.9,311.9,0
1786068000,311.9,311.9,311.9,311.9,0
1786071600,311.9,311.9,311.9,311.9,0
1786075200,311.9,311.9,311.9,311.9,0
1786078800,311.9,311.9,311.9,311.9,0
1786082400,311.9,311.9,311.9,311.9,0
1786086000,311.9,311.9,311.9,311.9,0
1786089600,311.9,311.9,311.9,311.9,0
1786093200,311.9,311.9,311.9,311.9,0
1786096800,311.9,311.9,311.9,311.9,0
1786100400,311.9,311.9,311.9,311.9,0
1786104000,312.28,312.28,312.28,312.28,2748.064
1786107600,312.28,313.18,312.28,313.18,2755.984
1786111200,313.18,313.18,313.18,313.18,0
1786114800,313.18,313.18,313.18,313.18,0
1786118400,313.18,313.18,313.18,313.18,0
1786122000,312.67,312.67,312.67,312.67,201.04681
1786125600,312.67,312.67,312.67,312.67,0
1786129200,312.67,312.67,312.67,312.67,0
1786132800,312.67,312.67,312.67,312.67,0
1786136400,312.67,312.67,312.67,312.67,0
1786140000,312.67,312.67,312.67,312.67,0
1786143600,312.67,312.67,312.67,312.67,0
1786147200,312.67,312.67,312.67,312.67,0
1786150800,312.67,312.67,312.67,312.67,0
1786154400,312.67,312.67,312.67,312.67,0
1786158000,312.67,312.67,312.67,312.67,0
1786161600,312.67,312.67,312.67,312.67,0
1786165200,312.67,312.67,312.67,312.67,0
1786168800,312.67,312.67,312.67,312.67,0
1786172400,312.67,312.67,312.67,312.67,0
1786176000,312.67,312.67,312.67,312.67,0
1786179600,312.67,312.67,312.67,312.67,0
1786183200,312.67,312.67,312.67,312.67,0
1786186800,312.44,312.44,312.44,312.44,2718.228
1786190400,312.44,312.44,312.44,312.44,0
1786194000,312.44,312.44,312.44,312.44,0
1786197600,312.44,312.44,312.44,312.44,0
1786201200,312.21,312.21,312.21,312.21,2716.227
1786204800,312.21,312.21,312.21,312.21,0
1786208400,312.23,312.23,312.23,312.23,2716.401
1786212000,312.23,312.23,312.23,312.23,0
1786215600,312.06,312.06,312.06,312.06,3999.67302
1786219200,312.06,312.06,312.06,312.06,0
1786222800,312.06,312.06,312.06,312.06,0
1786226400,312.06,312.06,312.06,312.06,0
1786230000,312.06,312.06,312.06,312.06,0
1786233600,312.06,312.06,312.06,312.06,0
1786237200,312.06,312.06,312.06,312.06,0
1786240800,312.06,312.06,312.06,312.06,0
1786244400,312.06,312.06,312.06,312.06,0
1786248000,312.06,312.06,312.06,312.06,0
1786251600,312.06,312.06,312.06,312.06,0
1786255200,312.06,312.06,312.06,312.06,0
1786258800,312.82,312.82,312.69,312.69,8163.471
1786262400,312.69,312.69,312.69,312.69,0
1786266000,312.69,312.69,312.69,312.69,0
1786269600,312.69,312.69,312.69,312.69,0
1786273200,312.69,312.69,312.69,312.69,0
1786276800,312.69,312.69,312.69,312.69,0
1786280400,312.69,312.69,312.69,312.69,0
1786284000,312.69,312.69,312.69,312.69,0
1786287600,312.69,312.69,312.69,312.69,0
1786291200,312.69,312.69,312.69,312.69,0
1786294800,312.69,312.69,312.69,312.69,0
1786298400,312.69,312.69,312.69,312.69,0
1786302000,312.69,312.69,312.69,312.69,0
1786305600,313.09,313.09,313.09,313.09,71.69761
1786309200,313.09,313.09,312.56,312.92,19268.48
1786312800,312.92,312.92,312.34,312.34,8245.776
1786316400,312.34,313.06,312.34,313.06,5509.856
1786320000,313.06,313.39,312.89,312.97,11020.064
1786323600,312.97,312.97,312.97,312.97,0
1786327200,312.97,312.97,312.97,312.97,0
1786330800,312.97,312.97,312.97,312.97,0
1786334400,312.97,312.97,312.97,312.97,0
1786338000,312.97,312.97,312.97,312.97,0
1786341600,312.97,312.97,312.97,312.97,0
1786345200,312.97,312.97,312.97,312.97,0
1786348800,313.31,313.31,313.31,313.31,8271.384
1786352400,313.31,313.56,313.31,313.56,2759.328
1786356000,313.56,313.56,313.56,313.56,0
1786359600,309.21,309.71,309.21,309.71,82.129334
1786363200,309.71,309.71,309.71,309.71,0
1786366800,306.56,307.34,306.56,307.34,5340.93
1786370400,307.34,307.34,307.23,307.23,2672.901
1786374000,307.23,307.23,306.56,306.56,13.856512
1786377600,306.56,306.56,306.56,306.56,0
1786381200,306.56,306.56,306.56,306.56,0
1786384800,306.56,306.56,306.56,306.56,0
1786388400,306.56,306.56,306.56,306.56,0
1786392000,306.56,306.56,306.56,306.56,0
1786395600,306.56,306.56,306.56,306.56,0
1786399200,306.56,306.56,306.56,306.56,0
1786402800,306.56,306.56,306.56,306.56,0
1786406400,306.56,306.56,306.56,306.56,0
1786410000,306.56,306.56,306.56,306.56,0
1786413600,306.56,306.56,306.56,306.56,0
1786417200,306.56,306.56,306.56,306.56,0
1786420800,306.56,306.56,306.56,306.56,0
1786424400,306.56,306.56,306.56,306.56,0
1786428000,306.56,306.56,306.56,306.56,0
1786431600,306.56,306.56,306.56,306.56,0
1786435200,306.56,306.56,306.56,306.56,0
1786438800,306.56,306.56,306.56,306.56,0
1786442400,306.56,306.56,306.56,306.56,0
1786446000,306.56,306.56,306.56,306.56,0
1786449600,309.22,309.22,309.22,309.22,2475.027802
1786453200,309.22,309.22,309.22,309.22,0
1786456800,309.22,309.22,309.22,309.22,0
1786460400,309.22,309.22,309.22,309.22,0
1786464000,306.71,306.71,306.71,306.71,2453.68
1786467600,306.71,306.71,306.71,306.71,0
1786471200,306.71,306.71,306.71,306.71,0
1786474800,306.71,306.71,306.71,306.71,0
1786478400,306.71,306.71,306.71,306.71,0
1786482000,306.71,306.71,306.71,306.71,0
1786485600,306.71,306.71,306.71,306.71,0
1786489200,306.71,306.71,306.71,306.71,0
1786492800,306.71,306.71,306.71,306.71,0
1786496400,306.71,306.71,306.71,306.71,0
1786500000,306.71,306.71,306.71,306.71,0
1786503600,306.71,306.71,306.71,306.71,0
1786507200,306.71,306.71,306.71,306.71,0
1786510800,306.71,306.71,306.71,306.71,0
1786514400,306.71,306.71,306.71,306.71,0
1786518000,306.71,306.71,306.71,306.71,0
1786521600,306.71,306.71,306.71,306.71,0
1786525200,306.71,306.71,306.71,306.71,0
1786528800,306.71,306.71,306.71,306.71,0
1786532400,306.71,306.71,306.71,306.71,0
1786536000,305.19,305.19,305.19,305.19,30.519
1786539600,305.19,305.19,305.19,305.19,0
1786543200,302.65,302.65,302.65,302.65,2990.182
1786546800,302.65,302.65,301.14,301.14,2975.2632
1786550400,301.14,301.84,301.14,301.44,15753.9612
1786554000,301.44,301.44,301.44,301.44,0
1786557600,301.44,301.44,301.44,301.44,0
1786561200,301.38,301.38,301.38,301.38,2989.6896
1786564800,301.38,302.26,301.38,302.25,450.35995
1786568400,302.25,302.38,302.25,302.36,1379.91008
1786572000,302.36,302.36,302.23,302.23,1141.25096
1786575600,302.23,302.23,302.02,302.02,499.54108
1786579200,302.02,302.02,302.02,302.02,0
1786582800,302.02,302.02,302.02,302.02,0
1786586400,302.02,302.02,302.02,302.02,0
1786590000,302.02,302.02,302.02,302.02,0
1786593600,302.02,302.02,302.02,302.02,0
1786597200,302.02,302.02,302.02,302.02,0
1786600800,302.02,302.02,302.02,302.02,0
1786604400,302.02,302.02,302.02,302.02,0
1786608000,302.02,302.02,302.02,302.02,0
1786611600,303.89,303.89,303.89,303.89,1498.1777
1786615200,303.89,303.89,303.89,303.89,0
1786618800,303.89,303.89,303.89,303.89,0
1786622400,303.57,303.57,303.57,303.57,14.996358
1786626000,303.57,304.62,302.95,304.58,225.784929
1786629600,304.58,305.6,304.21,304.77,212.466368
1786633200,304.77,304.77,303.5,303.57,69.81305
1786636800,303.57,303.76,303.57,303.76,2988.9984
1786640400,303.76,303.76,303.11,303.76,8058.254134
1786644000,303.76,303.76,303.44,303.63,603.610784
1786647600,303.63,304.17,303.63,304.17,3345.39
1786651200,304.17,304.62,304.17,304.48,1999.9885140000001
1786654800,304.48,304.48,304.48,304.48,0
1786658400,305.32,305.32,305.32,305.32,26.25752
1786662000,305.32,305.32,305.05,305.05,26.2343
1786665600,305.05,305.05,304.83,304.83,299.983203
1786669200,304.83,304.83,304.83,304.83,0
1786672800,304.8,304.8,304.8,304.8,188.45784
1786676400,304.8,305.13,304.79,305,1031.253207
1786680000,305,305,304.85,304.85,924.5687049999999
1786683600,304.85,305.73,304.85,305.73,35.46468
1786687200,305.73,306.14,305.72,305.72,2233.351562
1786690800,305.72,305.72,305.72,305.72,0
1786694400,305.57,306.54,305.43,306.24,22160.51624
1786698000,306.24,306.24,305.7,305.78,39999.586601
1786701600,305.78,305.95,305.3,305.43,71416.447086
1786705200,305.43,305.61,305.06,305.6,2574.795013
1786708800,305.6,305.97,305.6,305.8,8564.786561
1786712400,305.8,307.73,305.53,306.4,4908.83509
1786716000,306.4,306.4,304.84,305.44,44370.629003
1786719600,305.44,306.09,305.3,306.09,346.713094
1786723200,306.09,306.09,305.4,305.51,9550.129473
1786726800,305.51,306.04,305.31,306.04,74282.7975
1786730400,306.04,306.59,306.04,306.59,4615.565469
1786734000,306.59,306.59,305.86,306.13,6172.436187
1786737600,306.13,306.42,306.07,306.42,16314.15248
1786741200,306.42,306.42,306.14,306.14,988.097464
1786744800,306.14,306.26,305.73,306.26,8821.60656
1786748400,306.26,306.34,306.17,306.17,1999.416393
1786752000,306.17,306.29,306.14,306.18,1336.139175
1786755600,306.18,306.18,306.18,306.18,0
1786759200,305.9,305.9,305.9,305.9,3499.98544
1786762800,305.9,306.22,305.9,306.01,31851.426923
1786766400,306.01,306.27,305.81,305.81,4165.81896
1786770000,305.81,305.81,305.66,305.66,3362.26
1786773600,305.66,306.8,305.63,305.82,47693.417988
1786777200,305.82,306.17,305.82,305.98,3016.094526
1786780800,305.98,306.16,305.88,305.88,2371.548618
1786784400,305.88,306.08,305.88,305.9,3790.325929
1786788000,305.9,305.98,305.73,305.85,3503.565798
1786791600,305.85,306.13,305.82,306,73513.271347
1786795200,306,306,305.66,305.89,60572.317212
1786798800,305.89,305.9,305.63,305.88,424658.501671
1786802400,305.88,305.97,305.56,305.78,4227.227551
1786806000,305.78,306.26,305.78,305.93,935.197537
1786809600,305.93,306.09,305.89,305.89,6379.216967
1786813200,305.89,306.37,305.78,305.78,301520.957378
1786816800,305.78,306.27,305.78,306.27,3242.743816
1786820400,306.27,306.27,305.81,305.81,3058.1
1786824000,305.81,305.94,305.77,305.83,1043179.621261
1786827600,305.83,305.83,305.78,305.81,1070.3135
1786831200,305.81,306,305.77,305.83,2805.94268
1786834800,305.83,305.92,305.74,305.82,1558.07224
1786838400,305.82,305.9,305.67,305.68,2721.1014
1786842000,305.68,305.68,305.68,305.68,0
1786845600,305.72,305.75,305.49,305.65,5203.783648
1786849200,305.65,306.28,305.53,305.72,10216.837822000001
1786852800,305.72,305.74,305.44,305.6,2714.789263
1786856400,305.6,305.63,305.59,305.63,748.848463
1786860000,305.63,305.79,305.63,305.72,3816.753771
1786863600,305.72,305.79,305.4,305.68,10754.270373
1786867200,305.68,306.12,305.62,305.9,67985.224978
1786870800,305.9,306.1,305.79,305.94,5690.794121
1786874400,305.94,306.41,305.84,305.85,15254.372648
1786878000,305.85,305.99,305.82,305.88,10092.721713
1786881600,305.88,305.88,305.87,305.88,16345.690017
1786885200,305.88,305.98,305.87,305.93,41834.633835
1786888800,305.93,306.15,305.87,305.93,27714.598226
1786892400,305.93,306.25,305.91,306.12,11172.145836
1786896000,306.12,306.42,306.03,306.42,12562.09472
1786899600,306.42,306.42,306.02,306.02,11010.154342
1786903200,306.02,306.19,306.01,306.18,9054.400986999999
1786906800,306.18,306.24,305.96,306.04,10318.065744
1786910400,306.04,306.35,305.6,305.71,29849.473168
1786914000,305.71,305.81,305.6,305.78,27949.597749
1786917600,305.78,305.93,305.72,305.85,7975.061461
1786921200,305.85,306.72,305.81,306.53,5927.54977
1786924800,306.53,306.53,305.6,305.85,16161.943701
1786928400,305.85,306.03,305.65,305.72,15826.381277
1786932000,305.72,305.79,305.5,305.6,16837.989447
1786935600,305.6,305.87,305.44,305.84,6163.104299
1786939200,305.84,305.84,305.6,305.6,15440.410082
1786942800,305.6,307.51,305.6,307.42,13947.583245
1786946400,307.42,307.42,306.89,307.38,6698.642831
1786950000,307.38,307.67,307.26,307.67,4291.072028
1786953600,307.67,307.67,306.61,307.37,40814.953017
1786957200,307.37,307.63,307.25,307.31,34471.344847
1786960800,307.31,307.31,306.95,307.06,51972.430919
1786964400,307.06,307.68,306.9,307.44,126480.397123
1786968000,307.44,307.67,306.65,306.65,37093.137223
1786971600,306.65,307.59,304.38,305.44,100246.499329
1786975200,305.44,305.57,303.75,304.2,27914.726141
1786978800,304.2,304.69,303.42,303.5,22915.136912
1786982400,303.5,304.25,303.3,303.31,66653.367824
1786986000,303.31,304.77,303.31,304.77,49877.584212
1786989600,304.77,306.04,304.57,305.87,10443.55928
1786993200,305.87,306.33,305.54,305.87,18465.892032
1786996800,305.87,305.87,305.32,305.55,92073.492058
1787000400,305.55,305.55,305.32,305.32,11803.813873000001
1787004000,305.32,305.32,305.06,305.23,56835.199169
1787007600,305.23,305.49,305.09,305.4,13172.95061
1787011200,305.4,305.89,305.39,305.55,35620.003153
1787014800,305.55,306.05,305.41,305.84,7034.050452
1787018400,305.84,306.43,305.55,306.43,14395.680835
1787022000,306.43,306.43,305.83,305.99,13514.391409
1787025600,305.99,306.01,305.63,305.93,22319.008298
1787029200,305.93,305.97,305.58,305.59,23235.311318
1787032800,305.59,305.74,305.18,305.27,36231.872651
1787036400,305.27,305.56,305.2,305.54,8353.073182
1787040000,305.54,306.68,305.54,306.61,12572.072986
1787043600,306.61,308.42,306.61,308.13,34566.057373999996
1787047200,308.13,308.42,307.74,307.78,35509.469919
1787050800,307.78,308.07,307.01,307.43,29480.924599
1787054400,307.43,307.74,307.42,307.74,5790.820721
1787058000,307.74,307.74,306.14,307.22,49989.327568
1787061600,307.22,311.56,307.22,310.61,105988.493522
1787065200,310.61,311.05,309.42,309.76,38320.982473000004
1787068800,309.76,310.61,309.19,310.58,14508.063946
1787072400,310.58,310.88,310.06,310.15,27954.58571
1787076000,310.15,311.2,309.81,310.54,19449.432424
1787079600,310.54,310.9,309.48,310.38,61553.563103
1787083200,310.38,310.38,309.71,309.75,47327.873491
1787086800,309.75,310.07,309.71,309.95,47477.718774
1787090400,309.95,310.29,309.78,309.85,11929.76924
1787094000,309.85,310.51,309.84,310.5,5525.865808
1787097600,310.5,310.72,310,310.5,3293.501235
1787101200,310.5,310.61,309.97,310.21,6336.296688
1787104800,310.21,310.7,310.16,310.63,7063.66577
1787108400,310.63,310.83,310.59,310.59,8384.625504
1787112000,310.59,310.99,310.46,310.88,21935.162131
1787115600,310.88,311.13,310.83,310.9,65343.68136
1787119200,310.9,311.46,310.06,310.24,61695.902696
1787122800,310.24,310.43,309.84,309.97,32955.449647
1787126400,309.97,309.98,307.75,308.84,84095.054328
1787130000,308.84,309.78,308.67,309.69,122592.842512
1787133600,309.69,310.22,309.61,309.94,131682.50043000001
1787137200,309.94,310.82,309.56,310.55,74687.942496
1787140800,310.55,310.97,309.68,310.18,44792.759053
1787144400,310.18,316.33,309.92,316.33,45764.137949
1787148000,316.33,318.47,315.5,317.94,102083.106682
1787151600,317.94,319.28,316.01,316.16,219807.852578
1787155200,316.16,317.72,314.83,315.28,254912.148861
1787158800,315.28,315.9,314.64,315.35,17279.587709
1787162400,315.35,315.82,314.59,315.13,17467.924569
1787166000,315.13,316.86,314.98,316.55,55985.513183
1787169600,316.55,317.12,316.21,316.33,39282.893757
1787173200,316.33,316.63,316.19,316.42,37298.447164
1787176800,316.42,317,316.37,316.77,46782.820501
1787180400,316.77,317.66,316.77,317.03,31764.808612
1787184000,317.03,317.16,316.54,316.75,122052.519841
1787187600,316.75,317.24,316.63,316.73,114681.294439
1787191200,316.73,316.74,316.28,316.5,120392.447687
1787194800,316.5,316.78,316.02,316.05,85192.220493
1787198400,316.05,316.12,315.8,315.83,74055.592907
1787202000,315.83,316.03,315.68,315.99,74057.079545
1787205600,315.99,316.27,315.99,316.07,70911.931413
1787209200,316.07,316.13,315.42,315.85,79786.325927
1787212800,315.85,316.19,315.35,315.99,79587.22753
1787216400,315.99,316.32,315.78,316,93985.315854
1787220000,316,316.33,315.68,316.33,93127.453031
1787223600,316.33,317.15,316.07,316.74,115556.296689
1787227200,316.74,318.33,316.27,316.72,30741.303468000002
1787230800,316.72,320.17,316.01,317.06,81077.16804
1787234400,317.06,317.4,316.15,317.38,47752.579994
1787238000,317.38,317.73,315.98,316.91,50013.059701
1787241600,316.91,317.53,316.11,317.22,48773.851169
1787245200,317.22,317.59,316.32,316.36,59906.165634000005
1787248800,316.36,316.36,314.73,315.1,41826.264684
1787252400,315.1,315.1,310.64,311.11,82822.563044
1787256000,311.11,312.2,311.09,312.07,55362.895508
1787259600,312.07,312.29,311.85,312.21,26498.847018
1787263200,312.21,312.83,312.05,312.55,45148.635186
1787266800,312.55,312.71,312.15,312.15,49275.803189
1787270400,312.15,312.6,312.06,312.2,49192.460281
1787274000,312.2,312.5,311.64,311.79,52682.289937
1787277600,311.79,312.15,311.78,311.97,34743.952863
1787281200,311.97,312.22,311.89,312.12,34194.97248
1787284800,312.12,312.29,312.03,312.12,168852.019055
1787288400,312.12,312.2,311.92,312.05,61980.397487
1787292000,312.05,312.26,312.03,312.17,50738.299452
1787295600,312.17,312.24,311.25,311.5,56932.38931
1787299200,311.5,311.77,310.91,310.97,51467.462508
1787302800,310.97,312.09,310.97,311.71,6141.4350890000005
1787306400,311.71,312.06,311.71,311.95,3893.69121
1787310000,311.95,312.63,311.59,312.12,120692.693925
1787313600,312.12,312.5,312.03,312.44,1391.820798
1787317200,312.44,312.9,307.1,307.49,162276.193129
1787320800,307.49,309.62,307.19,309.56,25194.723592
1787324400,309.56,312.12,309.47,311.69,51483.830267
1787328000,311.69,311.93,310.57,311.13,77823.543739
1787331600,311.13,311.79,309.62,309.62,12514.485792
1787335200,309.62,309.79,308.53,308.88,6731.329548
1787338800,308.88,310.23,308.63,309.29,10520.726446
1787342400,309.29,309.91,309.29,309.4,76744.797627
1787346000,309.4,310.57,309.4,309.81,106235.131969
1787349600,309.81,309.98,309.8,309.95,32935.671554
1787353200,309.95,309.97,309.58,309.79,15969.859734
1787356800,309.79,310.25,309.79,310.25,26367.103156
1787360400,310.25,310.25,309.85,309.91,26496.285719
1787364000,309.91,310.13,309.84,309.99,51292.418183
1787367600,309.99,310.31,309.74,309.74,73025.04187
1787371200,309.74,309.74,309.27,309.37,63907.385619
1787374800,309.37,309.47,307.07,308.99,174095.112582
1787378400,308.99,309.18,308.63,309.07,97726.284941
1787382000,309.07,309.6,309.06,309.3,203442.803525
1787385600,309.3,309.36,308.96,309.22,166926.380086
1787389200,309.22,309.34,308.96,309.1,192523.492797
1787392800,309.1,309.49,308.5,308.58,168195.27236
1787396400,308.58,309.11,308.36,309.04,182820.145547
1787400000,309.04,309.67,309.04,309.6,176353.805111
1787403600,309.6,309.74,309.32,309.74,599676.358994
1787407200,309.74,309.82,309.39,309.53,283709.87991
1787410800,309.53,309.74,309.41,309.5,238574.855969
1787414400,309.5,309.61,309.37,309.45,190492.189469
1787418000,309.45,309.86,309.39,309.69,122161.238081
1787421600,309.69,310.07,309.68,310.01,135789.220126
1787425200,310.01,310.07,309.57,309.71,76591.522861
1787428800,309.71,309.71,309.13,309.23,192800.212948
1787432400,309.23,309.48,309.01,309.18,113508.49255
1787436000,309.18,309.6,309.01,309.58,142438.053059
1787439600,309.58,309.68,309.37,309.41,102022.918323
1787443200,309.41,309.87,309.41,309.65,96078.859513
1787446800,309.65,310.3,309.56,309.73,121884.40286
1787450400,309.73,310.1,309.64,309.84,88150.622072
1787454000,309.84,309.98,308.53,308.87,118246.413739
1787457600,308.87,309.17,308.84,308.99,232473.324775
1787461200,308.99,309.38,308.99,309.17,135957.162805
1787464800,309.17,309.17,309.01,309.08,141691.729847
1787468400,309.08,309.54,309.08,309.42,38216.349138
1787472000,309.42,309.75,309.39,309.75,78006.625149
1787475600,309.75,310.24,309.71,310.24,43453.29808
1787479200,310.24,310.56,310.24,310.41,81386.56381
1787482800,310.41,310.43,310.2,310.43,94702.164558
1787486400,310.43,310.58,310.25,310.55,13495.207932
1787490000,310.55,310.74,310.31,310.55,42639.366598
1787493600,310.55,310.79,309.77,310.45,83878.541365
1787497200,310.45,310.62,310.09,310.57,148323.274959
1787500800,310.57,310.58,310.19,310.29,56816.332445
1787504400,310.29,310.29,309.85,310.24,62309.479881
1787508000,310.24,310.67,310.17,310.45,28927.626958
1787511600,310.45,310.56,309.95,310.26,34911.430386
1787515200,310.26,310.26,309.86,309.92,100118.667192
1787518800,309.92,310.87,309.84,310.77,67984.259899
1787522400,310.77,310.79,309.23,310.24,62636.580838
1787526000,310.24,310.61,310.05,310.48,28279.884905
1787529600,310.48,310.57,309.55,310.19,80519.87089600001
1787533200,310.19,310.41,309.74,309.74,23215.991879
1787536800,309.74,310.21,309.67,310.05,17709.484375
1787540400,310.05,310.38,309.87,310.38,6760.380608
1787544000,310.38,310.38,309.87,309.89,38024.29682
1787547600,309.89,310.21,309.83,310.13,67868.403934
1787551200,310.13,310.2,309.48,309.77,22844.028263
1787554800,309.77,310.03,309.34,309.47,25729.110397
1787558400,309.47,310.71,309.36,310.52,17143.320082
1787562000,310.52,310.99,310.4,310.8,43886.661399
1787565600,310.8,310.96,310.53,310.53,10864.844552
1787569200,310.53,310.85,310.21,310.6,20134.065743
1787572800,310.6,311.35,310.57,311.24,42652.347449
1787576400,311.24,312.22,310.54,311.99,116970.436897
1787580000,311.99,313.55,311.99,313.12,88449.355983
1787583600,313.12,313.39,311.84,312.03,171991.108508
1787587200,312.03,313.39,311.6,313.08,19109.483328
1787590800,313.08,313.11,311.99,312.07,31970.523573
1787594400,312.07,312.3,311.06,311.97,105865.86889200001
1787598000,311.97,311.97,310.45,310.45,20143.284274999998
1787601600,310.45,311.12,310.45,311.07,4033.773131
1787605200,311.07,311.46,311.06,311.16,41109.909609999995
1787608800,311.16,311.35,311.16,311.17,436.706504
1787612400,311.17,311.19,310.9,310.91,41552.360803
1787616000,310.91,311.27,310.57,310.57,48088.87397
1787619600,310.57,311.34,310.57,311.34,6493.749791
1787623200,311.34,311.35,311.01,311.08,7513.025597
1787626800,311.08,311.31,308.09,309.29,208646.826978
1787630400,309.29,309.36,308.28,309.02,17359.236003
1787634000,309.02,309.31,308.81,309.31,6602.504984
1787637600,309.31,309.73,309.11,309.41,24822.05785
1787641200,309.41,309.66,309.18,309.36,18789.791246
1787644800,309.36,310.21,309.31,310.12,147970.03649199998
1787648400,310.12,310.14,309.75,310.12,25755.183664
1787652000,310.12,310.48,309.11,309.42,12712.043789
1787655600,309.42,310.47,309.42,310.46,23624.546546999998
1787659200,310.46,310.46,309.75,309.9,53342.213095
1787662800,309.9,313.48,309.9,310.62,95253.307305
1787666400,310.62,310.9,309.29,309.44,258365.00178
1787670000,309.44,309.91,308.56,309.61,118272.839376
1787673600,309.61,310.2,309.49,310.1,50247.251499
1787677200,310.1,310.1,309.61,309.72,151850.144757
1787680800,309.72,309.85,308.66,308.82,95930.330577
1787684400,308.82,310.43,308.58,310.34,94706.619768
1787688000,310.34,310.34,309.42,309.57,35220.960126000005
1787691600,309.57,309.79,309.42,309.78,44948.791928
1787695200,309.78,310,309.75,309.97,7615.877016
1787698800,309.97,310.04,309.46,309.49,23963.773588
1787702400,309.49,309.61,308.86,308.86,12290.484715
1787706000,308.86,309.29,308.64,309.28,27946.794865
1787709600,309.28,309.41,309.07,309.34,7763.317308
1787713200,309.34,309.55,309.18,309.47,4958.915977
1787716800,309.47,309.62,309.16,309.19,16633.685437
1787720400,309.19,309.5,309.12,309.44,27366.335078
1787724000,309.44,309.66,309.26,309.56,76337.025963
1787727600,309.56,309.66,309.4,309.5,31351.615124
1787731200,309.5,309.92,309.42,309.71,32275.505524
1787734800,309.71,309.76,309.52,309.74,68177.849764
1787738400,309.74,309.76,309.55,309.61,5410.662171
1787742000,309.61,310.07,309.48,310.06,8857.606232
1787745600,310.06,310.98,310.01,310.63,66214.96721399999
1787749200,310.63,312.68,309.1,312.42,159349.408467
1787752800,312.42,313.44,311.78,312.84,227499.32717499998
1787756400,312.84,313.66,312.36,313.02,46963.195944
1787760000,313.02,313.82,312.45,313.11,50212.520615
1787763600,313.11,313.38,312.74,313.09,8571.733952
1787767200,313.09,315.12,312.95,314.72,51066.01079
1787770800,314.72,315.42,313.59,313.66,171297.254841
1787774400,313.66,314.12,313.24,313.52,37295.430532
1787778000,313.52,313.65,311.34,311.34,55942.502158
1787781600,311.34,312.22,311.19,312.07,90056.221985
1787785200,312.07,312.13,311.85,311.96,2824.310136
1787788800,311.96,312.26,311.12,311.24,18828.734157
1787792400,311.24,311.24,310.62,310.76,11835.230764
1787796000,310.76,311.3,310.69,311.3,1268.958887
1787799600,311.3,311.31,311.03,311.13,8810.403688
1787803200,311.13,311.44,311.13,311.16,130307.864179
1787806800,311.16,311.16,310.59,310.7,47975.458896
1787810400,310.7,310.93,310.36,310.73,17382.612196
1787814000,310.73,310.93,310.73,310.86,4871.053586
1787817600,310.86,311.14,310.72,310.77,169987.01779
1787821200,310.77,310.77,310.09,310.38,45102.028154
1787824800,310.38,310.41,310.24,310.33,6838.267018
1787828400,310.33,310.84,310.33,310.84,9662.551623
1787832000,310.84,310.92,310.13,310.6,93884.60270799999
1787835600,310.6,312.23,309.73,311.74,459943.61665
1787839200,311.74,313.83,309.91,313.6,258778.991712
1787842800,313.6,315.22,313.59,314.9,267117.728844
1787846400,314.9,315.4,314.34,315.16,144836.09419
1787850000,315.16,315.44,314.66,314.99,22810.406447999998
1787853600,314.99,315.03,313.85,314.03,53892.134621
1787857200,314.03,315.01,313.6,315.01,127705.147744
1787860800,315.01,315.01,313.97,314.04,16877.411814
1787864400,314.04,314.51,314.04,314.46,20078.486136
1787868000,314.46,314.74,314.4,314.66,45250.600381
1787871600,314.66,314.97,314.62,314.96,11602.798333
1787875200,314.96,315.35,314.62,314.86,32870.281308
1787878800,314.86,315.29,314.78,315.28,8903.510277
1787882400,315.28,315.4,314.97,315.17,4043.282231
1787886000,315.17,315.59,314.75,315.31,96157.01218800001
1787889600,315.31,315.35,315.13,315.27,6408.186513
1787893200,315.27,315.63,315.12,315.58,9394.523215
1787896800,315.58,316.01,315.34,315.91,6845.468839
1787900400,315.91,316.05,315.56,315.68,12522.826597
1787904000,315.68,316.09,315.25,315.77,257729.363557
1787907600,315.77,315.94,315.24,315.4,6957.646241
1787911200,315.4,315.59,315.34,315.34,6008.626677
1787914800,315.34,316.63,315.31,316.59,53340.770478
1787918400,316.59,316.82,316.27,316.27,45054.046827
1787922000,316.27,318.14,315.58,316.8,96096.160035
1787925600,316.8,320.71,316.23,320.53,298797.228995
1787929200,320.53,322.4,320.14,321.38,213865.096226
1787932800,321.38,321.72,320.65,321.01,108006.123551
1787936400,321.01,321.01,319.48,319.57,231950.332159
1787940000,319.57,320.16,319.2,319.68,70991.873401
1787943600,319.68,320.25,319.4,319.93,36691.730951
1787947200,319.93,320.21,319.89,320.18,5069.934029
1787950800,320.18,320.26,319.92,320.1,11490.024715
1787954400,320.1,320.28,319.94,320.2,53773.578266000004
1787958000,320.2,320.36,320.07,320.21,8419.238946
1787961600,320.21,320.38,320.08,320.38,1329.171898
1787965200,320.38,320.38,320,320,55.428104
1787968800,320,322,319.93,321.26,42778.798078
1787972400,321.26,321.41,321.2,321.24,2879.725901
1787976000,321.24,321.28,321.22,321.22,162.11579400000002
1787979600,321.22,321.44,321.04,321.44,25069.244348999997
1787983200,321.44,321.44,320.85,320.96,1687.141046
1787986800,320.96,321.7,320.96,321.51,4549.859863
1787990400,321.51,321.51,321.15,321.3,9126.897781999998
1787994000,321.3,322.07,321.02,321.23,480091.555323
1787997600,321.23,321.47,321.04,321.24,68022.598337
1788001200,321.24,321.27,321.03,321.11,9011.568144
1788004800,321.11,321.19,320.75,320.86,7682.444024
1788008400,320.86,321.24,319.89,320.51,81625.297189
1788012000,320.51,320.83,320.29,320.68,65921.348471
1788015600,320.68,320.72,320.44,320.44,63849.146248
1788019200,320.44,321.02,320.44,320.96,39654.858669
1788022800,320.96,320.99,320.63,320.98,14482.123932
1788026400,320.98,320.98,320.44,320.58,16115.84946
1788030000,320.58,320.77,320.24,320.41,117250.40635800001
1788033600,320.41,320.66,320.36,320.61,3550.538969
1788037200,320.61,320.74,320.26,320.68,6064.855443
1788040800,320.68,320.69,320.6,320.68,892.776838
1788044400,320.68,320.68,320.33,320.39,4370.955287
1788048000,320.39,320.41,320.15,320.26,33211.358787
1788051600,320.26,320.77,320.26,320.77,2604.13481
1788055200,320.77,320.87,320.7,320.7,3010.536004
1788058800,320.7,320.7,320.21,320.29,5023.486483
1788062400,320.29,320.51,320.28,320.51,7240.356592
1788066000,320.51,320.69,320.45,320.59,8900.909941
1788069600,320.59,320.66,320.45,320.5,5226.689904
1788073200,320.5,320.76,320.5,320.7,5125.301882
1788076800,320.7,320.94,320.7,320.87,55257.492615
1788080400,320.87,321.08,320.87,320.99,76777.635393
1788084000,320.99,321.1,320.92,321.04,6748.838974
1788087600,321.04,321.42,321.04,321.42,89309.562013
1788091200,321.42,321.91,321.36,321.41,41863.123565
1788094800,321.41,321.41,320.77,320.87,19657.933625
1788098400,320.87,321.27,320.87,321.26,13191.225348999998
1788102000,321.26,321.42,321.11,321.11,27643.02933
1788105600,321.11,321.65,321.11,321.6,912.953232
1788109200,321.6,321.6,321.16,321.41,58644.415152
1788112800,321.41,321.48,321.23,321.25,9096.372849
1788116400,321.25,321.5,321.2,321.5,57061.640478
1788120000,321.5,321.52,321.06,321.06,15754.564143
1788123600,321.06,321.39,320.97,321.39,59801.076453
1788127200,321.39,321.39,319.56,319.87,91105.106056
1788130800,319.87,320.04,318.53,318.81,67934.76848
1788134400,318.81,319.63,318.8,319.23,82061.55426
1788138000,319.23,319.56,319.17,319.31,32078.059095
1788141600,319.31,319.42,318.94,319.19,17055.621959
1788145200,319.19,319.49,319.05,319.45,24646.125929
1788148800,319.45,319.74,319.38,319.74,63300.232426
1788152400,319.74,320.14,319.6,319.72,28715.961933
1788156000,319.72,319.83,319.24,319.24,4258.489933
1788159600,319.24,319.35,318.87,319.24,26434.05468
1788163200,319.24,319.72,318.8,319.54,20710.261654
1788166800,319.54,320,319.35,319.71,88620.951407
1788170400,319.71,319.87,319.52,319.64,90657.872118
1788174000,319.64,319.7,318.85,318.97,98986.500375
1788177600,318.97,319.26,318.63,319.25,36586.846722
1788181200,319.25,321,316.98,317.58,307157.668936
1788184800,317.58,317.58,314.59,315.62,116251.852182
1788188400,315.62,316.02,314.83,314.98,31683.4653
1788192000,314.98,315.07,313.27,313.99,212775.922922
1788195600,313.99,315.28,313.58,315.05,68805.98449
1788199200,315.05,316.1,314.96,315.48,18719.511599
1788202800,315.48,317.95,315.48,316.84,91424.278422
1788206400,316.84,317.18,316.62,316.95,22210.847105
1788210000,316.95,317.22,316.95,317.21,13934.857304
1788213600,317.21,317.24,316.97,317.01,5172.151345
1788217200,317.01,317.22,316.87,317.19,18471.400433
1788220800,317.19,317.55,316.95,316.95,30634.265178
1788224400,316.95,317.09,316.76,316.85,9018.095972
1788228000,316.85,317.08,316.83,316.97,37949.023185000005
1788231600,316.97,317.15,316.92,317.09,19631.747993
1788235200,317.09,317.09,316.66,316.75,11322.962519
1788238800,316.75,317.09,316.43,316.88,26467.279858
1788242400,316.88,316.88,316.51,316.75,6399.401469
1788246000,316.75,316.82,316.15,316.24,21290.817801
1788249600,316.24,316.63,315.65,315.81,54677.98498
1788253200,315.81,316.36,315.75,315.81,14396.299818
1788256800,315.81,316.15,315.65,316.15,16367.263716
1788260400,316.15,317.12,316.1,316.82,75160.923348
1788264000,316.82,317.7,316.66,316.75,20686.054632
1788267600,316.75,322.4,315.1,322.4,188107.26135000002
1788271200,322.4,325.88,321.72,324.76,165018.261243
1788274800,324.76,327.31,322.87,326.45,99555.661266
1788278400,326.45,327.16,325.47,325.63,41380.479586
1788282000,325.63,325.97,324.55,325.26,28354.87465
1788285600,325.26,325.91,324.44,325.78,51136.858373999996
1788289200,325.78,325.93,324.37,325.12,53352.32937
1788292800,325.12,325.38,324.93,325.09,16819.40365
1788296400,325.09,325.73,324.74,324.8,151761.897712
1788300000,324.8,325.14,324.8,325.11,14250.562033
1788303600,325.11,325.23,324.87,325.14,6745.618465
1788307200,325.14,325.28,324.52,324.99,17401.659941
1788310800,324.99,324.99,324.51,324.75,12138.969341
1788314400,324.75,324.9,324.58,324.9,2342.181923
1788318000,324.9,325.07,324.81,324.87,3056.718831
1788321600,324.87,324.87,324.56,324.71,24676.96349
1788325200,324.71,324.97,324.54,324.64,73648.762319
1788328800,324.64,324.82,324.27,324.79,12907.294383
1788332400,324.79,325.33,324.79,324.94,5445.560083
1788336000,324.94,325.48,324.65,324.69,14314.357248
1788339600,324.69,324.95,324.55,324.8,126678.556716
1788343200,324.8,325.24,324.65,325.23,15950.551174
1788346800,325.23,326.67,325.23,326.67,102804.090203
1788350400,326.67,326.98,326.08,326.86,88443.006483
1788354000,326.86,328.29,324.31,325.34,167448.34609500002
1788357600,325.34,325.34,323.74,324.72,28186.702286
1788361200,324.72,327,324.15,324.93,192286.607189
1788364800,324.93,326.37,324.34,326.25,37774.18765
1788368400,326.25,326.48,324.95,326.1,27199.320237
1788372000,326.1,326.52,325.07,325.2,51605.776784
1788375600,325.2,325.93,324.88,324.94,67822.369659
1788379200,324.94,325.25,324.94,325.17,6593.949898
1788382800,325.17,325.26,324.19,324.88,63936.554397
1788386400,324.88,324.9,324.6,324.81,3719.111115
1788390000,324.81,325.02,324.7,324.98,8238.692116
1788393600,324.98,324.99,324.67,324.82,5477.122181
1788397200,324.82,324.9,324.49,324.49,3740.3386610000002
1788400800,324.49,324.78,324.49,324.68,2400.318092
1788404400,324.68,325.16,324.68,324.97,2406.083755
1788408000,324.97,325.14,324.87,325.14,68826.317079
1788411600,325.14,325.14,324.3,324.65,26284.851423
1788415200,324.65,324.79,324.6,324.6,21241.412013
1788418800,324.6,325.52,324.6,325.51,19632.004531
1788422400,325.51,325.76,325.19,325.21,42158.000449
1788426000,325.21,325.39,324.89,324.89,50766.243179
1788429600,324.89,325.05,324.37,324.37,41642.628365
1788433200,324.37,324.57,323.96,323.96,549982.690651
1788436800,323.96,324.94,323.56,324.81,96029.829645
1788440400,324.81,327.44,323.98,326.72,195855.686688
1788444000,326.72,330.77,326.07,328.15,73530.988585
1788447600,328.15,330.86,328.15,329.64,38149.740834
1788451200,329.64,330.4,329.06,329.06,100769.297481
1788454800,329.06,329.06,326.97,327.38,23851.856686
1788458400,327.38,327.78,326.83,327.21,12820.299526
1788462000,327.21,328.78,327.21,328.16,116901.788931
1788465600,328.16,328.26,328.03,328.12,13539.776009
1788469200,328.12,328.27,328.03,328.19,106292.067093
1788472800,328.19,328.26,328.04,328.04,84449.012066
1788476400,328.04,328.09,327.94,327.94,12542.812363
1788480000,327.94,328.44,327.87,328.22,20527.037937
1788483600,328.22,328.54,328.22,328.26,2108.409648
1788487200,328.26,328.49,328.18,328.25,2956.900269
1788490800,328.25,328.69,328.25,328.45,9073.938811
1788494400,328.45,328.45,328.21,328.27,67971.941179
1788498000,328.27,328.37,328.15,328.18,5002.930098
1788501600,328.18,328.34,327.07,327.12,10794.108429
1788505200,327.12,327.39,327.11,327.29,39412.423418
1788508800,327.29,327.68,327.04,327.4,60317.960655
1788512400,327.4,327.55,326.12,326.24,151395.55283
1788516000,326.24,326.82,325.86,326.57,41449.177836
1788519600,326.57,327.65,326.53,327.65,15367.559137
1788523200,327.65,328.27,325.95,327.87,44599.653811000004
1788526800,327.87,328.85,323.08,323.81,162666.65326
1788530400,323.81,323.81,318.49,318.49,139658.119796
1788534000,318.49,321.33,318.06,321.07,121532.059172
1788537600,321.07,321.43,320.58,321.15,226838.792754
1788541200,321.15,321.91,320.82,321.08,47668.868395
1788544800,321.08,321.96,320.96,321.74,70214.035092
1788548400,321.74,322.23,319.83,319.94,160722.045228
1788552000,319.94,320.25,319.86,319.98,166645.27266
1788555600,319.98,320.55,319.98,320.13,107021.41647000001
1788559200,320.13,320.47,320.11,320.36,22472.642176999998
1788562800,320.36,320.79,320.26,320.34,77510.381328
1788566400,320.34,320.84,320.22,320.81,71608.112807
1788570000,320.81,320.86,320.67,320.67,46559.184518
1788573600,320.67,320.79,320.48,320.48,7723.544623
1788577200,320.48,320.57,320.37,320.42,11359.099537
1788580800,320.42,320.75,320.42,320.71,6379.586839
1788584400,320.71,320.76,320.62,320.63,11767.522583
1788588000,320.63,320.79,320.58,320.66,2521.824748
1788591600,320.66,321.04,320.66,320.98,6193.950259
1788595200,320.98,321.09,320.83,320.94,8104.893806
1788598800,320.94,321.33,320.94,320.94,23063.707882
1788602400,320.94,321.19,320.86,321.19,6963.503578
1788606000,321.19,321.47,321.09,321.18,95035.87461099999
1788609600,321.18,321.41,321.02,321.18,19234.549854
1788613200,321.18,321.31,320.99,321.16,19413.996981
1788616800,321.16,321.35,321.16,321.24,4292.820127
1788620400,321.24,321.45,321.21,321.39,18378.321748
1788624000,321.39,321.48,321.31,321.42,37535.125455
1788627600,321.42,321.79,321.38,321.55,30208.77481
1788631200,321.55,321.82,321.52,321.62,304863.02122
1788634800,321.62,321.8,321.56,321.69,7379.609581
1788638400,321.69,321.69,321.55,321.64,10793.983152
1788642000,321.64,321.87,321.57,321.75,12900.589844
1788645600,321.75,321.88,321.75,321.77,2401.109959
1788649200,321.77,321.91,321.65,321.7,28057.305311
1788652800,321.7,321.8,321.56,321.7,48076.759662
1788656400,321.7,321.77,321.58,321.63,54047.260489
1788660000,321.63,321.74,321.59,321.7,34451.807225
1788663600,321.7,321.87,321.65,321.8,27906.669085
1788667200,321.8,321.96,321.63,321.88,26520.714493
1788670800,321.88,322.02,321.74,321.74,298857.783278
1788674400,321.74,321.9,321.62,321.77,29358.366721
1788678000,321.77,321.87,321.59,321.67,36289.004755
1788681600,321.67,321.76,321.53,321.71,142183.457506
1788685200,321.71,321.76,321.66,321.69,9069.293254
1788688800,321.69,321.89,321.64,321.81,32150.299597999998
1788692400,321.81,321.88,321.72,321.73,102334.848284
1788696000,321.73,321.87,321.7,321.79,43399.0715
1788699600,321.79,321.81,321.57,321.7,35801.59554
1788703200,321.7,321.7,321.39,321.49,37593.287912
1788706800,321.49,321.73,321.44,321.64,46382.488746999996
1788710400,321.64,321.9,321.54,321.71,31920.010583000003
1788714000,321.71,321.8,321.57,321.72,8954.795112
1788717600,321.72,321.85,321.64,321.7,34191.282534
1788721200,321.7,321.77,321.6,321.73,3188.121193
1788724800,321.73,321.81,321.65,321.74,58052.88881
1788728400,321.74,321.85,321.57,321.73,90608.40747
1788732000,321.73,321.73,320.95,321.25,21750.429407
1788735600,321.25,321.34,320.51,320.66,16617.417481
1788739200,320.66,320.66,320.25,320.48,11035.652653
1788742800,320.48,320.61,320.37,320.5,10723.079608
1788746400,320.5,320.77,320.37,320.64,4765.335684
1788750000,320.64,320.79,320.49,320.66,11872.558561
1788753600,320.66,320.77,320.13,320.2,83024.73643399999
1788757200,320.2,320.33,319.56,320.15,357736.458325
1788760800,320.15,321.05,320.15,320.96,382203.76107
1788764400,320.96,321.23,320.78,321.07,63414.686866
1788768000,321.07,321.37,321.07,321.2,34603.539553999995
1788771600,321.2,321.42,320.66,320.8,142760.680946
1788775200,320.8,321.56,320.58,320.67,184124.930804
1788778800,320.67,320.68,320.09,320.18,290374.725066
1788782400,320.18,320.26,319.81,320.07,14557.559206
1788786000,320.07,320.36,319.9,320.12,29470.169309
1788789600,320.12,320.51,319.83,320.26,15284.891909
1788793200,320.26,320.27,319.5,319.75,257630.53635500002
1788796800,319.75,320.33,319.75,320.26,44690.805811
1788800400,320.26,320.4,320.23,320.37,339080.223204
1788804000,320.37,320.73,320.33,320.73,219561.740308
1788807600,320.73,320.98,320.67,320.86,106118.263945
1788811200,320.86,320.9,320.27,320.27,5691.072892
1788814800,320.27,320.7,320.27,320.55,16394.585198999997
1788818400,320.55,320.57,319.64,319.68,8607.452168
1788822000,319.68,320.2,319.5,320.2,24865.86502
1788825600,320.2,320.2,318.34,318.68,115533.178831
1788829200,318.68,319.29,318.64,318.87,44123.117228999996
1788832800,318.87,319.06,318.46,318.49,46023.624204
1788836400,318.49,319.5,318.38,319.48,78424.89506
1788840000,319.48,319.75,319.3,319.41,50822.617863
1788843600,319.41,319.68,318.72,318.72,89571.50377499999
1788847200,318.72,319.24,318.72,319.24,27092.673566999998
1788850800,319.24,319.46,318.54,318.71,25765.8934
1788854400,318.71,319.03,318.54,318.75,23456.497746
1788858000,318.75,319.02,318.62,318.85,149269.765626
1788861600,318.85,319.12,318.65,318.71,83341.882666
1788865200,318.71,318.98,318.3,318.52,149726.24711199998
1788868800,318.52,318.87,317.92,317.92,173952.29012700001
1788872400,317.92,320.45,315.9,317.31,249770.524988
1788876000,317.31,317.53,315.55,315.91,346108.792825
1788879600,315.91,316.98,315.91,316.32,155489.078333
1788883200,316.32,316.46,315.7,316.14,119126.56303
1788886800,316.14,316.73,316.07,316.25,35392.070504
1788890400,316.25,316.93,315.26,315.84,40469.278064
1788894000,315.84,316.85,315.6,316.19,58778.568386
1788897600,316.19,316.67,316.12,316.64,31153.487842
1788901200,316.64,316.69,316.41,316.57,14557.904877
1788904800,316.57,316.65,316.36,316.52,9206.133694
1788908400,316.52,316.65,316.47,316.52,5716.609593
1788912000,316.52,317.14,316.43,317.13,13078.017714
1788915600,317.13,317.78,317.07,317.54,41185.622093
1788919200,317.54,317.76,317.22,317.39,36650.799576
1788922800,317.39,317.68,317.37,317.68,5520.3855650000005
1788926400,317.68,317.84,317.6,317.84,19725.192324
1788930000,317.84,318.25,317.64,318.08,69466.60807
1788933600,318.08,318.29,317.38,317.41,68808.359344
1788937200,317.41,317.57,317.05,317.23,96979.339783
1788940800,317.23,317.41,316.36,316.36,137138.705073
1788944400,316.36,316.54,315.85,315.95,162379.067128
1788948000,315.95,316.67,315.6,315.61,61900.810773
1788951600,315.61,315.87,315.3,315.4,30244.094388
1788955200,315.4,315.63,315,315.43,33448.591049999995
1788958800,315.43,318.08,315.18,317.99,134941.709547
1788962400,317.99,318.17,313.15,313.58,210900.160727
1788966000,313.58,313.85,312.28,313.53,214812.045029
1788969600,313.53,314.55,313.21,314.23,240134.89938
1788973200,314.23,315.22,311.27,313.53,265464.547115
1788976800,313.53,318.98,310.34,316.79,554147.031731
1788980400,316.79,317.05,315.04,315.58,133640.404065
1788984000,315.58,316.21,315.43,316.11,19372.880321
1788987600,316.11,317.49,315.92,317.37,41337.992911
1788991200,317.37,317.76,316.89,317.73,67429.356762
1788994800,317.73,318.24,317.25,318,25674.519552
1788998400,318,318.3,316.82,317.41,15218.310693
1789002000,317.41,317.42,316.8,317.19,31652.819892
1789005600,317.19,317.25,316.75,317.17,12892.481094
1789009200,317.17,317.58,317.08,317.57,2666.506033
1789012800,317.57,317.74,317.38,317.38,16474.816601
1789016400,317.38,317.61,316.96,317.59,65545.219814
1789020000,317.59,317.59,317.01,317.21,327067.198285
1789023600,317.21,317.48,317.04,317.48,12286.857964
1789027200,317.48,319.64,317.33,319.64,57958.607263
1789030800,319.64,319.64,318.5,319.17,93464.587579
1789034400,319.17,320.03,319.02,319.3,178997.028173
1789038000,319.3,319.54,317.31,317.89,51729.623142
1789041600,317.89,318.44,316.39,316.69,138131.666374
1789045200,316.69,322.94,316.25,319.06,362481.169522
1789048800,319.06,323.18,318.38,323.18,178391.617906
1789052400,323.18,324.31,319.36,319.83,423157.84205
1789056000,319.83,324.74,319.37,323.36,92641.995506
1789059600,323.36,325.6,322.95,325.07,59406.070819
1789063200,325.07,325.48,323.53,325.44,59921.512593
1789066800,325.44,326.65,324.93,326.65,35541.334141
1789070400,326.65,326.78,326.04,326.06,32401.85059
1789074000,326.06,326.41,325.98,326.24,42033.089157
1789077600,326.24,326.54,326,326.05,35926.463807
1789081200,326.05,326.15,325.68,325.8,33349.348214
1789084800,325.8,326.1,325.49,326.02,8024.434066
1789088400,326.02,326.02,325.54,325.67,607.918082
1789092000,325.67,325.77,325.47,325.58,2053.255774
1789095600,325.58,325.83,325.34,325.64,2682.885859
1789099200,325.64,326.44,325.6,325.96,24862.387831
1789102800,325.96,326.25,325.85,326.22,8304.656014
1789106400,326.22,326.27,325.73,326.24,14023.945366
1789110000,326.24,326.67,326.15,326.67,6728.663397
1789113600,326.67,326.67,325.27,325.93,42273.566483
1789117200,325.93,326.15,325.52,325.89,84477.901672
1789120800,325.89,326.27,325.81,326.15,126575.401087
1789124400,326.15,326.83,326.13,326.73,34902.604938
1789128000,326.73,326.82,324.93,326.27,138416.061112
1789131600,326.27,334.21,325.97,332.32,692210.601973
1789135200,332.32,335.37,331.72,335.01,115425.676312
1789138800,335.01,336.03,333.68,334.04,97886.462616
1789142400,334.04,334.86,333.71,334.7,103057.531809
1789146000,334.7,334.77,332.8,333.42,37710.160562
1789149600,333.42,333.79,332.53,332.53,30802.540658
1789153200,332.53,333.07,332.34,332.34,96256.09248400001
1789156800,332.34,332.92,332.33,332.84,33012.654438
1789160400,332.84,332.87,332.56,332.61,60179.109834
1789164000,332.61,332.84,332.6,332.8,4694.950416
1789167600,332.8,332.8,332.57,332.7,2921.644479
1789171200,332.7,332.7,332.46,332.53,16657.323659
1789174800,332.53,332.99,332.53,332.97,5588.77342
1789178400,332.97,333.02,332.72,332.92,7124.478784
1789182000,332.92,333.11,332.76,333.01,16224.868203
1789185600,333.01,333.15,332.9,333.1,15793.169232
1789189200,333.1,333.28,332.95,333.12,41300.148119
1789192800,333.12,333.15,332.93,333.09,67847.130542
1789196400,333.09,333.46,333,333.25,92967.754798
1789200000,333.25,333.46,333.07,333.32,3608.556656
1789203600,333.32,333.39,333.13,333.2,82066.565202
1789207200,333.2,333.27,333.08,333.16,50809.153123000004
1789210800,333.16,333.18,333.07,333.15,8580.375829
1789214400,333.15,333.33,333.07,333.22,22050.469322
1789218000,333.22,333.45,333.16,333.43,93242.363794
1789221600,333.43,333.43,333.21,333.37,40545.626911
1789225200,333.37,333.56,333.32,333.5,50145.330151
1789228800,333.5,333.71,333.37,333.45,28528.644648999998
1789232400,333.45,333.63,333.45,333.57,21519.131101
1789236000,333.57,333.6,333.43,333.5,12871.27451
1789239600,333.5,333.51,333.32,333.4,37085.048969
1789243200,333.4,333.41,333.17,333.3,9766.217168
1789246800,333.3,333.48,333.28,333.48,27628.163368
1789250400,333.48,333.6,333.12,333.26,11686.164068
1789254000,333.26,333.41,333.13,333.19,5048.448928
1789257600,333.19,333.51,333.17,333.31,8890.379956
1789261200,333.31,333.59,333.2,333.56,32330.170691
1789264800,333.56,333.71,333.3,333.4,73692.315486
1789268400,333.4,333.53,333.32,333.39,17679.203717
1789272000,333.39,333.43,333.26,333.36,69076.342237
1789275600,333.36,333.37,333.22,333.29,34073.675512
1789279200,333.29,333.31,332.9,333.07,65118.276842
1789282800,333.07,333.07,332.83,332.87,23239.083337
1789286400,332.87,333.02,332.41,332.49,60872.187728
1789290000,332.49,332.54,331.62,332.01,129571.681813
1789293600,332.01,332.03,330.14,330.97,83829.417986
1789297200,330.97,331.31,330.67,331.21,62969.385106
1789300800,331.21,331.54,330.64,331.54,265146.41933299997
1789304400,331.54,331.56,330.84,331.32,43560.285682
1789308000,331.32,331.64,331.03,331.52,51222.728757
1789311600,331.52,331.52,330.89,331.09,86215.088505
1789315200,331.09,331.27,330.92,331.23,52151.431034
1789318800,331.23,331.35,330.97,331.08,20129.418577
1789322400,331.08,331.25,330.9,330.92,40114.581407
1789326000,330.92,331.01,330.83,330.93,6474.043213
1789329600,330.93,330.94,330.73,330.91,69403.71445
1789333200,330.91,331.06,330.74,331.03,40825.036684
1789336800,331.03,331.69,330.29,331.04,295287.2196
1789340400,331.04,331.06,330.64,331.03,34800.579547
1789344000,331.03,332.1,329.94,329.99,168601.736207
1789347600,329.99,331.1,329.94,330.82,55098.936508
1789351200,330.82,330.82,328.91,329.01,52437.374089
1789354800,329.01,329.39,328.53,328.86,54833.828904
1789358400,328.86,329.76,328.83,329.67,11592.23056
1789362000,329.67,329.96,329.45,329.68,92185.394296
1789365600,329.68,330.02,329.49,329.81,21441.276689
1789369200,329.81,330.16,329.24,330.07,46462.439705
1789372800,330.07,332.1,330.03,330.9,118446.847942
1789376400,330.9,331.48,330.21,331.24,63717.016173
1789380000,331.24,332.96,331.22,332.53,92160.284959
1789383600,332.53,334.32,332.53,333.47,138677.849137
1789387200,333.47,333.68,331.87,333.63,165415.678354
1789390800,333.63,335.15,331.52,333.97,573584.369716
1789394400,333.97,334.52,332.12,332.73,145020.195596
1789398000,332.73,335.43,332.32,334.99,358870.32488000003
1789401600,334.99,335.27,334.2,334.83,128488.992746
1789405200,334.83,335.05,333.85,334.03,231853.88793
1789408800,334.03,334.74,333.67,334.18,160753.451098
1789412400,334.18,335.29,333.23,333.3,122275.67053
1789416000,333.3,333.4,332.87,332.96,119295.253601
1789419600,332.96,333.11,332.73,333.02,127298.259455
1789423200,333.02,333.02,332.51,332.56,30308.390991
1789426800,332.56,332.56,332.1,332.34,10342.678926
1789430400,332.34,332.55,331.83,331.96,13217.477472
1789434000,331.96,332.09,331.7,331.81,32359.685255
1789437600,331.81,331.84,331.57,331.62,13717.519691
1789441200,331.62,331.69,331.39,331.45,29924.907682
1789444800,331.45,331.64,330.72,330.97,63360.945114
1789448400,330.97,330.97,330.37,330.76,38053.766113
1789452000,330.76,331.15,330.54,330.72,29011.844274
1789455600,330.72,330.99,330.17,330.28,38071.813213
1789459200,330.28,331.26,330.28,330.88,28692.551190000002
1789462800,330.88,331.06,330.6,330.88,81391.086604
1789466400,330.88,331.2,330.29,331.2,179120.449409
1789470000,331.2,331.56,330.78,331.45,98040.29789
1789473600,331.45,331.79,331.16,331.56,124561.82546000001
1789477200,331.56,331.81,328.53,330.73,212349.464725
1789480800,330.73,330.73,329.1,329.8,166297.817765
1789484400,329.8,330.2,329.15,329.63,266084.02047600003
1789488000,329.63,330.85,329.53,329.59,84103.575194
1789491600,329.59,330.81,329.56,330.53,240774.692749
1789495200,330.53,330.94,330.18,330.55,89676.742867
1789498800,330.55,331.79,329.87,331.31,154759.429094
1789502400,331.31,331.75,331.26,331.62,87354.853192
1789506000,331.62,331.76,331.45,331.54,60344.147774
1789509600,331.54,331.98,331.54,331.92,16894.326517
1789513200,331.92,332.11,331.78,332.07,15740.566467
1789516800,332.07,332.13,331.78,331.84,41884.69165
1789520400,331.84,331.92,331.49,331.58,19509.904485
1789524000,331.58,331.82,331.48,331.74,85346.095692
1789527600,331.74,332,331.51,331.94,54017.112255
1789531200,331.94,331.98,331.61,331.83,32663.235475
1789534800,331.83,331.95,331.66,331.78,44955.029996
1789538400,331.78,331.84,331.52,331.59,52675.259341
1789542000,331.59,331.67,331.03,331.25,113346.924142
1789545600,331.25,331.63,330.77,331.59,379546.573727
1789549200,331.59,331.6,330.88,331.07,144470.008346
1789552800,331.07,331.53,331.02,331.4,145737.687928
1789556400,331.4,332.07,331.4,331.61,170655.711674
1789560000,331.61,331.69,331.21,331.65,105810.751408
1789563600,331.65,335.57,331.41,334.06,372977.304177
1789567200,334.06,334.35,332.85,334.03,113075.048746
1789570800,334.03,334.16,332.33,332.87,86841.19010200001
1789574400,332.87,333.51,332.34,332.8,85192.961403
1789578000,332.8,333.55,332.53,333.44,197973.447307
1789581600,333.44,334.81,332.29,332.29,82828.91436
1789585200,332.29,332.74,330.89,332.46,68731.824548
1789588800,332.46,332.75,332.24,332.5,67816.554273
1789592400,332.5,332.75,332.47,332.47,160769.455739
1789596000,332.47,332.62,332.16,332.47,37095.038754
1789599600,332.47,333.65,332.42,333.59,26042.47519
1789603200,333.59,333.72,333.2,333.57,22640.864908
1789606800,333.57,333.64,333.26,333.39,23451.713598
1789610400,333.39,333.68,333.3,333.49,56577.229681
1789614000,333.49,333.79,333.39,333.61,12064.085796
1789617600,333.61,333.82,333.29,333.68,53331.621299
1789621200,333.68,333.68,333.3,333.48,26108.710277
1789624800,333.48,333.73,333.16,333.58,68421.80602799999
1789628400,333.58,334.42,333.55,334.12,52077.058922000004
1789632000,334.12,334.28,333.7,334.13,132533.106783
1789635600,334.13,334.48,334.05,334.22,346933.91186
1789639200,334.22,334.45,334.11,334.24,69906.432476
1789642800,334.24,334.34,333.85,334.17,121043.041979
1789646400,334.17,334.72,334.02,334.32,95624.514915
1789650000,334.32,335.17,330.4,331.02,476200.939725
1789653600,331.02,333.89,330.97,332.73,174922.856075
1789657200,332.73,334.89,332.16,334.88,129140.011793
1789660800,334.88,336.42,334.88,336.09,78609.242983
1789664400,336.09,336.57,335.46,335.97,145686.634997
1789668000,335.97,336.44,335.48,336.3,79432.407274
1789671600,336.3,338.27,336.3,337.02,210831.84480299999
1789675200,337.02,337.21,336.83,337.02,45861.892568
1789678800,337.02,337.36,336.93,337.22,17449.570279
1789682400,337.22,337.22,336.36,336.46,25253.281444
1789686000,336.46,336.54,336.22,336.23,13339.786579
1789689600,336.23,336.62,336.17,336.33,8480.808754
1789693200,336.33,336.5,336.24,336.42,17775.507613
1789696800,336.42,336.75,336.26,336.54,36085.513053
1789700400,336.54,336.67,336.18,336.22,20765.618735
1789704000,336.22,336.35,335.96,336.28,62807.569899
1789707600,336.28,336.55,336.19,336.55,53607.049349
1789711200,336.55,337.41,336.45,337.37,48499.423383
1789714800,337.37,337.51,337.07,337.35,159610.94401
1789718400,337.35,337.35,336.36,336.49,87672.694115
1789722000,336.49,336.65,336.11,336.2,48842.685814
1789725600,336.2,339.03,335.97,337.25,216958.884407
1789729200,337.25,337.76,336.94,337.24,84856.415464
1789732800,337.24,338.04,336.93,337.33,60150.42301
1789736400,337.33,338.52,335.18,335.33,275098.844121
1789740000,335.33,335.65,332.74,334.21,63483.924213
1789743600,334.21,335.81,334.02,334.99,106628.303016
1789747200,334.99,335.09,334.4,334.78,130576.204728
1789750800,334.78,335.97,334.67,335.84,183410.775049
1789754400,335.84,336.38,335.38,335.87,87163.38918
1789758000,335.87,336.93,335.75,335.85,92558.586267
1789761600,335.85,336.23,335.09,335.58,109873.158303
1789765200,335.58,335.65,335.05,335.1,100701.324397
1789768800,335.1,335.19,335,335.14,8833.227309
1789772400,335.14,335.33,335.01,335.07,15936.167862
1789776000,335.07,335.4,335.03,335.4,18755.997583
1789779600,335.4,335.43,334.94,335.06,10395.839998
1789783200,335.06,335.52,335.06,335.43,46667.865377
1789786800,335.43,335.54,335.21,335.38,9463.08299
1789790400,335.38,335.52,335.08,335.29,31449.624333
1789794000,335.29,335.48,335.17,335.19,33396.677933
1789797600,335.19,335.32,335.04,335.25,22877.159092
1789801200,335.25,335.35,334.94,335.17,38846.666102
1789804800,335.17,335.3,334.96,335.15,24536.6368
1789808400,335.15,335.61,335.05,335.3,74811.683785
1789812000,335.3,335.58,335.17,335.4,141202.724385
1789815600,335.4,335.4,335.08,335.16,32158.945872
1789819200,335.16,335.38,335.09,335.27,37804.137601
1789822800,335.27,335.34,335.01,335.28,1971.630229
1789826400,335.28,335.43,335.14,335.29,15775.008917
1789830000,335.29,335.55,335.17,335.45,91459.843597
1789833600,335.45,335.51,335.24,335.49,35508.258429
1789837200,335.49,335.54,335.28,335.42,67746.508468
1789840800,335.42,335.49,335.17,335.43,137135.805441
1789844400,335.43,335.56,335.34,335.5,30381.026695
1789848000,335.5,335.59,335.22,335.33,65559.68858500001
1789851600,335.33,335.34,334.97,335.22,1680.665836
1789855200,335.22,335.4,335.1,335.26,28960.315123
1789858800,335.26,335.3,335.12,335.15,34655.6255
1789862400,335.15,335.16,334.96,335.09,26243.446889
1789866000,335.09,335.1,334.98,335.05,10057.11307
1789869600,335.05,335.1,334.47,334.49,34157.674212
1789873200,334.49,334.49,334.05,334.48,28866.319083
1789876800,334.48,334.5,334.07,334.25,11775.89312
1789880400,334.25,334.35,334.03,334.19,12153.515767
1789884000,334.19,334.46,333.86,334.04,111703.88259
1789887600,334.04,334.21,333.89,334.01,23432.034534
1789891200,334.01,334.21,333.84,333.84,62903.437882
1789894800,333.84,334.1,333.75,333.88,38802.307017
1789898400,333.88,333.92,333.58,333.83,35763.24656
1789902000,333.83,333.88,333.49,333.71,46656.414634
1789905600,333.71,333.96,333.49,333.96,35830.737166
1789909200,333.96,334.1,333.71,333.87,217505.887243
1789912800,333.87,334.06,333.69,333.93,120419.660881
1789916400,333.93,334.13,333.82,334,157488.059674
1789920000,334,334.32,333.9,334.29,100501.800418
1789923600,334.29,334.29,333.96,334.21,154160.032153
1789927200,334.21,334.24,333.93,334.15,139015.159853
1789930800,334.15,334.55,334.1,334.47,42580.111155
1789934400,334.47,334.47,334.12,334.36,116107.990522
1789938000,334.36,334.44,334.01,334.17,187249.374974
1789941600,334.17,335.31,334.07,335.27,82262.808208
1789945200,335.27,335.78,335.06,335.35,53593.424948
1789948800,335.35,335.65,334.99,335.17,180528.5982
1789952400,335.17,335.23,334.83,335,104659.381966
1789956000,335,335.04,334.4,334.57,18763.000642
1789959600,334.57,334.91,334.5,334.67,30865.054905
1789963200,334.67,334.69,334.25,334.3,24106.048258
1789966800,334.3,334.95,334.29,334.92,29650.86769
1789970400,334.92,335.22,334.67,335.09,127978.61068299999
1789974000,335.09,335.69,334.92,335.67,119102.191836
1789977600,335.67,335.74,335.14,335.42,298564.969679
1789981200,335.42,335.73,335.05,335.5,165018.049903
1789984800,335.5,335.66,335.14,335.64,159441.932554
1789988400,335.64,336.45,335.42,336.13,249150.131162
1789992000,336.13,336.67,336,336.16,63875.264086
1789995600,336.16,336.26,333.17,335.94,325975.176109
1789999200,335.94,338.26,335.94,337.16,398593.952254
1790002800,337.16,338.63,336.97,337.91,311451.991288
1790006400,337.91,339.34,337.64,338.83,323682.954894
1790010000,338.83,339.14,338.13,338.27,160832.784828
1790013600,338.27,339.13,337.89,338.9,307284.600902
1790017200,338.9,339.78,338.45,339.35,126250.424355
1790020800,339.35,339.35,338.76,338.92,45822.818535
1790024400,338.92,339.12,338.82,339.07,158732.845892
1790028000,339.07,339.2,338.94,339.12,19246.368698
1790031600,339.12,339.12,338.87,339.02,33634.592114
1790035200,339.02,339.03,338.48,338.65,23568.822526
1790038800,338.65,339.32,338.61,339.09,24386.084247
1790042400,339.09,339.16,338.67,338.77,50475.886506
1790046000,338.77,338.95,338.6,338.74,27230.255885
1790049600,338.74,339.29,338.65,339.23,77846.934872
1790053200,339.23,339.9,339.01,339.72,87665.818878
1790056800,339.72,339.79,339.5,339.68,37591.398447
1790060400,339.68,339.92,339.57,339.92,25126.118129
1790064000,339.92,340.44,339.67,340.01,77200.694243
1790067600,340.01,340.01,339.46,339.87,155205.63748600002
1790071200,339.87,339.9,339.41,339.41,137030.376191
1790074800,339.41,340.13,339.2,340.01,116262.619986
1790078400,340.01,340.79,339.94,340.53,173444.764784
1790082000,340.53,345.25,339.23,340.71,394836.961453
1790085600,340.71,342.92,338.9,342.66,101264.179889
1790089200,342.66,343.95,342.13,342.33,60240.490594
1790092800,342.33,343.22,341.92,342.22,139099.184819
1790096400,342.22,342.59,340.73,341.36,207168.455838
1790100000,341.36,341.69,340.22,340.42,44891.779758
1790103600,340.42,340.69,339.48,339.99,52701.696539
1790107200,339.99,340.24,339.67,340.12,72857.55198799999
1790110800,340.12,340.22,339.96,340.08,149933.232858
1790114400,340.08,340.26,339.96,340.25,58800.654497999996
1790118000,340.25,340.25,340.01,340.14,46775.208138
1790121600,340.14,340.21,339.73,340.01,17514.907455
1790125200,340.01,341.23,339.91,340.67,74528.434468
1790128800,340.67,340.7,340.46,340.68,18053.083451
1790132400,340.68,340.91,340.49,340.77,14272.876226
1790136000,340.77,340.84,340.34,340.42,27676.699887
1790139600,340.42,340.69,340.31,340.48,25719.803090999998
1790143200,340.48,340.83,340.48,340.7,66214.696315
1790146800,340.7,340.94,340.39,340.94,41711.171266
1790150400,340.94,340.94,340.32,340.47,76393.741514
1790154000,340.47,340.56,340.09,340.28,115174.76921
1790157600,340.28,340.58,340.22,340.43,161527.051394
1790161200,340.43,340.96,340.42,340.85,94521.328138
1790164800,340.85,343.26,340.7,343.26,109901.59481
1790168400,343.26,344.55,337.19,337.72,266268.455602
1790172000,337.72,338.66,336.61,338.35,242647.606876
1790175600,338.35,338.71,336.14,337.2,249925.879849
1790179200,337.2,337.42,336.67,337.02,207669.909543
1790182800,337.02,338.04,336.81,337.76,152878.770775
1790186400,337.76,337.76,336.84,337.31,311770.376393
1790190000,337.31,337.39,336.01,337.08,84191.886871
1790193600,337.08,337.25,336.87,337.14,180516.777585
1790197200,337.14,337.29,336.91,337.21,66618.738649
1790200800,337.21,337.46,337.21,337.38,81475.044282
1790204400,337.38,337.46,336.98,337.01,95420.94871699999
1790208000,337.01,337.18,336.56,336.7,52077.767706
1790211600,336.7,337.01,336.57,336.91,33212.527737
1790215200,336.91,337.21,336.7,336.7,43362.187045
1790218800,336.7,336.85,336.24,336.24,23671.664393
1790222400,336.24,336.61,335.94,336.47,65154.460074
1790226000,336.47,336.62,336.11,336.17,31363.272615
1790229600,336.17,336.56,336.15,336.31,50162.183763
1790233200,336.31,336.59,336.06,336.06,121441.146241
1790236800,336.06,336.12,335.14,335.64,113709.834043
1790240400,335.64,336.5,335.47,336.11,446683.000413
1790244000,336.11,337.09,336.11,336.95,389087.30985
1790247600,336.95,337.39,336.77,337.1,129537.78116
1790251200,337.1,337.51,336.61,337.11,193090.359099
1790254800,337.11,337.48,334.52,337.48,338728.08953299996
1790258400,337.48,338.41,336.26,336.31,196604.661422
1790262000,336.31,336.82,335.87,336.76,132915.515454
1790265600,336.76,339.01,336.62,338.68,349399.211741
1790269200,338.68,338.68,336.93,337.41,580241.471611
1790272800,337.41,337.89,336.88,337.49,249016.337504
1790276400,337.49,338.15,336.14,336.28,117143.30955
1790280000,336.28,336.42,335.49,336.1,118541.734341
1790283600,336.1,336.37,335.99,336.16,132944.02755600002
1790287200,336.16,336.28,336.05,336.19,88963.103604
1790290800,336.19,336.19,335.85,335.97,51107.511166000004
1790294400,335.97,336.24,335.71,335.8,49876.314758
1790298000,335.8,336.33,335.63,335.99,30840.553989
1790301600,335.99,336.25,335.9,336.07,20093.416738
1790305200,336.07,336.2,335.57,335.82,37729.647461
1790308800,335.82,335.83,335.18,335.3,49154.418878
1790312400,335.3,335.92,335.3,335.78,83919.025458
1790316000,335.78,336.14,335.67,335.92,14417.263933
1790319600,335.92,336.29,335.84,336.26,57702.116243
1790323200,336.26,336.45,335.92,336.33,85479.841519
1790326800,336.33,336.38,335.97,336.17,27133.25383
1790330400,336.17,336.28,335.9,336.28,77838.45626600001
1790334000,336.28,336.78,336.2,336.41,215182.555827
1790337600,336.41,336.79,336.12,336.4,45187.365744
1790341200,336.4,336.73,334.9,336.2,121981.537773
1790344800,336.2,337.85,334.98,337.82,103731.300647
1790348400,337.82,339.71,337.27,339.71,330698.473671
1790352000,339.71,340.36,339.08,339.42,100582.259836
1790355600,339.42,340.45,339.38,340.19,138717.757361
1790359200,340.19,340.57,339.9,340.43,45586.008489
1790362800,340.43,341.77,340.11,341.2,66112.224778
1790366400,341.2,341.43,341.02,341.35,22361.80149
1790370000,341.35,341.49,341.16,341.28,21089.166197
1790373600,341.28,341.45,341.22,341.33,76851.635052
1790377200,341.33,341.61,341.21,341.47,12650.736339
1790380800,341.47,341.59,341.03,341.07,175072.713245
1790384400,341.07,341.09,340.85,341.02,10707.326979
1790388000,341.02,341.05,340.84,340.92,30781.948549
1790391600,340.92,341.11,340.8,340.94,8491.7837
1790395200,340.94,341.17,340.93,341.09,47750.537939
1790398800,341.09,341.16,340.97,341.12,61552.730626
1790402400,341.12,341.14,340.72,340.87,96864.876768
1790406000,340.87,340.89,340.26,340.32,93134.570975
1790409600,340.32,340.4,340.18,340.39,63671.974409
1790413200,340.39,340.39,340.14,340.34,28683.233239
1790416800,340.34,340.46,340.04,340.28,71787.949461
1790420400,340.28,340.35,340.12,340.12,68965.311457
1790424000,340.12,340.4,339.92,340.4,39775.549225
1790427600,340.4,340.42,340.03,340.29,22046.373492
1790431200,340.29,340.4,340.03,340.27,54823.478761
1790434800,340.27,340.47,340.2,340.27,174051.274273
1790438400,340.27,340.56,340.01,340.16,329459.674878
1790442000,340.16,340.46,340.1,340.3,256339.031291
1790445600,340.3,340.43,340.25,340.31,26041.870024
1790449200,340.31,340.39,340.17,340.3,146583.443843
1790452800,340.3,340.3,339.88,340.06,95694.360865
1790456400,340.06,340.47,339.99,340.33,228865.277888
1790460000,340.33,340.43,340.04,340.3,240302.422371
1790463600,340.3,340.35,340.17,340.24,62750.400093000004
1790467200,340.24,340.42,340.18,340.4,57456.214287
1790470800,340.4,340.53,340.32,340.33,129778.90981900001
1790474400,340.33,340.53,340.28,340.41,60211.538967
1790478000,340.41,340.41,340.26,340.36,35111.718134
1790481600,340.36,340.46,340.23,340.46,36008.87259
1790485200,340.46,340.58,340.31,340.4,659807.012958
1790488800,340.4,340.45,340.33,340.41,66067.219192
1790492400,340.41,340.68,340.35,340.61,352403.453192
1790496000,340.61,340.99,340.48,340.85,156391.622955
1790499600,340.85,341.03,340.78,340.92,253279.647241
1790503200,340.92,340.96,340.79,340.82,121984.423177
1790506800,340.82,341,340.73,340.75,155983.26327
1790510400,340.75,340.87,340.59,340.6,154706.413468
1790514000,340.6,340.68,340.17,340.29,332398.297962
1790517600,340.29,340.43,340.02,340.09,224510.300946
1790521200,340.09,340.68,340.06,340.36,393820.445688
1790524800,340.36,340.63,340.27,340.4,615674.627551
1790528400,340.4,340.73,340.36,340.62,345087.547113
1790532000,340.62,340.8,340.35,340.72,498585.878815
1790535600,340.72,340.84,340.61,340.79,147056.32966
1790539200,340.79,340.81,340.49,340.66,172828.014971
1790542800,340.66,340.7,340.24,340.46,174479.015047
1790546400,340.46,340.52,339.43,339.47,215225.53433
1790550000,339.47,340.21,339.44,340,62109.111845
1790553600,340,340.6,339.87,340.45,216769.43794
1790557200,340.45,340.75,340.38,340.47,191685.113232
1790560800,340.47,341.07,340.12,340.37,219722.723598
1790564400,340.37,340.6,340.15,340.35,144327.581915
1790568000,340.35,340.54,340.26,340.35,645805.875551
1790571600,340.35,340.73,340.35,340.73,159258.101844
1790575200,340.73,340.99,340.63,340.8,189636.466802
1790578800,340.8,341.02,340.68,340.93,108763.429824
1790582400,340.93,341.25,340.66,340.75,146335.079329
1790586000,340.75,341.13,340.62,340.69,178909.207517
1790589600,340.69,340.81,340.56,340.67,371593.053684
1790593200,340.67,340.67,339.83,339.88,381891.555026
1790596800,339.88,340.76,339.69,340.62,369077.80366
1790600400,340.62,343.11,340.15,342.32,610858.601166
1790604000,342.32,342.91,339.54,339.75,554542.670988
1790607600,339.75,341.72,339.67,341.53,437684.603266
1790611200,341.53,342.1,340.42,341.03,852303.197269
1790614800,341.03,341.03,339.67,339.8,300403.993849
1790618400,339.8,340.34,339.35,339.4,681116.221351
1790622000,339.4,339.43,338.15,338.66,521962.1450260001
1790625600,338.66,338.8,338.43,338.43,51037.01376300002
