ts,open,high,low,close,volume_usd
1782752400,194.8,195.12,193.93,194.14,3.463296
1782756000,194.14,194.4,193.84,194.2,1.921694
1782759600,194.2,195.27,194.2,195.2,7.579561
1782763200,195.2,195.25,194.77,194.98,3.392706
1782766800,194.98,195.18,194.91,195,3.627646
1782770400,195,195.4,194.88,195.32,3.687866
1782774000,195.32,195.67,195.16,195.4,3.694272
1782777600,195.4,195.83,194.52,194.89,3.689041
1782781200,194.89,195.45,194.55,195.21,3.647377
1782784800,195.21,195.34,194.56,195.09,3.667133
1782788400,195.09,195.88,195,195.43,3.694049
1782792000,195.43,196.18,195.4,195.95,3.622416
1782795600,195.95,196.1,195.49,195.77,3.680892
1782799200,195.77,195.82,195.12,195.45,3.654279
1782802800,195.45,195.9,195.36,195.54,3.677147
1782806400,195.54,195.87,194.71,195.26,6.402785
1782810000,195.26,195.53,194.73,195.24,3.649078
1782813600,195.24,196.42,195.24,196.3,3.682677
1782817200,196.3,198.16,196.16,197.66,3.646929
1782820800,197.66,197.66,196.03,196.03,6.412835
1782824400,196.03,198.81,195.79,197.89,3.640275
1782828000,197.89,198.74,196.67,197.12,3.69755
1782831600,197.12,198.72,197.12,198.33,3.665254
1782835200,198.33,198.58,197.77,198.42,64.720049
1782838800,198.42,198.88,198.08,198.54,3.571846
1782842400,198.54,199.53,198.27,199.07,4.694927
1782846000,199.07,200.59,198.56,200.04,87.772243
1782849600,200.04,201.88,197.84,199.73,2.338267
1782853200,199.73,199.82,199.28,199.55,3.730868
1782856800,199.55,199.91,199.26,199.31,3.753463
1782860400,199.31,199.69,199.31,199.62,3.691103
1782864000,199.62,199.77,199.03,199.28,3.708704
1782867600,199.28,199.36,198.28,198.36,3.657561
1782871200,198.36,198.43,197.58,198.3,3.585834
1782874800,198.3,198.99,198.2,198.84,3.71267
1782878400,198.84,198.84,198.33,198.54,3.733489
1782882000,198.54,198.62,198.14,198.4,3.709969
1782885600,198.4,198.61,197.61,197.8,3.66283
1782889200,197.8,198.34,197.08,198.18,3.659127
1782892800,198.18,198.74,197.95,198.66,3.669148
1782896400,198.66,198.89,198.45,198.78,3.635344
1782900000,198.78,199.29,198.74,198.92,30.928428
1782903600,198.92,198.92,198.92,198.92,0
1782907200,198.92,198.92,198.92,198.92,0
1782910800,195.38,196.02,193.92,193.92,8056.846009
1782914400,193.92,196.34,193.92,195.36,1.837964
1782918000,195.36,197.26,195.04,197.09,3.577145
1782921600,197.09,197.74,196.64,197.08,12766.323084
1782925200,197.08,198.95,196.91,198.71,3.526846
1782928800,198.71,198.96,197.8,198.48,3.707943
1782932400,198.48,199.92,197.38,197.97,3.780135
1782936000,197.97,197.97,196.89,197.33,3.589991
1782939600,197.33,197.89,197.27,197.89,2039.948664
1782943200,197.89,198.03,197.38,197.94,3.716172
1782946800,197.94,197.94,196.95,197.16,3.613556
1782950400,197.16,198.03,196.09,197.62,3.701518
1782954000,197.62,198.95,197.62,198.53,3.732963
1782957600,198.53,198.76,197.92,198.28,3.47268
1782961200,198.28,198.29,197.6,198.07,3.64211
1782964800,198.07,198.29,197.19,197.93,3.539766
1782968400,197.93,198.36,197.6,197.86,3.544168
1782972000,197.86,198.07,196.24,196.65,3.625656
1782975600,196.65,196.7,195.05,196,3.682624
1782979200,196,196.37,195.06,196.35,3.6431
1782982800,196.35,196.35,195.67,195.81,3.68566
1782986400,195.81,196.22,195.5,196.22,3.56374
1782990000,196.22,197.08,196.04,196.92,3.714586
1782993600,196.92,198.79,196.8,197.8,3.700478
1782997200,197.8,198.96,196.82,198.96,3.799401
1783000800,198.96,199.97,195.34,196.3,3.758527
1783004400,196.3,196.49,194.07,194.53,25413.011673
1783008000,194.53,194.65,193.21,193.49,5005.77366
1783011600,193.49,193.67,192.36,192.53,3.667071
1783015200,192.53,194.03,192.53,193.42,3.712624
1783018800,193.42,194.94,192.58,194.79,3.713158
1783022400,194.79,195.04,194.44,194.56,3.640348
1783026000,194.56,194.62,194.09,194.48,15867.405478
1783029600,194.48,194.83,194.43,194.58,3.620208
1783033200,194.58,194.69,194.24,194.41,3.6174
1783036800,194.41,194.54,194.06,194.37,15403.84383
1783040400,194.37,195.34,194.24,195.16,46234.138046
1783044000,195.16,195.4,194.95,195.29,5006.098452
1783047600,195.29,195.44,194.96,195.44,5007.424708
1783051200,195.44,196.1,195.33,195.86,14992.342576
1783054800,195.86,196.37,195.86,196.2,3.706066
1783058400,196.2,196.53,195.76,195.76,15004.792137
1783062000,195.76,196.26,195.76,196.11,3.606853
1783065600,196.11,196.48,195.9,195.9,10002.341658
1783069200,195.9,196.45,195.6,196.39,14998.011091
1783072800,196.39,196.69,196.2,196.41,14997.204767
1783076400,196.41,196.7,196.36,196.36,3.615068
1783080000,196.36,196.73,196.3,196.49,10001.929086
1783083600,196.49,196.77,196.39,196.7,10001.304981
1783087200,196.7,196.78,196.37,196.53,3.557236
1783090800,196.53,196.8,196.53,196.8,214.228091
1783094400,196.8,196.85,196.24,196.81,3.342065
1783098000,196.81,197.19,196.32,196.59,3.61876
1783101600,196.59,196.91,196.13,196.4,5005.904001
1783105200,196.4,196.74,195.89,196.47,2.983426
1783108800,196.47,196.76,195.92,196.42,9708.637823
1783112400,196.42,196.78,196.04,196.28,10007.337534
1783116000,196.28,196.43,195.69,195.9,2.372278
1783119600,195.9,196.31,195.72,195.78,2.038233
1783123200,195.78,196.26,195.73,195.98,0.979555
1783126800,195.98,196.36,195.85,195.88,0.549013
1783130400,195.88,196.34,195.88,196,0.196134
1783134000,196,196,196,196,0
1783137600,196,196,196,196,0
1783141200,196.56,196.56,196.56,196.56,5002.176816
1783144800,196.56,196.56,196.56,196.56,0
1783148400,196.56,196.56,196.56,196.56,0
1783152000,196.56,196.56,196.56,196.56,0
1783155600,196.56,196.56,196.56,196.56,0
1783159200,196.56,196.56,196.56,196.56,0
1783162800,196.56,196.56,196.56,196.56,0
1783166400,196.56,196.56,196.56,196.56,0
1783170000,196.56,196.56,196.16,196.16,5106.620506
1783173600,196.16,196.16,196.16,196.16,0
1783177200,196.16,196.16,196.16,196.16,0
1783180800,196.16,196.16,196.16,196.16,0
1783184400,196.16,196.16,196.16,196.16,0
1783188000,196.16,196.16,196.16,196.16,0
1783191600,196.16,196.16,196.16,196.16,0
1783195200,196.16,196.16,196.16,196.16,0
1783198800,196.59,196.59,196.59,196.59,5004.080496
1783202400,196.59,196.59,196.59,196.59,0
1783206000,196.59,196.59,196.59,196.59,0
1783209600,196.59,196.59,196.59,196.59,0
1783213200,196.59,196.59,196.59,196.59,0
1783216800,196.75,196.75,196.75,196.75,210.56185
1783220400,196.75,196.75,196.75,196.75,0
1783224000,196.75,196.75,196.75,196.75,0
1783227600,196.75,196.75,196.75,196.75,0
1783231200,196.75,196.75,196.75,196.75,0
1783234800,196.75,196.75,196.75,196.75,0
1783238400,196.75,196.75,196.75,196.75,0
1783242000,196.75,196.75,196.75,196.75,0
1783245600,196.75,196.75,196.75,196.75,0
1783249200,196.75,196.75,196.75,196.75,0
1783252800,196.75,196.75,196.75,196.75,0
1783256400,196.75,196.75,196.75,196.75,0
1783260000,196.75,196.75,196.75,196.75,0
1783263600,196.75,196.75,196.75,196.75,0
1783267200,196.75,196.75,196.75,196.75,0
1783270800,196.75,196.75,196.75,196.75,0
1783274400,196.75,196.75,196.75,196.75,0
1783278000,196.75,196.75,196.75,196.75,0
1783281600,196.75,196.75,196.75,196.75,0
1783285200,197.63,197.63,197.63,197.63,468.323811
1783288800,197.63,197.63,197.3,197.3,9991.472538
1783292400,197.3,197.93,197.3,197.93,4995.55527
1783296000,197.93,197.93,196.07,196.07,64440.703999
1783299600,196.07,196.07,196.07,196.07,0
1783303200,196.07,196.07,196.07,196.07,0
1783306800,196.07,196.07,196.07,196.07,0
1783310400,196.07,196.07,196.07,196.07,0
1783314000,196.07,196.07,196.07,196.07,0
1783317600,196.07,196.07,196.07,196.07,0
1783321200,196.07,196.07,196.07,196.07,0
1783324800,196.07,196.07,196.07,196.07,0
1783328400,196.07,196.07,196.07,196.07,0
1783332000,196.07,196.07,196.07,196.07,0
1783335600,196.07,196.07,196.07,196.07,0
1783339200,196.07,196.07,196.07,196.07,0
1783342800,196.07,196.07,196.07,196.07,0
1783346400,196.07,196.07,196.07,196.07,0
1783350000,196.07,196.07,196.07,196.07,0
1783353600,196.07,196.07,196.07,196.07,0
1783357200,196.07,196.07,196.07,196.07,0
1783360800,196.07,196.07,196.07,196.07,0
1783364400,196.07,196.07,196.07,196.07,0
1783368000,196.07,196.07,196.07,196.07,0
1783371600,196.07,196.07,196.07,196.07,0
1783375200,196.07,196.07,196.07,196.07,0
1783378800,196.07,196.07,196.07,196.07,0
1783382400,196.07,196.07,196.07,196.07,0
1783386000,196.07,196.07,196.07,196.07,0
1783389600,196.07,196.07,196.07,196.07,0
1783393200,196.07,196.07,196.07,196.07,0
1783396800,196.07,196.07,196.07,196.07,0
1783400400,196.07,196.07,196.07,196.07,0
1783404000,196.07,196.07,196.07,196.07,0
1783407600,196.07,196.07,196.07,196.07,0
1783411200,196.07,196.07,196.07,196.07,0
1783414800,196.07,196.07,196.07,196.07,0
1783418400,196.07,196.07,196.07,196.07,0
1783422000,190.95,191.3,190.95,191.3,3996.997125
1783425600,191.3,191.3,191.3,191.3,0
1783429200,191.72,191.72,191.72,191.72,4996.740844
1783432800,191.72,191.92,191.53,191.53,5621.277624
1783436400,191.53,191.53,191.53,191.53,0
1783440000,195.3,197.04,195.3,196.92,10773.855072
1783443600,196.92,196.92,196.92,196.92,0
1783447200,196.92,196.92,196.92,196.92,0
1783450800,196.92,196.92,196.92,196.92,0
1783454400,196.92,196.92,196.92,196.92,0
1783458000,196.92,196.92,196.92,196.92,0
1783461600,196.92,196.92,196.92,196.92,0
1783465200,196.92,196.92,196.92,196.92,0
1783468800,196.92,196.92,196.92,196.92,0
1783472400,196.92,196.92,196.92,196.92,0
1783476000,196.92,196.92,196.92,196.92,0
1783479600,196.92,196.92,196.92,196.92,0
1783483200,196.92,196.92,196.92,196.92,0
1783486800,196.92,196.92,196.92,196.92,0
1783490400,196.92,196.92,196.92,196.92,0
1783494000,196.92,196.92,196.92,196.92,0
1783497600,196.92,196.92,196.92,196.92,0
1783501200,196.92,196.92,196.92,196.92,0
1783504800,196.92,196.92,196.92,196.92,0
1783508400,196.92,196.92,196.92,196.92,0
1783512000,196.92,196.92,196.92,196.92,0
1783515600,197.38,197.38,197.38,197.38,5605.592
1783519200,197.38,197.52,197.32,197.52,9999.298128
1783522800,197.52,197.52,197.1,197.1,999.978525
1783526400,197.1,199.35,197.1,199.06,10657.607598
1783530000,199.06,199.06,199.06,199.06,0
1783533600,202.34,203.05,202.34,203.05,350.350174
1783537200,203.05,203.05,203.05,203.05,0
1783540800,203.93,203.93,202.65,202.65,6180.654498
1783544400,202.65,203.03,202.65,203.03,4996.36527
1783548000,203.03,203.03,203.03,203.03,0
1783551600,203.03,203.03,203.03,203.03,0
1783555200,203.03,203.03,203.03,203.03,0
1783558800,203.03,203.03,203.03,203.03,0
1783562400,203.03,203.03,203.03,203.03,0
1783566000,203.03,203.03,203.03,203.03,0
1783569600,203.03,203.03,203.03,203.03,0
1783573200,203.03,203.03,203.03,203.03,0
1783576800,203.03,203.03,203.03,203.03,0
1783580400,204.89,205.45,204.89,205.45,1225.266264
1783584000,205.45,205.45,204.32,204.32,1181.99195
1783587600,204.32,204.45,204.3,204.3,1119.88846
1783591200,204.3,204.61,204.3,204.61,758.42389
1783594800,204.61,205.64,204.61,205.64,937.898477
1783598400,205.64,205.64,205.64,205.64,375.293
1783602000,205.64,205.64,201.94,202.04,11097.819401
1783605600,202.04,202.04,199.46,201.1,6382.553566
1783609200,201.1,201.1,201.1,201.1,0
1783612800,202.17,202.17,202.13,202.13,1915.987477
1783616400,202.13,203.31,202.13,203.31,4996.241595
1783620000,203.31,203.31,203.31,203.31,0
1783623600,203.31,203.31,203.31,203.31,0
1783627200,203.31,203.31,203.31,203.31,0
1783630800,203.31,203.31,203.31,203.31,0
1783634400,203.31,203.31,203.31,203.31,0
1783638000,203.31,203.31,203.31,203.31,0
1783641600,203.31,203.31,203.31,203.31,0
1783645200,203.31,203.31,203.31,203.31,0
1783648800,203.31,203.31,203.31,203.31,0
1783652400,203.31,203.31,203.31,203.31,0
1783656000,203.31,203.31,203.31,203.31,0
1783659600,202.76,202.76,202.76,202.76,121.35186
1783663200,202.76,202.76,202.76,202.76,0
1783666800,202.76,202.76,202.76,202.76,0
1783670400,201.46,201.46,201.46,201.46,219.651838
1783674000,201.46,201.93,201.46,201.72,1103.253225
1783677600,201.72,201.72,201.72,201.72,0
1783681200,201.72,201.72,201.72,201.72,0
1783684800,201.72,201.72,201.72,201.72,0
1783688400,204.13,204.41,204.13,204.41,10556.64614
1783692000,204.41,207.55,204.41,207.15,16484.810754
1783695600,207.15,207.33,207.15,207.33,1196.729493
1783699200,207.33,207.33,207.33,207.33,0
1783702800,207.33,207.33,207.33,207.33,0
1783706400,207.33,207.33,207.33,207.33,0
1783710000,207.33,207.33,207.33,207.33,0
1783713600,207.33,207.33,207.33,207.33,0
1783717200,207.33,207.33,207.33,207.33,0
1783720800,207.33,207.33,207.33,207.33,0
1783724400,207.33,207.33,207.33,207.33,0
1783728000,210.15,210.15,210.15,210.15,1517.850405
1783731600,210.15,210.29,210.14,210.29,4173.272816
1783735200,210.29,210.29,210,210,4996.467
1783738800,210,210.04,210,210.04,16422.103424
1783742400,210.04,210.09,210.04,210.09,17277.000645
1783746000,210.09,210.09,210.09,210.09,0
1783749600,210.09,210.09,210.09,210.09,0
1783753200,210.09,210.09,210.09,210.09,0
1783756800,210.09,210.09,210.09,210.09,0
1783760400,210.09,210.09,210.09,210.09,0
1783764000,210.09,210.09,210.09,210.09,0
1783767600,210.09,210.09,210.09,210.09,0
1783771200,210.09,210.09,210.09,210.09,0
1783774800,210.09,210.09,210.09,210.09,0
1783778400,209.44,209.44,209.39,209.39,10004.969022
1783782000,209.39,209.39,209.16,209.16,10006.609473
1783785600,209.16,209.16,209.16,209.16,0
1783789200,209.16,209.16,209.16,209.16,0
1783792800,209.16,209.16,209.16,209.16,0
1783796400,209.16,209.16,209.16,209.16,0
1783800000,209.16,209.16,209.16,209.16,0
1783803600,209.16,209.16,209.16,209.16,0
1783807200,209.16,209.16,209.16,209.16,0
1783810800,209.02,209.02,208.66,208.66,15455.526717
1783814400,208.66,208.66,208.66,208.66,0
1783818000,208.66,208.66,208.66,208.66,0
1783821600,208.66,208.66,208.66,208.66,0
1783825200,208.66,208.66,208.66,208.66,0
1783828800,210.18,210.18,210.18,210.18,4996.29387
1783832400,210.18,210.18,210.18,210.18,0
1783836000,210.18,210.18,210.18,210.18,0
1783839600,210.18,210.18,210.18,210.18,0
1783843200,210.37,210.37,210.37,210.37,4996.308537
1783846800,210.37,210.37,210.37,210.37,0
1783850400,210.37,210.37,210.37,210.37,0
1783854000,210.5,210.5,210.5,210.5,4996.0491
1783857600,210.5,210.5,210.5,210.5,0
1783861200,211.03,212.01,211.03,212.01,20368.511736
1783864800,212.01,212.01,212.01,212.01,0
1783868400,212.01,212.01,212.01,212.01,0
1783872000,212.01,212.01,212.01,212.01,0
1783875600,212.01,212.01,212.01,212.01,0
1783879200,212.01,212.01,212.01,212.01,0
1783882800,212.01,212.01,212.01,212.01,0
1783886400,212.01,212.01,212.01,212.01,0
1783890000,212.01,212.01,212.01,212.01,0
1783893600,212.25,212.25,210.91,211.5,46076.334602
1783897200,211.5,211.5,210.91,210.95,15000.943809
1783900800,210.95,210.95,210.63,210.63,5002.4625
1783904400,210.63,210.63,210.63,210.63,0
1783908000,210.63,210.63,210.63,210.63,0
1783911600,210.63,210.63,210.63,210.63,0
1783915200,210.63,210.63,210.63,210.63,0
1783918800,210.63,210.63,210.63,210.63,0
1783922400,210.63,210.63,210.63,210.63,0
1783926000,210.63,210.63,210.63,210.63,0
1783929600,210.63,210.63,210.63,210.63,0
1783933200,210.63,210.63,210.63,210.63,0
1783936800,210.63,210.63,210.63,210.63,0
1783940400,210.63,210.63,210.63,210.63,0
1783944000,210.63,210.63,210.63,210.63,0
1783947600,209.69,209.69,209.69,209.69,5002.909834
1783951200,209.69,209.69,209.69,209.69,0
1783954800,209.69,209.69,209.69,209.69,0
1783958400,209.69,209.69,209.69,209.69,0
1783962000,209.69,209.69,209.69,209.69,0
1783965600,209.69,209.69,209.69,209.69,0
1783969200,209.69,209.69,209.69,209.69,0
1783972800,209.69,209.69,209.69,209.69,0
1783976400,209.69,209.69,209.69,209.69,0
1783980000,209.69,209.69,209.69,209.69,0
1783983600,209.69,209.69,209.69,209.69,0
1783987200,209.69,209.69,209.69,209.69,0
1783990800,204.69,204.69,204.3,204.3,9425.509222
1783994400,204.3,204.3,204.3,204.3,0
1783998000,204.3,204.3,204.3,204.3,0
1784001600,204.3,204.3,204.3,204.3,0
1784005200,204.3,204.3,204.3,204.3,0
1784008800,204.3,204.3,204.3,204.3,0
1784012400,205.21,205.21,205.06,205.15,7795.49
1784016000,205.15,205.15,205.15,205.15,0
1784019600,205.15,205.15,205.15,205.15,0
1784023200,205.15,205.15,205.15,205.15,0
1784026800,205.15,205.15,205.15,205.15,0
1784030400,206.48,206.48,206.48,206.48,1191.823208
1784034000,206.48,206.48,206.48,206.48,0
1784037600,207.1,207.1,207.1,207.1,14.9112
1784041200,207.1,208.16,207.1,207.85,149.76864
1784044800,207.85,210.58,207.85,210.58,648.313385
1784048400,210.58,211.03,210.58,211.03,1060.109205
1784052000,211.03,211.03,211.03,211.03,0
1784055600,211.79,211.79,211.79,211.79,5002.797485
1784059200,211.79,211.79,211.57,211.58,8039.85
1784062800,211.58,211.58,211.58,211.58,0
1784066400,211.58,211.58,211.58,211.58,0
1784070000,211.58,211.58,211.58,211.58,0
1784073600,211.58,211.58,211.58,211.58,0
1784077200,211.58,211.58,211.58,211.58,0
1784080800,211.58,211.58,211.58,211.58,0
1784084400,211.58,211.58,211.58,211.58,0
1784088000,212.54,212.54,212.54,212.54,210.010774
1784091600,212.54,212.67,212.54,212.67,4038.659976
1784095200,212.67,213.05,212.67,213.05,4996.61904
1784098800,213.05,213.05,213.05,213.05,0
1784102400,211.07,211.07,211.07,211.07,14.98597
1784106000,211.07,211.07,211.07,211.07,0
1784109600,211.07,211.07,211.07,211.07,0
1784113200,211.07,211.07,211.07,211.07,0
1784116800,211.54,211.54,211.13,211.13,5010.545157
1784120400,211.13,213.69,210.88,211.76,19364.285039
1784124000,211.76,211.78,210.07,210.07,13845.619674
1784127600,210.07,210.07,208.75,209.26,197.526656
1784131200,209.26,209.26,206.27,207.13,275.084111
1784134800,207.13,207.13,207.13,207.13,0
1784138400,210.62,210.62,210.62,210.62,10.172946
1784142000,210.62,211.91,210.62,211.85,25416.45
1784145600,211.85,212.49,211.85,212.49,3187.35
1784149200,212.49,212.49,211.88,211.88,23.41274
1784152800,211.88,212.23,211.54,211.68,247.160817
1784156400,211.68,211.78,211.64,211.65,73.879815
1784160000,211.65,211.65,210.76,210.76,121.658993
1784163600,210.76,211.48,210.58,211.48,5009.846546
1784167200,211.48,211.51,211.37,211.5,5194.689662
1784170800,211.5,211.56,211.5,211.56,4997.131824
1784174400,211.56,211.56,211.56,211.56,0
1784178000,211.56,211.56,211.56,211.56,0
1784181600,211.53,211.54,211.27,211.34,39111.510058
1784185200,211.34,211.34,211.34,211.34,0
1784188800,209.92,209.92,209.92,209.92,23.028224
1784192400,209.92,210.28,209.36,209.36,1905.826528
1784196000,209.36,210.33,209.36,210.33,32.075325
1784199600,210.33,210.33,209.39,209.39,33.397705
1784203200,209.39,209.39,209.39,209.39,0
1784206800,210.38,210.68,207.4,208.21,30204.972204
1784210400,208.21,209.24,206.26,206.26,6022.503877
1784214000,206.26,208.03,206.26,208.03,67.936729
1784217600,208.03,208.09,207.01,207.36,2183.737765
1784221200,207.36,207.36,206.18,206.18,10906.692615
1784224800,206.18,207.16,206.18,207.04,144.697612
1784228400,207.04,207.27,206.23,207.09,313.158943
1784232000,207.09,207.09,206.85,206.85,110.16154
1784235600,206.85,206.9,206.85,206.9,177.49951
1784239200,206.9,206.9,206.03,206.09,51658.873736
1784242800,206.09,206.19,205.35,206.03,102.049764
1784246400,206.03,206.48,205,205,5248.333202
1784250000,205,205.66,204.52,204.52,110.44369
1784253600,204.52,204.52,203.67,203.67,36.416451
1784257200,203.67,204.64,203.67,203.7,5133.227668
1784260800,203.7,203.7,202.52,202.52,3201.543553
1784264400,202.52,202.52,201.9,201.95,62.782602
1784268000,201.95,202.99,201.91,202.12,130.330262
1784271600,202.12,202.12,201.23,201.23,44417.29509
1784275200,201.23,201.23,200.27,201.17,4002.092807
1784278800,201.17,202.15,201.17,202.15,65.132204
1784282400,202.15,202.53,201.96,202.53,30.484524
1784286000,202.53,202.53,202.53,202.53,0
1784289600,202.35,202.56,202.14,202.56,51.686586
1784293200,202.56,203.04,198.13,201.25,25301.227665
1784296800,201.25,205.64,201.25,203.57,785.595301
1784300400,203.57,204.71,202.69,204.71,363.733883
1784304000,204.71,205.85,204.66,205.85,269.939557
1784307600,205.85,206.49,204.49,204.49,220.145348
1784311200,204.49,204.49,202.92,203.49,208.889165
1784314800,203.49,203.72,201.94,202.68,45127.635667999995
1784318400,202.68,202.68,202.46,202.46,272.570464
1784322000,202.46,202.81,202.46,202.63,328.212502
1784325600,202.63,202.8,202.53,202.8,132.641373
1784329200,202.8,202.8,202.53,202.6,372.895947
1784332800,202.6,202.8,202.6,202.8,5162.152527
1784336400,202.8,202.8,202.8,202.8,0
1784340000,202.8,202.8,202.8,202.8,0
1784343600,202.8,202.8,202.8,202.8,0
1784347200,202.8,202.8,202.8,202.8,0
1784350800,202.8,202.8,202.8,202.8,0
1784354400,202.31,202.46,202.3,202.37,45716.642857
1784358000,202.37,202.41,202.37,202.41,4997.421936
1784361600,202.41,202.41,202.41,202.41,0
1784365200,202.41,202.41,202.41,202.41,0
1784368800,202.41,202.41,202.41,202.41,0
1784372400,202.41,202.41,202.41,202.41,0
1784376000,202.44,202.44,202.43,202.43,142.756871
1784379600,202.43,202.46,202.04,202.19,15050.181444
1784383200,202.19,202.35,202.19,202.35,204.357084
1784386800,202.35,202.36,202.35,202.36,61.153192
1784390400,202.36,202.36,202.24,202.24,30.578688
1784394000,202.24,202.24,202.03,202.21,92.85771
1784397600,202.21,202.44,202.21,202.44,4996.300176
1784401200,202.44,202.44,202.13,202.13,51.487038
1784404800,202.13,202.17,202.12,202.12,201.513378
1784408400,202.12,202.19,202.12,202.19,100.164926
1784412000,202.19,202.23,202.19,202.2,108.189783
1784415600,202.2,202.2,201.99,202.1,30342.273823
1784419200,202.1,202.1,202.08,202.1,5015.736676
1784422800,202.1,202.1,201.96,201.99,5091.82188
1784426400,201.99,201.99,201.98,201.98,37.083528
1784430000,201.98,202.13,201.98,202.13,88.498479
1784433600,202.13,202.13,202.01,202.01,166.395637
1784437200,202.01,202.13,201.93,202.07,179.959435
1784440800,202.07,202.07,201.35,201.62,58537.0208
1784444400,201.62,202.06,201.62,202.06,36545.284982
1784448000,202.06,202.24,201.93,202.24,15144.902421
1784451600,202.24,202.29,202.15,202.29,215.259033
1784455200,202.29,202.7,202.29,202.45,31014.411202
1784458800,202.45,202.47,202.45,202.47,153.005503
1784462400,202.47,202.59,202.42,202.51,167.242278
1784466000,202.51,202.51,202.45,202.45,201.84265
1784469600,202.45,202.45,202.45,202.45,0
1784473200,202.83,202.95,202.8,202.8,418.956142
1784476800,202.8,202.8,202.5,202.5,234.494304
1784480400,202.5,202.75,202.5,202.69,5437.556408
1784484000,202.69,202.69,202.47,202.56,597.515627
1784487600,202.56,202.78,202.54,202.78,584.879735
1784491200,202.78,202.83,202.72,202.82,5928.805614
1784494800,202.82,203.35,202.65,203.35,7176.228442
1784498400,203.35,204.04,203.3,204.04,10778.384886
1784502000,204.04,204.04,203.65,203.65,114.145412
1784505600,203.65,204.06,202.89,202.89,31849.584264
1784509200,202.89,202.94,202.45,202.58,72.07929
1784512800,202.58,203.4,202.51,203.33,301.854258
1784516400,203.33,203.64,203.22,203.26,40916.203457
1784520000,203.26,203.76,203.26,203.59,243.545479
1784523600,203.59,203.59,202.7,202.7,88.105721
1784527200,202.7,202.79,202.52,202.71,418.89706
1784530800,202.71,203.52,202.71,203.48,181.320815
1784534400,203.48,203.93,203.47,203.68,363.420405
1784538000,203.68,204.03,203.68,204.03,93.518563
1784541600,204.03,204.72,203.92,204.72,263.609648
1784545200,204.72,206.15,204.72,205.83,9985.530413
1784548800,205.83,205.83,205.52,205.82,162.099218
1784552400,205.82,207.56,205.32,205.86,17645.013693
1784556000,205.86,205.86,205.71,205.71,41.238336
1784559600,205.71,206.3,204.98,204.98,465.54248
1784563200,204.98,206.2,204.97,205.11,5259.850669
1784566800,205.11,205.11,203.19,203.94,193.609329
1784570400,203.94,204.74,203.58,203.58,313.926363
1784574000,203.58,203.58,202.45,202.77,398.282028
1784577600,202.77,203.23,202.57,202.72,5185.618943
1784581200,202.72,202.74,202.72,202.74,4997.257164
1784584800,202.74,202.78,202.29,202.29,45632.837506
1784588400,202.29,202.79,202.29,202.79,1194.042033
1784592000,202.79,203.05,202.79,203.05,365.388475
1784595600,203.05,203.05,203.05,203.05,0
1784599200,203.21,203.51,203.21,203.51,187.851076
1784602800,203.51,204.89,203.51,204.58,6556.039122
1784606400,204.58,204.66,204.52,204.66,1104.362782
1784610000,204.66,204.66,204.33,204.33,26.024733
1784613600,204.33,204.99,204.33,204.99,225.939987
1784617200,204.99,205.21,204.95,205.21,47158.78623
1784620800,205.21,205.21,205.05,205.05,38.30334
1784624400,205.05,205.53,205.05,205.53,322.743759
1784628000,205.53,205.65,205.49,205.49,119.113637
1784631600,205.49,205.59,205.33,205.59,111.09385
1784635200,205.59,205.93,205.59,205.93,35.358181
1784638800,205.93,207.68,205.52,205.59,10863.094515
1784642400,205.59,205.59,204.31,205.48,238.484087
1784646000,205.48,206.6,205.48,205.92,261.085845
1784649600,205.92,205.95,205,205.03,126.303736
1784653200,205.03,206.38,205.03,206.38,19.81248
1784656800,206.38,207.29,206.38,207.21,105.850612
1784660400,207.21,207.55,206.79,207.55,5613.492612
1784664000,207.55,207.55,206.7,206.85,99.321081
1784667600,206.85,207.05,206.75,206.75,56150.592441
1784671200,206.75,206.75,206.57,206.57,109.48516
1784674800,206.57,206.57,206.26,206.39,54.878381
1784678400,206.39,206.39,206.33,206.33,71.232722
1784682000,206.33,206.33,206.23,206.23,28.212264
1784685600,206.23,206.42,206.23,206.42,24761.902215000002
1784689200,206.42,206.42,206.41,206.41,92.120783
1784692800,206.41,206.41,206.41,206.41,0
1784696400,206.02,206.02,205.24,205.24,18680.599776
1784700000,205.24,205.24,205.24,205.24,0
1784703600,205.48,205.48,205.07,205.19,49287.444227
1784707200,205.19,205.45,204.76,204.76,147.55959
1784710800,204.76,205.32,204.76,205.01,124.918997
1784714400,205.01,205.62,205.01,205.55,176.601823
1784718000,205.55,205.55,205.55,205.55,0
1784721600,204.53,205.24,204.53,205.1,5098.074751
1784725200,205.1,207.18,205.1,207.18,20539.31769
1784728800,207.18,207.18,206.89,206.89,5172.25
1784732400,206.89,212.37,206.89,212.37,241.533415
1784736000,212.37,213.79,212.37,213.72,46.13622
1784739600,213.72,213.72,213.72,213.72,0
1784743200,213.78,213.78,213.52,213.52,465.824524
1784746800,213.52,214.04,212.72,212.72,2.968124
1784750400,212.72,212.72,212.35,212.35,24.29516
1784754000,212.35,212.35,210.34,210.99,70494.071607
1784757600,210.99,210.99,210.99,210.99,0
1784761200,210.94,211,210.94,211,9995.420844
1784764800,211,211,211,211,0
1784768400,212.96,213.33,212.96,213.33,65221.587998
1784772000,213.33,213.33,212.23,212.23,5305.75
1784775600,212.23,212.23,211.62,211.62,5.332824
1784779200,211.62,211.62,211.62,211.62,0
1784782800,212.63,212.63,212.04,212.04,5455.348117
1784786400,212.04,212.04,211.17,211.17,85119.500587
1784790000,211.17,211.17,211.09,211.09,1.963137
1784793600,211.09,211.52,210.9,211.02,218.96919
1784797200,211.02,211.33,210.86,210.86,5718.128876
1784800800,210.86,210.86,210.86,210.86,0
1784804400,210.02,210.22,209.92,210.22,89297.984159
1784808000,210.22,210.22,209.12,209.12,41.635792
1784811600,209.12,210.14,209.03,209.87,31389.141239
1784815200,209.87,209.87,209.44,209.44,5002.998
1784818800,209.44,209.44,207,207,14.5521
1784822400,207,207,207,207,0
1784826000,210.37,210.37,210.37,210.37,10.013612
1784829600,210.37,210.37,207.71,207.71,260.687368
1784833200,207.71,207.71,207.29,207.7,1017.539323
1784836800,207.7,209.71,207.7,209.09,503.129787
1784840400,209.09,209.11,208.56,208.57,84055.997905
1784844000,208.57,208.57,208.08,208.31,297.292617
1784847600,208.31,208.31,207.82,207.82,372.309813
1784851200,207.82,207.86,207.75,207.75,310.977679
1784854800,207.75,207.96,207.65,207.65,5431.1527
1784858400,207.65,207.65,206.54,206.54,5272.683006
1784862000,206.54,206.54,206.54,206.54,0
1784865600,206.5,206.78,206.5,206.78,107.850568
1784869200,206.78,207.3,206.78,207.15,8350.533235
1784872800,207.15,207.15,206.36,206.36,171.437858
1784876400,206.36,207.59,206.36,207.56,5586.588211
1784880000,207.56,207.56,207.34,207.47,189.056224
1784883600,207.47,207.47,207.47,207.47,0
1784887200,208.16,208.44,207.84,207.84,96599.70172900001
1784890800,207.84,208.41,207.84,208.23,5699.309484
1784894400,208.23,208.83,208.23,208.38,6546.735954
1784898000,208.38,208.38,207.46,207.49,10603.796733
1784901600,207.49,207.74,207.19,207.74,5484.690184
1784905200,207.74,207.74,207.74,207.74,0
1784908800,210.93,210.95,210.29,210.6,33416.888924
1784912400,210.6,210.6,210.6,210.6,0
1784916000,207.5,207.5,207.5,207.5,14.3175
1784919600,207.5,207.5,207.5,207.5,0
1784923200,207.5,207.5,207.5,207.5,0
1784926800,206.85,206.89,206.75,206.88,41367.582767
1784930400,206.88,206.88,206.88,206.88,0
1784934000,206.76,206.76,206.52,206.52,10335.096528
1784937600,206.52,206.82,206.52,206.54,617.917982
1784941200,206.54,206.54,206.54,206.54,0
1784944800,206.54,206.54,206.54,206.54,0
1784948400,206.54,206.54,206.54,206.54,0
1784952000,206.54,206.54,206.54,206.54,0
1784955600,206.54,206.54,206.54,206.54,0
1784959200,207.06,207.16,207.06,207.16,344.645186
1784962800,207.16,207.24,207.13,207.24,320.311603
1784966400,207.24,207.31,207.15,207.31,386.122003
1784970000,207.31,207.31,207.31,207.31,0
1784973600,207.26,207.4,207.26,207.4,185.857204
1784977200,207.4,207.4,207.13,207.28,197.728012
1784980800,207.28,207.28,207.09,207.09,1142.360187
1784984400,207.09,207.54,207.09,207.54,5938.516181
1784988000,207.54,207.54,207,207,5200.574248
1784991600,207,207.68,207,207.66,917.86241
1784995200,207.66,207.66,207.45,207.45,105.13566
1784998800,207.45,207.78,207.45,207.78,55.256474
1785002400,207.78,207.95,207.78,207.95,42.199876
1785006000,207.95,207.98,207.86,207.86,656.029733
1785009600,207.86,208.04,207.86,208.02,25.379898
1785013200,208.02,208.02,207.96,207.96,10.210836
1785016800,207.96,208.26,207.72,208.09,10775.030426
1785020400,208.09,208.35,208.08,208.13,5225.954362
1785024000,208.13,208.16,207.72,208.11,5403.612676
1785027600,208.11,208.3,208.11,208.27,163.148439
1785031200,208.27,208.29,208.12,208.12,143.730249
1785034800,208.12,208.32,207.92,208.28,98.501756
1785038400,208.28,208.28,208.09,208.09,75.869614
1785042000,208.09,208.09,208.02,208.05,194.224356
1785045600,208.05,208.17,208.05,208.17,153.804711
1785049200,208.17,208.17,208,208.05,224.201196
1785052800,208.05,208.05,207.96,207.96,140.477183
1785056400,207.96,208.08,207.96,207.98,209.122459
1785060000,207.98,208.35,207.98,208.11,5368.529376
1785063600,208.11,208.27,208.02,208.02,5404.241014
1785067200,208.02,208.02,207.8,207.8,321.309515
1785070800,207.8,207.9,207.77,207.77,569.010663
1785074400,207.77,207.97,207.77,207.87,211.022313
1785078000,207.87,208.13,207.87,208.02,1166.010632
1785081600,208.02,208.2,208.02,208.2,154.83886
1785085200,208.2,208.3,208.2,208.28,266.589498
1785088800,208.28,208.39,208.23,208.39,204.988621
1785092400,208.39,208.46,208.37,208.44,124.759145
1785096000,208.44,208.44,208.43,208.43,149.654659
1785099600,208.43,208.71,208.43,208.55,5661.167351
1785103200,208.55,209.2,208.55,209.2,184.739966
1785106800,209.2,209.79,209.09,209.79,135.919531
1785110400,209.79,209.79,209.07,209.07,5513.209567
1785114000,209.07,209.07,208.12,208.53,164.101919
1785117600,208.53,209.06,208.53,209.06,5395.064853
1785121200,209.06,209.06,208.59,208.59,5245.941122
1785124800,208.59,208.76,208.48,208.76,63.412684
1785128400,208.76,209.14,208.76,209.1,169.273742
1785132000,209.1,209.65,209.1,209.37,5356.473038
1785135600,209.37,209.43,209.16,209.43,5373.616417
1785139200,209.43,209.62,209.26,209.62,114.443344
1785142800,209.62,209.62,209.34,209.34,61.682785
1785146400,209.34,209.34,208.96,208.96,5244.306992
1785150000,208.96,208.96,208.14,208.14,150.028992
1785153600,208.14,208.64,208.01,208.37,2322.407207
1785157200,208.37,208.37,201.83,201.83,5344.24949
1785160800,201.83,201.83,197.83,199.98,134523.413636
1785164400,199.98,199.98,196.46,196.9,116489.821012
1785168000,196.9,198.24,196.37,196.37,10522.927837
1785171600,196.37,196.41,195.66,196.41,917.214034
1785175200,196.41,197.2,196.22,197.2,397.180347
1785178800,197.2,197.79,196.9,196.9,258.972042
1785182400,196.9,197.04,196.82,196.83,265.395677
1785186000,196.83,197.16,196.83,197.03,264.269801
1785189600,197.03,197.03,196.31,196.42,5592.046688
1785193200,196.42,196.49,196.24,196.42,751.205003
1785196800,196.42,196.42,195.62,195.71,5742.870213
1785200400,195.71,195.71,194.83,194.83,234.827967
1785204000,194.83,194.83,194.83,194.83,0
1785207600,194.11,194.9,194.11,194.9,4942.473208
1785211200,194.9,194.9,193.84,194.03,174.60554
1785214800,194.03,194.13,193.25,193.25,303.453666
1785218400,193.25,193.94,193.15,193.94,699.793174
1785222000,193.94,194.25,193.61,194.09,466.106346
1785225600,194.09,194.26,193.49,194.23,607.333959
1785229200,194.23,194.56,194.23,194.56,76.286976
1785232800,194.56,194.76,194.44,194.76,5173.65987
1785236400,194.76,194.76,194.76,194.76,0
1785240000,194.76,194.76,194.76,194.76,0
1785243600,195.51,195.51,195.51,195.51,97.755
1785247200,195.51,197.36,193.49,196.45,42322.882644
1785250800,196.45,198.44,196.25,198.36,21948.499749
1785254400,198.36,198.5,196.82,197.78,99027.617536
1785258000,197.78,197.78,197.1,197.1,5234.070581
1785261600,197.1,197.1,196.95,197,121.66006
1785265200,197,197.14,197,197.14,0.177426
1785268800,197.14,197.25,197.13,197.25,152.585562
1785272400,197.25,197.25,197,197.11,191.03853
1785276000,197.11,197.31,195.9,195.9,5053.186823
1785279600,195.9,196.02,195.28,196.02,10123.409171
1785283200,196.02,197.64,196.02,197.64,12.372264
1785286800,197.64,197.64,196.04,196.04,32.44462
1785290400,196.04,196.04,195.35,195.98,221.227823
1785294000,195.98,196.06,194.75,194.84,341.609619
1785297600,194.84,194.87,194.2,194.53,769.712115
1785301200,194.53,195.86,194.53,195.86,114.217178
1785304800,195.86,196.48,195.86,196.48,149.050862
1785308400,196.48,196.5,196.4,196.4,110.38442
1785312000,196.4,196.72,195.58,196.72,95.902252
1785315600,196.72,198.03,196.72,198.03,213.501754
1785319200,198.03,198.14,196.84,196.84,253.630014
1785322800,196.84,197.58,196.84,197.58,30.6249
1785326400,197.58,197.59,196.49,196.83,7933.538096
1785330000,196.83,196.83,193.48,193.48,218.762919
1785333600,193.48,193.48,191.06,191.98,416.918897
1785337200,191.98,192.86,191.98,192.08,40421.755989
1785340800,192.08,192.08,190.77,191.76,141519.278326
1785344400,191.76,192.62,191.76,192.2,279.05624
1785348000,192.2,195.68,192.2,195.68,5301.824018
1785351600,195.68,196,191.34,191.34,10004.416552
1785355200,191.34,191.34,189.83,190.06,30656.002654
1785358800,190.06,190.06,189.02,189.02,15007.609317
1785362400,189.02,189.02,189.02,189.02,0
1785366000,189.02,189.02,189.02,189.02,0
1785369600,189.02,189.02,189.02,189.02,0
1785373200,189.02,189.02,189.02,189.02,0
1785376800,189.02,189.02,189.02,189.02,0
1785380400,189.02,189.02,189.02,189.02,0
1785384000,189.02,189.02,189.02,189.02,0
1785387600,189.02,189.02,189.02,189.02,0
1785391200,189.02,189.02,189.02,189.02,0
1785394800,189.02,189.02,189.02,189.02,0
1785398400,190.96,190.96,190.96,190.96,4996.296536
1785402000,190.96,190.96,190.96,190.96,0
1785405600,190.96,190.96,190.96,190.96,0
1785409200,193.44,193.44,193.44,193.44,67.626624
1785412800,193.44,193.44,193.44,193.44,0
1785416400,194.25,194.25,194.25,194.25,5002.539675
1785420000,194.25,196.69,194.25,196.4,5143.587608
1785423600,196.4,196.4,193.01,193.06,45054.700833
1785427200,193.06,194.21,193.06,193.37,5337.991368
1785430800,193.37,193.76,193.23,193.33,883.811752
1785434400,193.33,193.82,193.31,193.55,570.226563
1785438000,193.55,194.89,193.55,194.89,305.431
1785441600,194.89,196.26,194.89,195.86,10822.534191
1785445200,195.86,196.65,195.52,195.75,10164.767998
1785448800,195.75,196.13,195.75,196.13,134.57127
1785452400,196.13,196.8,196.13,196.8,5645.721548
1785456000,196.8,197.72,196.8,197.72,5146.316523
1785459600,197.72,198.69,197.63,197.63,118.450733
1785463200,197.63,197.93,197.63,197.93,5002.383855
1785466800,197.93,197.98,197.54,197.74,5236.412047
1785470400,197.74,198.44,197.66,198.44,137.69935
1785474000,198.44,198.64,198.43,198.52,54.9726
1785477600,198.52,198.52,197.13,197.25,5019.252642
1785481200,197.25,198.66,197.25,198.66,5163.293744
1785484800,198.66,198.66,198.31,198.57,162.568554
1785488400,198.57,198.57,197.92,197.92,95.879934
1785492000,197.92,198.09,197.92,198.09,28.937071
1785495600,198.09,198.09,197.47,197.47,212.565885
1785499200,197.47,197.47,196.68,196.68,5214.306871
1785502800,196.68,199,196.68,197.69,25295.559345
1785506400,197.69,198.81,195.47,198.14,38024.563071
1785510000,198.14,198.25,195.85,195.85,15060.79452
1785513600,195.85,196.22,195.85,196.22,32.552898
1785517200,196.22,199.84,196.22,199.56,475.028678
1785520800,199.56,199.67,198.77,198.92,131.197628
1785524400,198.92,201.62,198.73,201.62,10384.229443
1785528000,201.62,201.62,199.99,199.99,360.320958
1785531600,199.99,200.06,199.08,199.08,40123.198193
1785535200,199.08,199.08,199.08,199.08,0
1785538800,199.15,199.21,199.15,199.21,75.581523
1785542400,199.21,199.47,199.21,199.25,15528.715079
1785546000,199.25,199.3,199.25,199.3,60.52741
1785549600,199.3,199.51,199.28,199.46,138.250951
1785553200,199.46,199.54,199.41,199.41,176.593514
1785556800,199.41,199.5,199.41,199.45,222.016673
1785560400,199.45,199.7,199.36,199.36,5494.304146
1785564000,199.36,199.64,199.35,199.35,94.611822
1785567600,199.35,199.51,199.35,199.49,156.00367
1785571200,199.49,199.96,199.4,199.4,25633.372389
1785574800,199.4,199.6,199.4,199.6,15107.317612
1785578400,199.6,199.95,199.6,199.77,5189.306908
1785582000,199.77,200.04,199.77,199.82,272.47133
1785585600,199.82,199.82,199.55,199.55,307.466356
1785589200,199.55,199.73,199.55,199.6,194.169896
1785592800,199.6,199.64,199.59,199.59,22.696328
1785596400,199.59,199.59,199.32,199.32,336.88642
1785600000,199.32,199.33,199.03,199.03,229.933645
1785603600,199.03,199.12,199.03,199.09,274.923479
1785607200,199.09,199.11,198.75,198.9,251.172582
1785610800,198.9,198.9,198.69,198.71,171.808761
1785614400,198.71,198.83,198.63,198.83,141.300193
1785618000,198.83,199.36,198.64,199.33,26185.183542
1785621600,199.33,199.33,198.7,199.08,5099.28375
1785625200,199.08,199.11,198.86,199.11,173.279842
1785628800,199.11,199.25,199.11,199.22,67.536992
1785632400,199.22,199.32,199.08,199.08,10212.857421
1785636000,199.08,200.19,199.08,200.14,10331.926181
1785639600,200.14,200.41,200.14,200.34,244.426891
1785643200,200.34,200.41,200.28,200.41,201.593791
1785646800,200.41,200.44,200.36,200.36,117.58044
1785650400,200.36,200.45,200.25,200.32,5190.488341
1785654000,200.32,200.59,200.29,200.59,181.592403
1785657600,200.59,200.63,200.39,200.45,5129.397887
1785661200,200.45,200.45,200.39,200.39,72.320751
1785664800,200.39,200.4,200.11,200.11,217.759658
1785668400,200.11,200.35,200.1,200.11,153.956718
1785672000,200.11,200.44,200.11,200.36,189.376738
1785675600,200.36,200.58,200.36,200.43,358.003631
1785679200,200.43,200.67,200.43,200.62,172.721312
1785682800,200.62,200.65,200.62,200.64,146.431928
1785686400,200.64,200.82,200.52,200.64,183.234276
1785690000,200.64,200.68,200.52,200.68,101.141412
1785693600,200.68,200.86,200.68,200.86,155.146624
1785697200,200.86,201.5,200.86,201.5,348.525533
1785700800,201.5,201.77,200.6,200.6,25069.920211
1785704400,200.6,200.6,198.36,199.65,111007.897322
1785708000,199.65,200.02,199.65,199.93,19994.599331
1785711600,199.93,200.4,199.88,200.4,20507.294794
1785715200,200.4,201.37,200.4,201.09,91946.65845
1785718800,201.09,201.09,201.09,201.09,0
1785722400,201.09,201.09,201.09,201.09,0
1785726000,201.88,201.88,201.88,201.88,999.50788
1785729600,201.88,201.88,201.88,201.88,0
1785733200,201.88,201.88,201.88,201.88,0
1785736800,201.78,201.78,201.68,201.68,15007.149642
1785740400,201.68,201.9,201.68,201.9,5002.29459
1785744000,201.9,201.9,199.92,199.92,5002.618152
1785747600,199.92,199.92,199.92,199.92,0
1785751200,199.92,199.92,199.92,199.92,0
1785754800,198.88,198.88,198.88,198.88,4.17648
1785758400,198.88,198.88,198.88,198.88,0
1785762000,198.58,200.09,198.58,200.09,20006.179354
1785765600,200.09,206.41,200.09,206.41,20094.132901
1785769200,206.41,207.16,206.41,207.16,5013.71178
1785772800,207.16,207.16,207.16,207.16,0
1785776400,207.16,207.16,207.16,207.16,0
1785780000,208.38,208.55,207.85,207.85,655.433427
1785783600,207.85,208.5,207.27,207.27,297.9207
1785787200,207.27,207.27,206.65,206.65,5002.438545
1785790800,206.65,206.76,206.65,206.71,14989.5438
1785794400,206.71,206.71,206.71,206.71,0
1785798000,206.71,206.71,206.71,206.71,0
1785801600,206.71,206.71,206.71,206.71,0
1785805200,206.71,206.71,206.71,206.71,0
1785808800,206.71,206.71,206.71,206.71,0
1785812400,206.71,206.71,206.71,206.71,0
1785816000,207.33,207.53,207.21,207.41,3283.782251
1785819600,207.41,207.41,207.41,207.41,0
1785823200,207.41,207.41,207.41,207.41,0
1785826800,208.35,208.35,208.35,208.35,10.33416
1785830400,208.35,208.35,208.35,208.35,0
1785834000,208.35,208.35,208.35,208.35,0
1785837600,208.35,208.35,208.35,208.35,0
1785841200,208.9,210.46,208.9,210.46,5112.348668
1785844800,210.46,210.51,210.46,210.51,5002.307028
1785848400,210.51,211.11,210.51,210.98,9998.933129
1785852000,210.98,210.98,210.98,210.98,0
1785855600,209.89,209.89,209.69,209.69,5268.740604
1785859200,209.69,209.69,209.69,209.69,0
1785862800,209.69,209.69,209.69,209.69,0
1785866400,211.27,211.27,211.27,211.27,4997.338326
1785870000,211.27,211.27,211.27,211.27,0
1785873600,209.75,211.53,209.75,211.53,9999.450849
1785877200,211.53,216.87,211.53,215.71,40158.251477
1785880800,215.71,215.71,215.3,215.3,5002.25867
1785884400,215.3,216.41,215.3,216.41,21.85741
1785888000,216.41,216.41,216.41,216.41,0
1785891600,216.41,216.41,216.41,216.41,0
1785895200,216.41,216.41,216.41,216.41,0
1785898800,216.41,216.41,216.41,216.41,0
1785902400,216.67,216.67,216.67,216.67,234.891947
1785906000,216.67,217.36,216.67,217.23,5135.361535
1785909600,217.23,217.32,217.23,217.32,4996.07814
1785913200,217.32,217.32,217.32,217.32,0
1785916800,217.32,217.32,217.32,217.32,0
1785920400,217.32,217.32,217.32,217.32,0
1785924000,216.39,216.39,216.39,216.39,274.425798
1785927600,216.39,216.39,215.81,215.86,298.322515
1785931200,215.86,215.86,215.86,215.86,0
1785934800,217.71,220.8,217.71,220.8,5170.323418
1785938400,220.8,221.84,218.88,218.97,13646.050827
1785942000,218.97,218.97,218.97,218.97,0
1785945600,221.34,221.46,221.34,221.46,169.757526
1785949200,221.46,221.46,221.42,221.42,1067.620814
1785952800,221.42,221.42,221.42,221.42,0
1785956400,221.42,221.42,221.42,221.42,0
1785960000,219.62,219.85,219.44,219.85,10031.554446
1785963600,219.85,220.09,219.46,219.46,6162.788317
1785967200,219.46,219.46,219.46,219.46,0
1785970800,219.46,219.46,219.46,219.46,0
1785974400,219.46,219.46,219.46,219.46,0
1785978000,219.46,219.46,219.46,219.46,0
1785981600,219.46,219.46,219.46,219.46,0
1785985200,219.46,219.46,219.46,219.46,0
1785988800,219.46,219.46,219.46,219.46,0
1785992400,220.16,220.16,220,220,1257.791184
1785996000,220,220,220,220,0
1785999600,220,220,220,220,0
1786003200,218.49,218.49,218.49,218.49,101.81634
1786006800,218.49,218.49,218.49,218.49,0
1786010400,219.7,219.7,219.7,219.7,21.46469
1786014000,219.7,222.19,219.7,222.19,25.657043
1786017600,222.19,222.19,222.19,222.19,0
1786021200,220.53,223.05,220.53,223.05,243.351841
1786024800,223.05,223.05,219.34,219.44,70.687852
1786028400,219.44,219.44,217.84,217.86,23.614782
1786032000,217.86,219.5,217.86,219.5,23.65888
1786035600,219.5,219.5,219.5,219.5,0
1786039200,219.5,219.5,219.5,219.5,0
1786042800,219.96,219.96,219.64,219.64,10007.267224
1786046400,219.64,219.64,219.02,219.02,34.210924
1786050000,219.02,219.04,219.02,219.04,5025.849552
1786053600,219.04,219.04,218.84,218.84,4996.926908
1786057200,218.84,218.84,218.84,218.84,0
1786060800,218.84,218.84,218.84,218.84,0
1786064400,219.28,219.28,219.19,219.19,108.872182
1786068000,219.19,219.19,219.19,219.19,0
1786071600,219.19,219.19,219.19,219.19,0
1786075200,219.19,219.19,219.19,219.19,0
1786078800,218.97,218.97,218.97,218.97,99.981702
1786082400,218.97,218.97,218.97,218.97,0
1786086000,218.97,218.97,218.97,218.97,0
1786089600,219.81,219.81,219.81,219.81,11.100405
1786093200,219.81,219.81,219.81,219.81,0
1786096800,219.36,219.36,219.36,219.36,99.940416
1786100400,219.36,219.36,219.36,219.36,0
1786104000,219.81,220.74,219.81,220.74,5142.524155
1786107600,220.74,222.78,220.74,222.78,5113.121193
1786111200,222.78,223.17,221.95,223,10675.791693
1786114800,223,224.73,223,224.73,116.909098
1786118400,224.73,224.73,222.71,222.71,5449.023251
1786122000,222.71,222.71,222.71,222.71,0
1786125600,222.71,222.71,222.71,222.71,0
1786129200,222.71,222.71,222.71,222.71,0
1786132800,222.71,222.71,222.71,222.71,0
1786136400,222.71,222.71,222.71,222.71,0
1786140000,222.71,222.71,222.71,222.71,0
1786143600,222.71,222.71,222.71,222.71,0
1786147200,223.43,223.43,223.43,223.43,35.793486
1786150800,223.43,223.82,223.43,223.82,5002.93655
1786154400,223.82,223.82,223.82,223.82,0
1786158000,223.76,223.78,223.76,223.78,961.804278
1786161600,223.78,223.78,223.78,223.78,0
1786165200,223.78,223.78,223.78,223.78,0
1786168800,223.78,223.78,223.78,223.78,0
1786172400,223.78,223.78,223.78,223.78,0
1786176000,223.78,223.78,223.78,223.78,0
1786179600,223.61,223.65,223.61,223.65,5615.52245
1786183200,223.65,223.65,223.65,223.65,0
1786186800,223.65,223.65,223.65,223.65,0
1786190400,223.65,223.65,223.65,223.65,0
1786194000,223.65,223.65,223.65,223.65,0
1786197600,223.65,223.65,223.65,223.65,0
1786201200,223.65,223.65,223.65,223.65,0
1786204800,224.1,224.1,224.1,224.1,13.51323
1786208400,224.1,224.1,224.1,224.1,0
1786212000,224.1,224.1,224.1,224.1,0
1786215600,224.69,224.69,224.69,224.69,4996.341654
1786219200,224.69,224.69,224.69,224.69,0
1786222800,224.69,224.69,224.69,224.69,0
1786226400,224.69,224.69,224.69,224.69,0
1786230000,224.69,224.69,224.69,224.69,0
1786233600,225.13,225.13,225.13,225.13,10.018285
1786237200,225.13,225.13,225.13,225.13,0
1786240800,224.93,224.93,224.93,224.93,363.644331
1786244400,224.93,224.93,224.93,224.93,0
1786248000,224.93,224.93,224.93,224.93,0
1786251600,224.93,224.93,224.93,224.93,0
1786255200,224.93,224.93,224.93,224.93,0
1786258800,224.93,224.93,224.93,224.93,0
1786262400,224.93,224.93,224.93,224.93,0
1786266000,224.93,224.93,224.93,224.93,0
1786269600,224.93,224.93,224.93,224.93,0
1786273200,224.93,224.93,224.93,224.93,0
1786276800,224.93,224.93,224.93,224.93,0
1786280400,224.93,224.93,224.93,224.93,0
1786284000,224.93,224.93,224.93,224.93,0
1786287600,224.93,224.93,224.93,224.93,0
1786291200,224.95,224.95,224.95,224.95,4996.611895
1786294800,224.95,224.95,224.95,224.95,0
1786298400,225.47,225.47,225.47,225.47,364.517349
1786302000,225.47,225.47,225.47,225.47,0
1786305600,225.47,225.47,225.47,225.47,0
1786309200,225.54,225.65,225.24,225.65,20003.833819
1786312800,225.65,225.65,224.97,224.97,17726.977172
1786316400,224.97,225.02,224.4,224.51,30781.553156
1786320000,224.51,224.93,223.94,224.93,10288.612687
1786323600,224.93,224.93,224.93,224.93,0
1786327200,224.93,224.93,224.93,224.93,0
1786330800,224.69,224.69,224.69,224.69,5482.436
1786334400,224.69,224.69,224.69,224.69,0
1786338000,224.78,224.78,224.78,224.78,233.568898
1786341600,224.78,224.78,224.69,224.69,5228.893935
1786345200,224.69,224.69,224.69,224.69,0
1786348800,224.69,224.69,224.69,224.69,0
1786352400,224.69,224.69,224.69,224.69,0
1786356000,224.87,224.87,224.87,224.87,4996.903731
1786359600,224.87,224.87,224.87,224.87,0
1786363200,223.03,223.03,223.03,223.03,10.014047
1786366800,223.03,223.5,222.08,222.08,10472.160078
1786370400,222.08,222.08,219.66,219.66,4871.568673
1786374000,219.66,219.92,219.05,219.22,8289.621862
1786377600,219.22,220.09,216.91,216.91,61.129841
1786381200,216.91,217.76,216.91,217.76,926.255047
1786384800,217.76,218.92,217.76,218.92,13.551148
1786388400,218.92,218.92,218.92,218.92,0
1786392000,218.92,218.92,218.92,218.92,0
1786395600,218.92,218.92,218.92,218.92,0
1786399200,218.96,218.96,218.73,218.73,23.985138
1786402800,218.73,218.73,218.11,218.13,19987.703363
1786406400,218.13,218.16,218.13,218.16,325.320192
1786410000,218.16,218.16,218.16,218.16,0
1786413600,218.16,218.16,218.16,218.16,0
1786417200,218.16,218.16,218.16,218.16,0
1786420800,219.71,219.71,219.46,219.55,107.030834
1786424400,219.55,219.55,219.55,219.55,0
1786428000,219.55,219.55,219.55,219.55,0
1786431600,219.55,219.55,219.55,219.55,0
1786435200,219.55,219.55,219.55,219.55,0
1786438800,219.55,219.55,219.55,219.55,0
1786442400,219.55,219.55,219.55,219.55,0
1786446000,219.55,219.55,219.55,219.55,0
1786449600,220.8,220.8,220.8,220.8,5002.24608
1786453200,220.8,221.42,220.72,220.72,5023.688226
1786456800,220.72,220.72,220.72,220.72,0
1786460400,220.72,220.72,220.72,220.72,0
1786464000,219.06,219.06,219.06,219.06,19.145844
1786467600,219.06,219.06,216.9,216.9,101.68272
1786471200,216.9,216.9,216.9,216.9,0
1786474800,217.85,217.85,217.85,217.85,13.9424
1786478400,217.85,217.95,217.85,217.95,22.2309
1786482000,217.95,217.95,217.95,217.95,0
1786485600,217.95,217.95,217.95,217.95,0
1786489200,218.14,218.14,218.14,218.14,4996.256746
1786492800,218.14,218.14,218.14,218.14,0
1786496400,218.14,218.14,218.14,218.14,0
1786500000,218,218,218,218,21946.0818
1786503600,218,218,218,218,7834.265999999999
1786507200,218,218,218,218,0
1786510800,218,218,218,218,225.2594
1786514400,218,218,218,218,0
1786518000,218,218,218,218,11541.4432
1786521600,218,218,218,218,0
1786525200,218,218,218,218,0
1786528800,220.01,220.01,220.01,220.01,24.927133
1786532400,220.01,220.01,219.31,219.31,22.36962
1786536000,219.31,220.56,219.22,220.56,5099.663898
1786539600,220.56,221.9,220.56,221.9,10004.41398
1786543200,221.9,224.31,221.9,224.31,44917.882307
1786546800,224.31,224.31,222.94,222.94,11185.982782
1786550400,222.94,223.4,222.94,223.4,5002.39514
1786554000,223.4,224,223.4,224,4997.776
1786557600,224,224,224,224,0
1786561200,222.5,222.59,222.5,222.59,6802.05359
1786564800,222.59,222.59,222.59,222.59,0
1786568400,223.41,223.72,223.41,223.72,7894.822591
1786572000,223.72,223.72,223.72,223.72,0
1786575600,223.72,223.72,223.72,223.72,0
1786579200,223.72,223.72,223.72,223.72,0
1786582800,223.72,223.72,223.72,223.72,0
1786586400,223.72,223.72,223.72,223.72,0
1786590000,224.39,224.39,224.39,224.39,33.6585
1786593600,224.39,224.56,224.39,224.56,4996.46
1786597200,224.56,224.64,224.53,224.64,71.496245
1786600800,224.64,224.64,224.33,224.33,550.267836
1786604400,224.33,224.33,224.33,224.33,0
1786608000,224.21,224.21,224.21,224.21,29.999298
1786611600,224.21,224.21,223.79,223.79,5482.855
1786615200,223.79,224.46,223.79,224.33,5026.562292
1786618800,224.33,224.33,224.33,224.33,0
1786622400,223.93,223.93,223.93,223.93,29.78269
1786626000,223.93,225.87,223.93,225.87,116.960307
1786629600,225.87,226.09,225.34,225.34,71.337166
1786633200,225.34,225.34,224.31,224.32,4135.621737
1786636800,224.32,225.53,224.32,225.19,4662.278132
1786640400,225.19,225.64,225.19,225.64,1744.205191
1786644000,225.64,225.77,225.18,225.77,10082.322296
1786647600,225.77,226.02,225,225,22717.793109
1786651200,225,225.55,225,225.55,4050.479691
1786654800,225.55,225.77,225.55,225.64,6615.692703
1786658400,225.64,225.64,225.64,225.64,0
1786662000,225.78,225.78,225.67,225.7,797.13855
1786665600,225.7,225.7,225.21,225.47,1014.961996
1786669200,225.47,225.47,224.76,225.14,3506.077414
1786672800,225.14,225.47,225.14,225.47,7418.035744
1786676400,225.47,225.47,225.47,225.47,0
1786680000,225.17,225.23,225.01,225.01,3820.013782
1786683600,225.01,225.33,225.01,225.33,4583.828146
1786687200,225.33,225.33,225.02,225.15,2881.060996
1786690800,225.15,225.54,224.95,225.43,29801.876548
1786694400,225.43,225.93,225.42,225.93,2577.949373
1786698000,225.93,226.07,225.9,225.9,4332.580576
1786701600,225.9,226.45,225.9,226.11,12461.965978
1786705200,226.11,226.33,225.74,225.86,2651.048709
1786708800,225.86,225.98,225.24,225.98,3112.230334
1786712400,225.98,227.19,225.17,225.55,61962.380952
1786716000,225.55,226.81,224.72,226.21,46237.766003
1786719600,226.21,226.21,224.73,225.14,15537.484669
1786723200,225.14,225.72,224.82,224.99,29552.425287000002
1786726800,224.99,225.65,224.99,225.33,46881.799808
1786730400,225.33,225.55,224.56,225.01,89844.027701
1786734000,225.01,225.47,224.78,225.21,52988.2872
1786737600,225.21,225.21,224.86,225.07,64565.30979
1786741200,225.07,225.4,224.82,224.82,155467.787645
1786744800,224.82,225.05,224.69,224.89,230125.507301
1786748400,224.89,225.02,224.5,224.75,192430.91003600002
1786752000,224.75,224.83,224.75,224.81,43488.146125
1786755600,224.81,224.82,224.81,224.81,6039.252146
1786759200,224.81,224.82,224.81,224.81,22335.271492
1786762800,224.81,224.82,224.41,224.64,98772.562361
1786766400,224.64,224.7,224.32,224.45,108975.195572
1786770000,224.45,224.56,224.42,224.56,33932.733003
1786773600,224.56,224.67,224.26,224.26,131710.39242000002
1786777200,224.26,224.64,224.26,224.51,187147.576613
1786780800,224.51,224.81,224.51,224.74,356612.39016999997
1786784400,224.74,224.82,224.2,224.8,183330.749185
1786788000,224.8,224.94,224.4,224.9,87503.065796
1786791600,224.9,225.02,224.62,224.82,192502.907707
1786795200,224.82,225.05,224.3,224.86,169307.60672
1786798800,224.86,225.13,224.67,224.82,122939.572628
1786802400,224.82,224.98,224.67,224.77,349608.546099
1786806000,224.77,225.02,224.73,224.73,459159.75457499997
1786809600,224.73,225.16,224.4,224.99,499643.855016
1786813200,224.99,225.18,224.76,225.04,280296.150791
1786816800,225.04,225.21,225,225.15,83965.278238
1786820400,225.15,225.32,225.09,225.13,127300.656009
1786824000,225.13,225.17,224.89,225.11,268859.857743
1786827600,225.11,225.32,225.11,225.25,287165.108383
1786831200,225.25,225.32,225.18,225.2,433481.624313
1786834800,225.2,225.3,225.04,225.11,488965.505941
1786838400,225.11,225.13,225.04,225.09,579846.836795
1786842000,225.09,225.14,224.75,225.01,609808.726065
1786845600,225.01,225.13,224.99,225.07,112962.20712600001
1786849200,225.07,225.29,225.03,225.28,105634.652382
1786852800,225.28,225.34,225.21,225.34,35535.350816
1786856400,225.34,225.34,224.94,225.23,400182.502199
1786860000,225.23,225.24,225.2,225.22,35413.578555
1786863600,225.22,225.55,225.09,225.3,245861.088281
1786867200,225.3,225.51,225.14,225.14,53791.519792
1786870800,225.14,225.46,224.9,225.26,91360.72892
1786874400,225.26,225.32,224.9,225.03,83747.208351
1786878000,225.03,225.24,224.96,225.14,42738.950925
1786881600,225.14,225.37,224.83,225.05,134486.933146
1786885200,225.05,225.22,224.9,225.17,81449.645506
1786888800,225.17,225.21,225.05,225.1,17500.47213
1786892400,225.1,225.27,225.1,225.15,9997.858767
1786896000,225.15,225.28,225.1,225.21,17126.625298
1786899600,225.21,225.21,224.98,225.19,34350.934131
1786903200,225.19,225.21,225.18,225.21,12633.086207
1786906800,225.21,225.21,225.14,225.21,47013.487249
1786910400,225.21,225.21,225.14,225.21,40576.652893
1786914000,225.21,225.24,225.15,225.23,36665.023973
1786917600,225.23,225.59,225.23,225.53,21337.752174
1786921200,225.53,225.59,225.33,225.44,13032.055171
1786924800,225.44,225.75,224.8,225.6,40470.316973
1786928400,225.6,225.85,225.5,225.61,4509.285408
1786932000,225.61,225.84,225.37,225.69,14541.918979
1786935600,225.69,225.83,225.62,225.79,6893.086443
1786939200,225.79,225.9,225.77,225.83,14992.313955
1786942800,225.83,225.91,225.66,225.69,12379.03502
1786946400,225.69,226.29,225.65,226.22,122360.128042
1786950000,226.22,226.31,225.82,226.1,102294.958745
1786953600,226.1,226.37,225.84,226.13,108343.657812
1786957200,226.13,226.13,225.77,225.99,33866.285664
1786960800,225.99,226.42,225.93,226.25,29042.665875
1786964400,226.25,226.8,226.25,226.65,75217.470183
1786968000,226.65,226.98,226.1,226.3,44995.786214
1786971600,226.3,226.92,225.16,226.2,31892.677374
1786975200,226.2,227.15,225.42,226.21,22801.739516999998
1786978800,226.21,227.89,226.21,227.67,42530.28603
1786982400,227.67,227.72,226.75,227.02,26521.301454
1786986000,227.02,227.09,225.8,225.83,27292.055051
1786989600,225.83,225.89,225.39,225.7,26240.131284
1786993200,225.7,225.98,224.83,224.95,31337.551381
1786996800,224.95,225.1,224.95,225.09,27030.098935
1787000400,225.09,225.12,225,225.09,34832.624676
1787004000,225.09,225.17,225.01,225.15,15276.838727
1787007600,225.15,225.27,225.03,225.22,7761.780972
1787011200,225.22,225.24,225.14,225.14,7738.257851
1787014800,225.14,225.33,224.24,224.32,35264.533293
1787018400,224.32,224.35,222.84,222.84,65863.364607
1787022000,222.84,223.15,222.08,222.82,12632.392243
1787025600,222.82,223.14,222.76,223.12,20037.203454
1787029200,223.12,223.12,222.09,222.09,10775.46087
1787032800,222.09,222.43,221.81,222.43,28523.738289
1787036400,222.43,222.7,222,222,13950.557247
1787040000,222,222.05,220.46,220.6,76510.456201
1787043600,220.6,220.7,219.65,220.3,21032.741554
1787047200,220.3,220.86,220.1,220.79,6657.556732
1787050800,220.79,221,220.59,220.82,13543.830656
1787054400,220.82,221.14,220.32,220.43,13499.249097
1787058000,220.43,221.4,219.46,220.2,116433.01396
1787061600,220.2,220.74,218.86,218.9,64132.583637
1787065200,218.9,220.23,218.79,219.75,28965.453313
1787068800,219.75,220.42,219.48,220.17,23321.270844
1787072400,220.17,220.53,219.91,220.2,26276.510404
1787076000,220.2,220.31,219.32,219.92,32340.65604
1787079600,219.92,220.01,219.04,219.65,85924.151728
1787083200,219.65,220.05,219.61,219.66,16064.542928
1787086800,219.66,219.69,219.43,219.5,7860.570663
1787090400,219.5,219.7,219.02,219.02,16485.445287
1787094000,219.02,219.29,218.95,219.24,53801.577873
1787097600,219.24,219.5,218.45,219.2,81464.347268
1787101200,219.2,220.08,219.11,219.83,19144.811256
1787104800,219.83,219.83,219.13,219.28,18094.327053
1787108400,219.28,219.6,219.17,219.35,23738.369263
1787112000,219.35,219.35,218.75,219.05,39367.736738
1787115600,219.05,219.34,218.72,218.81,109813.285866
1787119200,218.81,219.46,218.57,219.46,64854.871808
1787122800,219.46,220.05,219.18,220.05,59540.056441
1787126400,220.05,221.19,219.99,220.55,52253.48949
1787130000,220.55,220.76,220.2,220.45,83329.806411
1787133600,220.45,220.78,219.96,220.31,101375.095781
1787137200,220.31,220.59,219.59,219.77,331740.021373
1787140800,219.77,221.34,219.74,221.31,73671.44812
1787144400,221.31,222.78,218.07,218.69,156274.46996
1787148000,218.69,219.88,216.95,219.88,222332.917411
1787151600,219.88,219.91,218.79,219.35,132823.768113
1787155200,219.35,220.67,218.92,218.99,74729.256711
1787158800,218.99,219.41,218.84,219.15,27806.882781
1787162400,219.15,219.79,218.79,219.54,74979.825496
1787166000,219.54,219.99,217.16,217.57,133359.883375
1787169600,217.57,218.19,217.57,218.15,43883.483498
1787173200,218.15,218.45,218.13,218.45,87091.66067
1787176800,218.45,218.88,218.4,218.73,53130.96809
1787180400,218.73,219.06,218.73,218.93,63509.026822
1787184000,218.93,219.24,218.55,219.24,173496.474486
1787187600,219.24,219.37,219.06,219.23,133712.475181
1787191200,219.23,219.5,218.82,219.01,147581.05052
1787194800,219.01,219.27,218.89,219.03,138706.618349
1787198400,219.03,219.35,218.92,219.09,71177.465855
1787202000,219.09,219.28,218.93,219.08,140847.611351
1787205600,219.08,219.54,219.08,219.45,84682.821562
1787209200,219.45,219.54,219.14,219.22,90143.004672
1787212800,219.22,219.24,218.03,218.13,211999.540326
1787216400,218.13,218.66,218.06,218.51,243206.90076
1787220000,218.51,218.83,218.46,218.83,173232.159779
1787223600,218.83,218.88,217.51,217.52,165223.802762
1787227200,217.52,218,216.49,217.87,124039.964771
1787230800,217.87,219.73,217.32,217.75,180743.110448
1787234400,217.75,218.97,216.9,217.69,165749.540558
1787238000,217.69,218.29,215.87,216.31,168105.440811
1787241600,216.31,217.97,216.31,217.83,88526.470789
1787245200,217.83,217.95,216.36,216.94,84870.960722
1787248800,216.94,217.08,216.42,216.71,56364.58745
1787252400,216.71,217.46,216.48,216.91,91811.663754
1787256000,216.91,217.16,216.84,217.11,194719.360508
1787259600,217.11,217.36,217.08,217.26,107451.916607
1787263200,217.26,217.35,217.07,217.35,38609.435202
1787266800,217.35,217.35,217.13,217.13,34884.804218
1787270400,217.13,217.62,216.93,217.42,100222.92556
1787274000,217.42,217.8,217.14,217.59,80314.198254
1787277600,217.59,218.15,217.58,218.05,93817.90513
1787281200,218.05,218.05,217.78,217.78,78133.560554
1787284800,217.78,218.02,217.47,217.67,68784.63834599999
1787288400,217.67,217.84,217.55,217.76,62280.871725000005
1787292000,217.76,217.93,217.62,217.89,83517.140866
1787295600,217.89,218.29,217.84,218.08,133297.37678700002
1787299200,218.08,218.53,217.73,218.39,92735.717985
1787302800,218.39,218.43,213,217.26,151392.389162
1787306400,217.26,217.65,217.26,217.54,28305.19554
1787310000,217.54,218.66,217.4,218.12,88672.41283
1787313600,218.12,218.28,217.8,217.84,78383.746181
1787317200,217.84,218.78,215.93,216.28,350107.874811
1787320800,216.28,216.71,214.62,214.75,69679.034942
1787324400,214.75,217.04,214.75,216.17,35979.604044
1787328000,216.17,216.21,215.08,215.37,50306.584719
1787331600,215.37,215.95,214.84,215.83,33062.400363
1787335200,215.83,216.13,215.11,215.3,65763.466975
1787338800,215.3,215.51,214.73,214.73,52767.467591
1787342400,214.73,215.18,214.73,215.12,52021.130503
1787346000,215.12,215.2,215.06,215.2,25037.974367
1787349600,215.2,215.47,215.17,215.37,59077.195016
1787353200,215.37,215.51,215.35,215.36,97052.99409000001
1787356800,215.36,215.42,215.21,215.3,62123.360453
1787360400,215.3,215.56,215.17,215.48,68801.973368
1787364000,215.48,215.74,215.34,215.74,55314.690857
1787367600,215.74,215.97,215.65,215.81,73920.72391
1787371200,215.81,215.89,215.38,215.44,104048.679895
1787374800,215.44,215.44,214.73,215.21,178850.676352
1787378400,215.21,215.45,215.12,215.3,70772.063617
1787382000,215.3,215.45,215.23,215.38,123550.503734
1787385600,215.38,215.42,215.16,215.36,139585.023955
1787389200,215.36,215.41,215.17,215.26,166249.160227
1787392800,215.26,215.43,215.04,215.22,227695.704528
1787396400,215.22,215.49,215.21,215.47,184832.791019
1787400000,215.47,215.79,215.46,215.69,59545.936289
1787403600,215.69,215.81,215.51,215.62,178619.876425
1787407200,215.62,215.68,215.42,215.64,364472.555361
1787410800,215.64,215.64,215.29,215.29,109146.258228
1787414400,215.29,215.57,215.28,215.51,144330.227135
1787418000,215.51,215.58,215.44,215.51,170032.18345399998
1787421600,215.51,215.76,215.41,215.73,246873.149514
1787425200,215.73,216.29,215.68,216.19,192282.712207
1787428800,216.19,216.19,215.85,215.93,173893.65794
1787432400,215.93,216.12,215.85,216.12,165177.726932
1787436000,216.12,216.22,215.97,216.18,201510.768702
1787439600,216.18,216.28,215.91,216.25,172124.731901
1787443200,216.25,216.36,216.1,216.2,162555.45218
1787446800,216.2,216.72,216.2,216.58,114704.953117
1787450400,216.58,216.67,216.47,216.63,132786.699229
1787454000,216.63,216.83,216.58,216.75,134761.226464
1787457600,216.75,217.07,216.69,216.99,226964.567716
1787461200,216.99,217.05,216.75,216.86,153638.531618
1787464800,216.86,217.05,216.69,216.84,269711.795365
1787468400,216.84,217.03,216.81,216.89,125254.158747
1787472000,216.89,217.28,216.89,217.24,33894.52782
1787475600,217.24,217.3,217.05,217.23,85685.500072
1787479200,217.23,217.35,217.12,217.26,69402.095174
1787482800,217.26,217.55,217.2,217.44,141411.074716
1787486400,217.44,218.3,217.44,218.26,138601.015592
1787490000,218.26,218.39,218,218.33,76451.526064
1787493600,218.33,218.98,218.18,218.66,130520.818602
1787497200,218.66,218.68,218.26,218.44,115972.929072
1787500800,218.44,218.77,218.44,218.69,69148.024395
1787504400,218.69,219,218.65,218.94,105641.292749
1787508000,218.94,219.67,218.94,219.2,348583.619283
1787511600,219.2,219.64,218.91,219.56,128254.729193
1787515200,219.56,219.73,219.25,219.51,68689.903702
1787518800,219.51,219.72,219.05,219.22,106407.28656000001
1787522400,219.22,219.32,218.21,218.75,157665.59966
1787526000,218.75,219.1,217.87,218.31,170465.256384
1787529600,218.31,218.31,216.33,216.87,457454.344804
1787533200,216.87,217.17,216.68,216.76,201117.358339
1787536800,216.76,216.95,216.33,216.85,291441.79996699997
1787540400,216.85,216.85,215.98,216.17,36531.520314
1787544000,216.17,216.62,216.07,216.39,42185.387666999995
1787547600,216.39,216.54,215.52,215.64,52320.570064
1787551200,215.64,215.64,214.98,215.36,87351.905057
1787554800,215.36,215.67,215.02,215.17,22190.758463
1787558400,215.17,215.44,214.51,215.13,26674.265996
1787562000,215.13,215.41,214.97,215.21,67044.167783
1787565600,215.21,215.56,214.58,214.74,25870.249656
1787569200,214.74,215.04,213.16,214.69,120891.51475
1787572800,214.69,215.72,214.39,215.4,115968.677343
1787576400,215.4,215.95,209.27,209.92,398732.708767
1787580000,209.92,210.54,208.88,209.97,343574.955894
1787583600,209.97,210.92,209.19,210.41,193383.619159
1787587200,210.41,211.24,209.83,209.94,227429.864883
1787590800,209.94,210.36,209.41,209.8,198144.479567
1787594400,209.8,210.58,209.42,209.54,107987.150872
1787598000,209.54,209.73,207.89,208.61,176167.76064300002
1787601600,208.61,208.83,208.34,208.83,198621.930824
1787605200,208.83,209.2,208.75,209.01,430144.029364
1787608800,209.01,209.12,208.81,208.96,291930.249591
1787612400,208.96,209.17,208.79,209.04,323248.603627
1787616000,209.04,209.32,208.19,209.25,315762.135299
1787619600,209.25,209.66,208.98,209.41,250029.824945
1787623200,209.41,209.71,209.31,209.37,238022.853153
1787626800,209.37,209.86,209.29,209.77,276639.365238
1787630400,209.77,210.27,209.68,210.27,112305.228834
1787634000,210.27,210.78,210.19,210.73,219623.73908600002
1787637600,210.73,211.04,210.6,210.81,59905.787376
1787641200,210.81,210.94,210.48,210.57,137083.867335
1787644800,210.57,211.25,210.28,211.14,246227.685329
1787648400,211.14,211.75,211.03,211.65,158244.879898
1787652000,211.65,211.65,211.09,211.09,139482.616212
1787655600,211.09,211.1,210.28,211.1,173221.220011
1787659200,211.1,211.44,210.76,211.29,186781.205803
1787662800,211.29,214.81,210.42,213.58,279720.621493
1787666400,213.58,214.03,211.23,211.26,175804.607361
1787670000,211.26,211.92,210.36,211.79,191055.21513000003
1787673600,211.79,212.67,211.64,212.34,98628.1686
1787677200,212.34,212.63,211.88,212.56,80115.77064599999
1787680800,212.56,213.4,212.05,213.25,77040.086752
1787684400,213.25,213.5,211.9,213.1,122773.274211
1787688000,213.1,214.08,213.1,213.68,225766.785315
1787691600,213.68,214.16,213.58,214.16,166893.183083
1787695200,214.16,214.46,214.04,214.33,143611.45003
1787698800,214.33,214.37,213.66,213.75,34982.037281
1787702400,213.75,213.94,212.87,212.91,57578.610489
1787706000,212.91,213.29,212.82,213.29,29820.528192
1787709600,213.29,214.19,213.17,213.96,41705.160056
1787713200,213.96,214.41,213.88,214.39,34324.725351
1787716800,214.39,214.45,213.72,213.91,41016.8197
1787720400,213.91,214.21,213.8,214.03,253202.429515
1787724000,214.03,214.1,213.64,214.04,78181.623806
1787727600,214.04,214.04,213.49,213.7,648418.979493
1787731200,213.7,214.16,213.49,213.82,84086.032713
1787734800,213.82,213.84,213.42,213.8,495593.11399600003
1787738400,213.8,213.94,213.51,213.9,109546.938041
1787742000,213.9,214.03,212.54,212.92,109324.424075
1787745600,212.92,213.3,212.43,212.44,165008.656781
1787749200,212.44,213.53,210.86,212.59,459309.625078
1787752800,212.59,212.59,210.11,211.04,646818.115958
1787756400,211.04,211.41,210.56,210.67,124758.483676
1787760000,210.67,210.67,209.5,209.89,129743.521972
1787763600,209.89,210.62,209.74,210.59,68703.190378
1787767200,210.59,211.44,210.2,211.26,684406.09207
1787770800,211.26,211.41,209.44,210,305441.100728
1787774400,210,211.34,203.88,210.53,1713920.89416
1787778000,210.53,220.54,208.74,218.89,3875908.692005
1787781600,218.89,219.41,217.5,218.55,205088.12308299998
1787785200,218.55,219.51,217.78,219.51,73722.754971
1787788800,219.51,219.55,218.67,218.7,142064.374396
1787792400,218.7,222.2,218.7,221.67,198105.125418
1787796000,221.67,221.99,220.69,221.1,39527.783226
1787799600,221.1,221.66,220.81,221.43,76939.107084
1787803200,221.43,221.74,220.96,221.15,103883.836388
1787806800,221.15,221.29,220.44,221.22,120898.83671599999
1787810400,221.22,221.22,219.27,220.66,143273.83033
1787814000,220.66,222.34,220.4,222.25,105717.39971099999
1787817600,222.25,226.83,221.75,226.43,426300.172328
1787821200,226.43,226.43,224.56,224.68,220129.166584
1787824800,224.68,225.13,223.87,223.87,132658.064469
1787828400,223.87,224.03,221.7,222.54,279596.350075
1787832000,222.54,223.71,221.76,222.36,340733.616441
1787835600,222.36,225.81,221.24,224.34,1545548.32206
1787839200,224.34,226.92,223.72,226.92,902124.544098
1787842800,226.92,227.29,224.94,226.25,535511.784876
1787846400,226.25,229.8,226.25,229.6,310399.807897
1787850000,229.6,230.4,228.28,228.44,132241.265132
1787853600,228.44,228.44,225.46,226.1,220080.272946
1787857200,226.1,228.86,225.69,227.99,258194.865307
1787860800,227.99,227.99,226.54,226.81,159856.774719
1787864400,226.81,227.17,225.91,226.02,154897.047581
1787868000,226.02,226.55,225.85,226.33,170086.909573
1787871600,226.33,226.39,225.94,226.15,78526.72568
1787875200,226.15,226.64,226.02,226.33,114296.019936
1787878800,226.33,226.86,226.26,226.84,140196.03789
1787882400,226.84,226.87,226.22,226.41,115839.651036
1787886000,226.41,227.08,226.41,226.55,308340.900181
1787889600,226.55,226.74,226.34,226.64,216761.083342
1787893200,226.64,226.68,226.1,226.13,264758.462815
1787896800,226.13,227.1,226.13,227.1,157551.416214
1787900400,227.1,227.1,226.24,226.34,278044.861159
1787904000,226.34,226.48,225.17,225.49,340656.190545
1787907600,225.49,226.18,225.49,226.03,241138.457937
1787911200,226.03,226.96,225.92,226.83,278056.090195
1787914800,226.83,227.53,226.63,226.72,261443.424781
1787918400,226.72,227.96,226.69,227.92,91736.709456
1787922000,227.92,229.25,224.69,225.28,703963.39433
1787925600,225.28,226.93,223.46,226.86,748244.904142
1787929200,226.86,226.87,221.17,221.36,337423.911089
1787932800,221.36,221.37,219.87,219.96,238238.432223
1787936400,219.96,219.96,218.07,219.49,119093.411575
1787940000,219.49,219.49,217.04,217.22,89585.729822
1787943600,217.22,218.23,217.13,217.65,240242.42604299998
1787947200,217.65,218.1,217.62,217.94,204790.953905
1787950800,217.94,218.05,217.76,218,130037.84178599999
1787954400,218,218.21,217.83,218.12,130134.76494499999
1787958000,218.12,218.23,218.02,218.08,70555.351184
1787961600,218.08,218.32,217.75,217.83,142992.276248
1787965200,217.83,218.22,217.83,218.2,182091.282138
1787968800,218.2,218.29,218.02,218.09,206294.381609
1787972400,218.09,218.57,218.09,218.51,154948.664148
1787976000,218.51,218.58,218.43,218.48,186175.506839
1787979600,218.48,218.76,218.48,218.7,143069.64024
1787983200,218.7,218.87,218.59,218.76,200663.13527199998
1787986800,218.76,218.95,218.76,218.91,225725.730306
1787990400,218.91,219.03,218.85,218.94,261040.479589
1787994000,218.94,219.03,218.8,218.88,89007.278318
1787997600,218.88,218.95,218.75,218.93,11598.227563
1788001200,218.93,218.98,218.85,218.9,16391.036849
1788004800,218.9,218.97,218.78,218.78,20018.757621
1788008400,218.78,218.79,218.63,218.68,70530.450746
1788012000,218.68,218.92,218.68,218.91,31795.930704
1788015600,218.91,218.95,218.7,218.71,48840.215205
1788019200,218.71,218.93,218.7,218.91,25925.632043
1788022800,218.91,218.94,218.74,218.87,19333.859948
1788026400,218.87,218.99,218.82,218.93,37803.548886000004
1788030000,218.93,218.98,218.87,218.95,47319.287269
1788033600,218.95,218.98,218.77,218.88,41463.338041
1788037200,218.88,218.96,218.81,218.92,24621.150371
1788040800,218.92,218.95,218.76,218.87,110207.816504
1788044400,218.87,218.96,218.86,218.93,5759.070459
1788048000,218.93,218.96,218.84,218.92,20357.209967
1788051600,218.92,218.95,218.85,218.91,37490.09483
1788055200,218.91,219.02,218.91,219,4697.2705
1788058800,219,219.06,218.98,219.01,16292.202122
1788062400,219.01,219.01,218.95,218.95,5071.200476
1788066000,218.95,219.02,218.95,218.97,12691.982511
1788069600,218.97,219.01,218.92,219,3959.701882
1788073200,219,219.08,219,219.04,8906.871574
1788076800,219.04,219.08,218.93,218.94,76734.479381
1788080400,218.94,219.06,218.94,219.03,29749.935609
1788084000,219.03,219.17,218.94,218.98,163827.376369
1788087600,218.98,219.05,218.91,218.99,125157.167916
1788091200,218.99,219.06,218.83,218.83,30931.289884
1788094800,218.83,218.92,218.8,218.9,47555.156311
1788098400,218.9,219.08,218.89,219.08,55222.724854
1788102000,219.08,219.11,218.96,219.08,37680.386959999996
1788105600,219.08,219.15,219.05,219.14,106360.741444
1788109200,219.14,219.16,218.89,218.94,42312.038234
1788112800,218.94,219.14,218.94,219.14,65005.219642
1788116400,219.14,219.14,219,219.04,34198.722526
1788120000,219.04,219.09,218.92,218.97,59970.10228
1788123600,218.97,219.04,218.49,218.55,129043.632682
1788127200,218.55,218.66,217.86,218.03,322314.317613
1788130800,218.03,218.15,216.69,216.87,379033.311872
1788134400,216.87,218.43,216.06,218.03,469072.73973
1788138000,218.03,218.03,217.08,217.33,99536.752797
1788141600,217.33,217.69,217.14,217.59,49765.902686
1788145200,217.59,217.85,217.59,217.85,32200.707191
1788148800,217.85,218.12,217.47,218.11,52722.224203
1788152400,218.11,218.79,218.11,218.78,60535.930893
1788156000,218.78,219.23,218.78,219.18,98058.685966
1788159600,219.18,219.25,218.74,219.08,78874.528141
1788163200,219.08,219.34,218.86,219.28,76072.546869
1788166800,219.28,219.42,218.79,218.95,39895.033151
1788170400,218.95,219.3,218.67,219.19,92313.079088
1788174000,219.19,219.19,218.71,218.94,42012.583695
1788177600,218.94,219.19,218.31,218.38,174797.440655
1788181200,218.38,219.36,216.54,218.92,1130745.4092930001
1788184800,218.92,220.73,218.53,219.75,337382.90469399997
1788188400,219.75,220.5,219.25,219.6,92422.88570500001
1788192000,219.6,220.38,219.28,220.19,48610.270589
1788195600,220.19,220.23,219.29,219.67,69632.374257
1788199200,219.67,219.9,217.77,218.63,265696.204476
1788202800,218.63,221.28,218.63,220.88,278447.368601
1788206400,220.88,220.96,220.55,220.75,82783.419888
1788210000,220.75,220.81,220.56,220.63,48598.877608
1788213600,220.63,220.65,220.34,220.38,171583.075067
1788217200,220.38,220.53,220.3,220.4,42361.020495
1788220800,220.4,220.56,220.04,220.44,72339.128154
1788224400,220.44,220.55,220.15,220.21,100819.011501
1788228000,220.21,220.27,219.79,220.2,59592.634539
1788231600,220.2,220.59,219.96,220.13,528490.28734
1788235200,220.13,220.86,220.13,220.24,456762.831402
1788238800,220.24,220.92,220.12,220.85,105619.961602
1788242400,220.85,221,220.52,220.55,72728.891645
1788246000,220.55,220.82,220.09,220.2,22012.535036
1788249600,220.2,220.26,218.05,218.05,216269.262644
1788253200,218.05,218.53,217.7,218.31,69522.157417
1788256800,218.31,218.66,217.96,218.12,33450.668142
1788260400,218.12,218.43,217.46,217.56,20310.921867
1788264000,217.56,217.93,217.06,217.24,197356.72152400002
1788267600,217.24,217.43,215.32,217.09,1093427.309847
1788271200,217.09,218.73,216.99,218.29,89281.635144
1788274800,218.29,220.52,217.93,220.43,103539.697418
1788278400,220.43,220.43,219.25,219.87,69901.326754
1788282000,219.87,219.89,218.01,218.2,134372.170042
1788285600,218.2,218.37,216.55,217.53,54286.24626
1788289200,217.53,218.05,216.88,217.67,118176.189249
1788292800,217.67,217.92,217.58,217.79,25588.969002
1788296400,217.79,217.89,217.68,217.89,23723.847495
1788300000,217.89,217.92,217.45,217.71,73042.232667
1788303600,217.71,217.88,217.64,217.67,31669.552878
1788307200,217.67,218.09,217.66,217.66,34316.597367
1788310800,217.66,217.89,217.13,217.36,24635.845221
1788314400,217.36,217.58,217.07,217.38,14226.389432
1788318000,217.38,217.49,217.17,217.21,60587.898268
1788321600,217.21,217.49,217.18,217.24,12156.762194
1788325200,217.24,217.77,217.2,217.64,28790.295307
1788328800,217.64,218.52,217.18,217.63,852958.5172990002
1788332400,217.63,217.96,217.49,217.59,89467.091104
1788336000,217.59,217.67,216.75,216.94,29772.310274
1788339600,216.94,217.23,216.62,217,97641.249888
1788343200,217,217.06,216.69,216.96,122249.406913
1788346800,216.96,217.65,216.37,217.65,25957.349088
1788350400,217.65,218.78,217.53,217.99,95787.329525
1788354000,217.99,221.62,217.98,221.62,478871.85161
1788357600,221.62,224.43,221.41,224.14,416049.59945399995
1788361200,224.14,227.93,224.14,227.8,345540.111658
1788364800,227.8,227.98,225.78,225.94,68842.529425
1788368400,225.94,226.16,224.77,224.88,52111.528186
1788372000,224.88,225.57,224.52,224.71,76195.76114999999
1788375600,224.71,224.99,223.95,224.45,435818.323192
1788379200,224.45,224.98,224.13,224.22,114719.178969
1788382800,224.22,225.61,224.2,225.3,150888.834021
1788386400,225.3,225.46,224.87,225.27,123848.241688
1788390000,225.27,225.78,225,225.6,31319.944177
1788393600,225.6,225.78,225.13,225.25,25797.69534
1788397200,225.25,225.66,225.04,225.08,67746.114374
1788400800,225.08,225.47,225.04,225.27,9282.032938
1788404400,225.27,226.17,225.26,226.13,43146.880859000004
1788408000,226.13,226.52,226.02,226.43,85271.148764
1788411600,226.43,226.54,225,225.91,81542.530552
1788415200,225.91,226.08,225.71,226.03,325803.607344
1788418800,226.03,226.34,225.75,226.17,290928.62101
1788422400,226.17,226.59,225.59,225.75,246741.816072
1788426000,225.75,225.86,224.82,224.92,244104.354027
1788429600,224.92,225.27,224.84,225.13,74497.237421
1788433200,225.13,225.13,223.42,223.42,163606.373829
1788436800,223.42,226.31,223.42,226.07,123057.560572
1788440400,226.07,229.24,225.17,228.55,439507.153024
1788444000,228.55,229.19,225.72,226.42,213303.467439
1788447600,226.42,228.26,225.97,227.64,208319.728565
1788451200,227.64,228.25,227.15,227.7,117029.516204
1788454800,227.7,230.5,227.34,230.19,233748.942886
1788458400,230.19,230.64,229.56,229.66,335724.122093
1788462000,229.66,230.11,228.74,228.97,1320258.465851
1788465600,228.97,229.13,228.76,228.83,157373.463613
1788469200,228.83,229.37,228.83,229.13,206568.517797
1788472800,229.13,229.8,229.04,229.8,138935.986122
1788476400,229.8,230.24,229.7,230.04,22878.622177
1788480000,230.04,230.21,229.68,230.06,115634.033069
1788483600,230.06,230.2,229.69,229.93,122544.898911
1788487200,229.93,230.4,229.86,230.27,89542.53837
1788490800,230.27,230.78,230.13,230.2,262717.288579
1788494400,230.2,230.58,230.06,230.49,136388.049395
1788498000,230.49,231.1,230.32,230.5,262510.59634000005
1788501600,230.5,230.74,229.9,229.94,40192.20759
1788505200,229.94,230.76,229.94,230.57,240828.141173
1788508800,230.57,231.29,230.46,230.88,109123.704701
1788512400,230.88,231.29,230.26,231.23,168459.891342
1788516000,231.23,232.76,231.23,231.83,52607.431926
1788519600,231.83,231.93,231.25,231.47,164821.807561
1788523200,231.47,232.36,230.38,230.75,283574.756637
1788526800,230.75,234.87,230.17,234.66,568514.210339
1788530400,234.66,235.02,232.4,232.54,218461.406018
1788534000,232.54,233.1,231.04,231.34,104120.260063
1788537600,231.34,232.47,230.88,231.84,86659.324133
1788541200,231.84,231.96,230.38,230.56,147037.026617
1788544800,230.56,231.01,230.27,230.91,194136.700365
1788548400,230.91,231.31,229.94,230.62,211341.325824
1788552000,230.62,230.62,229.96,230.25,147442.262376
1788555600,230.25,230.51,230.25,230.33,196415.255746
1788559200,230.33,230.47,230.23,230.33,114213.50034099999
1788562800,230.33,230.36,229.98,229.98,76216.563571
1788566400,229.98,230.5,229.98,230.31,51771.562102
1788570000,230.31,230.5,230.23,230.37,110068.537744
1788573600,230.37,230.44,230.33,230.35,23343.493952
1788577200,230.35,230.43,230.3,230.4,5358.879464
1788580800,230.4,230.49,230.4,230.43,19332.486246
1788584400,230.43,230.67,230.43,230.55,47481.191611
1788588000,230.55,230.73,230.54,230.61,28545.952157
1788591600,230.61,230.84,230.6,230.76,29685.494199
1788595200,230.76,230.86,230.75,230.8,39113.529152
1788598800,230.8,230.88,230.74,230.78,79480.274152
1788602400,230.78,230.86,230.67,230.73,13851.793295
1788606000,230.73,230.87,230.72,230.82,49196.200673
1788609600,230.82,230.95,230.74,230.9,163386.348927
1788613200,230.9,231.07,230.87,231.02,69434.0391
1788616800,231.02,231.18,231,231.11,32153.450669
1788620400,231.11,231.33,231.11,231.23,164026.174913
1788624000,231.23,231.47,231.21,231.43,34353.45807
1788627600,231.43,231.47,231.24,231.28,12337.088424
1788631200,231.28,231.28,231,231.08,139121.67044
1788634800,231.08,231.16,230.99,231.04,70831.580454
1788638400,231.04,231.13,230.92,230.96,88735.281667
1788642000,230.96,231.06,230.88,230.98,53902.205971
1788645600,230.98,231.32,230.94,231.29,27853.409032
1788649200,231.29,231.47,231.14,231.15,93596.944026
1788652800,231.15,231.3,231.1,231.24,50306.442152
1788656400,231.24,231.43,231.18,231.35,33522.915421
1788660000,231.35,231.49,231.25,231.43,30795.476354
1788663600,231.43,231.5,231.26,231.26,63499.37811500001
1788667200,231.26,231.44,231.23,231.34,43271.341361
1788670800,231.34,231.54,231.31,231.42,81302.534866
1788674400,231.42,231.51,231.22,231.32,45441.573352
1788678000,231.32,231.69,231.22,231.31,219843.184581
1788681600,231.31,231.45,231.27,231.41,67629.452311
1788685200,231.41,231.75,231.39,231.66,48785.907456
1788688800,231.66,231.76,231.52,231.59,53511.376263
1788692400,231.59,231.65,231.46,231.62,68149.03469300001
1788696000,231.62,231.68,231.44,231.59,115232.770727
1788699600,231.59,231.61,231.29,231.29,79854.060082
1788703200,231.29,231.44,231.12,231.29,43334.545055
1788706800,231.29,231.4,231.16,231.36,47451.765072999995
1788710400,231.36,231.46,231.25,231.37,10734.592682
1788714000,231.37,231.5,231.32,231.41,115530.18231
1788717600,231.41,231.53,231.33,231.46,39412.332939
1788721200,231.46,231.57,231.42,231.53,34365.464461999996
1788724800,231.53,231.67,231.47,231.55,21443.720651
1788728400,231.55,231.76,231.51,231.59,57770.579286
1788732000,231.59,231.59,231.25,231.44,55953.110978
1788735600,231.44,231.58,231.22,231.33,49041.648532
1788739200,231.33,231.63,231.29,231.33,23219.346065
1788742800,231.33,231.73,231.2,231.6,33034.676884
1788746400,231.6,231.98,231.54,231.72,68008.013241
1788750000,231.72,231.94,231.66,231.76,41172.46454
1788753600,231.76,231.97,231.76,231.88,28485.327154
1788757200,231.88,231.98,231.82,231.91,52200.659438
1788760800,231.91,232.38,231.89,232.35,30554.212549
1788764400,232.35,232.62,232.26,232.58,168375.260232
1788768000,232.58,233.29,232.57,233.21,100208.688485
1788771600,233.21,233.27,232.15,232.15,60003.176353
1788775200,232.15,232.61,232.07,232.32,155581.983715
1788778800,232.32,232.43,231.92,231.98,208943.90377099998
1788782400,231.98,232.33,231.89,232.28,9893.522393
1788786000,232.28,232.64,232.19,232.4,130194.769421
1788789600,232.4,232.53,232.06,232.32,120665.565057
1788793200,232.32,232.35,231.67,231.82,319103.529114
1788796800,231.82,232.15,231.74,231.75,82200.914962
1788800400,231.75,232.19,231.75,232.11,151822.260184
1788804000,232.11,232.31,232.04,232.12,48679.036069
1788807600,232.12,232.55,232,232.2,82414.276417
1788811200,232.2,232.32,232.04,232.25,66543.028879
1788814800,232.25,232.33,232.14,232.32,419085.082956
1788818400,232.32,232.32,231.46,231.56,241974.795688
1788822000,231.56,231.92,231.43,231.65,74643.511692
1788825600,231.65,232.37,230.81,232.12,215618.820339
1788829200,232.12,232.99,231.87,232.85,49039.796785
1788832800,232.85,232.98,232.44,232.51,55604.805949
1788836400,232.51,233.36,232.46,233.33,86196.013935
1788840000,233.33,233.37,233.01,233.2,30753.705977
1788843600,233.2,233.24,232.09,232.1,72152.14410800001
1788847200,232.1,232.15,231.44,231.51,64190.345097
1788850800,231.51,231.96,231.37,231.57,198632.925218
1788854400,231.57,231.58,230.58,230.74,148912.080249
1788858000,230.74,232.04,230.57,232.01,60120.597795
1788861600,232.01,232.18,231.28,231.54,98912.878702
1788865200,231.54,231.93,230.94,231.88,77871.261493
1788868800,231.88,232.93,231.59,232.51,248126.159434
1788872400,232.51,233.72,229.34,229.92,739850.0691430001
1788876000,229.92,229.92,227.1,227.31,576402.542013
1788879600,227.31,228.15,226.34,226.55,352182.55703
1788883200,226.55,227.8,225.7,226.03,2223352.418505
1788886800,226.03,226.56,225.69,226.02,154301.380388
1788890400,226.02,226.56,225.61,225.88,466417.32412999996
1788894000,225.88,226.13,225.15,226,337492.034774
1788897600,226,226.16,225.78,226.02,177962.239077
1788901200,226.02,226.02,225.86,225.9,92995.87277
1788904800,225.9,226.26,225.78,226.22,105540.749273
1788908400,226.22,226.27,225.53,225.6,51411.795064
1788912000,225.6,226.28,225.6,226.24,32480.471123
1788915600,226.24,226.46,225.99,226.2,42770.324532
1788919200,226.2,226.55,226.1,226.36,43286.52872
1788922800,226.36,226.44,226.13,226.14,20787.524301
1788926400,226.14,226.4,226.04,226.38,23439.549344
1788930000,226.38,226.41,226.13,226.38,109512.667023
1788933600,226.38,226.62,226.29,226.29,39780.506887999996
1788937200,226.29,226.62,226.14,226.5,82946.926529
1788940800,226.5,226.62,226.14,226.39,68394.479182
1788944400,226.39,226.43,224.55,224.55,188088.398795
1788948000,224.55,225,224.3,224.56,559860.867081
1788951600,224.56,225.49,224.56,225.14,146233.585663
1788955200,225.14,225.3,224.62,224.85,780581.992232
1788958800,224.85,226.3,224.58,225.08,684515.026073
1788962400,225.08,225.52,223.81,224.54,683791.366649
1788966000,224.54,224.98,223.77,224.63,353267.259296
1788969600,224.63,224.63,223.96,224.29,126389.580243
1788973200,224.29,224.58,224.16,224.41,147116.033616
1788976800,224.41,224.57,223.82,223.82,192116.654236
1788980400,223.82,224.47,223.72,223.81,222899.28257500002
1788984000,223.81,224.06,223.81,223.87,23350.647055
1788987600,223.87,223.93,223.73,223.8,16741.730213
1788991200,223.8,223.84,223.61,223.76,74794.436572
1788994800,223.76,223.82,223.69,223.82,8307.968414
1788998400,223.82,224.04,223.18,223.23,232798.418673
1789002000,223.23,223.35,222.51,222.9,112997.013369
1789005600,222.9,223.22,222.69,223.12,29121.434912
1789009200,223.12,223.33,223.04,223.24,28360.968439
1789012800,223.24,223.39,222.99,223.39,30410.474591
1789016400,223.39,223.62,223.24,223.38,134888.158189
1789020000,223.38,223.43,222.93,223.3,59248.902868
1789023600,223.3,223.3,222.96,223.01,96626.351545
1789027200,223.01,223.63,222.87,223.3,162780.277036
1789030800,223.3,223.68,223.15,223.39,252833.63689199998
1789034400,223.39,223.42,222.94,223.09,47330.382396
1789038000,223.09,223.1,222.31,222.4,283831.798671
1789041600,222.4,222.4,220.39,220.39,300333.277317
1789045200,220.39,221.25,217.45,217.61,591669.953228
1789048800,217.61,219.19,217.61,218.31,491768.533651
1789052400,218.31,219.26,218.11,219.05,265529.573982
1789056000,219.05,219.25,217.8,218.86,1270050.195792
1789059600,218.86,219.19,218.41,218.63,215458.178782
1789063200,218.63,218.77,218.01,218.4,268194.394941
1789066800,218.4,219.03,217.96,218.64,166341.52171200002
1789070400,218.64,218.86,218.5,218.62,69423.685394
1789074000,218.62,220.09,218.62,218.82,233614.294414
1789077600,218.82,218.98,218.53,218.54,20604.909606
1789081200,218.54,218.61,217.96,218,112767.634189
1789084800,218,218.79,218,218.79,225149.49526
1789088400,218.79,219.1,218.47,218.58,1323938.690969
1789092000,218.58,218.76,218.35,218.51,19805.368721
1789095600,218.51,218.51,218.19,218.23,15004.854256
1789099200,218.23,218.92,218.1,218.77,380073.398668
1789102800,218.77,219.42,218.5,219.33,30828.88393
1789106400,219.33,220.06,219.33,219.98,282154.471531
1789110000,219.98,220.22,219.77,219.82,145615.753731
1789113600,219.82,220.73,219.71,220.51,479817.45032700006
1789117200,220.51,220.76,220.24,220.64,183319.861809
1789120800,220.64,220.72,220.33,220.5,99020.020578
1789124400,220.5,220.5,219.89,219.92,22132.326962
1789128000,219.92,221.71,218.65,221.65,312947.645621
1789131600,221.65,222.11,219.36,221.81,741904.170428
1789135200,221.81,222.19,219.6,219.6,264950.157946
1789138800,219.6,220.72,219.6,219.92,642486.840219
1789142400,219.92,220.25,218.9,219.39,1256826.146311
1789146000,219.39,219.68,219.19,219.4,195511.728746
1789149600,219.4,220.23,219.34,219.61,135017.782782
1789153200,219.61,219.67,218.51,218.51,271661.461326
1789156800,218.51,218.67,218.41,218.66,98553.427492
1789160400,218.66,218.68,218.56,218.56,98929.533049
1789164000,218.56,218.66,218.42,218.51,32266.946617999998
1789167600,218.51,218.61,218.47,218.51,39814.239531
1789171200,218.51,218.99,218.51,218.95,222402.66534799998
1789174800,218.95,219.03,218.75,218.75,59013.797735
1789178400,218.75,219.6,218.75,219.22,417609.074156
1789182000,219.22,219.28,219.14,219.24,34569.513347
1789185600,219.24,219.29,219.24,219.28,22163.477262
1789189200,219.28,219.38,219.28,219.36,56255.475266
1789192800,219.36,219.36,219.23,219.24,234300.751687
1789196400,219.24,219.47,219.24,219.37,251816.324993
1789200000,219.37,219.47,219.22,219.46,56899.924062
1789203600,219.46,219.52,219.23,219.34,164613.629734
1789207200,219.34,219.53,219.31,219.36,115710.604297
1789210800,219.36,219.38,219.28,219.34,124040.684247
1789214400,219.34,219.75,219.26,219.42,397435.095401
1789218000,219.42,219.53,219.35,219.41,203217.156015
1789221600,219.41,219.5,219.21,219.41,51049.077332
1789225200,219.41,219.56,219.33,219.48,100664.695832
1789228800,219.48,219.62,219.45,219.47,71216.329096
1789232400,219.47,219.62,219.38,219.42,20997.627458
1789236000,219.42,219.43,219.32,219.39,37971.994908
1789239600,219.39,219.45,219.1,219.13,73969.101052
1789243200,219.13,219.13,218.52,218.53,81823.158081
1789246800,218.53,218.62,218.29,218.56,51727.586889
1789250400,218.56,218.61,218.31,218.44,96436.469475
1789254000,218.44,218.81,218.39,218.66,54829.690341
1789257600,218.66,218.66,217.85,218.13,303034.185747
1789261200,218.13,218.18,218.07,218.15,66794.860279
1789264800,218.15,218.18,217.91,217.94,193055.194767
1789268400,217.94,217.96,217.57,217.6,105826.550378
1789272000,217.6,217.61,217.5,217.53,79269.099482
1789275600,217.53,217.56,217.2,217.29,130909.81148599998
1789279200,217.29,217.45,217.02,217.08,130504.367347
1789282800,217.08,217.12,216.6,216.62,415107.758149
1789286400,216.62,216.68,215.92,216.1,157983.529801
1789290000,216.1,216.26,215.16,215.33,337690.611863
1789293600,215.33,215.34,214.89,215.05,348848.412047
1789297200,215.05,215.14,214.52,214.68,319065.855575
1789300800,214.68,214.74,214.42,214.53,265262.807868
1789304400,214.53,214.65,214.03,214.65,178790.372003
1789308000,214.65,215.68,214.61,215.63,367073.276317
1789311600,215.63,215.68,215.36,215.55,213756.53826
1789315200,215.55,215.9,215.49,215.69,180754.926544
1789318800,215.69,215.8,215.44,215.52,125745.022935
1789322400,215.52,215.78,215.52,215.58,100354.80813800001
1789326000,215.58,215.72,215.4,215.51,74991.358009
1789329600,215.51,215.74,215.51,215.69,98657.265572
1789333200,215.69,215.92,215.67,215.79,121116.958009
1789336800,215.79,215.79,214.83,215.25,188545.307281
1789340400,215.25,215.68,214.52,214.57,114548.377709
1789344000,214.57,216.14,214.39,214.42,495629.313504
1789347600,214.42,215.38,214.28,215.38,97196.361087
1789351200,215.38,215.55,215.17,215.44,71520.57839
1789354800,215.44,215.44,214.96,214.96,33882.270872
1789358400,214.96,215.27,214.96,215.18,46610.175901
1789362000,215.18,215.19,214.94,215.09,68324.618878
1789365600,215.09,215.2,214.4,214.47,151012.445945
1789369200,214.47,214.47,213.68,213.87,331085.117774
1789372800,213.87,214.26,212.27,212.31,455548.18779
1789376400,212.31,212.44,211.26,212.16,461338.875553
1789380000,212.16,212.57,211.92,212.57,345179.256051
1789383600,212.57,213.57,212.3,213.1,271022.412265
1789387200,213.1,213.4,212.45,212.45,143830.566928
1789390800,212.45,212.89,209.31,211.22,1170627.9310340001
1789394400,211.22,212.01,210.41,210.75,324866.140849
1789398000,210.75,212.58,210.62,212.47,370362.50280899997
1789401600,212.47,212.67,211.86,212.37,236905.013062
1789405200,212.37,213.06,212.31,212.76,484707.471824
1789408800,212.76,212.89,212.4,212.81,141742.006922
1789412400,212.81,212.9,211.14,211.33,148808.037716
1789416000,211.33,212.83,210.8,212.69,180562.047662
1789419600,212.69,212.82,212.49,212.78,91490.367634
1789423200,212.78,212.82,212.48,212.61,35997.817313
1789426800,212.61,212.61,212.31,212.37,45341.557291
1789430400,212.37,212.86,212.3,212.67,118056.312069
1789434000,212.67,212.85,212.51,212.69,89598.115751
1789437600,212.69,213.01,212.66,212.86,72766.267616
1789441200,212.86,212.97,212.71,212.71,90088.32285699999
1789444800,212.71,212.82,212.36,212.44,77725.739226
1789448400,212.44,212.75,211.92,212.61,225986.696239
1789452000,212.61,212.76,212.32,212.35,64984.918041
1789455600,212.35,212.49,211.97,212.1,105186.737839
1789459200,212.1,212.17,211.4,211.69,184060.757225
1789462800,211.69,212.56,211.6,212.43,293590.30083100003
1789466400,212.43,212.77,212.43,212.75,277372.011683
1789470000,212.75,212.95,212.42,212.59,161544.238233
1789473600,212.59,213.18,212.35,212.9,216423.809486
1789477200,212.9,214.15,212.7,213.57,573211.460561
1789480800,213.57,213.57,211.92,212.32,915629.613043
1789484400,212.32,212.89,212.28,212.57,479629.474675
1789488000,212.57,212.58,212.06,212.07,195896.344535
1789491600,212.07,212.25,211.53,212.2,292122.111323
1789495200,212.2,212.52,211.87,212.41,408248.076965
1789498800,212.41,212.54,212.08,212.41,145417.853217
1789502400,212.41,212.92,212.41,212.81,221791.19636600002
1789506000,212.81,212.84,212.52,212.64,52117.95806
1789509600,212.64,212.93,212.55,212.8,41472.674287
1789513200,212.8,212.8,212.48,212.65,17035.916109
1789516800,212.65,212.81,212.59,212.65,67690.727473
1789520400,212.65,212.76,212.14,212.16,72122.690199
1789524000,212.16,212.73,212.16,212.72,122833.936692
1789527600,212.72,213.47,212.72,213.3,106132.307399
1789531200,213.3,213.46,213.27,213.28,78080.004801
1789534800,213.28,214.01,213.19,213.83,177532.840062
1789538400,213.83,213.97,213.6,213.91,147709.76408
1789542000,213.91,214.24,213.91,214.05,168636.223837
1789545600,214.05,214.08,213.54,213.86,283506.781207
1789549200,213.86,213.97,213.33,213.62,538086.935241
1789552800,213.62,213.62,213.36,213.58,127931.834479
1789556400,213.58,214.08,213.31,214.07,217834.281856
1789560000,214.07,214.72,213.99,214.16,143464.21093
1789563600,214.16,215.48,213.73,214.94,463349.013151
1789567200,214.94,215.73,214.87,215.71,318125.017391
1789570800,215.71,216.97,215.71,216.38,287099.808296
1789574400,216.38,216.47,215.82,216.31,817045.122312
1789578000,216.31,216.31,215.06,215.49,296778.857671
1789581600,215.49,216.61,214.03,214.15,242732.930323
1789585200,214.15,214.81,212.81,214.09,439572.950592
1789588800,214.09,214.75,214.09,214.7,161731.206786
1789592400,214.7,215.07,214.67,214.94,60200.837886
1789596000,214.94,215.49,214.7,215.25,47395.677259000004
1789599600,215.25,216.01,215.21,215.96,53125.730154
1789603200,215.96,216.07,215.56,215.81,147787.146017
1789606800,215.81,215.95,215.59,215.65,68331.131165
1789610400,215.65,216.03,215.55,215.94,44490.286381
1789614000,215.94,216.1,215.86,216.1,23131.25957
1789617600,216.1,216.17,215.85,216.1,142426.949156
1789621200,216.1,216.1,215.62,215.71,288889.600953
1789624800,215.71,216.07,215.43,216.05,263166.56593
1789628400,216.05,216.76,215.97,216.5,158871.112917
1789632000,216.5,217.46,216.44,217.38,312681.010734
1789635600,217.38,217.79,217.38,217.49,222090.965232
1789639200,217.49,217.53,217.08,217.3,133103.721735
1789642800,217.3,217.54,216.75,217.38,361638.540874
1789646400,217.38,219.18,217.38,218.78,438805.984533
1789650000,218.78,219.42,217.55,219.31,697590.282481
1789653600,219.31,220.11,218.91,219.43,467677.177251
1789657200,219.43,219.72,219.04,219.19,459417.698854
1789660800,219.19,219.33,218.79,219.08,372170.637767
1789664400,219.08,219.73,219.04,219.52,291171.322228
1789668000,219.52,220.02,219.4,219.65,123595.85171
1789671600,219.65,220.15,219.58,219.62,299031.368633
1789675200,219.62,219.65,219.26,219.52,173519.453567
1789678800,219.52,219.69,219.52,219.64,73324.380103
1789682400,219.64,219.66,219.32,219.45,62957.591352
1789686000,219.45,219.58,219.38,219.38,94243.445602
1789689600,219.38,219.67,219.31,219.34,130179.649058
1789693200,219.34,219.56,219.21,219.49,81968.738879
1789696800,219.49,220.15,219.38,220.03,408119.182416
1789700400,220.03,221.01,220.02,220.64,85989.024637
1789704000,220.64,221.04,220.43,220.92,66834.599193
1789707600,220.92,221.18,220.79,220.97,401753.162657
1789711200,220.97,221.59,220.97,221.59,199001.601519
1789714800,221.59,222.37,221.52,222,196678.654533
1789718400,222,222.21,221.64,221.7,103330.089168
1789722000,221.7,221.83,220.96,221.02,133825.694
1789725600,221.02,221.53,221.02,221.24,596002.695513
1789729200,221.24,221.24,220.22,220.34,320378.398726
1789732800,220.34,220.4,219.26,219.48,302950.10748
1789736400,219.48,220.31,218.56,219.58,528154.742744
1789740000,219.58,221.16,219.18,219.42,443847.971569
1789743600,219.42,220.2,219.35,219.91,140803.122303
1789747200,219.91,220.19,219.57,219.94,728795.047499
1789750800,219.94,220.56,219.74,219.88,232210.304405
1789754400,219.88,220.13,219.64,219.91,93831.768085
1789758000,219.91,222.94,219.65,222.27,519959.338603
1789761600,222.27,222.47,221.66,222.25,243297.50217999998
1789765200,222.25,222.6,222.11,222.6,361961.233879
1789768800,222.6,222.74,222.29,222.54,76111.034298
1789772400,222.54,222.82,222.53,222.82,70250.27574
1789776000,222.82,222.88,222.64,222.81,136280.87551
1789779600,222.81,222.81,222.48,222.57,63680.567294
1789783200,222.57,222.57,222.29,222.43,46240.378353
1789786800,222.43,222.51,222.28,222.48,13691.112949
1789790400,222.48,222.59,222.36,222.55,836236.74737
1789794000,222.55,222.58,222.3,222.43,58961.867321
1789797600,222.43,222.45,222.23,222.3,18780.94265
1789801200,222.3,222.46,222.27,222.33,355958.925473
1789804800,222.33,222.51,222.28,222.44,105844.678499
1789808400,222.44,222.44,222.27,222.44,175243.379481
1789812000,222.44,222.44,222.27,222.3,46317.026893
1789815600,222.3,222.4,222.23,222.32,55727.339414
1789819200,222.32,222.4,222.22,222.27,19562.347576
1789822800,222.27,222.35,222.15,222.25,450918.540049
1789826400,222.25,222.44,222.25,222.32,85548.648111
1789830000,222.32,222.4,222.32,222.4,406253.501995
1789833600,222.4,222.59,222.4,222.52,40283.381518
1789837200,222.52,222.52,222.35,222.43,139983.14416
1789840800,222.43,222.43,222.26,222.34,179970.495559
1789844400,222.34,222.37,222.16,222.32,52756.403936
1789848000,222.32,222.49,222.31,222.38,128406.72274
1789851600,222.38,222.48,222.23,222.38,30215.793322999998
1789855200,222.38,222.38,222.24,222.24,28444.347597000004
1789858800,222.24,222.35,222.24,222.31,32468.689359000004
1789862400,222.31,222.38,222.25,222.38,61257.254256
1789866000,222.38,222.42,222.19,222.24,300387.729283
1789869600,222.24,222.41,221.92,221.96,112888.845025
1789873200,221.96,222.03,220.87,220.91,125124.88307
1789876800,220.91,220.92,220.76,220.84,43726.987735
1789880400,220.84,220.96,220.82,220.89,4820.635356
1789884000,220.89,220.99,220.89,220.99,40163.483512
1789887600,220.99,220.99,220.89,220.95,47915.162685
1789891200,220.95,220.98,220.71,220.82,123690.771382
1789894800,220.82,220.93,220.66,220.87,111891.091392
1789898400,220.87,220.98,220.79,220.91,64094.220502000004
1789902000,220.91,220.98,220.57,220.69,70259.965561
1789905600,220.69,220.69,220.32,220.44,236435.814369
1789909200,220.44,220.69,220.42,220.52,41905.435994
1789912800,220.52,221.04,220.52,221,281962.228399
1789916400,221,221.27,220.81,221.27,305264.808945
1789920000,221.27,221.43,221.15,221.24,106285.223709
1789923600,221.24,221.45,221.03,221.45,61089.806416
1789927200,221.45,221.65,221.4,221.44,66026.975772
1789930800,221.44,221.71,221.39,221.55,337725.724828
1789934400,221.55,221.67,221.44,221.59,70519.596466
1789938000,221.59,221.7,221.36,221.48,21703.316478
1789941600,221.48,222.46,221.35,222.4,85432.174856
1789945200,222.4,222.78,222.38,222.75,75308.624578
1789948800,222.75,223.61,222.62,223.61,182832.942775
1789952400,223.61,224.1,223.4,223.5,263796.692043
1789956000,223.5,223.63,223.3,223.56,42525.925458
1789959600,223.56,223.89,223.56,223.7,73175.660058
1789963200,223.7,223.79,223.47,223.67,53287.221063
1789966800,223.67,223.67,223.37,223.47,31332.543876
1789970400,223.47,223.88,223.47,223.68,293838.708498
1789974000,223.68,223.92,223.44,223.87,183462.354127
1789977600,223.87,224.59,223.8,224.47,154156.510317
1789981200,224.47,225.21,224.47,224.81,340351.95737099997
1789984800,224.81,224.97,224.46,224.5,223421.201461
1789988400,224.5,224.95,224.2,224.83,140383.435535
1789992000,224.83,225,223.77,223.85,227351.674932
1789995600,223.85,225.17,221.99,224.54,1288576.82582
1789999200,224.54,225.44,222.96,225.21,501507.869806
1790002800,225.21,225.79,225.02,225.41,555479.904801
1790006400,225.41,226.77,225.19,226.57,555744.709305
1790010000,226.57,227.97,226.51,227.5,542050.774697
1790013600,227.5,228.8,227.41,228.08,465544.125061
1790017200,228.08,228.08,227.24,227.66,508814.838632
1790020800,227.66,227.71,227.1,227.21,58264.629714
1790024400,227.21,227.36,227.04,227.27,203107.06827
1790028000,227.27,227.69,227.25,227.57,273079.37532500003
1790031600,227.57,227.77,227.46,227.56,84425.58413500001
1790035200,227.56,228.12,227.56,228.02,154792.420893
1790038800,228.02,228.06,227.77,227.81,98329.495417
1790042400,227.81,227.93,227.63,227.89,109664.99027
1790046000,227.89,227.9,227.61,227.8,64304.048213
1790049600,227.8,227.8,226.82,226.93,36977.924449
1790053200,226.93,227.13,226.44,226.84,81801.364176
1790056800,226.84,226.87,226.37,226.5,191268.330577
1790060400,226.5,226.61,226.2,226.28,109829.010505
1790064000,226.28,227.16,226.16,227.01,459148.575741
1790067600,227.01,227.56,226.64,227.54,334633.33535
1790071200,227.54,227.95,227.27,227.9,201168.922275
1790074800,227.9,227.98,226.96,227.01,114907.288787
1790078400,227.01,227.25,226.46,226.57,67546.342822
1790082000,226.57,229.89,225.9,227.76,828539.0397
1790085600,227.76,229.16,227.37,228.57,653469.6722019999
1790089200,228.57,229.38,228.47,228.76,669184.357633
1790092800,228.76,229.67,228.58,229.63,232902.614834
1790096400,229.63,230.27,229.1,229.37,414716.666316
1790100000,229.37,229.88,229.24,229.62,105335.707064
1790103600,229.62,230.15,228.97,229.19,707620.397061
1790107200,229.19,229.19,228.21,228.43,283908.090147
1790110800,228.43,228.66,228.33,228.46,68492.307701
1790114400,228.46,228.71,228.43,228.57,62586.148527
1790118000,228.57,228.91,228.57,228.82,92492.456201
1790121600,228.82,229.19,228.69,228.7,112860.556184
1790125200,228.7,228.88,228.49,228.56,235970.719557
1790128800,228.56,228.64,228.29,228.6,36111.890287
1790132400,228.6,228.92,228.49,228.78,160652.540438
1790136000,228.78,229.19,228.68,228.92,160370.236226
1790139600,228.92,229.17,228.86,229.07,89471.72876499999
1790143200,229.07,229.45,229.02,229.18,73785.432942
1790146800,229.18,229.29,228.9,228.9,110540.071532
1790150400,228.9,229.53,228.9,229.29,263448.067693
1790154000,229.29,229.72,229.27,229.47,124209.590403
1790157600,229.47,229.48,229.15,229.33,89294.688892
1790161200,229.33,229.38,227.65,228.15,193373.667551
1790164800,228.15,228.21,227.61,228.02,395266.366486
1790168400,228.02,229.15,227.69,228.08,412252.980076
1790172000,228.08,228.35,225.32,226.41,443484.772521
1790175600,226.41,226.65,224.97,225,691924.519251
1790179200,225,225.27,224.3,224.87,355976.362712
1790182800,224.87,225.68,224.44,225.68,371121.018192
1790186400,225.68,225.9,225.42,225.58,367704.180525
1790190000,225.58,225.98,225.04,225.78,394694.75688
1790193600,225.78,226.01,225.47,225.6,116226.155057
1790197200,225.6,225.63,225.32,225.39,316372.274004
1790200800,225.39,225.6,225.39,225.55,91304.973097
1790204400,225.55,225.62,225.35,225.39,132472.47426299998
1790208000,225.39,225.57,225.03,225.25,49210.688008
1790211600,225.25,225.49,225.06,225.28,28423.322635
1790215200,225.28,225.77,225.12,225.72,235455.887972
1790218800,225.72,225.74,225.24,225.35,21588.330691
1790222400,225.35,225.37,224.9,225.32,97189.967085
1790226000,225.32,225.51,224.62,224.63,74701.114604
1790229600,224.63,225.03,224.25,224.32,91427.660605
1790233200,224.32,224.86,224.14,224.36,180674.249544
1790236800,224.36,224.48,222.74,222.92,342324.527089
1790240400,222.92,223.19,222.55,223.05,516493.602394
1790244000,223.05,223.71,222.86,223.65,112314.085225
1790247600,223.65,223.74,222.96,223.18,254851.866395
1790251200,223.18,223.91,222.87,223.14,346924.115639
1790254800,223.14,223.52,221.49,222.83,753383.607618
1790258400,222.83,223.15,221.65,221.79,526388.423179
1790262000,221.79,222.83,221.67,222.73,487666.14392
1790265600,222.73,224.86,222.32,224.6,640785.839012
1790269200,224.6,224.94,223.85,224.23,321809.259641
1790272800,224.23,224.7,223.72,224.47,177606.378301
1790276400,224.47,225.14,223.7,224.81,340536.002365
1790280000,224.81,224.82,223.75,224.26,210234.204232
1790283600,224.26,224.4,224.17,224.27,132393.420191
1790287200,224.27,224.42,224.03,224.28,71865.373721
1790290800,224.28,224.41,224.08,224.1,108021.061258
1790294400,224.1,224.34,224.01,224.21,51010.9991
1790298000,224.21,225.09,224.13,225.07,111087.635117
1790301600,225.07,225.11,224.61,224.8,234247.777807
1790305200,224.8,225.05,224.76,224.92,57029.071381999995
1790308800,224.92,224.93,224.72,224.73,34581.67246
1790312400,224.73,225.24,224.73,225.17,55940.105381
1790316000,225.17,225.72,225.15,225.43,79993.336043
1790319600,225.43,225.7,225.4,225.58,44559.976551
1790323200,225.58,226.68,225.44,226.68,147417.864267
1790326800,226.68,226.78,226.3,226.48,361287.393248
1790330400,226.48,226.6,226.08,226.12,71696.912775
1790334000,226.12,226.59,225.72,226.28,419293.220418
1790337600,226.28,226.58,225.47,225.78,285845.578544
1790341200,225.78,227.16,224.99,225.47,356880.043162
1790344800,225.47,225.55,223.41,224.72,339244.610039
1790348400,224.72,225.44,223.69,225.42,579200.322072
1790352000,225.42,226.08,224.64,224.92,1267596.300402
1790355600,224.92,225.57,224.89,224.99,315361.448582
1790359200,224.99,225.43,224.31,224.31,690651.516844
1790362800,224.31,225.74,223.9,225.28,1495759.230895
1790366400,225.28,225.36,225.14,225.3,253928.147417
1790370000,225.3,225.5,225.21,225.47,265595.46687299997
1790373600,225.47,225.47,225.38,225.44,310449.569723
1790377200,225.44,225.48,225.21,225.24,198750.895384
1790380800,225.24,225.36,224.73,224.78,147591.432106
1790384400,224.78,225.05,224.72,225.02,34996.242657
1790388000,225.02,225.02,224.88,224.92,99593.353303
1790391600,224.92,224.97,224.78,224.81,15653.239499
1790395200,224.81,224.97,224.68,224.89,126966.868933
1790398800,224.89,224.95,224.79,224.91,165363.10978
1790402400,224.91,224.91,224.67,224.76,53794.625667
1790406000,224.76,224.92,224.62,224.65,127699.073508
1790409600,224.65,224.75,224.61,224.69,503100.492062
1790413200,224.69,224.69,224.37,224.65,206152.539731
1790416800,224.65,224.78,224.58,224.6,227486.893354
1790420400,224.6,224.67,224.53,224.59,390851.137494
1790424000,224.59,224.6,224.42,224.5,331224.550875
1790427600,224.5,224.54,224.43,224.49,557186.859139
1790431200,224.49,225,224.47,224.98,425577.24305
1790434800,224.98,225.02,224.85,224.95,526196.822334
1790438400,224.95,225.02,224.85,224.92,841922.22443
1790442000,224.92,225.01,224.86,224.87,151304.747739
1790445600,224.87,224.92,224.7,224.8,364457.365069
1790449200,224.8,224.98,224.74,224.75,454230.005211
1790452800,224.75,224.83,224.48,224.67,197786.181638
1790456400,224.67,224.73,224.61,224.67,216990.228708
1790460000,224.67,224.75,224.61,224.69,409736.663329
1790463600,224.69,224.83,224.63,224.8,522845.180638
1790467200,224.8,224.9,224.73,224.76,214431.598994
1790470800,224.76,224.85,224.67,224.8,282924.395587
1790474400,224.8,224.85,224.73,224.78,313660.680675
1790478000,224.78,224.81,224.69,224.78,241002.315098
1790481600,224.78,224.82,224.71,224.78,355127.952566
1790485200,224.78,224.95,224.73,224.83,184753.595076
1790488800,224.83,225.04,224.79,224.95,460852.56574
1790492400,224.95,225.21,224.94,225.15,528849.291872
1790496000,225.15,225.29,225.15,225.26,373049.879685
1790499600,225.26,225.51,225.16,225.37,512285.73346099997
1790503200,225.37,225.43,225.23,225.27,324412.46591
1790506800,225.27,225.36,225.17,225.19,840914.146799
1790510400,225.19,225.27,225.13,225.15,352987.736736
1790514000,225.15,225.65,225.1,225.35,776394.549306
1790517600,225.35,225.39,225.08,225.12,556587.401215
1790521200,225.12,225.51,225.06,225.12,573115.732253
1790524800,225.12,225.48,225.1,225.4,550187.045952
1790528400,225.4,225.6,225.29,225.58,207655.713914
1790532000,225.58,225.77,225.45,225.68,436194.062796
1790535600,225.68,225.89,225.65,225.72,501180.417373
1790539200,225.72,225.83,225.68,225.7,296330.736875
1790542800,225.7,225.76,225.46,225.46,290164.936911
1790546400,225.46,225.55,224.62,224.76,902472.988085
1790550000,224.76,225.1,224.62,225.03,595959.489099
1790553600,225.03,225.98,225.03,225.11,695850.506102
1790557200,225.11,225.42,224.57,224.6,314025.546051
1790560800,224.6,224.95,224.35,224.41,410415.663042
1790564400,224.41,224.56,224.07,224.09,358016.134834
1790568000,224.09,224.56,224.03,224.48,319402.139957
1790571600,224.48,224.65,224.17,224.24,253688.075005
1790575200,224.24,224.51,223.51,223.8,665220.133738
1790578800,223.8,223.81,223.28,223.43,390035.829288
1790582400,223.43,223.83,223.11,223.52,469568.936865
1790586000,223.52,225.26,223.5,224.79,1076881.429048
1790589600,224.79,224.99,224.35,224.83,362153.666178
1790593200,224.83,229.76,224.83,228.27,2062423.152577
1790596800,228.27,230.21,227.73,229.9,1053742.179099
1790600400,229.9,233.43,229.18,232.22,2117000.319957
1790604000,232.22,232.62,228.79,229.52,1570101.088876
1790607600,229.52,230.88,229.51,230.47,1284094.187693
1790611200,230.47,232.59,230.08,231.23,662658.085274
1790614800,231.23,231.66,230.29,230.5,770206.9682700001
1790618400,230.5,230.63,229.81,230.21,763765.2140179999
1790622000,230.21,230.49,228.42,229.15,479469.3191419999
1790625600,229.15,229.47,229.11,229.29,43032.14707600001
