ts,open,high,low,close,volume_usd
1782831600,746.42,746.5,746.16,746.23,0.671688
1782835200,746.23,747.52,746.19,747.35,109.123652
1782838800,747.35,747.61,746.19,746.52,13.369189
1782842400,746.52,747.9,746.37,747.13,13.896806
1782846000,747.13,748.56,746.44,747.22,762.079732
1782849600,747.22,747.31,738.79,746.42,6.568056
1782853200,746.42,746.72,746.04,746.62,14.032963
1782856800,746.62,747.11,745.99,746.38,14.184771
1782860400,746.38,746.85,745.99,746.74,13.8833
1782864000,746.74,747.16,746,746.52,15.902432
1782867600,746.52,746.87,745.16,745.16,14.021072
1782871200,745.16,745.51,744.11,745.24,13.70715
1782874800,745.24,745.7,744.62,745.27,13.710881
1782878400,745.27,745.77,744.77,744.94,13.861071
1782882000,744.94,745.57,744.59,744.7,13.708981
1782885600,744.7,745.26,744.22,744.75,13.777235
1782889200,744.75,744.88,743.06,744.43,24.933547
1782892800,744.43,745.27,744.06,744.84,12.958692
1782896400,744.84,745.52,744.33,745.51,13.035549
1782900000,745.51,746.01,744.67,745.42,43.621531
1782903600,745.42,745.42,745.42,745.42,0
1782907200,745.33,745.33,745.18,745.18,2.235765
1782910800,745.18,745.18,743.13,743.13,6928.399329
1782914400,743.13,747.48,743.13,747.24,7.542951
1782918000,747.24,749.66,747.03,748.84,13.700024
1782921600,748.84,749.7,747.51,747.51,13.780874
1782925200,747.51,748.7,747.06,747.4,12.938122
1782928800,747.4,748.18,746.11,747.26,13.749893
1782932400,747.26,747.96,745.33,745.96,14.119562
1782936000,745.96,746.13,744.14,744.97,13.707459
1782939600,744.97,745.47,744.51,745.07,13.7084
1782943200,745.07,745.9,744.48,745.89,13.939453
1782946800,745.89,745.89,744.03,744.9,13.637313
1782950400,744.9,746.66,743.91,745.94,14.081406
1782954000,745.94,747.53,745.7,747.2,13.890347
1782957600,747.2,747.65,746.8,747.26,13.077166
1782961200,747.26,748.02,746.63,747.44,13.673546
1782964800,747.44,747.61,746.02,746.94,13.291664
1782968400,746.94,747.66,745.68,746.06,13.665977
1782972000,746.06,746.7,744.28,744.91,13.867143
1782975600,744.91,745.66,743.8,745.29,13.777681
1782979200,745.29,746.85,744.3,746.51,13.719231
1782982800,746.51,746.51,745.38,745.49,14.096376
1782986400,745.49,746.49,745.06,746.49,13.498903
1782990000,746.49,747.08,745.69,746.62,14.181633
1782993600,746.62,749.46,745.56,748.16,14.208902
1782997200,748.16,751.38,746.69,750.9,10320.202303
1783000800,750.9,751.47,745.91,747.41,2706.53763
1783004400,747.41,748.11,743.96,744.9,14.091391
1783008000,744.9,744.9,741.79,742.36,14.125326
1783011600,742.36,742.82,739.98,740.42,14.084417
1783015200,740.42,743.69,740.18,743.16,13.959842
1783018800,743.16,745.54,741.15,745.13,14.038281
1783022400,745.13,745.23,743.81,744.61,13.918926
1783026000,744.61,745.42,743.67,744.72,13.701506
1783029600,744.72,745.82,744.45,745.4,13.712562
1783033200,745.4,745.97,744.88,745.56,13.642855
1783036800,745.56,746.14,744.38,744.95,14.234882
1783040400,744.95,747.05,744.9,746.87,2696.732474
1783044000,746.87,747.29,745.81,746.99,14.040191
1783047600,746.99,747.38,745.81,747.04,13.669305
1783051200,747.04,747.6,745.81,747.23,13.672569
1783054800,747.23,747.43,745.81,747.09,13.821546
1783058400,747.09,748.02,746.71,747.56,14.204628
1783062000,747.56,748.2,746.64,747.27,13.67994
1783065600,747.27,748.2,746.34,746.53,14.268191
1783069200,746.53,747.63,746.4,746.93,13.817174
1783072800,746.93,747.24,746.13,746.87,3153.031084
1783076400,746.87,747.59,746.45,747.16,13.815184
1783080000,747.16,747.81,746.17,747.37,14.044513
1783083600,747.37,747.81,746.31,747.44,13.898794
1783087200,747.44,748.08,746.31,747.92,13.603801
1783090800,747.92,747.97,746.5,747.88,13.757952
1783094400,747.88,749.4,746.7,748.1,12.563975
1783098000,748.1,748.35,746.58,748.22,12.410983
1783101600,748.22,749.09,747.18,747.62,11.741837
1783105200,747.62,749.06,745.29,745.29,7.326113
1783108800,745.29,746.95,744.42,746.07,5.817359
1783112400,746.07,747.07,746.07,746.78,3.434968
1783116000,746.78,747.12,746.67,746.67,0.448153
1783119600,746.67,746.67,745.55,745.58,0.2983
1783123200,745.58,745.58,745.58,745.58,0
1783126800,745.58,745.58,745.58,745.58,0
1783130400,745.58,745.58,745.58,745.58,0
1783134000,745.58,745.58,745.58,745.58,0
1783137600,745.58,745.58,745.58,745.58,0
1783141200,745.58,745.58,745.58,745.58,0
1783144800,745.58,745.58,745.58,745.58,0
1783148400,745.58,745.58,745.58,745.58,0
1783152000,745.58,745.58,745.58,745.58,0
1783155600,745.58,745.58,745.58,745.58,0
1783159200,745.58,745.58,745.58,745.58,0
1783162800,745.58,745.58,745.58,745.58,0
1783166400,745.58,745.58,745.58,745.58,0
1783170000,745.58,745.58,745.58,745.58,0
1783173600,745.58,745.58,745.58,745.58,0
1783177200,745.58,745.58,745.58,745.58,0
1783180800,745.58,745.58,745.58,745.58,0
1783184400,745.58,745.58,745.58,745.58,0
1783188000,745.58,745.58,745.58,745.58,0
1783191600,745.58,745.58,745.58,745.58,0
1783195200,745.58,745.58,745.58,745.58,0
1783198800,745.58,745.58,745.58,745.58,0
1783202400,745.58,745.58,745.58,745.58,0
1783206000,745.58,745.58,745.58,745.58,0
1783209600,746.76,746.76,746.76,746.76,2688.336
1783213200,746.76,746.76,746.76,746.76,0
1783216800,746.76,746.76,746.76,746.76,0
1783220400,746.76,746.76,746.76,746.76,0
1783224000,746.76,746.76,746.76,746.76,0
1783227600,746.76,746.76,746.76,746.76,0
1783231200,746.76,746.76,746.76,746.76,0
1783234800,746.76,746.76,746.76,746.76,0
1783238400,746.76,746.76,746.76,746.76,0
1783242000,746.76,746.76,746.76,746.76,0
1783245600,746.76,746.76,746.76,746.76,0
1783249200,746.76,746.76,746.76,746.76,0
1783252800,746.76,746.76,746.76,746.76,0
1783256400,746.76,746.76,746.76,746.76,0
1783260000,746.76,746.76,746.76,746.76,0
1783263600,746.76,746.76,746.76,746.76,0
1783267200,746.76,746.76,746.76,746.76,0
1783270800,746.76,746.76,746.76,746.76,0
1783274400,746.76,746.76,746.76,746.76,0
1783278000,746.76,746.76,746.76,746.76,0
1783281600,746.76,746.76,746.76,746.76,0
1783285200,746.76,746.76,746.76,746.76,0
1783288800,746.76,746.76,746.76,746.76,0
1783292400,746.76,746.76,746.76,746.76,0
1783296000,749.04,749.04,749.04,749.04,541.855536
1783299600,749.04,749.04,749.04,749.04,0
1783303200,749.04,749.04,749.04,749.04,0
1783306800,749.04,749.04,749.04,749.04,0
1783310400,749.04,749.04,749.04,749.04,0
1783314000,749.04,749.04,749.04,749.04,0
1783317600,749.04,749.04,749.04,749.04,0
1783321200,749.04,749.04,749.04,749.04,0
1783324800,749.04,749.04,749.04,749.04,0
1783328400,749.04,749.04,749.04,749.04,0
1783332000,749.04,749.04,749.04,749.04,0
1783335600,749.04,749.04,749.04,749.04,0
1783339200,749.04,749.04,749.04,749.04,0
1783342800,749.04,749.04,749.04,749.04,0
1783346400,749.04,749.04,749.04,749.04,0
1783350000,749.04,749.04,749.04,749.04,0
1783353600,749.04,749.04,749.04,749.04,0
1783357200,749.04,749.04,749.04,749.04,0
1783360800,749.04,749.04,749.04,749.04,0
1783364400,749.04,749.04,749.04,749.04,0
1783368000,749.04,749.04,749.04,749.04,0
1783371600,749.04,749.04,749.04,749.04,0
1783375200,749.04,749.04,749.04,749.04,0
1783378800,749.04,749.04,749.04,749.04,0
1783382400,749.04,749.04,749.04,749.04,0
1783386000,749.04,749.04,749.04,749.04,0
1783389600,749.04,749.04,749.04,749.04,0
1783393200,749.04,749.04,749.04,749.04,0
1783396800,749.04,749.04,749.04,749.04,0
1783400400,749.04,749.04,749.04,749.04,0
1783404000,749.04,749.04,749.04,749.04,0
1783407600,749.62,749.62,749.62,749.62,1162.66062
1783411200,749.62,749.62,749.62,749.62,0
1783414800,749.62,749.62,749.62,749.62,0
1783418400,749.62,749.62,749.62,749.62,0
1783422000,749.62,749.62,749.62,749.62,0
1783425600,749.62,749.62,749.62,749.62,0
1783429200,748.39,748.39,748.39,748.39,619.367564
1783432800,748.39,748.39,748.39,748.39,0
1783436400,748.39,748.39,748.39,748.39,0
1783440000,748.39,748.39,748.39,748.39,0
1783443600,748.39,748.39,748.39,748.39,0
1783447200,748.39,748.39,748.39,748.39,0
1783450800,748.39,748.39,748.39,748.39,0
1783454400,748.39,748.39,748.39,748.39,0
1783458000,748.39,748.39,748.39,748.39,0
1783461600,748.39,748.39,748.39,748.39,0
1783465200,748.39,748.39,748.39,748.39,0
1783468800,748.39,748.39,748.39,748.39,0
1783472400,748.39,748.39,748.39,748.39,0
1783476000,748.39,748.39,748.39,748.39,0
1783479600,748.39,748.39,748.39,748.39,0
1783483200,748.39,748.39,748.39,748.39,0
1783486800,748.39,748.39,748.39,748.39,0
1783490400,748.39,748.39,748.39,748.39,0
1783494000,748.39,748.39,748.39,748.39,0
1783497600,748.39,748.39,748.39,748.39,0
1783501200,748.39,748.39,748.39,748.39,0
1783504800,748.39,748.39,748.39,748.39,0
1783508400,748.39,748.39,748.39,748.39,0
1783512000,748.39,748.39,748.39,748.39,0
1783515600,748.39,748.39,748.39,748.39,0
1783519200,744.3,744.79,742.2,742.94,13507.987386
1783522800,742.94,742.94,742.94,742.94,0
1783526400,743.73,744.6,743.73,744.6,4016.384172
1783530000,744.6,744.6,744.6,744.6,0
1783533600,744.6,744.6,744.6,744.6,0
1783537200,744.6,744.6,744.6,744.6,0
1783540800,744.6,744.6,744.6,744.6,0
1783544400,744.6,744.6,744.6,744.6,0
1783548000,744.6,744.6,744.6,744.6,0
1783551600,744.6,744.6,744.6,744.6,0
1783555200,744.6,744.6,744.6,744.6,0
1783558800,744.6,744.6,744.6,744.6,0
1783562400,744.6,744.6,744.6,744.6,0
1783566000,744.6,744.6,744.6,744.6,0
1783569600,744.6,744.6,744.6,744.6,0
1783573200,747.73,747.73,747.73,747.73,8.374576
1783576800,747.73,747.73,747.73,747.73,0
1783580400,747.73,747.73,747.73,747.73,0
1783584000,747.81,747.81,747.81,747.81,8.375472
1783587600,747.81,747.81,747.81,747.81,0
1783591200,747.81,747.81,747.81,747.81,0
1783594800,747.81,747.81,747.81,747.81,0
1783598400,747.81,747.81,747.81,747.81,0
1783602000,747.81,747.81,747.81,747.81,0
1783605600,747.81,747.81,747.81,747.81,0
1783609200,747.81,747.81,747.81,747.81,0
1783612800,747.81,747.81,747.81,747.81,0
1783616400,747.81,747.81,747.81,747.81,0
1783620000,747.81,747.81,747.81,747.81,0
1783623600,747.81,747.81,747.81,747.81,0
1783627200,747.81,747.81,747.81,747.81,0
1783630800,747.81,747.81,747.81,747.81,0
1783634400,747.81,747.81,747.81,747.81,0
1783638000,751.55,751.55,751.2,751.2,877.756275
1783641600,751.2,751.2,751.2,751.2,0
1783645200,751.2,751.2,751.2,751.2,0
1783648800,751.2,751.2,751.2,751.2,0
1783652400,751.2,751.2,751.2,751.2,0
1783656000,750.73,750.73,750.73,750.73,1454.689521
1783659600,750.73,750.73,750.73,750.73,0
1783663200,750.73,750.73,750.73,750.73,0
1783666800,750.73,750.73,750.73,750.73,0
1783670400,749.96,750.62,749.96,750.41,6954.365921
1783674000,750.41,750.41,750.41,750.41,0
1783677600,750.41,750.41,750.41,750.41,0
1783681200,750.41,750.41,750.41,750.41,0
1783684800,751.41,751.86,750.66,751.68,1836.017789
1783688400,751.68,753.07,751.54,753.07,2914.726213
1783692000,753.07,753.24,750.83,751.19,3885.918123
1783695600,751.19,753.61,751.09,753.2,405.914807
1783699200,753.2,754.25,752.91,754.25,652.209747
1783702800,754.25,754.31,753.67,754.26,135.935379
1783706400,754.26,754.89,754.19,754.56,143.979129
1783710000,754.56,755.39,754.56,754.88,349.446617
1783713600,754.88,755.7,754.88,755.6,124.792834
1783717200,755.6,755.85,755.15,755.15,187.963184
1783720800,755.15,756.1,755.02,756.1,234.918526
1783724400,756.1,756.21,755.38,755.85,278.907925
1783728000,755.85,756.59,755.41,755.97,7600.735957
1783731600,755.97,756.27,755.97,756.27,5565.596619
1783735200,756.27,756.27,755.75,755.75,40.215742
1783738800,755.75,756.11,755.69,755.98,122.538669
1783742400,755.98,755.98,755.69,755.76,62.811908
1783746000,755.76,756.1,755.76,755.85,16421.242713
1783749600,755.85,755.86,755.85,755.86,2755.034114
1783753200,755.86,756.25,755.86,756.02,2756.459615
1783756800,756.02,756.02,755.48,755.83,2797.021979
1783760400,755.83,756.09,755.59,755.59,147.244485
1783764000,755.59,756.59,755.36,756.44,190.11687
1783767600,756.44,756.48,755.94,755.98,121.744103
1783771200,755.98,756.49,755.79,755.8,169.210738
1783774800,755.8,756.22,755.42,756.22,99.699451
1783778400,756.22,756.22,755.88,755.88,21.618168
1783782000,755.88,757.18,755.88,756.8,249.984478
1783785600,756.8,756.8,756.8,756.8,0
1783789200,757.64,757.64,757.64,757.64,15.91044
1783792800,757.64,757.64,757.07,757.21,84.050842
1783796400,757.21,757.21,756.68,756.71,47.97908
1783800000,756.71,756.71,756.71,756.71,0
1783803600,756.71,756.71,756.71,756.71,0
1783807200,756.71,756.71,756.71,756.71,0
1783810800,756.71,756.71,756.71,756.71,0
1783814400,756.71,756.71,756.71,756.71,0
1783818000,754.33,754.96,754.33,754.95,87.254249
1783821600,754.95,755.11,753.93,754.11,253.90214
1783825200,754.11,755.03,754.11,754.53,69.66701
1783828800,754.53,754.53,754.53,754.53,0
1783832400,754.53,754.53,754.53,754.53,0
1783836000,754.53,754.53,754.53,754.53,0
1783839600,754.53,754.53,754.53,754.53,0
1783843200,754.53,754.53,754.53,754.53,0
1783846800,754.53,754.53,754.53,754.53,0
1783850400,753.99,753.99,753.99,753.99,2714.364
1783854000,753.99,753.99,753.99,753.99,0
1783857600,755.16,755.16,754.55,755.03,67.263323
1783861200,755.03,755.03,754.51,754.51,2716.236
1783864800,754.51,754.53,754.46,754.46,39.76245
1783868400,754.46,754.54,754.46,754.54,14.939892
1783872000,754.54,754.54,754.54,754.54,0
1783875600,754.54,754.54,754.54,754.54,0
1783879200,754.54,754.54,754.54,754.54,0
1783882800,754.54,754.54,754.54,754.54,0
1783886400,754.54,754.54,754.54,754.54,0
1783890000,754.11,754.11,754.11,754.11,2714.796
1783893600,754.11,754.11,752.92,752.92,18976.932
1783897200,752.92,752.92,752.92,752.92,0
1783900800,752.97,753.35,752.97,753.21,2787.147676
1783904400,753.21,753.21,752.28,752.74,186.266169
1783908000,752.74,752.74,751.82,751.82,76.042501
1783911600,751.82,751.82,751.82,751.82,0
1783915200,751.38,751.38,750.62,750.62,160.558064
1783918800,750.62,751.42,750.14,750.52,253.236353
1783922400,750.52,751.78,750.52,751.78,140.204987
1783926000,751.78,752.55,751.31,752.23,520.653437
1783929600,752.23,753.21,752.23,753.05,167.047274
1783933200,753.05,753.7,752.06,753.17,6012.496812999999
1783936800,753.17,753.35,752.54,753.11,148.79612500000002
1783940400,753.11,753.54,752.55,752.68,299.251464
1783944000,752.68,752.79,751.63,752.79,543.29892
1783947600,752.79,754.03,752.73,753.12,414.179705
1783951200,753.12,754.09,750.74,751.98,705.580776
1783954800,751.98,753.07,751.98,752.09,334.19626
1783958400,752.09,752.09,749.43,750.49,431.13926
1783962000,750.49,750.51,749.84,749.84,79.975029
1783965600,749.84,750.63,749.08,750.14,426.327655
1783969200,750.14,750.14,748.31,749.55,451.145869
1783972800,749.55,749.55,748.19,748.76,238.578256
1783976400,748.76,748.76,748.27,748.53,130.391724
1783980000,748.53,749.27,748.47,748.56,355.344657
1783983600,748.56,748.56,748.56,748.56,0
1783987200,748.02,748.02,748.02,748.02,14.9604
1783990800,748.02,748.46,747.41,747.41,7507.963613
1783994400,747.41,747.41,747.41,747.41,0
1783998000,747.41,747.41,747.41,747.41,0
1784001600,747.41,747.41,747.41,747.41,0
1784005200,749,749,749,749,1.0486
1784008800,749,749,749,749,0
1784012400,749,749,749,749,0
1784016000,749,749,749,749,0
1784019600,749,749,749,749,0
1784023200,749,749,749,749,0
1784026800,749,749,749,749,0
1784030400,749,749,749,749,0
1784034000,749,749,749,749,0
1784037600,750.18,753.05,749.45,752.9,23587.194652
1784041200,752.9,753.79,751.52,751.52,3670.26314
1784044800,751.52,752.3,750.5,752.3,4110.995465
1784048400,752.3,753.03,752.09,752.97,1137.415127
1784052000,752.97,753.34,752.17,752.64,151.700951
1784055600,752.64,753.01,752.26,752.87,149.481231
1784059200,752.87,752.87,752.11,752.36,281.570193
1784062800,752.36,752.75,752.36,752.74,275.951887
1784066400,752.74,752.78,751.7,752.17,533.368498
1784070000,752.17,753.61,752.17,753.45,382.346882
1784073600,753.45,754,752.53,753.94,742.324068
1784077200,753.94,753.94,753,753.71,179.578741
1784080800,753.71,754.31,753.71,754.11,3254.434345
1784084400,754.11,754.42,753.61,754.42,176.444091
1784088000,754.42,754.42,754.09,754.24,159.52548
1784091600,754.24,754.79,753.7,754.38,379.252411
1784095200,754.38,754.6,754.08,754.4,194.446468
1784098800,754.4,754.4,752.83,753.97,358.426394
1784102400,753.97,754.2,753.01,754.2,334.391764
1784106000,754.2,754.49,753.68,753.72,246.442118
1784109600,753.72,754.17,753.18,753.49,289.512341
1784113200,753.49,753.63,753.17,753.6,218.275139
1784116800,753.6,754.87,752.68,754.86,375.613519
1784120400,754.86,755.74,753.58,754.85,1046.247742
1784124000,754.85,755.61,753.15,753.77,881.123984
1784127600,753.77,754.59,752.61,753.19,1048.711388
1784131200,753.19,753.19,750.62,751.87,549.443164
1784134800,751.87,754.72,751.87,754.46,590.571982
1784138400,754.46,755.01,753.54,753.54,314.552718
1784142000,753.54,754.99,753.33,754.99,386.006747
1784145600,754.99,755.42,754.33,755,508.685869
1784149200,755,755.05,754.38,754.89,277.819996
1784152800,754.89,755.52,754.71,755.27,267.76799
1784156400,755.27,755.62,754.98,754.98,52.949384
1784160000,754.98,756.15,754.73,754.84,518.105564
1784163600,754.84,755.38,754.27,754.73,401.783654
1784167200,754.73,755.65,754.33,755.65,301.662917
1784170800,755.65,755.94,755.14,755.94,214.142774
1784174400,755.94,756.03,755.42,755.42,108.587191
1784178000,755.42,756.45,755.04,755.42,97.854756
1784181600,755.42,755.75,754.43,755.37,349.935861
1784185200,755.37,755.37,753.35,753.35,511.36753
1784188800,753.35,754.54,752.86,754.3,632.477587
1784192400,754.3,754.97,753.8,754.49,120.315146
1784196000,754.49,754.49,753.45,753.91,371.401745
1784199600,753.91,753.91,752.16,752.75,566.705387
1784203200,752.75,753.26,751.53,752.24,704.550645
1784206800,752.24,753.74,751.13,752.02,3677.290562
1784210400,752.02,754.77,752.02,753.89,3199.943532
1784214000,753.89,754.78,753.15,754.14,927.067786
1784217600,754.14,754.14,751.53,753.26,705.490488
1784221200,753.26,753.26,751.2,751.2,631.238276
1784224800,751.2,751.93,750.1,750.32,732.317272
1784228400,750.32,751.07,748.14,750.73,729.961529
1784232000,750.73,751.13,749.89,750.32,357.335772
1784235600,750.32,750.86,750.32,750.86,23.872578
1784239200,750.86,750.9,749.69,749.69,415.065167
1784242800,749.69,749.96,748.97,749.15,515.193088
1784246400,749.15,749.82,748.23,748.72,303.46679
1784250000,748.72,749.38,747.16,747.25,363.721307
1784253600,747.25,747.27,745.96,746.8,273.749551
1784257200,746.8,747.92,745.91,745.91,327.789723
1784260800,745.91,745.91,744.56,745.37,418.622144
1784264400,745.37,745.37,744,744.88,331.874093
1784268000,744.88,746.07,744.5,745.02,328.468639
1784271600,745.02,745.67,744.6,744.8,527.448554
1784275200,744.8,745.49,742.6,743.92,705.387714
1784278800,743.92,744.95,743.24,744.72,454.755201
1784282400,744.72,745.77,744.34,745.77,465.809172
1784286000,745.77,746.01,744.65,745.81,528.946944
1784289600,745.81,745.81,743.66,744.09,497.56685699999997
1784293200,744.09,745,741.07,744.7,862.772752
1784296800,744.7,747.43,744.7,744.92,1191.279462
1784300400,744.92,746.9,744.09,746.9,1160.286896
1784304000,746.9,747.52,745.24,746.57,823.785575
1784307600,746.57,747.46,744.54,744.54,721.321282
1784311200,744.54,745.43,743.63,745.06,848.255459
1784314800,745.06,745.06,742.44,743.86,746.043343
1784318400,743.86,743.86,742.19,743.16,477.94142
1784322000,743.16,743.76,742.91,743.5,126.9803
1784325600,743.5,743.89,743.5,743.89,95.637476
1784329200,743.89,743.89,742.58,742.58,371.75735
1784332800,742.58,743.23,741,742.74,367.71993
1784336400,742.74,743.62,742.74,743.57,382.358192
1784340000,743.57,743.74,742.84,743.74,2853.970952
1784343600,743.74,743.97,742.88,743.1,2248.092869
1784347200,743.1,744.35,742.22,743.76,5844.369419
1784350800,743.76,744.13,743.76,744.04,45.017084
1784354400,744.04,744.08,743.15,743.75,212.692874
1784358000,743.75,743.87,742.89,742.94,290.327616
1784361600,742.94,743.81,742.93,743.58,348.258251
1784365200,743.58,743.58,742.47,742.59,75.402496
1784368800,742.59,743.49,742.24,742.24,207.293211
1784372400,742.24,743.72,742.23,743.28,167.128012
1784376000,743.28,743.69,742.56,743.69,442.133336
1784379600,743.69,743.69,742.73,742.73,274.896904
1784383200,742.73,743.38,742.73,743.26,151.226181
1784386800,743.26,743.6,742.72,743.06,166.049802
1784390400,743.06,743.08,742.13,742.13,211.952231
1784394000,742.13,743.41,742.13,743.41,351.94199199999997
1784397600,743.41,743.75,742.66,742.67,224.060359
1784401200,742.67,743.05,742.44,742.73,241.006276
1784404800,742.73,742.86,742.1,742.85,436.09130700000003
1784408400,742.85,743.07,741.95,742.01,192.589404
1784412000,742.01,742.46,741.59,741.99,389.447911
1784415600,741.99,742.99,741.95,742.95,187.090485
1784419200,742.95,743.18,741.91,743.17,344.317268
1784422800,743.17,743.35,742.22,742.28,323.887261
1784426400,742.28,743.38,742.28,743.38,161.560707
1784430000,743.38,743.62,742.57,742.62,51.855701
1784433600,742.62,743.19,742.62,742.66,112.336452
1784437200,742.66,743.31,742.34,743.31,110.449217
1784440800,743.31,743.41,742.64,742.87,217.958654
1784444400,742.87,743.5,742.64,743.47,468.639171
1784448000,743.47,743.79,742.86,743.79,160.543524
1784451600,743.79,743.79,742.85,742.91,203.950694
1784455200,742.91,743.5,742.91,743.33,60.22026
1784458800,743.33,743.81,743.33,743.44,99.575437
1784462400,743.44,743.8,742.74,742.87,396.608399
1784466000,742.87,743.43,742.8,742.8,152.841986
1784469600,742.8,743.51,742.68,742.68,153.898174
1784473200,742.68,743.22,742.55,743.22,118.709
1784476800,743.22,743.22,742.14,742.19,217.11016
1784480400,742.19,742.94,742.19,742.66,176.949465
1784484000,742.66,742.71,742.17,742.17,298.411671
1784487600,742.17,742.68,742.17,742.56,55.240231
1784491200,742.56,742.75,742.14,742.48,267.174881
1784494800,742.48,743.58,742.14,743.58,340.27472
1784498400,743.58,743.82,741.95,743.02,628.754554
1784502000,743.02,744.07,742.86,743.86,214.306396
1784505600,743.86,745.55,743.31,743.77,765.759734
1784509200,743.77,744.86,742.74,743.55,652.72584
1784512800,743.55,745.09,743.1,744.3,772.871236
1784516400,744.3,745.07,743.89,744.22,354.430974
1784520000,744.22,745.35,743.73,744.64,560.952047
1784523600,744.64,745.16,743.23,743.37,673.268705
1784527200,743.37,743.81,742.86,743.69,295.736813
1784530800,743.69,745.89,743.15,745.51,721.101686
1784534400,745.51,746.09,744.92,745.41,288.060206
1784538000,745.41,746.56,744.9,745.75,403.760745
1784541600,745.75,746.41,745.42,746.23,355.856419
1784545200,746.23,748.32,746.01,747.58,702.555714
1784548800,747.58,747.58,745.83,746.73,644.851165
1784552400,746.73,749.16,745.95,745.95,632.54372
1784556000,745.95,746.75,744.29,744.59,852.164814
1784559600,744.59,746.92,744.3,746.64,1227.569878
1784563200,746.64,747.43,744.93,745.04,793.683213
1784566800,745.04,745.5,743.82,744.99,592.509564
1784570400,744.99,745.42,742.68,742.83,894.166255
1784574000,742.83,743.6,741.87,742,786.202152
1784577600,742,743.34,741.72,742.55,460.381009
1784581200,742.55,742.81,742.39,742.47,161.962797
1784584800,742.47,742.47,741.34,741.34,399.78567100000004
1784588400,741.34,743.1,741.34,742.62,347.258377
1784592000,742.62,743.7,741.22,743.7,355.673975
1784595600,743.7,743.9,742.78,743.1,543.230294
1784599200,743.1,744.25,742.74,744.14,192.996839
1784602800,744.14,745.23,744.11,745.23,290.14563
1784606400,745.23,745.47,745.08,745.47,199.034377
1784610000,745.47,746.15,744.7,746.15,290.02175900000003
1784613600,746.15,746.56,745.57,746.5,218.76626
1784617200,746.5,746.55,745.18,745.64,326.767187
1784620800,745.64,746.49,745.55,746.43,136.445339
1784624400,746.43,746.67,745.74,745.95,355.13358
1784628000,745.95,746.84,745.77,745.77,262.164625
1784631600,745.77,746.23,745.01,745.36,157.536133
1784635200,745.36,746.15,744.48,745.77,222.559944
1784638800,745.77,746.35,744.25,745.18,388.455932
1784642400,745.18,747.19,744.88,746.55,484.948921
1784646000,746.55,748.07,745.8,747.64,234.378589
1784649600,747.64,748.98,747.64,748.98,79.045837
1784653200,748.98,748.98,748.31,748.6,72.911472
1784656800,748.6,748.8,748.1,748.27,3049.904225
1784660400,748.27,748.8,748.27,748.8,11.00736
1784664000,748.8,748.8,747.91,747.91,28.052193
1784667600,747.91,748.78,747.91,748.78,25.006081
1784671200,748.78,748.78,747.64,747.64,71.421363
1784674800,747.64,748.22,747.64,748.22,11.298122
1784678400,748.22,748.67,747.71,747.71,168.940037
1784682000,747.71,748.53,747.32,748.53,158.853591
1784685600,748.53,748.53,747.75,747.99,2122.266295
1784689200,747.99,748.41,747.46,747.46,96.387767
1784692800,747.46,748.01,747.3,747.3,25.044987
1784696400,747.3,747.81,747.21,747.21,70.110362
1784700000,747.21,747.21,746.02,746.69,6153.2154629999995
1784703600,746.69,746.7,745.11,745.78,213.233273
1784707200,745.78,746.64,745.47,746.53,175.049707
1784710800,746.53,747.22,746.19,746.86,173.687178
1784714400,746.86,747.29,746.41,747.22,105.924972
1784718000,747.22,747.22,745.08,745.98,297.963236
1784721600,745.98,746.39,745.05,745.17,202.355506
1784725200,745.17,748.84,745.17,748.84,6097.602727
1784728800,748.84,749.59,747.21,748.39,420.501518
1784732400,748.39,749.88,748.39,749.84,2335.765304
1784736000,749.84,750.37,749.69,750.25,122.407778
1784739600,750.25,750.25,748.79,748.79,130.888757
1784743200,748.79,748.96,748.28,748.96,3008.788902
1784746800,748.96,749.1,747.3,748.51,25175.622758999998
1784750400,748.51,749.5,746.7,748.21,29333.962658
1784754000,748.21,748.84,746.55,746.85,3144.534665
1784757600,746.85,747.3,745.62,746.61,139.587789
1784761200,746.61,746.93,745.62,746.93,150.059215
1784764800,746.93,748.96,746.93,748.96,181.29064
1784768400,748.96,748.96,747.75,747.75,848.487912
1784772000,747.75,748.36,746.8,746.8,123.111921
1784775600,746.8,746.92,745.99,746.91,84.803844
1784779200,746.91,747.07,745.2,746.54,34989.761439
1784782800,746.54,747.25,746.01,746.01,134.526574
1784786400,746.01,746.36,745.5,745.77,83.398365
1784790000,745.77,745.77,743.1,744.14,380.650863
1784793600,744.14,746.7,743.48,746.16,28203.294587
1784797200,746.16,746.47,744.9,745.15,14381.651257999998
1784800800,745.15,747,744.8,746.31,14361.037085
1784804400,746.31,746.31,742.86,744.03,13534.465713000001
1784808000,744.03,744.05,740.47,740.47,289.050788
1784811600,740.47,742.63,738.45,740.05,929.792423
1784815200,740.05,740.79,737.97,738.55,1009.193177
1784818800,738.55,738.55,735.89,738.34,593.538273
1784822400,738.34,740.05,737.77,739.01,439.736908
1784826000,739.01,739.43,737.47,737.47,302.803347
1784829600,737.47,738.18,737.02,737.02,257.976875
1784833200,737.02,738.81,736.24,738.81,452.863823
1784836800,738.81,739.96,738.81,739.71,151.904612
1784840400,739.71,739.71,739.06,739.47,52.11955
1784844000,739.47,739.52,738.46,739.52,65.474038
1784847600,739.52,739.68,738.41,738.66,122.529761
1784851200,738.66,739.82,738.46,739.8,358.497564
1784854800,739.8,740.09,739.26,739.31,134.539085
1784858400,739.31,739.55,738.36,738.36,129.90668
1784862000,738.36,738.36,737.95,737.95,13.652075
1784865600,737.95,738.83,737.71,738.59,122.332947
1784869200,738.59,739.43,738.4,738.88,154.708806
1784872800,738.88,739.21,737.66,738.93,208.698114
1784876400,738.93,740.93,738.93,739.96,13287.141324
1784880000,739.96,740.86,739.32,739.5,7551.201943
1784883600,739.5,741.36,739.5,740.87,90.993387
1784887200,740.87,741.07,740.36,740.36,67.473791
1784890800,740.36,741.37,739.95,741.37,132.959081
1784894400,741.37,741.37,739.42,739.42,198.269187
1784898000,739.42,740.09,737.84,737.84,391.483417
1784901600,737.84,741.1,737.84,741.1,760.412978
1784905200,741.1,743.6,739.84,743.32,24920.785778999998
1784908800,743.32,744.9,740.93,741.91,29730.688556
1784912400,741.91,743.1,740.46,740.96,25396.970958
1784916000,740.96,741.47,737.82,738.21,690.162298
1784919600,738.21,739.23,737.52,738.46,401.137969
1784923200,738.46,739.47,738.44,739.41,150.98852
1784926800,739.41,739.72,738.8,739.72,83.709222
1784930400,739.72,739.72,739.25,739.25,13.75005
1784934000,739.25,739.57,738.9,738.9,38.657068
1784937600,738.9,739.95,738.9,739.95,23.897025
1784941200,739.95,739.95,738.83,738.83,30.661445
1784944800,738.83,738.83,738.83,738.83,0
1784948400,738.83,738.83,738.83,738.83,0
1784952000,740.02,740.33,740.02,740.33,48.848694
1784955600,740.33,741.19,740.05,740.94,12086.135465
1784959200,740.94,740.94,740.2,740.2,14.50792
1784962800,740.2,741.04,740.2,740.97,24.008611
1784966400,740.97,740.97,739.58,739.58,43.65028
1784970000,739.58,740.68,739.43,740.68,44.859724
1784973600,740.68,740.68,739.48,739.48,40.893244
1784977200,739.48,740.15,739.32,740.15,42.019023
1784980800,740.15,740.36,740.15,740.36,11.1054
1784984400,740.36,740.81,740.36,740.81,11.186231
1784988000,740.81,740.81,739.92,740.64,23.245296
1784991600,740.64,740.64,739.81,739.81,11.171131
1784995200,739.81,740.67,739.56,740.67,34.048065
1784998800,740.67,742.02,740.22,741.96,2191.021929
1785002400,741.96,741.96,740.7,740.7,79.600159
1785006000,740.7,740.7,740.7,740.7,0
1785009600,740.72,741.82,740.72,741.82,52.643969
1785013200,741.82,741.82,741.82,741.82,0
1785016800,741.82,741.82,741.82,741.82,0
1785020400,742.18,742.22,741.02,742.05,106.216858
1785024000,742.05,742.41,742.05,742.41,17.966322
1785027600,742.41,742.75,742.41,742.75,24.731461
1785031200,742.75,742.75,741.82,741.82,23.36733
1785034800,741.82,742.68,741.82,742.68,11.214468
1785038400,742.68,742.68,742.68,742.68,0
1785042000,741.74,742.2,741.55,741.55,40.799281
1785045600,741.55,742.45,741.23,742.45,41.628631
1785049200,742.45,742.45,742.45,742.45,0
1785052800,742.74,742.87,742.74,742.87,27.854765
1785056400,742.87,742.87,742.87,742.87,0
1785060000,743.34,743.34,743.34,743.34,25.124892
1785063600,743.34,743.34,743.26,743.26,13.230028
1785067200,743.26,744.37,742.59,743.1,122.552571
1785070800,743.1,743.92,742.84,742.99,55.97741
1785074400,742.99,744.23,742.86,742.86,78.059326
1785078000,742.86,743.99,742.62,742.99,74.416557
1785081600,742.99,744.28,742.99,743.26,67.68542
1785085200,743.26,743.27,743.26,743.27,11.223377
1785088800,743.27,743.27,742.33,743.21,59.048513
1785092400,743.21,743.21,742.28,742.4,30.584132
1785096000,742.4,742.4,742.05,742.34,111.198153
1785099600,742.34,742.55,742.34,742.55,1260.40437
1785103200,742.55,745.3,742.55,744.4,202.424757
1785106800,744.4,745.73,744.4,745.73,82.798947
1785110400,745.73,745.8,743.77,743.77,280.540932
1785114000,743.77,744.54,743.38,744.54,192.834925
1785117600,744.54,744.82,744.24,744.76,110.488983
1785121200,744.76,745,744.35,744.71,41.326856
1785124800,744.71,745.25,744.71,745.25,31.375025
1785128400,745.25,746.08,745.25,746.08,55.341742
1785132000,746.08,746.5,745.54,745.54,87.787804
1785135600,745.54,746.17,745.16,745.16,104.909755
1785139200,745.16,746.69,745.16,746.65,95.206204
1785142800,746.65,747.05,746.11,747.05,63.539651
1785146400,747.05,747.05,746.37,746.37,11.94192
1785150000,746.37,746.37,745.36,745.84,111.932634
1785153600,745.84,745.96,744.88,745.96,98.908981
1785157200,745.96,746.09,741.84,741.84,625.592296
1785160800,741.84,742.51,737.33,740.05,859.816157
1785164400,740.05,740.84,736.76,738.26,490.05927
1785168000,738.26,740.06,736.97,737.56,684.949828
1785171600,737.56,738.18,736.39,738.18,303.918686
1785175200,738.18,739.5,737.15,739.5,295.28405
1785178800,739.5,740.3,738.86,739.07,203.595863
1785182400,739.07,740.16,738.95,739.59,132.842145
1785186000,739.59,740.26,739.59,740.26,11.1039
1785189600,740.26,740.26,738.93,738.93,59.72934
1785193200,738.93,739.6,738.43,739.6,178.302104
1785196800,739.6,739.8,738.08,738.52,303.847217
1785200400,738.52,739.06,737.24,737.8,236.37449
1785204000,737.8,738.34,737.44,737.82,169.557175
1785207600,737.82,739.15,737.13,739.04,309.506545
1785211200,739.04,739.04,737.52,737.52,88.267096
1785214800,737.52,738.12,736.58,736.58,112.790193
1785218400,736.58,737.69,736.57,737.68,162.865908
1785222000,737.68,738.59,737.53,737.92,270.654945
1785225600,737.92,739.65,737.36,738.65,638.39211
1785229200,738.65,739.18,738.43,738.43,65.159168
1785232800,738.43,739.04,737.94,738.89,176.280468
1785236400,738.89,739.92,737.86,739.92,535.815838
1785240000,739.92,741.01,739.4,740.13,248.649199
1785243600,740.13,741.01,736.82,736.82,793.297352
1785247200,736.82,740.42,736.7,739.3,1250.617312
1785250800,739.3,743,738.71,742.74,5995.623244
1785254400,742.74,743.11,741.13,743.11,229.682525
1785258000,743.11,743.11,740.86,741.69,429.380287
1785261600,741.69,742.16,740.77,742.16,171.188683
1785265200,742.16,742.51,740.55,740.55,156.475684
1785268800,740.55,741.99,740.43,741.19,169.376577
1785272400,741.19,741.78,741.19,741.78,122.157552
1785276000,741.78,742.2,738.9,738.9,7954.407049
1785279600,738.9,744.05,738.9,742.5,68985.348629
1785283200,742.5,745.5,742.5,742.97,15184.836553000001
1785286800,742.97,742.97,740.23,740.23,272.39592
1785290400,740.23,741.63,739.82,740.67,187.07325
1785294000,740.67,741.42,739.02,739.02,245.655917
1785297600,739.02,739.97,738.63,739.97,75.497241
1785301200,739.97,740.89,739.97,740.83,85.761103
1785304800,740.83,742.69,739.83,742.69,206.737552
1785308400,742.69,743.7,741.88,742.16,14116.234472
1785312000,742.16,743.17,741.51,743.17,127.147354
1785315600,743.17,743.9,742.21,743.08,108.662323
1785319200,743.08,743.35,742.17,742.17,129.754193
1785322800,742.17,743.11,742.17,742.3,39.590024
1785326400,742.3,742.3,740.39,741.65,252.499838
1785330000,741.65,741.65,737.37,738.3,602.502524
1785333600,738.3,738.54,734.58,736.17,609.889708
1785337200,736.17,737.1,735,735.01,9133.862232
1785340800,735.01,735.36,731.1,735.36,27046.233223
1785344400,735.36,737.68,734.4,736.96,533.354114
1785348000,736.96,742.75,735,741.72,1473.405915
1785351600,741.72,742.9,728.4,728.4,6123.260378
1785355200,728.4,730.45,726.3,728.49,905.46759
1785358800,728.49,729.01,727.21,728.83,185.083864
1785362400,728.83,732.63,728.83,731.57,434.379093
1785366000,731.57,733.25,730.8,731.4,296.081884
1785369600,731.4,733.75,730.5,732.77,713.123122
1785373200,732.77,734.46,731.4,732.9,226.405254
1785376800,732.9,734.59,732,732,130.734169
1785380400,732,733.3,731.4,731.7,192.720629
1785384000,731.7,733.38,730.8,730.8,212.614656
1785387600,730.8,732.93,730.5,730.5,161.707803
1785391200,730.5,731.96,729.9,729.9,162.813307
1785394800,729.9,733.43,729.9,731.67,499.533364
1785398400,731.67,733.18,729.8,731.66,249.84012
1785402000,731.66,734.18,731.66,732.16,216.47941
1785405600,732.16,734.41,732.16,734.13,217.527471
1785409200,734.13,735.53,734.13,735.53,93.568331
1785412800,735.53,735.69,734.11,735.38,301.611731
1785416400,735.38,738.76,734.7,738.76,660.96573
1785420000,738.76,739.63,735.92,737.06,953.024682
1785423600,737.06,737.92,734.8,737.26,859.97507
1785427200,737.26,739.67,737.26,738.89,10453.327863
1785430800,738.89,740.87,738.89,740.5,410.067075
1785434400,740.5,741.05,740,741.05,119.967367
1785438000,741.05,742.61,741.05,741.86,203.935596
1785441600,741.86,743.71,741.86,742.31,392.933877
1785445200,742.31,742.47,741.72,742.02,16588.058031
1785448800,742.02,743.49,741.78,743.49,277.282199
1785452400,743.49,744.3,743.02,744.11,7146.328309999999
1785456000,744.11,744.82,744.08,744.61,142.869733
1785459600,744.61,745.45,744.28,744.28,88.790305
1785463200,744.28,744.97,743.71,744.18,88.625939
1785466800,744.18,744.81,743.88,744.81,117.853992
1785470400,744.81,745.85,744.02,745.85,123.818832
1785474000,745.85,746.14,745.36,745.95,126.564643
1785477600,745.95,745.95,744.26,744.73,140.315824
1785481200,744.73,745.78,744.04,745.31,209.180175
1785484800,745.31,746.26,745.15,746.26,189.741496
1785488400,746.26,746.54,745.17,745.63,96.505481
1785492000,745.63,746.06,745.26,745.54,92.834786
1785495600,745.54,745.93,744.54,745.01,109.1539
1785499200,745.01,745.01,742.96,743.58,226.007489
1785502800,743.58,746.42,741.89,742.3,752.941853
1785506400,742.3,743.52,738.11,743.2,1004.249354
1785510000,743.2,743.9,740.69,743.9,836.677134
1785513600,743.9,745.42,742.92,745.42,406.502337
1785517200,745.42,746.76,744.77,745.55,248.733504
1785520800,745.55,746.99,745.55,746.32,185.202907
1785524400,746.32,749.22,746.03,747.6,471.555647
1785528000,747.6,747.61,745.55,745.55,255.13824
1785531600,745.55,745.74,745.23,745.23,52.622979
1785535200,745.23,745.23,744.76,744.76,18.693476
1785538800,744.76,744.76,744.5,744.5,11.1675
1785542400,744.5,745.95,744.5,745.89,77.163626
1785546000,745.89,745.89,745.89,745.89,0
1785549600,745.89,745.89,745.89,745.89,0
1785553200,745.89,745.89,745.89,745.89,0
1785556800,745.89,745.89,745.89,745.89,0
1785560400,745.89,745.89,745.89,745.89,0
1785564000,744.91,746.01,744.91,746.01,42.576393
1785567600,746.01,746.01,745.06,745.11,31.591459
1785571200,745.11,746.03,745.11,746.03,11.19045
1785574800,746.03,746.03,745.95,745.95,12.606555
1785578400,745.95,745.95,744.88,744.88,11.843592
1785582000,744.88,744.91,744.73,744.73,42.529225
1785585600,744.73,744.73,744.73,744.73,0
1785589200,743.91,743.93,743.91,743.93,41.436493
1785592800,743.93,745.51,743.93,745.37,49.855255
1785596400,745.37,745.37,744.07,744.07,37.730013
1785600000,744.07,745.29,744.07,745.07,28.16798
1785603600,745.07,745.07,743.28,743.28,77.044248
1785607200,743.28,743.28,743,743,50.15819
1785610800,743,743,742.42,742.42,28.732542
1785614400,742.42,744.3,742.42,744.26,85.564349
1785618000,744.26,744.75,742.74,744.75,2816.04358
1785621600,744.75,744.75,743.01,744.24,104.655495
1785625200,744.24,744.86,744.24,744.86,24.802948
1785628800,744.86,745.62,744.86,745.61,78.955094
1785632400,745.61,747.41,745.61,745.66,8203.17499
1785636000,745.66,748.89,745.66,748.71,2965.962044
1785639600,748.71,749.46,748.71,749.46,41.436571
1785643200,749.46,749.87,748.94,749.62,16309.904476
1785646800,749.62,749.62,748.67,748.69,2753.628132
1785650400,748.69,749.67,748.69,749.67,39.719338
1785654000,749.67,749.67,749.66,749.66,12.069526
1785657600,749.66,749.66,748.59,748.59,24.409669
1785661200,748.59,748.59,748.07,748.07,41.528208
1785664800,748.07,748.16,748.07,748.11,23.865599
1785668400,748.11,748.57,747.97,747.97,5404.42986
1785672000,747.97,748.01,746.98,746.98,2757.642984
1785675600,746.98,748.27,746.98,748.27,48.178918
1785679200,748.27,749.47,748.27,749.47,112.508991
1785682800,749.47,749.47,748.7,748.7,26.429728
1785686400,748.7,750.38,748.7,750.3,88.19606
1785690000,750.3,750.3,750.3,750.3,0
1785693600,750.13,750.13,750.13,750.13,10.576833
1785697200,750.13,750.13,750.13,750.13,0
1785700800,750.58,750.58,749.74,749.74,34.429278
1785704400,749.74,749.74,748.96,748.96,49.14624
1785708000,748.96,750.9,748.96,749.3,2166.283129
1785711600,749.3,750.41,749.3,750.41,39.231032
1785715200,750.41,750.97,749.58,750.67,299.892963
1785718800,750.67,751.23,750.09,751.23,74.710748
1785722400,751.23,751.39,750.86,751.28,37.483603
1785726000,751.28,751.79,751.28,751.79,11.427208
1785729600,751.79,751.96,751.34,751.34,22.399294
1785733200,751.34,751.34,751.34,751.34,0
1785736800,751.89,751.89,750.84,750.84,61.969078
1785740400,750.84,751.2,750.56,750.9,2622.481949
1785744000,750.9,751.23,749.94,751.23,152.892968
1785747600,751.23,751.28,750.56,751.05,87.782375
1785751200,751.05,751.59,751.05,751.59,16.159185
1785754800,751.59,752.05,750.63,750.63,2017.828656
1785758400,750.63,751.86,750.49,751.27,92.550197
1785762000,751.27,753.67,749.61,753.67,513.221768
1785765600,753.67,755.83,753.48,755.83,272.583277
1785769200,755.83,756.53,754.97,755.9,5179.579265
1785772800,755.9,756.88,755.9,756.69,65.295518
1785776400,756.69,758.17,756.27,758.17,3195.172874
1785780000,758.17,758.57,757.73,758.48,356.877854
1785783600,758.48,758.78,757.67,757.67,104.104939
1785787200,757.67,758.82,757.67,758.28,1195.539119
1785790800,758.28,758.89,758.28,758.4,10106.777763
1785794400,758.4,758.4,758.4,758.4,0
1785798000,758.85,758.85,758.85,758.85,4000.05012
1785801600,758.85,758.85,757.96,758.74,10337.459744999998
1785805200,758.74,760.07,757.96,760.07,127.054355
1785808800,760.07,760.07,759.35,759.55,126.006745
1785812400,759.55,759.84,758.98,759.84,35.618674
1785816000,759.84,759.84,759.84,759.84,0
1785819600,760.18,760.25,760.18,760.25,26.151424
1785823200,760.25,760.47,759.78,759.78,25.310886
1785826800,759.78,759.78,759.4,759.4,14.88424
1785830400,759.4,759.4,759.01,759.28,72.580648
1785834000,759.28,759.28,758.42,758.42,26.396456
1785837600,758.42,759.92,758.42,759.35,65.248904
1785841200,759.35,760.63,759.35,760.38,223.167847
1785844800,760.38,760.93,760.23,760.45,37.190717
1785848400,760.45,764.46,760.12,763.72,13512.140972
1785852000,763.72,766.97,763.72,766.97,449.442198
1785855600,766.97,769.33,766.89,769.03,7008.075093
1785859200,769.03,770.52,768.37,770.48,5716.655393
1785862800,770.48,773.49,770.48,772.62,353.950043
1785866400,772.62,772.82,771.59,772.15,2260.770771
1785870000,772.15,773.75,771.58,771.58,4159.304461
1785873600,771.58,773.23,771.23,772.58,164.699359
1785877200,772.58,772.71,772.41,772.52,3705.255236
1785880800,772.52,773.33,772.52,773.33,25.360924
1785884400,773.33,773.33,772.51,773.24,22.336197
1785888000,773.24,773.7,772.96,773.43,58.931678
1785891600,773.43,773.48,772.75,773.36,48.473006
1785895200,773.36,773.36,773.36,773.36,0
1785898800,773.36,773.36,773.36,773.36,0
1785902400,773.87,773.87,773.41,773.41,165.444727
1785906000,773.41,774.79,773.41,774.79,164.196017
1785909600,774.79,774.79,773.94,774.6,22.685814
1785913200,774.6,774.6,772.83,773.28,7536.0694699999995
1785916800,773.28,774.26,773.28,773.4,43.794705
1785920400,773.4,774.09,773.4,773.57,1103.40624
1785924000,773.57,774.5,773.57,774.5,25.634102
1785927600,774.5,774.5,774.5,774.5,0
1785931200,775.03,775.03,775.03,775.03,19.220744
1785934800,775.03,776.86,774.54,776.81,3194.577663
1785938400,776.81,776.81,772.46,773.7,377.419948
1785942000,773.7,773.7,770.32,771.13,281.022134
1785945600,771.13,772.37,769.96,772.33,297.068958
1785949200,772.33,772.83,771.57,772.13,7553.192827
1785952800,772.13,772.61,771.6,772.45,60.772155
1785956400,772.45,772.45,771.41,771.41,160.504453
1785960000,771.41,771.41,770.04,771.22,144.560166
1785963600,771.22,771.22,771.22,771.22,0
1785967200,771.79,772.29,771.79,772.29,33.504136
1785970800,772.29,772.29,771.37,771.37,11.801961
1785974400,771.37,771.37,771.06,771.06,14.26461
1785978000,771.06,771.06,770.24,771.02,52.785523
1785981600,771.02,772.03,771.02,772.03,45.298864
1785985200,772.03,772.03,771.26,771.26,13.49705
1785988800,771.26,771.26,771.26,771.26,0
1785992400,771.26,771.26,771.26,771.26,0
1785996000,770.85,770.85,770.85,770.85,20.50461
1785999600,770.85,771.86,770.85,771.13,35.877256
1786003200,771.13,771.93,770.63,771.93,2621.278804
1786006800,771.93,771.98,771.43,771.98,25.080935
1786010400,771.98,771.98,771.16,771.16,16.425708
1786014000,771.16,772.03,770.65,770.92,91.384668
1786017600,770.92,771.69,770.37,770.73,53.195976
1786021200,770.73,771.85,769.53,771.85,186.024607
1786024800,771.85,772.32,769.73,769.73,2875.990845
1786028400,769.73,771.67,768.3,768.57,249.451956
1786032000,768.57,769.57,768,769.57,132.08166
1786035600,769.57,769.57,768.09,769.09,61.416236
1786039200,769.09,770.01,768.68,769.53,72.631233
1786042800,769.53,769.87,767.97,769.04,106.797262
1786046400,769.04,769.15,768.45,768.45,2479.986385
1786050000,768.45,768.45,768.45,768.45,0
1786053600,769.46,769.46,769.46,769.46,17.235904
1786057200,769.46,769.7,769.46,769.7,11.77641
1786060800,769.7,769.7,768.68,768.73,53.366262
1786064400,768.73,769.31,768.41,769.19,61.434137
1786068000,769.19,769.19,768.43,768.43,15.829658
1786071600,768.43,768.43,768.43,768.43,0
1786075200,768.31,768.69,768.31,768.69,25.898355
1786078800,768.69,769.47,768.55,768.55,34.381969
1786082400,768.55,769.67,768.55,769.39,2481.902686
1786086000,769.39,770.03,769.39,770.03,11.319441
1786089600,770.03,770.3,770.03,770.3,18.33314
1786093200,770.3,770.3,770.3,770.3,0
1786096800,770.3,770.3,770.3,770.3,0
1786100400,770.69,771.36,770.59,770.59,50.573775
1786104000,770.59,773.44,770.59,773.44,125.665934
1786107600,773.44,773.44,770.43,770.43,1450.623054
1786111200,770.43,773.43,769.65,773.04,348.74327
1786114800,773.04,774.26,772.72,773.14,648.266511
1786118400,773.14,773.15,771.26,772.11,153.294771
1786122000,772.11,772.11,772.11,772.11,0
1786125600,771.85,771.85,770.95,771.63,61.246696
1786129200,771.63,773.49,771.63,773.49,134.246733
1786132800,773.49,773.49,772.4,772.4,22.713296
1786136400,772.4,773.66,772.4,773.66,12.301194
1786140000,773.66,773.66,773.66,773.66,0
1786143600,772.94,772.94,772.94,772.94,11.284924
1786147200,772.94,772.94,772.44,772.44,2718.556676
1786150800,772.44,773.59,772.44,773.59,25.059636
1786154400,773.59,773.87,773.59,773.87,23.448261
1786158000,773.87,773.87,773.87,773.87,0
1786161600,774.18,774.18,772.89,772.89,51.196476
1786165200,772.89,772.89,771.7,771.7,54.582809
1786168800,771.7,771.7,771.7,771.7,0
1786172400,772.75,772.75,771.54,771.54,22.933009
1786176000,771.54,772.53,771.54,771.78,1016.372607
1786179600,771.78,772.85,771.78,772.85,11.360895
1786183200,772.85,772.85,772.85,772.85,0
1786186800,773.45,773.45,773.45,773.45,12.06582
1786190400,773.45,773.45,772.03,772.16,33.819438
1786194000,772.16,772.72,772.16,772.72,2719.755526
1786197600,772.72,773.17,772.19,772.19,25.036498
1786201200,772.19,773.5,772.19,773.5,24.281012
1786204800,773.5,773.5,773.5,773.5,0
1786208400,773.75,773.75,773.75,773.75,11.219375
1786212000,773.75,773.75,773,773,11.0539
1786215600,773,773,773,773,0
1786219200,773,773,773,773,0
1786222800,773.87,773.87,773.87,773.87,13.542725
1786226400,773.87,773.87,773.87,773.87,0
1786230000,774,774,774,774,12.0744
1786233600,774,774,774,774,0
1786237200,774.49,774.49,774.49,774.49,11.230105
1786240800,774.49,774.49,774.49,774.49,0
1786244400,774.49,774.49,774.49,774.49,0
1786248000,774.65,774.65,774.65,774.65,11.00003
1786251600,774.65,774.65,774.65,774.65,0
1786255200,774.19,774.19,773.59,773.59,2720.882055
1786258800,773.59,773.59,773.59,773.59,0
1786262400,774.69,774.69,773.71,773.71,28.33621
1786266000,773.71,773.71,773.71,773.71,0
1786269600,773.71,773.71,773.71,773.71,0
1786273200,773.71,773.71,773.71,773.71,0
1786276800,773.43,774.44,773.43,774.44,27.472016
1786280400,774.44,774.44,774.44,774.44,0
1786284000,774.44,774.44,774.44,774.44,0
1786287600,774.63,774.63,774.63,774.63,11.851839
1786291200,774.63,774.63,774.63,774.63,0
1786294800,774.63,774.63,774.63,774.63,0
1786298400,775.21,775.29,775.21,775.29,31.397205
1786302000,775.29,775.29,775.29,775.29,0
1786305600,774.5,774.5,774.5,774.5,12.46945
1786309200,774.5,774.5,769.95,773.69,56781.097758
1786312800,773.69,773.69,771.08,771.08,2765.531506
1786316400,771.08,771.45,770.73,770.73,2043.001977
1786320000,770.73,773.03,770.73,771.81,5488.012708
1786323600,771.81,773.52,771.81,773.52,43.757361
1786327200,773.52,773.9,773.52,773.9,24.22307
1786330800,773.9,773.9,773.9,773.9,0
1786334400,774.41,774.41,774.41,774.41,12.932647
1786338000,774.41,774.63,774.41,774.63,10.999746
1786341600,774.63,774.9,774.24,774.24,24.398328
1786345200,774.24,775.05,773.83,775.05,63.505715
1786348800,775.05,775.05,774.44,774.44,10.997048
1786352400,774.44,774.44,774.44,774.44,0
1786356000,774.26,774.26,774.26,774.26,12.078456
1786359600,774.26,774.54,773.84,773.84,44.044236
1786363200,773.84,773.88,773.03,773.17,1904.52884
1786366800,773.17,773.91,772.61,773.62,192.162131
1786370400,773.62,775.22,773.62,774.05,3130.680823
1786374000,774.05,774.54,773.47,774.54,100.542777
1786377600,774.54,774.54,772.23,773.19,97.087593
1786381200,773.19,773.58,773,773,40.445428
1786384800,773,773.78,772.48,773.78,40.43401
1786388400,773.78,773.78,772.36,772.36,27.195667
1786392000,772.36,773.51,772.36,772.87,37.815487
1786395600,772.87,772.87,772.87,772.87,0
1786399200,773.86,773.86,772.74,772.74,36.649268
1786402800,772.74,772.74,772.26,772.26,13.205646
1786406400,772.26,773.83,772.26,773.83,52.211804
1786410000,773.83,774.21,773.83,774.21,13.703517
1786413600,774.21,774.52,774.21,774.52,8045.389845
1786417200,774.52,774.85,774.52,774.85,11.00287
1786420800,774.85,774.85,774.85,774.85,0
1786424400,774.09,774.09,774.09,774.09,25.003107
1786428000,774.09,774.09,773.08,773.08,40.450777
1786431600,773.08,773.56,772.89,773.56,23.506308
1786435200,773.56,773.77,772.9,773.34,61.250722
1786438800,773.34,773.78,773.34,773.78,11.374566
1786442400,773.78,774.57,773.44,774.12,213.798834
1786446000,774.12,775.08,773.14,773.6,30014.624083
1786449600,773.6,773.62,773.6,773.62,24.75584
1786453200,773.62,774.84,772.24,773.56,145.772433
1786456800,773.56,774.28,772.84,774.18,74.279699
1786460400,774.18,774.18,771.43,771.44,128.80054
1786464000,771.44,772.79,770.83,770.83,106.66625
1786467600,770.83,771.5,770.22,771.5,530.535591
1786471200,771.5,771.5,768.99,770.54,94.988596
1786474800,770.54,771.14,769.58,769.58,86.431591
1786478400,769.58,771.19,769.58,771.19,54.958713
1786482000,771.19,771.46,771.19,771.46,119.499154
1786485600,771.46,771.46,770.35,770.35,1511.466662
1786489200,770.35,770.35,770.35,770.35,0
1786492800,771.18,771.44,771.18,771.18,3894.485
1786496400,771.18,771.18,770.2,770.2,11.39896
1786500000,770.2,771.4,770.2,771.4,37.85402
1786503600,771.4,771.4,771.4,771.4,0
1786507200,771.4,771.4,771.4,771.4,0
1786510800,771.52,771.52,771.52,771.52,173.20624
1786514400,771.52,771.52,771.52,771.52,0
1786518000,771.52,771.52,771.52,771.52,0
1786521600,771.89,772.02,771.89,772.02,24.548065
1786525200,772.02,772.95,771.92,771.92,52.232624
1786528800,771.92,771.92,770.97,770.97,11.718744
1786532400,770.97,772.72,770.97,772.72,12.286248
1786536000,772.72,774.36,771.96,773.22,166.800763
1786539600,773.22,774.91,771.81,773.13,224.150887
1786543200,773.13,773.54,771.79,771.87,169.114231
1786546800,771.87,772.92,770.66,772.24,129.848745
1786550400,772.24,773.37,771.83,773.37,63.447714
1786554000,773.37,773.37,772.3,772.3,242.88835
1786557600,772.3,773.78,772.3,773.78,14.624442
1786561200,773.78,773.78,771.83,772.84,69.513343
1786564800,772.84,773.28,772.16,772.16,6037.223667
1786568400,772.16,772.96,772.16,772.96,3423.749024
1786572000,772.96,772.96,772.96,772.96,0
1786575600,772.86,772.86,772.19,772.19,36.155778
1786579200,772.19,773.06,772.19,773.06,16.079648
1786582800,773.06,773.06,771.91,773.03,26.57308
1786586400,773.03,773.03,773.03,773.03,0
1786590000,773.03,773.03,773.03,773.03,0
1786593600,773.44,773.66,772.47,773.66,50.25941
1786597200,773.66,774.08,773.21,773.21,31.48261
1786600800,773.21,773.21,772.84,772.84,14.065688
1786604400,772.84,773.61,772.84,773.61,354.003936
1786608000,773.61,773.84,772.99,772.99,1806.78182
1786611600,772.99,774.13,772.99,774.13,174.745914
1786615200,774.13,774.19,773.42,774.19,30.023634
1786618800,774.19,774.38,774.19,774.38,13.396774
1786622400,774.38,774.66,773.12,774.66,637.372005
1786626000,774.66,777.85,773.37,777.85,23621.150581
1786629600,777.85,779.46,777.1,778.23,21369.442962
1786633200,778.23,778.49,774.93,774.93,35307.559592
1786636800,774.93,777.37,774.93,776.08,206578.95987
1786640400,776.08,778.02,775.95,776.45,98583.290254
1786644000,776.45,778.37,775,777.95,164975.438879
1786647600,777.95,778.61,775.93,777.71,99302.97678
1786651200,777.71,778.42,777.01,778.36,67333.08411
1786654800,778.36,778.45,775.93,778.44,95824.522042
1786658400,778.44,779.34,777.5,778.15,337508.468273
1786662000,778.15,778.65,777.5,778.15,2595271.223712
1786665600,778.15,779.65,777.97,778.75,2027994.056133
1786669200,778.75,778.75,776.86,778.56,274283.718822
1786672800,778.56,779.27,778.02,778.12,119776.047733
1786676400,778.12,780.14,778.12,779.27,382874.069557
1786680000,779.27,779.32,778.28,778.85,8510.833842
1786683600,778.85,779.5,778.45,778.83,91154.939802
1786687200,778.83,779.16,778.24,778.32,58714.808225
1786690800,778.32,778.94,776.11,778.43,283740.528757
1786694400,778.43,778.8,777.23,778.8,88186.281111
1786698000,778.8,778.8,777.71,778.5,112569.087297
1786701600,778.5,779.25,777.9,778.82,271197.954123
1786705200,778.82,778.98,778.81,778.88,126458.387712
1786708800,778.88,778.96,777.91,778.8,235841.318838
1786712400,778.8,778.8,774.31,778.23,217384.309241
1786716000,778.23,779.02,775.86,776.99,411611.711766
1786719600,776.99,777.1,775.17,775.64,764956.936682
1786723200,775.64,776.1,774.79,775.52,135161.098126
1786726800,775.52,776.46,775.05,775.74,117959.195994
1786730400,775.74,777.5,775.46,775.77,198605.071006
1786734000,775.77,776.3,775.43,776.09,96198.632468
1786737600,776.09,776.4,774.43,775.9,72472.235166
1786741200,775.9,780.18,774.82,776.78,517241.46667299996
1786744800,776.78,777.6,775.17,776.52,127499.161084
1786748400,776.52,777.08,776,776.44,954241.923263
1786752000,776.44,776.45,776.44,776.44,610339.233946
1786755600,776.44,777.48,775.78,776.79,345126.07828
1786759200,776.79,777.39,775.84,776.27,32460.836332000003
1786762800,776.27,777.86,776.27,777.14,117059.73705600001
1786766400,777.14,778.03,776.1,776.86,144605.243311
1786770000,776.86,776.91,774.08,776.54,143775.525233
1786773600,776.54,776.72,774.87,775.43,27737.856501000002
1786777200,775.43,777.43,775.01,776.79,164762.696166
1786780800,776.79,776.79,776.28,776.43,89892.068235
1786784400,776.43,777.41,776.3,776.66,358968.401811
1786788000,776.66,776.67,775.42,776.22,85904.485862
1786791600,776.22,776.67,775.6,776.45,75775.00533
1786795200,776.45,776.74,775.45,775.93,263390.701051
1786798800,775.93,776.2,775.8,775.89,1987795.032169
1786802400,775.89,775.95,775.81,775.85,2645104.027981
1786806000,775.85,775.87,775.67,775.83,10303185.727627
1786809600,775.83,776.3,775.71,775.94,4340599.246138
1786813200,775.94,777.8,775.81,776.88,5498587.792172
1786816800,776.88,777.12,775.02,775.57,21549309.386803
1786820400,775.57,776.34,775.29,775.98,11090414.947305
1786824000,775.98,777.8,775.45,776.4,1232711.525266
1786827600,776.4,777,776.21,776.69,313558.02582599997
1786831200,776.69,776.79,775.5,775.94,781138.779676
1786834800,775.94,776.89,775.57,776.8,399764.947383
1786838400,776.8,776.9,776.43,776.68,318135.626428
1786842000,776.68,776.85,776.43,776.49,206911.282177
1786845600,776.49,776.49,776.13,776.48,132119.799881
1786849200,776.48,776.9,776.24,776.77,172180.427645
1786852800,776.77,777,776.31,776.48,64978.392616
1786856400,776.48,777,776.36,776.53,109690.448809
1786860000,776.53,776.8,776.34,776.78,312070.254952
1786863600,776.78,777.3,776.4,776.66,440289.37451
1786867200,776.66,776.99,776.34,776.69,234135.629056
1786870800,776.69,776.76,776.46,776.51,196780.506004
1786874400,776.51,776.67,776.01,776.54,303055.930317
1786878000,776.54,776.59,776.51,776.56,599355.546347
1786881600,776.56,776.69,776.44,776.56,10419437.792147
1786885200,776.56,776.58,776.4,776.41,5595566.365622
1786888800,776.41,776.69,776.4,776.54,1223096.13574
1786892400,776.54,776.77,776.53,776.58,1706855.886137
1786896000,776.58,776.79,776.53,776.76,757897.340038
1786899600,776.76,776.77,776.52,776.6,560163.950192
1786903200,776.6,776.61,776.41,776.51,840416.45623
1786906800,776.51,776.78,776.47,776.66,887203.957518
1786910400,776.66,776.67,776.47,776.48,3322522.525983
1786914000,776.48,776.67,776.23,776.37,1828125.584393
1786917600,776.37,776.45,776.02,776.26,748699.935122
1786921200,776.26,776.45,775.98,776.45,305524.178967
1786924800,776.45,776.45,776.05,776.25,248527.468373
1786928400,776.25,776.8,776.14,776.24,205455.227468
1786932000,776.24,776.63,775.97,776.52,311027.985609
1786935600,776.52,776.8,776.32,776.75,405692.002454
1786939200,776.75,776.94,776.6,776.71,394227.384509
1786942800,776.71,777.19,776.65,777.06,416545.772954
1786946400,777.06,777.6,777.02,777.48,947894.621082
1786950000,777.48,777.63,776.93,777.42,596532.798965
1786953600,777.42,777.64,776.93,777.12,527811.249102
1786957200,777.12,777.36,776.81,776.9,624645.540047
1786960800,776.9,777.78,776.87,777.22,901579.075967
1786964400,777.22,777.27,776.88,776.95,784660.421196
1786968000,776.95,776.99,775.61,775.81,1722748.300389
1786971600,775.81,776.45,775.11,775.17,1305028.185554
1786975200,775.17,775.75,774.85,775.39,1242442.863136
1786978800,775.39,775.89,774.68,775.39,813287.857393
1786982400,775.39,775.51,774.8,774.96,733710.209826
1786986000,774.96,774.99,773.06,773.3,926740.927261
1786989600,773.3,773.75,773,773.31,1347579.725953
1786993200,773.31,773.38,772.36,772.49,933259.5222
1786996800,772.49,772.67,771.73,772.18,703915.74069
1787000400,772.18,772.66,772.12,772.43,795373.726822
1787004000,772.43,772.68,771.85,772.22,712852.87809
1787007600,772.22,772.51,771.9,772.41,658030.126007
1787011200,772.41,772.72,772.09,772.29,394094.888899
1787014800,772.29,772.39,770.93,771.38,308233.33774
1787018400,771.38,771.71,768.8,770.37,702815.837746
1787022000,770.37,770.42,769.51,770.01,433572.711719
1787025600,770.01,770.19,769.73,770.02,310716.062184
1787029200,770.02,770.03,768.93,769.21,485823.087471
1787032800,769.21,769.83,768.41,769.83,551984.002707
1787036400,769.83,769.93,768.4,768.4,624562.096065
1787040000,768.4,769.16,767.85,768.88,807858.200862
1787043600,768.88,769,768.08,768.75,852449.099376
1787047200,768.75,769.01,768.34,768.58,930418.983936
1787050800,768.58,769.43,768.54,769.34,999876.684168
1787054400,769.34,769.61,768.64,769.35,1226221.578908
1787058000,769.35,769.5,766.72,767.9,2585860.998528
1787061600,767.9,768.75,767.24,767.39,2546422.933215
1787065200,767.39,768.09,766.96,767.64,1674406.611885
1787068800,767.64,768.59,767.56,768.32,1333085.546089
1787072400,768.32,768.36,767.39,767.44,904519.884791
1787076000,767.44,767.89,767.14,767.16,1235465.106447
1787079600,767.16,767.75,767.03,767.09,1336370.630796
1787083200,767.09,767.29,766.24,766.55,1367504.006993
1787086800,766.55,767.02,766.45,767,612294.587573
1787090400,767,767.33,766.03,766.13,390827.310931
1787094000,766.13,766.7,766.05,766.54,320789.943849
1787097600,766.54,767.15,765.68,766.62,609336.284307
1787101200,766.62,767.43,766.51,766.92,240212.374854
1787104800,766.92,766.93,766.34,766.6,368475.691987
1787108400,766.6,766.74,766.14,766.26,296384.578576
1787112000,766.26,766.53,765.68,765.93,362123.822995
1787115600,765.93,766.29,765.69,765.76,377062.712999
1787119200,765.76,766.79,765.71,766.73,639981.756648
1787122800,766.73,767.43,766.67,767.25,743538.873465
1787126400,767.25,767.8,767.2,767.62,575396.7678
1787130000,767.62,767.78,766.77,766.78,567294.405937
1787133600,766.78,767.31,766.6,766.83,960259.147916
1787137200,766.83,767.4,766.79,767.29,787217.812386
1787140800,767.29,771.24,767.16,770.64,1600485.917357
1787144400,770.64,770.84,768.41,770.04,1668418.359272
1787148000,770.04,771.84,768.94,771.84,2773698.193408
1787151600,771.84,772.24,770.29,770.36,1772421.226116
1787155200,770.36,771.71,769.67,769.72,1240247.570761
1787158800,769.72,770,769.28,769.31,1085266.289829
1787162400,769.31,770.19,768.88,769.65,1775401.560137
1787166000,769.65,770.23,768.29,768.86,1001437.980284
1787169600,768.86,769.38,768.54,769.2,698421.631394
1787173200,769.2,770.04,769.2,769.48,1110882.053482
1787176800,769.48,770.4,769.44,770.06,800518.916768
1787180400,770.06,770.26,769.9,770.1,617047.126855
1787184000,770.1,770.2,769.6,770.04,293919.698243
1787187600,770.04,770.14,769.84,769.92,201691.603139
1787191200,769.92,770.02,769.63,769.71,221310.28483900003
1787194800,769.71,770.15,769.7,769.96,179110.227568
1787198400,769.96,770.31,769.94,770.14,133981.217055
1787202000,770.14,770.14,769.56,769.58,218762.86909000002
1787205600,769.58,770.73,769.58,770.53,716210.985539
1787209200,770.53,770.53,769.15,769.25,1149491.976526
1787212800,769.25,769.61,767.9,768.1,793920.27446
1787216400,768.1,768.93,768.1,768.57,861779.235013
1787220000,768.57,769.17,768.49,769.01,780601.474594
1787223600,769.01,769.46,766.58,766.58,581988.915785
1787227200,766.58,766.61,764.33,765.67,896732.718679
1787230800,765.67,767.45,765.21,766.31,1577165.071344
1787234400,766.31,767.32,765.4,766.99,1462173.246047
1787238000,766.99,768.01,765.05,765.65,1176306.262997
1787241600,765.65,766.47,765.35,766.25,1415168.564937
1787245200,766.25,766.25,764.09,764.46,1653010.81442
1787248800,764.46,764.46,763.06,763.17,1275662.003167
1787252400,763.17,763.6,762.18,762.36,1671377.84441
1787256000,762.36,762.9,761.87,762.9,1172428.150908
1787259600,762.9,763.17,762.89,763.09,897827.384037
1787263200,763.09,763.44,762.9,763.38,962859.567895
1787266800,763.38,763.41,763.03,763.17,578623.598641
1787270400,763.17,763.67,762.9,762.91,818178.200202
1787274000,762.91,763.19,762.77,762.97,462615.863055
1787277600,762.97,763.66,762.97,763.6,243741.046936
1787281200,763.6,763.78,763.21,763.39,302807.145068
1787284800,763.39,763.39,762.83,763.19,636604.44228
1787288400,763.19,763.3,763.11,763.16,1116537.805147
1787292000,763.16,763.76,763.13,763.59,1028299.3067620001
1787295600,763.59,764.44,763.55,764.43,1139506.499507
1787299200,764.43,764.99,764.35,764.96,2289765.54414
1787302800,764.96,765.07,764.58,764.96,2259412.249831
1787306400,764.96,765.29,764.83,764.99,3088172.526103
1787310000,764.99,766.23,764.96,765.87,988153.480073
1787313600,765.87,766.7,765.84,766.4,1682880.675584
1787317200,766.4,766.44,764.03,764.35,2341732.971707
1787320800,764.35,765.56,764,765.56,3349920.279381
1787324400,765.56,767.62,765.27,767,4887289.476218
1787328000,767,767.1,765.65,766.11,2218667.31769
1787331600,766.11,766.31,765.24,765.36,2071325.984046
1787335200,765.36,765.93,765.12,765.9,2070110.355886
1787338800,765.9,766.56,765.53,765.6,1838116.239975
1787342400,765.6,766.04,765.15,765.23,1558395.189011
1787346000,765.23,766.32,764.93,766.3,1476621.943122
1787349600,766.3,767.32,766.26,767.16,1315495.183467
1787353200,767.16,767.18,766.52,766.83,583454.582452
1787356800,766.83,767.07,766.38,766.77,599071.084637
1787360400,766.77,767.42,766.32,766.84,1556218.421177
1787364000,766.84,767.54,766.76,767.5,1661680.628398
1787367600,767.5,767.62,766.79,766.8,4683703.896442
1787371200,766.8,766.82,765.74,766.17,2608416.428348
1787374800,766.17,766.42,764.24,765.15,1750486.772001
1787378400,765.15,765.32,764.81,765,4790663.471349
1787382000,765,765.34,763.91,763.94,937834.0428889999
1787385600,763.94,764.5,763.45,764.47,1132062.900686
1787389200,764.47,764.55,763.7,763.84,1510117.3248369999
1787392800,763.84,764.33,763.11,764.3,1372960.490216
1787396400,764.3,764.61,763.77,764.12,1340440.298867
1787400000,764.12,764.9,764.1,764.24,1007824.587625
1787403600,764.24,764.6,763.75,764.48,1106440.669746
1787407200,764.48,764.94,764.12,764.81,1707558.535038
1787410800,764.81,765.6,764.42,765.12,2555051.910249
1787414400,765.12,765.56,764.76,764.94,1445399.484459
1787418000,764.94,764.98,764.25,764.67,647071.806939
1787421600,764.67,764.86,764,764.54,1337057.030625
1787425200,764.54,764.78,764.24,764.66,834860.702962
1787428800,764.66,764.7,764.31,764.52,1397412.200834
1787432400,764.52,764.81,764.13,764.59,908995.819723
1787436000,764.59,765.15,764.04,764.61,1293105.5534519998
1787439600,764.61,765.14,764.32,764.95,1656033.277746
1787443200,764.95,765.56,764.85,765.05,879187.501186
1787446800,765.05,765.4,764.86,765.4,933446.5779199997
1787450400,765.4,765.84,764.99,765.66,874448.165221
1787454000,765.66,765.76,765.21,765.28,656846.8930330001
1787457600,765.28,765.61,764.97,765.21,1008075.261628
1787461200,765.21,765.6,764.76,764.87,904012.298667
1787464800,764.87,764.98,763.4,763.43,1524062.084455
1787468400,763.43,764.24,763.33,763.73,1762777.8846
1787472000,763.73,764.28,763.54,764.03,2821916.670978
1787475600,764.03,765.57,764,765.26,1327974.245593
1787479200,765.26,765.59,765.17,765.43,1450760.255773
1787482800,765.43,765.9,765.2,765.68,1686841.181467
1787486400,765.68,766.02,764.99,765.57,1408335.187869
1787490000,765.57,765.72,764.41,764.94,1225399.363261
1787493600,764.94,766.26,764.81,765.36,1627199.601189
1787497200,765.36,765.71,765,765.06,1213174.589318
1787500800,765.06,765.84,765.03,765.76,1840594.219586
1787504400,765.76,765.98,765.21,765.63,1491318.270953
1787508000,765.63,765.97,765.33,765.46,1578497.890042
1787511600,765.46,766.28,765.4,765.82,1500905.675699
1787515200,765.82,766.01,765.26,765.7,1924383.762908
1787518800,765.7,766.18,765.67,766.14,2218345.057599
1787522400,766.14,766.18,764.7,765.64,2540936.900679
1787526000,765.64,767,765.5,766.89,1961136.153346
1787529600,766.89,766.97,765.13,766.42,1391643.413505
1787533200,766.42,766.93,765.83,765.9,1271036.064922
1787536800,765.9,766.61,765.41,766.44,1299608.765258
1787540400,766.44,766.49,765.08,765.17,1406767.669705
1787544000,765.17,765.23,764.66,764.69,836309.920043
1787547600,764.69,765.31,764.17,764.43,967539.897171
1787551200,764.43,764.52,763.66,764.11,1311321.772075
1787554800,764.11,764.63,763.7,763.74,1488355.014614
1787558400,763.74,764.9,763.45,764.66,1952989.275271
1787562000,764.66,764.97,764.31,764.69,2337732.900112
1787565600,764.69,764.84,763.7,763.82,2173045.70139
1787569200,763.82,765.31,763.38,764.51,2875819.841399
1787572800,764.51,765.01,763.72,764.45,3758480.291575
1787576400,764.45,764.8,762.5,763.81,4092107.446196
1787580000,763.81,764.42,762.84,763.99,2676189.548145
1787583600,763.99,764.83,762.86,764.62,2102259.043151
1787587200,764.62,765.38,764.41,764.53,2213344.691876
1787590800,764.53,764.98,763.5,763.6,2256152.817731
1787594400,763.6,765.4,763.6,764.46,1996323.025179
1787598000,764.46,764.63,763.59,763.65,1377215.915282
1787601600,763.65,764.13,763.34,763.98,1142305.55229
1787605200,763.98,764.05,763.65,763.85,1119929.176691
1787608800,763.85,764.35,763.77,764.13,1153598.660263
1787612400,764.13,764.3,763.55,763.75,740280.900466
1787616000,763.75,764.2,762.74,764.15,962831.865315
1787619600,764.15,764.33,763.75,764.07,873968.189671
1787623200,764.07,764.39,763.6,763.65,877286.83165
1787626800,763.65,764.67,763.6,764.19,2047456.483276
1787630400,764.19,764.69,764.16,764.45,1470032.888417
1787634000,764.45,765.1,764.41,765.02,1648548.863343
1787637600,765.02,765.69,765.01,765.61,1638712.2477809999
1787641200,765.61,766.11,764.96,765.08,1937262.424044
1787644800,765.08,766.6,764.91,766.47,1360363.882336
1787648400,766.47,767.73,766.29,767.68,1978238.020836
1787652000,767.68,767.69,766.93,767.18,1261021.378717
1787655600,767.18,767.49,766.42,767.26,1298017.832307
1787659200,767.26,767.64,766.47,766.86,1772845.8874620001
1787662800,766.86,767.72,766.03,766.16,2158985.233678
1787666400,766.16,766.25,764.28,765,2355440.130417
1787670000,765,765.77,764.64,765.7,1532152.2396
1787673600,765.7,766.16,765.53,766.14,1949400.157739
1787677200,766.14,766.16,765.05,765.41,1195996.521633
1787680800,765.41,766.16,764.54,765.96,2032227.2523430001
1787684400,765.96,766.31,765.35,766.01,2073081.202215
1787688000,766.01,766.42,765.79,765.94,994697.078657
1787691600,765.94,766.43,765.84,766.42,886938.826935
1787695200,766.42,766.43,766.03,766.38,1021869.400768
1787698800,766.38,766.43,765.37,765.51,870541.276143
1787702400,765.51,765.86,764.7,764.73,739039.085276
1787706000,764.73,765.19,764.5,764.69,1405584.456487
1787709600,764.69,765.91,764.51,765.72,1255307.943473
1787713200,765.72,766.28,765.54,766.14,1093911.504221
1787716800,766.14,766.38,765.5,765.54,1391173.526143
1787720400,765.54,765.96,765.53,765.73,863172.936296
1787724000,765.73,766.27,765.28,765.98,851931.355158
1787727600,765.98,766.07,765.34,765.74,1177667.053918
1787731200,765.74,766,765.39,765.76,1643715.580603
1787734800,765.76,766,765.41,765.97,1834035.825218
1787738400,765.97,766,765.39,765.77,1487500.49583
1787742000,765.77,766.33,765.33,765.77,999389.560356
1787745600,765.77,766.43,764.76,765.08,1110950.050539
1787749200,765.08,767,764.81,767,1981750.859486
1787752800,767,767.08,765.31,766.35,1856706.990137
1787756400,766.35,766.92,765.76,765.89,1207399.19231
1787760000,765.89,765.95,764.65,765.24,1636970.823025
1787763600,765.24,766.25,765.18,766.04,3076070.9492699997
1787767200,766.04,766.96,765.84,766.89,1237819.87228
1787770800,766.89,767.59,765.92,766.38,1274062.284519
1787774400,766.38,768.05,766.28,768.05,1900608.011919
1787778000,768.05,770.43,767.89,770.08,1943973.144682
1787781600,770.08,771.25,769.27,770.88,829520.858016
1787785200,770.88,770.95,770.53,770.93,557998.57588
1787788800,770.93,770.94,768.69,768.91,521332.179554
1787792400,768.91,769.91,768.77,769.77,624971.527733
1787796000,769.77,770.22,769.71,770.1,2104893.310984
1787799600,770.1,770.25,769.82,769.92,2513641.305148
1787803200,769.92,770.11,769.27,769.35,2838268.855944
1787806800,769.35,769.42,768.32,768.53,2979017.480396
1787810400,768.53,768.98,767.95,768.92,2391117.463162
1787814000,768.92,769.49,768.66,769.31,1585180.50952
1787817600,769.31,770.68,769.29,770.05,1989694.578024
1787821200,770.05,770.16,769.16,769.74,2134534.362203
1787824800,769.74,769.8,769.16,769.71,3231036.717684
1787828400,769.71,770.17,768.94,769.63,3605467.84701
1787832000,769.63,769.99,768.69,768.85,3082552.684545
1787835600,768.85,770.13,767.89,769.15,3808087.170844
1787839200,769.15,771.04,768.82,770.95,1613550.737101
1787842800,770.95,771.56,770.01,771.27,2945731.0053
1787846400,771.27,772.94,770.96,772.6,3876310.222457
1787850000,772.6,772.96,771.8,771.94,2685286.260491
1787853600,771.94,772.08,769.92,770.44,1981953.033121
1787857200,770.44,772.3,770.29,771.95,1884645.5989
1787860800,771.95,772.13,770.6,770.72,1875755.04798
1787864400,770.72,771.22,770.65,771.14,1403372.225813
1787868000,771.14,771.17,770.57,770.95,1209477.962365
1787871600,770.95,770.96,770.53,770.58,1409578.109913
1787875200,770.58,771.47,770.58,771.28,1573121.158362
1787878800,771.28,771.81,771.24,771.81,811764.083338
1787882400,771.81,772.23,771.6,771.65,930565.054198
1787886000,771.65,772.3,771.6,771.83,1003852.160194
1787889600,771.83,771.87,771.5,771.54,800007.7621919999
1787893200,771.54,771.57,770.98,771.1,1132860.289537
1787896800,771.1,771.83,770.99,771.83,658542.019666
1787900400,771.83,772.07,771.55,771.82,1244189.854851
1787904000,771.82,772.2,771.4,771.7,2334803.248561
1787907600,771.7,771.94,769.5,771.72,2801009.362766
1787911200,771.72,771.93,771.5,771.87,1777681.262569
1787914800,771.87,772.12,771.54,771.69,2418778.817074
1787918400,771.69,772.7,771.63,772.61,2707664.308322
1787922000,772.61,773.36,772,772.33,2350610.246007
1787925600,772.33,775.5,770.73,775.34,3731312.735809
1787929200,775.34,775.76,771.44,771.69,2702044.047368
1787932800,771.69,772.2,769.74,770.51,1082384.577584
1787936400,770.51,770.51,769.13,770.09,1117567.341103
1787940000,770.09,770.51,769.09,769.4,1631525.959231
1787943600,769.4,770.46,769.22,769.77,1075585.4346
1787947200,769.77,770.47,769.57,770.24,1984104.1751559998
1787950800,770.24,770.26,769.81,770.1,1358920.83187
1787954400,770.1,770.36,769.99,770.24,429246.973327
1787958000,770.24,770.37,769.72,769.72,932209.8267290001
1787961600,769.72,769.96,769.41,769.74,739917.73649
1787965200,769.74,770.47,769.64,770.37,1161816.210944
1787968800,770.37,770.97,770.29,770.93,1023107.452716
1787972400,770.93,771.08,770.59,770.67,934460.847568
1787976000,770.67,771.09,770.39,771.09,767141.675447
1787979600,771.09,771.2,770.71,771.02,1020781.44125
1787983200,771.02,771.16,770.77,771.13,2782834.327897
1787986800,771.13,771.28,771.12,771.18,772720.041735
1787990400,771.18,771.24,770.87,771.1,1443909.517286
1787994000,771.1,771.25,770.87,771.05,1352456.4164480001
1787997600,771.05,771.31,770.87,771.1,1361917.223401
1788001200,771.1,771.19,770.94,771.15,786088.037543
1788004800,771.15,771.16,770.87,771,1710071.300268
1788008400,771,771.35,770.87,770.95,1370088.6162
1788012000,770.95,771.18,770.78,770.92,1597566.541015
1788015600,770.92,771.18,770.76,770.99,1081936.647386
1788019200,770.99,771.18,770.96,771.1,916874.273966
1788022800,771.1,771.26,771.07,771.16,719271.364424
1788026400,771.16,771.29,770.9,771.04,602156.377214
1788030000,771.04,771.3,770.9,771.24,671447.386621
1788033600,771.24,771.37,771.15,771.33,1132570.369514
1788037200,771.33,771.69,770.75,771.24,1234885.61544
1788040800,771.24,771.44,771.05,771.34,1492174.324676
1788044400,771.34,771.55,771.26,771.51,412476.335534
1788048000,771.51,771.76,771.21,771.34,1075377.089908
1788051600,771.34,771.62,771.32,771.35,2039610.8584709999
1788055200,771.35,771.71,771.26,771.41,1554900.216334
1788058800,771.41,771.65,771.34,771.55,856922.732907
1788062400,771.55,771.77,771.32,771.61,920234.773235
1788066000,771.61,771.92,771.58,771.88,855724.039061
1788069600,771.88,771.98,771.26,771.52,1228182.572598
1788073200,771.52,771.73,771.12,771.15,1342411.261901
1788076800,771.15,771.49,771.12,771.33,694628.149939
1788080400,771.33,772.03,771.28,771.68,1148219.826384
1788084000,771.68,772.38,771.43,771.9,1447700.668815
1788087600,771.9,772.27,771.68,771.93,1473397.629812
1788091200,771.93,772.42,771.71,772.16,1544431.89507
1788094800,772.16,772.42,772.08,772.28,793138.745043
1788098400,772.28,772.74,772.06,772.64,952608.738798
1788102000,772.64,772.66,771.8,772.43,1671793.423736
1788105600,772.43,772.83,772.14,772.63,1283118.449407
1788109200,772.63,772.79,772.38,772.65,1155658.214207
1788112800,772.65,773.29,772.24,773.08,1522484.976589
1788116400,773.08,773.48,772.68,772.74,2787454.542688
1788120000,772.74,772.9,771.9,771.9,1788432.620376
1788123600,771.9,772.28,771.38,771.4,662484.36404
1788127200,771.4,771.41,768.8,769.2,2168444.655043
1788130800,769.2,769.28,767.09,767.09,1168736.345844
1788134400,767.09,768.38,766.37,767.75,1530279.832042
1788138000,767.75,767.76,766.54,766.97,1227518.295022
1788141600,766.97,767.54,766.32,767.06,1096185.960543
1788145200,767.06,767.4,766.99,767.1,1211810.449244
1788148800,767.1,768.18,766.88,768.14,1094018.312436
1788152400,768.14,769.04,767.68,768.35,1380547.51633
1788156000,768.35,769.12,768.12,769,1191471.817188
1788159600,769,769.22,768.83,769.14,1238373.480143
1788163200,769.14,769.59,768.9,769.29,2824680.177313
1788166800,769.29,769.59,768.83,768.85,1334088.286732
1788170400,768.85,769.33,768.71,769.2,827079.036133
1788174000,769.2,769.3,768.34,768.51,1402902.933928
1788177600,768.51,769.01,767.14,767.37,1405981.594362
1788181200,767.37,768.34,766.43,767.07,2817928.754753
1788184800,767.07,767.2,765.44,766.67,2536524.9946
1788188400,766.67,767.23,766.3,766.34,1508725.361377
1788192000,766.34,766.93,765.96,766.81,1027556.538974
1788195600,766.81,767.8,766.08,767.46,1422922.303003
1788199200,767.46,767.77,766.1,766.76,1646117.0397
1788202800,766.76,769.2,766.69,767.64,2133728.199078
1788206400,767.64,768.42,767.64,768.38,1840026.572182
1788210000,768.38,768.97,768.35,768.7,1407812.339493
1788213600,768.7,768.74,768.13,768.17,876270.829223
1788217200,768.17,768.99,768.16,768.58,1036364.552983
1788220800,768.58,769.14,768.4,768.95,665298.955403
1788224400,768.95,769.06,768.21,768.72,809219.932946
1788228000,768.72,768.72,767.65,768.2,658477.438622
1788231600,768.2,768.23,767.85,768.08,1465839.804003
1788235200,768.08,768.21,767.62,767.67,1627242.4104839999
1788238800,767.67,769.14,767.51,769.08,1382322.303425
1788242400,769.08,769.08,767.86,767.98,2379681.646049
1788246000,767.98,768.64,766.97,767.12,2560836.787275
1788249600,767.12,767.48,764.21,764.21,1626077.4584990002
1788253200,764.21,764.37,763.22,763.65,2551485.339057
1788256800,763.65,764.59,763.4,763.76,2241646.045231
1788260400,763.76,764.47,763.31,763.4,2493607.465627
1788264000,763.4,763.6,762.58,762.9,3234502.879101
1788267600,762.9,763.33,762.05,763.03,4073213.3555240002
1788271200,763.03,765.36,762.77,764.31,2475670.616469
1788274800,764.31,765.47,763.49,765.01,1985298.92809
1788278400,765.01,765.07,762.36,763.06,2205852.688703
1788282000,763.06,763.07,761.43,762.58,2004429.134682
1788285600,762.58,762.77,760.22,761.58,1727205.078733
1788289200,761.58,762.5,761.49,762.5,1010281.947528
1788292800,762.5,763.11,762.29,763.01,1483337.00839
1788296400,763.01,763.33,762.28,762.48,1424817.0784470001
1788300000,762.48,762.95,762.21,762.78,1230550.393242
1788303600,762.78,762.99,762.72,762.96,779521.485038
1788307200,762.96,763.29,762.21,762.36,930317.536702
1788310800,762.36,762.51,761.5,761.79,796405.600708
1788314400,761.79,762.36,761.55,762.14,688630.842364
1788318000,762.14,762.23,761.64,761.67,367972.072987
1788321600,761.67,761.86,761.52,761.73,935589.302872
1788325200,761.73,762.4,761.51,761.94,1049709.097192
1788328800,761.94,762.4,761.33,762.26,959904.871072
1788332400,762.26,762.93,761.81,762.09,1056703.8852889999
1788336000,762.09,762.38,760.35,760.54,1739093.739557
1788339600,760.54,761.21,760.19,760.59,1974545.8186310001
1788343200,760.59,760.8,760.19,760.7,1694350.108219
1788346800,760.7,762.71,760.21,762.7,1374145.783319
1788350400,762.7,763.94,762.12,762.16,2200244.457223
1788354000,762.16,763.6,762.16,763.6,2877674.271009
1788357600,763.6,766.75,763.56,765.95,5043125.113287
1788361200,765.95,767.06,765.59,766.5,2588303.020061
1788364800,766.5,766.5,765.33,765.58,1513596.544018
1788368400,765.58,765.88,765.03,765.8,1041888.72997
1788372000,765.8,766.51,765.3,765.43,1348281.853001
1788375600,765.43,766.08,765.36,765.6,1070110.430013
1788379200,765.6,766.14,764.92,765.12,1281952.5488449999
1788382800,765.12,765.88,764.88,765.59,1062155.526431
1788386400,765.59,765.91,765.24,765.67,1576637.378754
1788390000,765.67,766.08,765.45,765.86,1469384.584511
1788393600,765.86,765.86,765.14,765.28,1339275.034983
1788397200,765.28,765.89,765.23,765.34,1769042.808172
1788400800,765.34,766.13,765.23,766.06,1746532.444484
1788404400,766.06,766.53,765.98,766.43,1323111.81781
1788408000,766.43,766.61,766.04,766.05,1940584.3205270001
1788411600,766.05,766.11,764.27,765.83,1401989.99173
1788415200,765.83,766.01,765.38,765.48,884129.025113
1788418800,765.48,766.59,765.35,766.41,1082886.44168
1788422400,766.41,767.35,766.19,766.56,2441554.490045
1788426000,766.56,766.68,765.32,765.47,1711051.151429
1788429600,765.47,765.8,764.95,765.27,1632163.907172
1788433200,765.27,766.46,765.09,765.38,1762954.565266
1788436800,765.38,768.3,765.3,768.08,2618759.293245
1788440400,768.08,770.48,767.47,770.02,3774615.794816
1788444000,770.02,770.02,768.05,769.86,1988013.2054950001
1788447600,769.86,773.75,769.8,773.74,3212924.617054
1788451200,773.74,773.76,772.57,773.15,2370063.334919
1788454800,773.15,773.9,772.56,773.84,1762912.5164959999
1788458400,773.84,774.42,773.83,774.26,1906211.589835
1788462000,774.26,774.52,773.35,773.7,2285599.372386
1788465600,773.7,773.74,772.77,772.86,1341330.746638
1788469200,772.86,772.93,772.61,772.74,954132.81211
1788472800,772.74,773.32,772.68,773.3,1431999.284631
1788476400,773.3,773.37,773.09,773.16,1113554.385322
1788480000,773.16,773.65,773.04,773.53,1607587.713091
1788483600,773.53,773.7,773.3,773.6,705286.051763
1788487200,773.6,773.87,773.51,773.86,659898.946876
1788490800,773.86,773.96,773.69,773.71,1232315.177165
1788494400,773.71,774.04,773.63,773.95,1090105.579866
1788498000,773.95,774.41,773.93,774.15,1160681.772411
1788501600,774.15,774.52,773.65,773.69,2243223.732611
1788505200,773.69,774.18,773.55,773.87,1898308.025271
1788508800,773.87,774.33,773.67,774.25,2043146.516003
1788512400,774.25,774.26,773.58,773.89,1884489.380016
1788516000,773.89,774.31,773.85,774.2,2079717.189154
1788519600,774.2,774.21,773.67,774.1,1939687.840415
1788523200,774.1,774.15,771.06,771.69,4636471.421593
1788526800,771.69,773.25,771.35,772.42,4382283.027638
1788530400,772.42,772.77,769.49,769.65,2846504.111503
1788534000,769.65,770.48,769.32,770.48,2920661.318327
1788537600,770.48,771.58,770.16,771.31,2053451.839768
1788541200,771.31,771.5,769.5,769.81,2737304.748706
1788544800,769.81,770.79,769.6,770.71,1923826.445693
1788548400,770.71,770.8,770.02,770.62,2835798.72841
1788552000,770.62,770.7,769.85,770.06,3491627.763389
1788555600,770.06,770.89,769.97,770.38,1201745.578285
1788559200,770.38,770.71,770.11,770.5,1764674.874405
1788562800,770.5,770.87,770.39,770.61,2869849.407854
1788566400,770.61,770.68,770.43,770.66,751198.673589
1788570000,770.66,770.79,770.51,770.62,1293543.955626
1788573600,770.62,770.63,769.48,769.84,1707033.839884
1788577200,769.84,770.05,769.79,769.92,1193696.578317
1788580800,769.92,769.99,769.63,769.92,960886.12812
1788584400,769.92,770.27,769.86,770.26,1521927.348348
1788588000,770.26,770.59,770.25,770.48,1472048.649659
1788591600,770.48,770.55,770.32,770.47,1811792.990131
1788595200,770.47,770.49,770.24,770.47,916815.700893
1788598800,770.47,770.56,770.26,770.36,2208311.143291
1788602400,770.36,771.45,770.27,771,2281208.825344
1788606000,771,771.45,770.6,770.75,1555238.140866
1788609600,770.75,771.49,770.66,771.42,2207714.658532
1788613200,771.42,771.55,770.83,771.15,1313702.512759
1788616800,771.15,771.27,770.91,771.12,1025782.536413
1788620400,771.12,771.47,771.02,771.32,1243660.512754
1788624000,771.32,771.72,771.18,771.58,2029536.730912
1788627600,771.58,771.81,771.52,771.71,2479205.5708589996
1788631200,771.71,772.01,771.69,771.94,862273.33716
1788634800,771.94,772.18,771.92,772.04,1558611.48526
1788638400,772.04,772.12,771.81,771.9,702287.53417
1788642000,771.9,772,771.78,771.89,1038339.419925
1788645600,771.89,772.18,771.79,771.95,731991.443629
1788649200,771.95,772.49,771.92,772.1,969703.994219
1788652800,772.1,772.16,771.81,771.9,820170.277987
1788656400,771.9,772.19,771.79,771.81,644126.1956110001
1788660000,771.81,772.15,771.71,772.13,1585019.563291
1788663600,772.13,772.16,771.83,772,1272457.162872
1788667200,772,772.12,771.74,771.93,1238334.823442
1788670800,771.93,772.1,771.82,771.97,699530.481101
1788674400,771.97,772.04,771.75,771.96,827949.504519
1788678000,771.96,771.96,771.55,771.8,1141733.393958
1788681600,771.8,771.96,771.53,771.79,2201520.977476
1788685200,771.79,772.14,771.7,771.99,2140665.810383
1788688800,771.99,772.1,771.81,771.94,1760970.510634
1788692400,771.94,771.95,771.68,771.8,1214299.981947
1788696000,771.8,771.93,771.69,771.89,1358070.139995
1788699600,771.89,771.89,770.81,771.35,1870627.745105
1788703200,771.35,771.45,770.92,771.3,1590311.612397
1788706800,771.3,772.18,771.16,771.21,1452531.184625
1788710400,771.21,771.63,771.14,771.24,1377832.150178
1788714000,771.24,771.63,771.23,771.47,2447944.624206
1788717600,771.47,772.43,771.41,771.73,2141820.455026
1788721200,771.73,772.04,771.42,771.92,1130931.308424
1788724800,771.92,772.03,771.64,771.67,784045.702982
1788728400,771.67,772.18,771.66,771.83,945231.070809
1788732000,771.83,771.83,769.92,770.65,965399.966137
1788735600,770.65,770.69,770.32,770.41,1039248.837148
1788739200,770.41,770.68,770.1,770.18,1265917.841171
1788742800,770.18,770.56,770.01,770.49,988755.485365
1788746400,770.49,770.7,770.11,770.11,760252.597902
1788750000,770.11,770.52,769.95,770,599990.194801
1788753600,770,770.02,769.68,770.02,882982.633448
1788757200,770.02,770.72,769.78,770.26,1163530.521441
1788760800,770.26,770.81,769.83,770.74,1504877.440249
1788764400,770.74,771.1,770.09,770.61,1456218.052094
1788768000,770.61,770.69,770.34,770.44,1457536.658394
1788771600,770.44,770.49,770.02,770.23,2542229.369497
1788775200,770.23,770.44,769.62,769.66,1222739.270738
1788778800,769.66,769.68,768.9,768.99,2074736.036112
1788782400,768.99,769.66,768.62,769.45,4067414.344028
1788786000,769.45,770.26,762.91,770.11,10700022.284972
1788789600,770.11,770.31,769.13,769.13,3875300.204029
1788793200,769.13,769.29,768.82,769.13,1895931.531305
1788796800,769.13,769.67,769.04,769.3,2722258.817982
1788800400,769.3,769.72,768.92,769.68,2272859.462581
1788804000,769.68,769.77,769.2,769.56,3242230.24811
1788807600,769.56,769.96,769.45,769.82,1332804.860148
1788811200,769.82,770.03,769.79,770.01,1672352.365408
1788814800,770.01,770.27,769.87,770.08,1314490.76498
1788818400,770.08,770.08,768.84,769.08,2586905.928453
1788822000,769.08,769.76,768.72,769.72,890472.124308
1788825600,769.72,769.92,769.19,769.65,1679913.038241
1788829200,769.65,770.52,769.03,770.44,853936.964571
1788832800,770.44,770.55,769.89,769.9,1097961.197425
1788836400,769.9,770.71,769.85,770.7,1034146.7556340001
1788840000,770.7,770.97,770.62,770.78,1152586.354422
1788843600,770.78,770.78,769.01,769.04,1093873.038406
1788847200,769.04,769.09,767.95,768.84,1564752.012903
1788850800,768.84,769.52,767.68,767.85,1595464.231262
1788854400,767.85,768.31,767.4,767.67,2304868.145541
1788858000,767.67,769.46,767.46,769.4,1584675.83252
1788861600,769.4,770.11,768.18,768.5,1854167.000599
1788865200,768.5,769.03,767.82,769.03,2613087.382152
1788868800,769.03,769.73,768.23,769.68,2892093.698478
1788872400,769.68,770.2,767.51,768.12,2875141.338537
1788876000,768.12,768.47,766.69,768.23,3572555.025453
1788879600,768.23,768.9,768.05,768.05,3125163.333252
1788883200,768.05,768.45,767.3,767.57,3586285.565893
1788886800,767.57,768.71,767.56,768.1,2637470.010352
1788890400,768.1,768.47,766.42,767.48,1944983.256408
1788894000,767.48,767.78,765.92,766.8,1684474.832864
1788897600,766.8,766.87,766.04,766.64,1639400.480025
1788901200,766.64,766.75,766.35,766.43,1191736.846169
1788904800,766.43,766.98,766.4,766.97,1779473.305887
1788908400,766.97,766.97,766.06,766.15,1840906.835515
1788912000,766.15,767.06,766.14,766.67,1636241.657521
1788915600,766.67,767.3,766.66,767.06,935459.324914
1788919200,767.06,767.35,766.86,767.29,728462.648961
1788922800,767.29,767.29,766.86,766.95,1002395.514706
1788926400,766.95,767.43,766.73,767.43,1239905.558195
1788930000,767.43,767.54,767.19,767.53,1430260.195314
1788933600,767.53,767.64,767.29,767.35,322369.018721
1788937200,767.35,767.88,767.26,767.46,417121.348079
1788940800,767.46,767.62,766.58,766.97,1877276.724475
1788944400,766.97,767.06,764.69,764.86,2488876.420367
1788948000,764.86,765.51,763.93,764.2,2521774.22423
1788951600,764.2,765.1,763.88,764.14,2526975.607626
1788955200,764.14,764.58,763.42,764.47,1451764.574397
1788958800,764.47,765.08,764.18,764.93,1409649.329014
1788962400,764.93,764.97,763.39,764.64,1384260.445001
1788966000,764.64,765.18,761.87,762.96,1643246.751849
1788969600,762.96,763.66,762.24,763.37,3200700.676128
1788973200,763.37,764.16,763.2,763.97,1087946.092064
1788976800,763.97,764.07,763.25,763.76,659079.094534
1788980400,763.76,764.04,763.12,763.33,742521.506413
1788984000,763.33,763.8,763.16,763.68,1039453.1838
1788987600,763.68,763.71,763.3,763.39,1032426.11311
1788991200,763.39,763.72,763.39,763.57,2088878.572117
1788994800,763.57,764.13,763.43,764.09,1190768.156702
1788998400,764.09,764.46,763.58,763.59,1249936.606037
1789002000,763.59,763.88,763.15,763.87,1222291.452602
1789005600,763.87,764.36,763.63,764.2,1307210.5722679999
1789009200,764.2,764.45,764.2,764.42,1000934.586954
1789012800,764.42,764.73,764.38,764.68,1336563.420208
1789016400,764.68,765.16,764.64,765.04,2766529.891613
1789020000,765.04,765.26,764.72,765.09,3412088.469173
1789023600,765.09,765.11,764.37,764.86,2599489.229949
1789027200,764.86,764.97,764.11,764.16,2179322.893047
1789030800,764.16,764.4,763.66,764.17,1925840.639112
1789034400,764.17,764.43,763.59,763.86,1988764.459762
1789038000,763.86,763.87,762.2,762.25,2695880.683916
1789041600,762.25,762.5,758.78,759.12,2845560.350138
1789045200,759.12,759.9,757.72,757.78,2872917.35182
1789048800,757.78,760.83,757.65,760.35,2915764.303336
1789052400,760.35,760.74,759.04,759.31,1467174.809213
1789056000,759.31,760.16,758.19,760.01,2333067.634993
1789059600,760.01,760.49,758.89,759.18,2910657.3299600002
1789063200,759.18,759.38,758.17,758.75,2863181.194787
1789066800,758.75,759.46,758.31,758.98,3139199.692924
1789070400,758.98,759.6,758.7,758.85,3998543.379066
1789074000,758.85,759.3,758.73,758.96,1167103.990811
1789077600,758.96,759.53,758.91,759.02,2295118.257349
1789081200,759.02,759.08,758.4,758.44,1029908.2770700001
1789084800,758.44,760.14,758.43,760.14,1081953.123198
1789088400,760.14,760.42,759.7,759.91,1157953.088913
1789092000,759.91,760,759.25,759.34,619958.617288
1789095600,759.34,759.36,758.8,758.98,1071604.692614
1789099200,758.98,760.19,758.8,760,1307941.752464
1789102800,760,761.57,759.9,761.52,1517087.972503
1789106400,761.52,762.08,761.15,762.07,1110088.195318
1789110000,762.07,762.28,761.49,761.62,1539771.028235
1789113600,761.62,763.16,761.25,763.16,1869907.887578
1789117200,763.16,763.52,762.58,763,731804.828987
1789120800,763,763.37,762.51,762.74,1000251.565096
1789124400,762.74,763.14,762.36,763.03,1438977.2314229999
1789128000,763.03,766.43,761.2,766.33,2446106.897353
1789131600,766.33,766.99,764.8,766.9,2071567.013469
1789135200,766.9,766.91,764.23,764.55,3062019.105974
1789138800,764.55,766.78,764.37,766.21,2782133.4126
1789142400,766.21,766.61,765.4,766.13,4088493.746702
1789146000,766.13,766.74,766.06,766.12,3309325.242267
1789149600,766.12,766.3,765.35,765.42,2358457.908966
1789153200,765.42,765.66,764.71,764.78,2500517.860331
1789156800,764.78,765.33,764.78,765.14,1867534.411352
1789160400,765.14,765.22,764.9,764.96,1495163.564311
1789164000,764.96,765.12,764.73,765.11,1129222.582579
1789167600,765.11,765.12,764.99,765.11,320528.476149
1789171200,765.11,765.2,764.95,765.2,622708.167061
1789174800,765.2,765.3,765.17,765.2,810561.027045
1789178400,765.2,765.57,765.19,765.4,1161032.939239
1789182000,765.4,765.5,765.25,765.38,1169883.121793
1789185600,765.38,765.52,765.33,765.43,1422371.978638
1789189200,765.43,765.43,765.28,765.34,3140726.048588
1789192800,765.34,765.54,765.33,765.45,11984593.082715
1789196400,765.45,765.68,765.34,765.52,5583580.752508
1789200000,765.52,765.65,765.48,765.56,5501115.374437
1789203600,765.56,765.68,765.49,765.62,37773519.615484
1789207200,765.62,765.78,765.43,765.56,53148391.241646
1789210800,765.56,765.67,765.47,765.58,1033672.738822
1789214400,765.58,765.97,765.48,765.86,2272911.484229
1789218000,765.86,765.94,765.66,765.79,1936425.0192490001
1789221600,765.79,766.02,765.73,765.88,1489896.7669199998
1789225200,765.88,766.23,765.83,766.13,3539314.156063
1789228800,766.13,766.29,765.96,766.17,1612914.844191
1789232400,766.17,766.28,765.93,766.02,2072471.707991
1789236000,766.02,766.29,765.88,766.22,1031142.319434
1789239600,766.22,766.26,765.88,765.89,990517.179344
1789243200,765.89,765.96,765.6,765.68,626990.909586
1789246800,765.68,766.26,765.64,766.2,774642.508979
1789250400,766.2,766.26,765.94,765.99,810314.881825
1789254000,765.99,766.08,765.86,765.95,376142.988677
1789257600,765.95,766.11,765.55,765.55,729124.925589
1789261200,765.55,765.69,765.26,765.27,1302358.03044
1789264800,765.27,765.49,765.26,765.28,610609.274651
1789268400,765.28,765.38,765.12,765.12,794318.859382
1789272000,765.12,765.19,764.59,764.59,1218380.158146
1789275600,764.59,764.63,763.84,763.98,1012428.711941
1789279200,763.98,764.01,763.44,763.47,645299.246381
1789282800,763.47,764.01,763.32,763.42,1133937.820032
1789286400,763.42,763.59,761.83,761.85,2209442.575415
1789290000,761.85,761.87,760.75,760.95,2433311.950937
1789293600,760.95,761,760.15,760.31,1389413.8005330001
1789297200,760.31,760.69,760.15,760.29,963259.425712
1789300800,760.29,760.41,760,760.32,963277.425808
1789304400,760.32,761.78,759.97,760.9,3418800.498176
1789308000,760.9,761.84,760.73,761.06,2195017.351042
1789311600,761.06,761.11,760.37,760.46,2889557.840739
1789315200,760.46,762.59,760.39,761.6,3430428.127403
1789318800,761.6,761.68,760.71,760.75,2172735.706377
1789322400,760.75,760.94,760.71,760.76,1345405.025707
1789326000,760.76,760.92,760.59,760.69,1308835.255412
1789329600,760.69,761.4,760.69,761.33,1332525.257257
1789333200,761.33,762.51,761.26,761.76,2423541.213959
1789336800,761.76,761.76,759.6,761,3852371.134163
1789340400,761,761.7,760.82,760.97,2703927.937588
1789344000,760.97,761.65,760.8,761.26,3023319.278336
1789347600,761.26,762.49,761.14,762.47,2210807.944451
1789351200,762.47,762.53,761.88,762.17,2673734.840414
1789354800,762.17,762.17,761.33,761.39,2778019.5034580003
1789358400,761.39,761.69,761.1,761.17,2867507.71379
1789362000,761.17,761.37,760.56,761.04,2600301.976257
1789365600,761.04,761.55,759.94,760.11,2608060.837547
1789369200,760.11,760.62,759.58,760,3403857.547995
1789372800,760,760.5,759.06,759.99,3568896.8428640002
1789376400,759.99,760.19,758.63,758.83,4427173.706296
1789380000,758.83,760.26,758.79,760.17,3742705.698176
1789383600,760.17,760.94,759.89,760.43,3792713.043702
1789387200,760.43,760.62,758.96,759.93,3434935.693548
1789390800,759.93,761.48,758.96,760.86,3416834.1446289998
1789394400,760.86,761.95,758.96,759.48,7137331.104084
1789398000,759.48,763.18,759.14,762.69,5567869.376926
1789401600,762.69,764.39,762.15,763.73,3938042.859812
1789405200,763.73,763.93,762.75,763.16,3424979.416305
1789408800,763.16,763.58,762.79,763.08,3546208.261516
1789412400,763.08,763.14,761.61,761.86,3607146.140511
1789416000,761.86,762.41,761.47,762.37,2235195.820431
1789419600,762.37,762.4,762.03,762.14,889490.979991
1789423200,762.14,762.28,761.83,761.99,1681125.064543
1789426800,761.99,762.06,761.65,761.86,4055951.978606
1789430400,761.86,762.21,761.44,761.97,2007692.184619
1789434000,761.97,762.31,761.29,761.53,2596271.404213
1789437600,761.53,761.69,761.19,761.24,1335755.262142
1789441200,761.24,761.32,760.32,760.39,2693907.716359
1789444800,760.39,760.54,759.02,759.04,2855304.936581
1789448400,759.04,760.2,758.52,759.79,2703595.305435
1789452000,759.79,760.09,758.89,759.18,1697227.372287
1789455600,759.18,759.41,757.74,758.19,1863522.87134
1789459200,758.19,758.23,756.87,757.42,3187128.909057
1789462800,757.42,758.95,756.93,758.85,3055506.92319
1789466400,758.85,760.09,758.78,759.85,1852643.85824
1789470000,759.85,760.38,759.78,760.35,2145662.387542
1789473600,760.35,762,760.06,761.27,2804471.139733
1789477200,761.27,761.59,759.28,760.24,4920704.105108
1789480800,760.24,760.24,756.79,757.13,3873695.210558
1789484400,757.13,758.49,757.12,757.91,3851803.807504
1789488000,757.91,760.12,757.41,758.57,5056407.4147270005
1789491600,758.57,758.64,757.26,757.95,3898639.168157
1789495200,757.95,758.58,757.39,758.09,2178659.886328
1789498800,758.09,758.26,757.26,758.16,2637809.442556
1789502400,758.16,758.88,758.14,758.76,1769288.593859
1789506000,758.76,758.89,758.64,758.67,1469825.991554
1789509600,758.67,759.44,758.52,759.07,3150291.338354
1789513200,759.07,759.09,758.67,758.92,2925553.541359
1789516800,758.92,759.09,758.72,758.93,2991759.047461
1789520400,758.93,759.14,758.32,758.35,2273032.775956
1789524000,758.35,759.25,758.35,759.17,2439508.425012
1789527600,759.17,760.15,759.16,759.68,2367276.184225
1789531200,759.68,759.87,759.05,759.21,2516078.021216
1789534800,759.21,759.7,758.92,759.48,2089608.582474
1789538400,759.48,759.85,759.3,759.79,2562314.466009
1789542000,759.79,760.15,759.46,759.57,2751943.060303
1789545600,759.57,759.86,758.94,759.76,2779320.780163
1789549200,759.76,759.98,759.17,759.77,3240287.299267
1789552800,759.77,759.88,759.43,759.87,2375322.989613
1789556400,759.87,760.85,759.65,760.75,1907871.485253
1789560000,760.75,761.1,759.87,760.43,2016209.081906
1789563600,760.43,761.04,759.31,760.86,2022829.001377
1789567200,760.86,761.05,759.44,760.83,3059076.610333
1789570800,760.83,762.24,760.71,761.35,3836624.807735
1789574400,761.35,761.42,760.32,760.41,4134691.073791
1789578000,760.41,760.9,759.9,760.85,2438905.155469
1789581600,760.85,761.96,754.47,754.56,5731687.042087
1789585200,754.56,756.04,750.26,754.86,5580853.567996
1789588800,754.86,755.25,754.45,754.91,1565761.004649
1789592400,754.91,755.22,754.85,755.14,2616326.1306559998
1789596000,755.14,756.58,754.58,756.25,2393887.598051
1789599600,756.25,758.3,756.17,758.26,1484302.575711
1789603200,758.26,759.28,758,758.91,1728860.216127
1789606800,758.91,759.3,758.42,758.57,1930869.600062
1789610400,758.57,759.49,758.53,759.02,1902637.065744
1789614000,759.02,759.55,759.01,759.49,1684944.427455
1789617600,759.49,759.56,759.17,759.24,1173514.576864
1789621200,759.24,759.35,758.26,758.33,2444663.573932
1789624800,758.33,760.23,758.33,760.05,1806345.97912
1789628400,760.05,761.37,759.95,760.52,2412903.261759
1789632000,760.52,760.88,759.72,760.78,2236114.447273
1789635600,760.78,761.3,760.63,760.72,1598928.322606
1789639200,760.72,761.34,760.68,761.23,1704645.203154
1789642800,761.23,761.92,760.73,761.91,2338140.159927
1789646400,761.91,764.54,761.48,764.2,5094416.349379
1789650000,764.2,764.58,761.39,761.87,3662167.580147
1789653600,761.87,762.94,760.64,761.38,4415548.886387
1789657200,761.38,763.06,761.01,763.06,2735783.114178
1789660800,763.06,763.31,762.23,763.04,5545147.150948
1789664400,763.04,763.35,717.68,762.81,8774604.570464
1789668000,762.81,763.08,762.3,762.5,2359744.844262
1789671600,762.5,763.55,762.5,762.59,2969715.8832859998
1789675200,762.59,762.85,762.18,762.48,2810618.673447
1789678800,762.48,762.69,762.36,762.62,2613382.582114
1789682400,762.62,762.78,762.2,762.37,3041343.0579770003
1789686000,762.37,762.72,762.37,762.63,2074247.423683
1789689600,762.63,762.69,761.26,761.38,3610565.152018
1789693200,761.38,761.59,761.03,761.59,3515045.171944
1789696800,761.59,761.94,761.5,761.85,1599326.11445
1789700400,761.85,762.84,761.82,762.73,1677964.551812
1789704000,762.73,763.59,762.68,763.59,1993035.744948
1789707600,763.59,764.45,763.53,764.04,1874769.937582
1789711200,764.04,764.85,763.97,764.76,2241722.479056
1789714800,764.76,765.26,764.64,764.85,2189737.684359
1789718400,764.85,764.93,764.06,764.23,2991901.535364
1789722000,764.23,764.25,763.13,763.16,2238610.662711
1789725600,763.16,763.85,763,763.35,2852460.509745
1789729200,763.35,763.69,762.37,762.47,1984468.114106
1789732800,762.47,762.75,761.16,761.37,1485817.450994
1789736400,761.37,762.71,760.63,760.73,3180884.021174
1789740000,760.73,761.11,759.74,760.95,6129899.246323
1789743600,760.95,761.16,759.98,760.13,3714864.497932
1789747200,760.13,760.61,759.11,760.42,5950358.118726
1789750800,760.42,760.91,760.11,760.8,3904486.589145
1789754400,760.8,762.84,760.64,762.3,4174300.560816
1789758000,762.3,763.3,761.82,762.68,3235626.154052
1789761600,762.68,764.12,762.64,763.68,2704953.568953
1789765200,763.68,763.86,763.46,763.71,1671463.527436
1789768800,763.71,763.77,763.34,763.49,2134454.938837
1789772400,763.49,763.59,763.4,763.52,916397.003959
1789776000,763.52,763.62,763.28,763.5,1025002.3525779999
1789779600,763.5,763.71,763.37,763.63,1431427.615327
1789783200,763.63,763.77,763.53,763.62,1565686.405405
1789786800,763.62,763.98,763.59,763.86,1580585.293249
1789790400,763.86,763.91,763.48,763.49,2453559.532025
1789794000,763.49,763.59,763.11,763.18,2781438.399912
1789797600,763.18,763.24,762.56,762.77,3031470.5603030003
1789801200,762.77,763.16,762.76,763.08,1978651.9576299998
1789804800,763.08,763.21,762.97,763.1,1356037.628027
1789808400,763.1,763.21,762.96,763.08,2081961.219399
1789812000,763.08,763.17,762.71,762.75,1457767.362202
1789815600,762.75,762.86,762.59,762.75,1283389.141281
1789819200,762.75,762.91,762.58,762.68,1517764.378382
1789822800,762.68,762.93,762.6,762.88,1813628.044944
1789826400,762.88,763.11,762.82,763.03,1680579.158585
1789830000,763.03,763.85,763.01,763.82,2135918.221891
1789833600,763.82,764.38,763.72,764.08,1628453.271861
1789837200,764.08,764.19,763.69,764.06,2233310.541652
1789840800,764.06,764.37,764,764.24,1849135.457472
1789844400,764.24,764.31,763.81,764.09,2386216.774747
1789848000,764.09,764.26,763.7,764.01,3171298.920312
1789851600,764.01,764.11,763.62,763.79,1308435.828426
1789855200,763.79,763.91,763.71,763.84,1141706.096807
1789858800,763.84,763.85,763.45,763.46,1340360.909264
1789862400,763.46,763.57,763.38,763.46,1374745.858165
1789866000,763.46,763.63,763.32,763.37,1956913.552843
1789869600,763.37,763.5,762.83,762.84,1741085.526813
1789873200,762.84,762.92,762.49,762.61,1586179.058189
1789876800,762.61,762.78,762.31,762.38,1362732.218177
1789880400,762.38,762.42,762,762.27,4139214.418396
1789884000,762.27,762.43,762.1,762.16,2204505.276516
1789887600,762.16,762.23,761.77,761.88,1912192.096398
1789891200,761.88,762.04,761.81,761.9,2031869.186207
1789894800,761.9,762.47,761.83,762.47,2371109.377696
1789898400,762.47,762.68,762.34,762.42,2475470.677076
1789902000,762.42,762.5,761.83,762.49,2282541.273361
1789905600,762.49,762.58,762.4,762.46,2343775.828289
1789909200,762.46,762.77,762.45,762.57,3571054.993757
1789912800,762.57,762.65,762.23,762.34,3033671.914167
1789916400,762.34,762.64,762.3,762.48,3074173.227269
1789920000,762.48,762.59,762.26,762.42,4876202.913563
1789923600,762.42,762.63,762.19,762.26,4835969.092102
1789927200,762.26,762.35,761.82,762.01,4572233.806136
1789930800,762.01,762.35,761.93,762.33,1680187.78133
1789934400,762.33,763.84,762.2,762.94,5091455.817728
1789938000,762.94,763.04,762.19,762.77,3624388.548063
1789941600,762.77,765.22,762.73,765.08,4823367.719335
1789945200,765.08,765.27,764.79,765.09,6313481.001079
1789948800,765.09,765.44,764.25,765.32,9413440.922227
1789952400,765.32,765.75,765.22,765.24,4279910.02336
1789956000,765.24,765.5,765.05,765.28,3445614.399706
1789959600,765.28,765.89,765.26,765.64,4518131.80798
1789963200,765.64,765.89,765.43,765.77,3150809.673583
1789966800,765.77,766.02,765.43,765.86,3748887.813714
1789970400,765.86,766.56,765.86,766.48,3816070.536237
1789974000,766.48,767.16,766.46,767.05,4041581.380391
1789977600,767.05,767.75,766.99,767.44,5364153.897369
1789981200,767.44,767.95,766.99,767.43,6474495.864318
1789984800,767.43,767.97,767.41,767.73,4931430.97171
1789988400,767.73,768.14,767.34,767.88,3729310.153165
1789992000,767.88,768.14,767.11,767.22,4917801.751422
1789995600,767.22,768.61,766.92,768.54,6340943.119334
1789999200,768.54,770.5,767.94,770.1,8169901.031486
1790002800,770.1,771.9,770.02,771.55,11642779.324757
1790006400,771.55,773.44,771.32,773.11,5515673.730221
1790010000,773.11,773.86,772.98,773.64,5963976.614641
1790013600,773.64,775.45,773.64,775.12,5018704.965225
1790017200,775.12,775.74,774.23,774.3,3962169.536031
1790020800,774.3,774.5,773.76,774.16,2383574.786583
1790024400,774.16,774.45,774.04,774.37,1814164.215399
1790028000,774.37,774.68,774.07,774.56,3899068.525461
1790031600,774.56,774.81,774.44,774.67,4702595.613219
1790035200,774.67,775.11,774.35,774.67,3757970.858497
1790038800,774.67,774.97,774.42,774.69,3769999.439434
1790042400,774.69,774.9,774.57,774.74,4931658.84942
1790046000,774.74,774.75,774.37,774.48,4499155.574707
1790049600,774.48,774.75,774.32,774.63,5604113.995955
1790053200,774.63,774.99,774.39,774.95,5246541.599213
1790056800,774.95,774.96,774.54,774.71,4309865.475166
1790060400,774.71,774.75,773.74,773.74,4836164.242427
1790064000,773.74,774.62,772.18,774.42,4930735.739948
1790067600,774.42,775.01,773.61,774.91,4084082.067011
1790071200,774.91,775.41,774.51,774.93,3688063.876919
1790074800,774.93,775.18,774.17,774.67,3072509.039369
1790078400,774.67,775.38,774.49,774.64,3483111.371201
1790082000,774.64,775.86,774.42,774.53,4110388.212318
1790085600,774.53,775.42,773.67,774.06,3926490.610147
1790089200,774.06,774.44,773.31,773.71,5015646.77506
1790092800,773.71,774.4,773.38,774.25,4267454.896395
1790096400,774.25,774.93,773.73,774.78,4660559.880944
1790100000,774.78,775.07,774.3,774.43,3477047.774501
1790103600,774.43,775.64,774.05,774.12,4750946.201605
1790107200,774.12,774.47,773.59,773.72,6289412.5914630005
1790110800,773.72,773.81,773.45,773.6,3963329.315316
1790114400,773.6,774.28,773.6,773.99,3367036.101584
1790118000,773.99,774.22,773.88,774.2,3426974.3146849996
1790121600,774.2,774.29,773.73,773.78,2515155.154658
1790125200,773.78,774.42,773.73,774.11,2559668.128377
1790128800,774.11,774.22,773.63,774.16,2665679.06888
1790132400,774.16,774.66,774.03,774.53,2804960.20076
1790136000,774.53,774.89,774.53,774.75,3952120.492567
1790139600,774.75,774.82,774.44,774.47,3437298.826764
1790143200,774.47,775.12,774.44,774.62,5866616.441437
1790146800,774.62,774.95,774.4,774.77,5091624.359722
1790150400,774.77,775.09,774.22,774.58,5419958.143193
1790154000,774.58,774.78,774.14,774.3,3082596.509768
1790157600,774.3,774.87,774.3,774.63,5183698.679867
1790161200,774.63,774.63,772.85,773.55,5136457.386285
1790164800,773.55,773.72,772.86,773.33,5476125.889522
1790168400,773.33,773.59,771.06,771.21,4265371.729854
1790172000,771.21,771.58,768.91,770.91,5008166.652629
1790175600,770.91,770.91,768.86,769.23,2538311.597326
1790179200,769.23,769.42,767.68,768.17,3917057.933289
1790182800,768.17,769.64,767.19,769.61,2665641.966394
1790186400,769.61,769.61,768.26,768.87,3738592.298559
1790190000,768.87,769.04,767.34,768.63,3702119.529361
1790193600,768.63,768.63,768.18,768.43,2745120.053759
1790197200,768.43,768.62,768.26,768.55,3658066.292644
1790200800,768.55,769.11,768.52,768.65,3256376.346899
1790204400,768.65,768.72,767.81,767.99,4574851.577042
1790208000,767.99,768.11,767.33,767.61,2820641.541703
1790211600,767.61,767.91,767.15,767.64,3223507.184318
1790215200,767.64,767.89,767.02,767.75,2770102.292795
1790218800,767.75,767.76,766.88,767.24,2826621.107648
1790222400,767.24,767.26,765.79,766.64,2626871.137186
1790226000,766.64,767.09,765.48,765.51,3822301.315135
1790229600,765.51,766.05,764.73,764.79,4606020.038387
1790233200,764.79,766.03,764.36,764.67,6300683.34841
1790236800,764.67,765.36,763.22,763.4,5103358.391728
1790240400,763.4,764.11,761.86,763.54,3311101.851708
1790244000,763.54,764.95,763.15,764.51,6777291.334561
1790247600,764.51,764.92,763.53,764.49,5766187.036154
1790251200,764.49,765.22,763.75,764.8,6226438.34164
1790254800,764.8,766.27,764.62,766.22,8560303.597604001
1790258400,766.22,767.2,765,765.31,5664448.776475
1790262000,765.31,765.55,764.17,765.07,4788128.888262
1790265600,765.07,769.58,764.48,769.02,7062079.601161
1790269200,769.02,769.38,766.92,767.75,6377332.179282
1790272800,767.75,769.28,766.43,768.88,4554969.138406
1790276400,768.88,768.96,767.98,768.15,4095171.866186
1790280000,768.15,768.18,766.48,767.47,3177156.235888
1790283600,767.47,767.52,767.05,767.11,2204416.366042
1790287200,767.11,767.82,766.99,767.32,3888074.976754
1790290800,767.32,767.65,766.83,766.85,3085061.732994
1790294400,766.85,767.49,766.64,766.93,3438135.842614
1790298000,766.93,768.23,766.72,767.97,5073656.028028
1790301600,767.97,768.46,767.64,767.98,5995741.273082
1790305200,767.98,768.57,767.86,768.17,3999538.235898
1790308800,768.17,768.19,767.67,767.8,3302745.73266
1790312400,767.8,769.21,767.76,768.92,3889096.986345
1790316000,768.92,769.64,768.88,769.38,4546938.489102
1790319600,769.38,769.97,769.24,769.48,4620308.197332
1790323200,769.48,770.67,769.16,770.49,8215068.745665
1790326800,770.49,770.75,770.07,770.23,3731791.426312
1790330400,770.23,770.66,769.94,770.21,4282782.153138
1790334000,770.21,771.72,770.21,771.04,3436972.496213
1790337600,771.04,771.38,770.02,770.19,4514751.032754
1790341200,770.19,771.06,768.55,770.46,5221976.677475
1790344800,770.46,770.52,767.12,769.69,5023248.86064
1790348400,769.69,770.85,768.32,770.74,5527429.168244
1790352000,770.74,772.85,770.63,771.4,5249572.992896
1790355600,771.4,772.3,771.3,772.05,3607997.02504
1790359200,772.05,772.42,771.35,771.57,3945040.6059540003
1790362800,771.57,773.05,771.1,772.09,4296516.5745790005
1790366400,772.09,772.35,771.81,772.22,2086387.220628
1790370000,772.22,772.84,772.16,772.64,1133723.897209
1790373600,772.64,772.85,772.61,772.66,1694108.645276
1790377200,772.66,772.79,772.61,772.64,1492320.099437
1790380800,772.64,772.82,769.88,770.55,4836311.182289
1790384400,770.55,771.35,770.55,771.19,1786522.391581
1790388000,771.19,771.7,771.14,771.45,1704391.22354
1790391600,771.45,771.52,771.25,771.35,1408486.234716
1790395200,771.35,771.55,771.1,771.13,2138432.062252
1790398800,771.13,771.58,771.04,771.14,1760000.718663
1790402400,771.14,771.29,770.88,771.08,2102671.236251
1790406000,771.08,771.21,770.77,770.98,2054276.825914
1790409600,770.98,771.19,770.92,771.19,2025324.673217
1790413200,771.19,771.21,770.75,770.87,2545653.652317
1790416800,770.87,771.2,770.68,771.13,1871713.038397
1790420400,771.13,771.29,770.97,771.11,3052658.163587
1790424000,771.11,771.3,770.97,771.14,2557441.469514
1790427600,771.14,771.28,771.04,771.22,2581791.62614
1790431200,771.22,771.54,771.05,771.42,2731218.9183
1790434800,771.42,771.54,771.21,771.48,3009278.007598
1790438400,771.48,771.58,771.3,771.56,2496764.547557
1790442000,771.56,771.62,771.45,771.48,1910478.7811740001
1790445600,771.48,771.68,770.77,771.2,1866831.512895
1790449200,771.2,771.37,770.99,771.17,1249556.000717
1790452800,771.17,771.3,770.74,770.83,991917.643034
1790456400,770.83,771.06,770.81,770.94,685429.189115
1790460000,770.94,771.34,770.73,771.1,2647073.986358
1790463600,771.1,771.28,770.94,771.23,1415122.171129
1790467200,771.23,771.31,770.64,770.67,1172515.650293
1790470800,770.67,771.08,770.61,770.87,1744940.146698
1790474400,770.87,771.18,770.77,771.04,1484057.011097
1790478000,771.04,771.29,771.03,771.16,760657.161625
1790481600,771.16,771.38,771.05,771.1,1345275.945296
1790485200,771.1,771.3,770.92,771.29,2089784.6651960001
1790488800,771.29,771.45,771.1,771.32,1761272.482862
1790492400,771.32,771.58,771.13,771.55,1248513.010304
1790496000,771.55,772.32,771.47,772.25,3012258.902869
1790499600,772.25,772.3,772.16,772.17,1906317.275971
1790503200,772.17,772.5,772.17,772.41,2640950.703958
1790506800,772.41,772.49,771.96,772.02,2562752.755527
1790510400,772.02,772.12,771.41,771.44,1634510.678376
1790514000,771.44,771.46,770.95,771.28,2482118.309084
1790517600,771.28,771.41,770.87,771.17,1985115.777434
1790521200,771.17,771.82,771.07,771.79,2392055.33279
1790524800,771.79,771.9,770.81,771.06,2789252.331145
1790528400,771.06,771.87,770.74,771.7,2525503.793396
1790532000,771.7,772.07,771.66,771.92,2532323.363605
1790535600,771.92,771.99,771.25,771.91,2401783.560531
1790539200,771.91,772.15,771.45,771.8,1356077.834322
1790542800,771.8,771.96,771.08,771.85,2257010.494763
1790546400,771.85,772.13,769.87,769.93,3834416.612939
1790550000,769.93,770.49,769.78,770.32,4785278.148481
1790553600,770.32,770.98,769.99,770.13,4242079.414054
1790557200,770.13,770.76,770.01,770.07,3254157.464911
1790560800,770.07,770.08,769.27,769.45,3976440.341233
1790564400,769.45,769.83,769.11,769.18,3338217.479644
1790568000,769.18,769.81,769.07,769.47,3475901.154462
1790571600,769.47,769.8,769.01,769.51,4262186.934149
1790575200,769.51,770.23,768.76,769.55,3757297.130537
1790578800,769.55,769.55,768.33,768.95,4282145.679588
1790582400,768.95,769.49,768.47,768.68,3188065.979709
1790586000,768.68,769.07,767.96,768.4,3293337.399071
1790589600,768.4,768.63,767.72,768.05,3457323.789559
1790593200,768.05,769.02,767.99,768.77,4004082.923346
1790596800,768.77,770.15,768.27,770.02,4230410.493403
1790600400,770.02,770.02,767.9,769.26,5401593.293976
1790604000,769.26,769.31,764.53,765.22,7606777.956779
1790607600,765.22,766.86,765.15,766.48,3672056.48453
1790611200,766.48,770.51,766.12,768.09,3960784.216578
1790614800,768.09,770.1,767.36,768.23,2999574.024186
1790618400,768.23,768.5,767.24,767.97,3304157.113323
1790622000,767.97,767.97,765.72,766.46,3397970.3623550013
1790625600,766.46,766.7,766.2,766.21,683592.1990719989
