round_id,answer,started_at,updated_at
18446744073709551617,160081000000,1780671400,1780671772
18446744073709551618,159194489000,1780671975,1780672175
18446744073709551619,158184450000,1780672366,1780674166
18446744073709551620,160185270000,1780673206,1780674167
18446744073709551621,158246650000,1780673821,1780674168
18446744073709551622,157348318000,1780674091,1780684382
18446744073709551623,156180000000,1780675758,1780684385
18446744073709551624,155048367152,1780675908,1780684387
18446744073709551625,157004897000,1780676003,1780684387
18446744073709551626,159694100000,1780676153,1780684388
18446744073709551627,159734435399,1780676638,1780684392
18446744073709551628,160658303868,1780678589,1780684396
18446744073709551629,159586906968,1780679520,1780684399
18446744073709551630,157361296000,1780683967,1780684405
18446744073709551631,156324634000,1780684177,1780684406
18446744073709551632,156658926840,1780684387,1780684700
18446744073709551633,155628650000,1780685047,1780685121
18446744073709551634,154667995000,1780685557,1780685570
18446744073709551635,155797090000,1780685827,1780685900
18446744073709551636,154637641534,1780686037,1780686050
18446744073709551637,155451299000,1780686217,1780686350
18446744073709551638,154419000000,1780686998,1780687010
18446744073709551639,155293539758,1780687478,1780687551
18446744073709551640,155472480000,1780687508,1780687835
18446744073709551641,154534055726,1780687958,1780688031
18446744073709551642,155315322442,1780688138,1780688211
18446744073709551643,156225040941,1780688799,1780688811
18446744073709551644,157206000000,1780688859,1780688871
18446744073709551645,156307000000,1780689763,1780689776
18446744073709551646,158398080000,1780690154,1780690166
18446744073709551647,159637642750,1780690814,1780690826
18446744073709551648,160569799000,1780692645,1780692658
18446744073709551649,161425595000,1780693516,1780693528
18446744073709551650,160448771000,1780696907,1780696920
18446744073709551651,159533532000,1780697148,1780697160
18446744073709551652,160336130000,1780699189,1780699202
18446744073709551653,159359000000,1780699549,1780699562
18446744073709551654,160183075000,1780700030,1780700042
18446744073709551655,159219900000,1780701290,1780701302
18446744073709551656,158238940000,1780701560,1780701572
18446744073709551657,157256477000,1780701951,1780701964
18446744073709551658,156252079671,1780702401,1780702414
18446744073709551659,157200100000,1780702611,1780702624
18446744073709551660,158076000000,1780703542,1780703555
18446744073709551661,159082000000,1780704142,1780704155
18446744073709551662,159907680000,1780704532,1780704545
18446744073709551663,159046000000,1780705493,1780705506
18446744073709551664,158228655000,1780708795,1780708807
18446744073709551665,159239071858,1780709335,1780709407
18446744073709551666,158404100000,1780709875,1780709888
18446744073709551667,157548952663,1780711646,1780711658
18446744073709551668,156644030000,1780712396,1780712408
18446744073709551669,157447000000,1780712606,1780712618
18446744073709551670,158242670000,1780714124,1780714136
18446744073709551671,157390902000,1780714844,1780714857
18446744073709551672,156297000000,1780716284,1780716357
18446744073709551673,156428251000,1780716344,1780716478
18446744073709551674,155604640000,1780718715,1780718728
18446744073709551675,154760000000,1780718925,1780718938
18446744073709551676,153924362000,1780719195,1780719208
18446744073709551677,154779157303,1780719375,1780719388
18446744073709551678,154000699880,1780719585,1780719658
18446744073709551679,153125000000,1780720066,1780720078
18446744073709551680,152332291320,1780720336,1780720348
18446744073709551681,151180894000,1780720696,1780720708
18446744073709551682,152033210000,1780720846,1780720858
18446744073709551683,152818450000,1780721656,1780721669
18446744073709551684,151821619481,1780721866,1780721879
18446744073709551685,150717298074,1780722136,1780722149
18446744073709551686,151608146786,1780722376,1780722389
18446744073709551687,152533960000,1780722617,1780722689
18446744073709551688,153509000000,1780723277,1780723289
18446744073709551689,155680242920,1780723367,1780723379
18446744073709551690,154849000000,1780723727,1780723740
18446744073709551691,155827534000,1780724177,1780724190
18446744073709551692,156673840000,1780725048,1780725060
18446744073709551693,157574570000,1780725888,1780725901
18446744073709551694,156750180000,1780726038,1780726051
18446744073709551695,157578464000,1780726518,1780726531
18446744073709551696,156618965705,1780728200,1780728212
18446744073709551697,155779530000,1780728680,1780728693
18446744073709551698,156737817501,1780729670,1780729683
18446744073709551699,157917429671,1780730121,1780730133
18446744073709551700,157047052356,1780730451,1780730463
18446744073709551701,157852054921,1780734472,1780734485
18446744073709551702,158689650000,1780734592,1780734605
18446744073709551703,157784509451,1780736754,1780736767
18446744073709551704,158633115667,1780738195,1780738207
18446744073709551705,157765526693,1780738945,1780738958
18446744073709551706,156826639735,1780739335,1780739347
18446744073709551707,155926951483,1780740176,1780740188
18446744073709551708,154573611830,1780741856,1780741868
18446744073709551709,153775000000,1780742186,1780742199
18446744073709551710,154678000000,1780743447,1780743460
18446744073709551711,155502000000,1780743777,1780743789
18446744073709551712,156320205653,1780745337,1780745350
18446744073709551713,155530900000,1780748909,1780748921
18446744073709551714,156445884725,1780750080,1780750093
18446744073709551715,157310509939,1780750350,1780750363
18446744073709551716,156495378000,1780752361,1780752373
18446744073709551717,155667471000,1780752721,1780752733
18446744073709551718,156641186028,1780753561,1780753573
18446744073709551719,155770951744,1780753771,1780753784
18446744073709551720,154957343000,1780758963,1780759035
18446744073709551721,155798437000,1780760104,1780760176
18446744073709551722,154909950000,1780768035,1780768048
18446744073709551723,155817693959,1780770376,1780770389
18446744073709551724,156801016000,1780789283,1780789296
18446744073709551725,157779577345,1780794475,1780794488
18446744073709551726,158645041370,1780794836,1780794849
18446744073709551727,159517000000,1780795766,1780795779
18446744073709551728,158661982000,1780796306,1780796319
18446744073709551729,159827747000,1780802400,1780802472
18446744073709551730,159001955000,1780805431,1780805444
18446744073709551731,160110349484,1780809242,1780809255
18446744073709551732,161233571072,1780813656,1780813669
18446744073709551733,162051242657,1780821491,1780821503
18446744073709551734,162883744338,1780822001,1780822014
18446744073709551735,163837071000,1780822661,1780822674
18446744073709551736,164683315000,1780823742,1780823755
18446744073709551737,163798570000,1780824222,1780824234
18446744073709551738,162978620000,1780825720,1780825792
18446744073709551739,161773000000,1780834182,1780834255
18446744073709551740,160928493526,1780835443,1780835456
18446744073709551741,161760864963,1780836373,1780836386
18446744073709551742,162598000000,1780842045,1780842057
18446744073709551743,163491601693,1780842675,1780842688
18446744073709551744,162585570313,1780843305,1780843318
18446744073709551745,163460503463,1780846336,1780846348
18446744073709551746,162621873000,1780848167,1780848179
18446744073709551747,163576466590,1780852398,1780852411
18446744073709551748,162480017430,1780858880,1780858893
18446744073709551749,161626587356,1780859180,1780859193
18446744073709551750,160780100000,1780859901,1780859913
18446744073709551751,161647072846,1780861971,1780862044
18446744073709551752,162470444000,1780863682,1780863694
18446744073709551753,163298539556,1780869534,1780869606
18446744073709551754,164498034000,1780870344,1780870357
18446744073709551755,166108224268,1780870404,1780870417
18446744073709551756,168579912000,1780870494,1780870506
18446744073709551757,171512071000,1780870524,1780870536
18446744073709551758,169285805000,1780870554,1780870566
18446744073709551759,168302387464,1780870854,1780870867
18446744073709551760,167345877742,1780870944,1780870957
18446744073709551761,168217299331,1780871784,1780871797
18446744073709551762,167114884566,1780873195,1780873208
18446744073709551763,168040000000,1780874815,1780874828
18446744073709551764,168973142000,1780876796,1780876809
18446744073709551765,169940459000,1780878627,1780878639
18446744073709551766,170866732165,1780879167,1780879179
18446744073709551767,169898000000,1780879587,1780879599
18446744073709551768,169017633000,1780880757,1780880770
18446744073709551769,167932503000,1780881328,1780881340
18446744073709551770,168859446000,1780884028,1780884041
18446744073709551771,168003850000,1780885169,1780885182
18446744073709551772,169042671805,1780888260,1780888272
18446744073709551773,168165883392,1780889160,1780889173
18446744073709551774,167229000000,1780891471,1780891483
18446744073709551775,166363844528,1780892461,1780892474
18446744073709551776,165446348000,1780895162,1780895175
18446744073709551777,164567211000,1780897053,1780897065
18446744073709551778,165574313657,1780898463,1780898476
18446744073709551779,166491640000,1780899513,1780899526
18446744073709551780,167352000000,1780903505,1780903517
18446744073709551781,166502793000,1780906625,1780906638
18446744073709551782,165645838593,1780911351,1780911366
18446744073709551783,166611299356,1780912131,1780912144
18446744073709551784,168008780000,1780917083,1780917095
18446744073709551785,168859188517,1780917713,1780917726
18446744073709551786,167912000000,1780920114,1780920126
18446744073709551787,166955987785,1780920354,1780920366
18446744073709551788,167990244905,1780921824,1780921837
18446744073709551789,168996000000,1780922574,1780922587
18446744073709551790,168129239688,1780925635,1780925648
18446744073709551791,168980000000,1780925815,1780925828
18446744073709551792,168109828547,1780926205,1780926218
18446744073709551793,169113519138,1780930647,1780930659
18446744073709551794,170234690000,1780931577,1780931589
18446744073709551795,169359109045,1780932627,1780932640
18446744073709551796,170300580000,1780935898,1780935911
18446744073709551797,169341566000,1780936408,1780936421
18446744073709551798,168345000000,1780937729,1780937742
18446744073709551799,169445519387,1780952554,1780952567
18446744073709551800,170311000000,1780952854,1780952866
18446744073709551801,171264000000,1780953004,1780953016
18446744073709551802,170238432162,1780956005,1780956018
18446744073709551803,169326000000,1780956635,1780956648
18446744073709551804,170187000000,1780959397,1780959409
18446744073709551805,171144069000,1780960147,1780960159
18446744073709551806,170039000000,1780960687,1780960701
18446744073709551807,169101412849,1780962457,1780962470
18446744073709551808,168163000000,1780964618,1780964631
18446744073709551809,167034000000,1780965098,1780965111
18446744073709551810,166096260000,1780966179,1780966191
18446744073709551811,167289000000,1780968160,1780968172
18446744073709551812,166404000000,1780971341,1780971353
18446744073709551813,165570516000,1780972721,1780972734
18446744073709551814,166437000000,1780973232,1780973244
18446744073709551815,167777161804,1780979671,1780979683
18446744073709551816,168806000000,1780980061,1780980074
18446744073709551817,167818550000,1780990085,1780990098
18446744073709551818,166909000000,1780992696,1780992708
18446744073709551819,167759540000,1780994376,1780994389
18446744073709551820,166883991256,1780997617,1780997630
18446744073709551821,168005000000,1781006620,1781006633
18446744073709551822,167109366598,1781009171,1781009184
18446744073709551823,166262220000,1781013973,1781013985
18446744073709551824,165153510000,1781014573,1781014586
18446744073709551825,164231000000,1781014843,1781014856
18446744073709551826,165072031100,1781017784,1781017797
18446744073709551827,164201747565,1781018834,1781018847
18446744073709551828,163363699000,1781020635,1781020647
18446744073709551829,162499000000,1781021445,1781021458
18446744073709551830,163342750000,1781023006,1781023019
18446744073709551831,162145921638,1781023096,1781023109
18446744073709551832,162985000000,1781023546,1781023559
18446744073709551833,164097443368,1781024687,1781024700
18446744073709551834,165160410294,1781029158,1781029171
18446744073709551835,165998368719,1781036031,1781036044
18446744073709551836,165125316000,1781040022,1781040035
18446744073709551837,164210764329,1781045304,1781045317
18446744073709551838,163372064606,1781047856,1781047868
18446744073709551839,164192000000,1781049896,1781049909
18446744073709551840,163350762864,1781051697,1781051710
18446744073709551841,164343863987,1781053048,1781053060
18446744073709551842,163520979502,1781055689,1781055701
18446744073709551843,162477433000,1781058390,1781058403
18446744073709551844,163311696042,1781062142,1781062155
18446744073709551845,162459039000,1781066194,1781066206
18446744073709551846,161590271000,1781068745,1781068757
18446744073709551847,162415550000,1781069315,1781069327
18446744073709551848,163284000000,1781074086,1781074099
18446744073709551849,164135318391,1781076907,1781076920
18446744073709551850,163273570000,1781079866,1781079878
18446744073709551851,162400626829,1781080796,1781080809
18446744073709551852,161543407324,1781082747,1781082759
18446744073709551853,162408450000,1781085418,1781085431
18446744073709551854,161399060000,1781089500,1781089512
18446744073709551855,162238256000,1781090580,1781090652
18446744073709551856,161237578287,1781090730,1781090742
18446744073709551857,162097510000,1781092050,1781092063
18446744073709551858,163244402000,1781094616,1781094629
18446744073709551859,164067209727,1781098248,1781098263
18446744073709551860,164956572836,1781098548,1781098561
18446744073709551861,165781510000,1781098788,1781098800
18446744073709551862,164862738000,1781100078,1781100091
18446744073709551863,163858000000,1781101939,1781101951
18446744073709551864,164865000000,1781103680,1781103692
18446744073709551865,163981527000,1781103950,1781103962
18446744073709551866,164826000000,1781105060,1781105072
18446744073709551867,165775000000,1781106861,1781106874
18446744073709551868,164890655388,1781108302,1781108314
18446744073709551869,163958597000,1781110012,1781110024
18446744073709551870,163054968000,1781112563,1781112575
18446744073709551871,162151765000,1781113133,1781113146
18446744073709551872,162990923468,1781113703,1781113716
18446744073709551873,162158158123,1781119435,1781119448
18446744073709551874,162986148970,1781120066,1781120078
18446744073709551875,162147158000,1781125678,1781125690
18446744073709551876,161201000000,1781128229,1781128242
18446744073709551877,160382606014,1781128979,1781128992
18446744073709551878,161196523825,1781130660,1781130673
18446744073709551879,162049303199,1781131440,1781131452
18446744073709551880,161192383000,1781133001,1781133013
18446744073709551881,162017134832,1781133691,1781133703
18446744073709551882,162838635192,1781137022,1781137035
18446744073709551883,163785896893,1781140444,1781140456
18446744073709551884,162956889588,1781145276,1781145289
18446744073709551885,163804600000,1781146536,1781146549
18446744073709551886,164715000000,1781148847,1781148859
18446744073709551887,165694000000,1781150197,1781150210
18446744073709551888,164822525000,1781152508,1781152521
18446744073709551889,165659220000,1781153468,1781153481
18446744073709551890,164788082785,1781155539,1781155552
18446744073709551891,165921530000,1781158540,1781158553
18446744073709551892,165090440000,1781161661,1781161674
18446744073709551893,165928389460,1781166523,1781166535
18446744073709551894,166904000000,1781178695,1781178707
18446744073709551895,165927940628,1781179655,1781179668
18446744073709551896,164924220000,1781180556,1781180568
18446744073709551897,165770605000,1781186048,1781186060
18446744073709551898,164829850000,1781186768,1781186781
18446744073709551899,163926251729,1781187428,1781187441
18446744073709551900,164779568000,1781188209,1781188221
18446744073709551901,163750958000,1781190069,1781190082
18446744073709551902,164592554023,1781190790,1781190802
18446744073709551903,163750471108,1781195531,1781195544
18446744073709551904,164625107647,1781195861,1781195874
18446744073709551905,163793627664,1781196611,1781196626
18446744073709551906,164641497939,1781198982,1781198995
18446744073709551907,165479172000,1781199012,1781199025
18446744073709551908,166434336070,1781199132,1781199145
18446744073709551909,167570000000,1781199192,1781199205
18446744073709551910,168904749000,1781200183,1781200195
18446744073709551911,167973972847,1781200603,1781200615
18446744073709551912,168832000000,1781200933,1781200945
18446744073709551913,167896290000,1781201143,1781201155
18446744073709551914,168751371362,1781206335,1781206347
18446744073709551915,167838632187,1781208045,1781208058
18446744073709551916,166920573356,1781209696,1781209709
18446744073709551917,168096802000,1781212427,1781212440
18446744073709551918,167170148000,1781218879,1781218892
18446744073709551919,166170451025,1781227643,1781227655
18446744073709551920,167281163861,1781230224,1781230236
18446744073709551921,166422967160,1781242619,1781242631
18446744073709551922,165572223000,1781245890,1781245903
18446744073709551923,166414000000,1781251742,1781251755
18446744073709551924,167563670000,1781252493,1781252505
18446744073709551925,166713457000,1781266859,1781266872
18446744073709551926,165828294000,1781271241,1781271253
18446744073709551927,166673199000,1781273251,1781273264
18446744073709551928,167939455453,1781275982,1781275995
18446744073709551929,168809015608,1781276493,1781276505
18446744073709551930,167920613000,1781276673,1781276685
18446744073709551931,168816230000,1781277213,1781277225
18446744073709551932,167910353407,1781278233,1781278245
18446744073709551933,167032715303,1781278773,1781278786
18446744073709551934,166184828000,1781279914,1781279926
18446744073709551935,167079188505,1781280814,1781280826
18446744073709551936,166193000000,1781297530,1781297542
18446744073709551937,167457040000,1781314936,1781314948
18446744073709551938,166599359000,1781318897,1781318909
18446744073709551939,167536981617,1781336963,1781336976
18446744073709551940,168381000000,1781365114,1781365126
18446744073709551941,167522000000,1781366764,1781366777
18446744073709551942,168744696734,1781386932,1781386944
18446744073709551943,167827000000,1781394525,1781394537
18446744073709551944,168740267000,1781399807,1781399879
18446744073709551945,167892433000,1781411812,1781411824
18446744073709551946,166968105000,1781428708,1781428720
18446744073709551947,165956057879,1781447644,1781447657
18446744073709551948,166791754000,1781469282,1781469294
18446744073709551949,167662747000,1781471743,1781471756
18446744073709551950,168586766413,1781471923,1781471935
18446744073709551951,169455710000,1781472253,1781472265
18446744073709551952,170442000000,1781472343,1781472355
18446744073709551953,169437491000,1781472583,1781472595
18446744073709551954,170533850000,1781472613,1781472625
18446744073709551955,171471591896,1781473213,1781473226
18446744073709551956,172967086654,1781473813,1781473886
18446744073709551957,171957000000,1781474323,1781474336
18446744073709551958,172837747000,1781482487,1781482501
18446744073709551959,171962690000,1781484197,1781484211
18446744073709551960,171053000000,1781486718,1781486791
18446744073709551961,171918610000,1781487588,1781487601
18446744073709551962,172782468000,1781520630,1781520643
18446744073709551963,173929043688,1781520901,1781520913
18446744073709551964,174998233000,1781522431,1781522443
18446744073709551965,176004178519,1781522761,1781522833
18446744073709551966,176964208000,1781527143,1781527156
18446744073709551967,178067560000,1781528793,1781528806
18446744073709551968,179182620000,1781529093,1781529105
18446744073709551969,180308000000,1781529423,1781529436
18446744073709551970,181559693000,1781529664,1781529676
18446744073709551971,182545530000,1781529964,1781529976
18446744073709551972,181335000000,1781530264,1781530276
18446744073709551973,180409170000,1781532635,1781532707
18446744073709551974,181351000000,1781534796,1781534808
18446744073709551975,182407798379,1781537947,1781537959
18446744073709551976,183585117534,1781538397,1781538409
18446744073709551977,184504000000,1781538787,1781538799
18446744073709551978,183180030000,1781542988,1781543061
18446744073709551979,181753625453,1781551151,1781551163
18446744073709551980,182698992506,1781552412,1781552484
18446744073709551981,181739287000,1781556313,1781556326
18446744073709551982,180826322000,1781561852,1781561865
18446744073709551983,179755516770,1781562302,1781562315
18446744073709551984,178813000000,1781562722,1781562735
18446744073709551985,179724179958,1781568935,1781568947
18446744073709551986,178811879877,1781571576,1781571588
18446744073709551987,177421899804,1781576888,1781576900
18446744073709551988,176493654902,1781580099,1781580111
18446744073709551989,177586000000,1781580339,1781580351
18446744073709551990,176651753956,1781584210,1781584222
18446744073709551991,177549301036,1781597475,1781597487
18446744073709551992,178484755417,1781597865,1781597877
18446744073709551993,177574833295,1781598225,1781598238
18446744073709551994,178467468385,1781598945,1781598958
18446744073709551995,179487487400,1781599905,1781599918
18446744073709551996,180462411843,1781600146,1781600158
18446744073709551997,179379000000,1781601346,1781601358
18446744073709551998,180348620000,1781611639,1781611651
18446744073709551999,181358600000,1781612149,1781612162
18446744073709552000,182705500000,1781613079,1781613092
18446744073709552001,183690590000,1781613230,1781613242
18446744073709552002,182645206000,1781613410,1781613422
18446744073709552003,181379614887,1781613680,1781613692
18446744073709552004,180394000000,1781615330,1781615343
18446744073709552005,179187906000,1781615510,1781615523
18446744073709552006,180258000000,1781615720,1781615733
18446744073709552007,179313542436,1781619261,1781619274
18446744073709552008,177991945000,1781619531,1781619544
18446744073709552009,177083974000,1781620222,1781620234
18446744073709552010,177978333640,1781620852,1781620865
18446744073709552011,179418340000,1781632063,1781632075
18446744073709552012,180320779326,1781632993,1781633005
18446744073709552013,179406019029,1781634133,1781634146
18446744073709552014,178457248023,1781659043,1781659056
18446744073709552015,178408680000,1781659073,1781659146
18446744073709552016,178264252938,1781659163,1781659296
18446744073709552017,178235099398,1781659313,1781659386
18446744073709552018,178091494807,1781659403,1781659416
18446744073709552019,178232958098,1781659433,1781659506
18446744073709552020,178413000000,1781659523,1781659656
18446744073709552021,178463329702,1781659673,1781659806
18446744073709552022,178346013150,1781659823,1781659956
18446744073709552023,178188059504,1781659973,1781659986
18446744073709552024,178140751788,1781660003,1781660256
18446744073709552025,178287237288,1781660273,1781660346
18446744073709552026,178472000000,1781660393,1781660466
18446744073709552027,180417126170,1781663024,1781663037
18446744073709552028,180645000000,1781663054,1781663187
18446744073709552029,180311184000,1781663204,1781663337
18446744073709552030,180370871097,1781663354,1781663427
18446744073709552031,179317290000,1781676371,1781676443
18446744073709552032,178380000000,1781680899,1781680911
18446744073709552033,177428000000,1781684462,1781684475
18446744073709552034,176459320000,1781685439,1781685451
18446744073709552035,177352750000,1781688350,1781688362
18446744073709552036,176383442528,1781694232,1781694244
18446744073709552037,175481000000,1781698853,1781698865
18446744073709552038,174425058000,1781699063,1781699076
18446744073709552039,175307000000,1781700263,1781700276
18446744073709552040,176209000000,1781703444,1781703457
18446744073709552041,175119229000,1781706355,1781706368
18446744073709552042,176197000000,1781709866,1781709879
18446744073709552043,177229705000,1781711396,1781711409
18446744073709552044,178287904000,1781713677,1781713690
18446744073709552045,177320380000,1781714217,1781714230
18446744073709552046,178609780000,1781718813,1781718825
18446744073709552047,177115340000,1781719233,1781719305
18446744073709552048,176205992000,1781719443,1781719455
18446744073709552049,175167000000,1781719533,1781719545
18446744073709552050,176310000000,1781719653,1781719667
18446744073709552051,177254016807,1781721123,1781721136
18446744073709552052,176210500432,1781721153,1781721228
18446744073709552053,177367185000,1781721543,1781721616
18446744073709552054,178304203363,1781721813,1781721826
18446744073709552055,177256000000,1781722625,1781722638
18446744073709552056,176239850000,1781723435,1781723448
18446744073709552057,175014000000,1781724005,1781724078
18446744073709552058,173682204427,1781724575,1781724588
18446744073709552059,174787162000,1781724695,1781724708
18446744073709552060,173791200000,1781724756,1781724828
18446744073709552061,172912000000,1781725896,1781725908
18446744073709552062,173845600000,1781726586,1781726601
18446744073709552063,172691545357,1781733790,1781733862
18446744073709552064,173641000000,1781734300,1781734372
18446744073709552065,174530000000,1781738261,1781738274
18446744073709552066,175409660000,1781741472,1781741485
18446744073709552067,174485023751,1781753236,1781753308
18446744073709552068,173552901681,1781755697,1781755709
18446744073709552069,172652618258,1781758865,1781758878
18446744073709552070,173558400000,1781766969,1781766981
18446744073709552071,174552000000,1781768169,1781768181
18446744073709552072,173508590000,1781789776,1781789789
18446744073709552073,172567000000,1781795868,1781795881
18446744073709552074,171698845301,1781796949,1781796961
18446744073709552075,170754925186,1781797219,1781797232
18446744073709552076,169810000000,1781797459,1781797471
18446744073709552077,168942680000,1781797939,1781797951
18446744073709552078,167961140000,1781798269,1781798281
18446744073709552079,168809533333,1781798569,1781798581
18446744073709552080,167894999481,1781803340,1781803353
18446744073709552081,168762320000,1781810542,1781810555
18446744073709552082,169606748000,1781811683,1781811695
18446744073709552083,170515420000,1781812523,1781812535
18446744073709552084,171387303240,1781814023,1781814036
18446744073709552085,170479865559,1781817054,1781817067
18446744073709552086,171360500000,1781829388,1781829400
18446744073709552087,170454395351,1781832869,1781832882
18446744073709552088,171316130129,1781834640,1781834652
18446744073709552089,170412713000,1781835810,1781835823
18446744073709552090,169399692000,1781838841,1781838853
18446744073709552091,168253296000,1781838961,1781838973
18446744073709552092,169412737400,1781839321,1781839334
18446744073709552093,168559540000,1781844993,1781845006
18446744073709552094,169546510000,1781845743,1781845756
18446744073709552095,168675553000,1781864186,1781864198
18446744073709552096,167803000000,1781873309,1781873322
18446744073709552097,168783173000,1781873489,1781873501
18446744073709552098,169655000000,1781874329,1781874341
18446744073709552099,168706000000,1781875109,1781875122
18446744073709552100,169558310000,1781876490,1781876502
18446744073709552101,170477100000,1781876760,1781876773
18446744073709552102,169622000000,1781878350,1781878362
18446744073709552103,170487985931,1781879791,1781879804
18446744073709552104,169397000000,1781888166,1781888179
18446744073709552105,170342255000,1781891317,1781891329
18446744073709552106,171279385699,1781913420,1781913433
18446744073709552107,170372000000,1781921912,1781921925
18446744073709552108,171358818000,1781930495,1781930508
18446744073709552109,172336426381,1781932236,1781932248
18446744073709552110,171329710000,1781961855,1781961867
18446744073709552111,172537760451,1781966746,1781966759
18446744073709552112,173955775000,1781966806,1781966819
18446744073709552113,173003585000,1781967676,1781967689
18446744073709552114,173959000000,1781968727,1781968739
18446744073709552115,173043546000,1781973108,1781973120
18446744073709552116,172165968450,1781976949,1781976962
18446744073709552117,173102519063,1781989973,1781989986
18446744073709552118,174038420000,1781994295,1781994307
18446744073709552119,173083931785,1782017611,1782017624
18446744073709552120,171896000000,1782040718,1782040731
18446744073709552121,172914000000,1782054192,1782054204
18446744073709552122,172030087000,1782065055,1782065067
18446744073709552123,172996959000,1782066705,1782066718
18446744073709552124,172130380000,1782074867,1782074880
18446744073709552125,171136710000,1782076158,1782076170
18446744073709552126,170268000000,1782076698,1782076711
18446744073709552127,171199000000,1782076878,1782076890
18446744073709552128,172068651877,1782077988,1782078001
18446744073709552129,171163018000,1782079759,1782079771
18446744073709552130,172113000000,1782088611,1782088624
18446744073709552131,173153622799,1782091102,1782091114
18446744073709552132,174695000000,1782091582,1782091594
18446744073709552133,173775855000,1782094013,1782094025
18446744073709552134,172597283000,1782097314,1782097326
18446744073709552135,173498460000,1782098334,1782098346
18446744073709552136,172624895000,1782100585,1782100597
18446744073709552137,173528119491,1782104906,1782104918
18446744073709552138,174406213047,1782112528,1782112541
18446744073709552139,175510580000,1782126422,1782126434
18446744073709552140,176612210000,1782128823,1782128835
18446744073709552141,177621361000,1782135394,1782135407
18446744073709552142,176646479869,1782137255,1782137267
18446744073709552143,175675862091,1782138336,1782138348
18446744073709552144,174453000000,1782143377,1782143390
18446744073709552145,173579727454,1782144307,1782144320
18446744073709552146,174448000000,1782151749,1782151762
18446744073709552147,173412000000,1782153940,1782153953
18446744073709552148,172382976904,1782167234,1782167246
18446744073709552149,173288354000,1782176507,1782176519
18446744073709552150,172285887705,1782179207,1782179220
18446744073709552151,173175423824,1782183096,1782183108
18446744073709552152,172300000000,1782188497,1782188510
18446744073709552153,171405590000,1782191978,1782191991
18446744073709552154,170150472000,1782194919,1782194931
18446744073709552155,169013033666,1782195669,1782195682
18446744073709552156,168092153586,1782201581,1782201594
18446744073709552157,167248471000,1782202482,1782202494
18446744073709552158,166376520800,1782202572,1782202584
18446744073709552159,165377418623,1782202662,1782202674
18446744073709552160,164242000000,1782203082,1782203094
18446744073709552161,165167920000,1782206533,1782206545
18446744073709552162,166049000000,1782213735,1782213748
18446744073709552163,165214154000,1782219197,1782219209
18446744073709552164,164382601000,1782221478,1782221490
18446744073709552165,165768649010,1782221538,1782221550
18446744073709552166,166666898077,1782224238,1782224251
18446744073709552167,165739000000,1782224719,1782224731
18446744073709552168,166690547088,1782225379,1782225391
18446744073709552169,165807416000,1782226969,1782226982
18446744073709552170,164952952000,1782229820,1782229833
18446744073709552171,165790458000,1782230420,1782230432
18446744073709552172,166729963000,1782230930,1782230943
18446744073709552173,165751430000,1782233421,1782233434
18446744073709552174,164920000000,1782240250,1782240262
18446744073709552175,165846016162,1782241510,1782241523
18446744073709552176,166688115000,1782252404,1782252416
18446744073709552177,165839476004,1782255914,1782255927
18446744073709552178,166702923000,1782259245,1782259258
18446744073709552179,167569791000,1782264737,1782264749
18446744073709552180,166728176895,1782266867,1782266880
18446744073709552181,165878291560,1782271039,1782271051
18446744073709552182,166710788820,1782272959,1782272972
18446744073709552183,165853000000,1782275060,1782275073
18446744073709552184,166729631000,1782276471,1782276483
18446744073709552185,167679809000,1782279441,1782279454
18446744073709552186,166764000000,1782288744,1782288757
18446744073709552187,165900442000,1782299175,1782299187
18446744073709552188,166741000000,1782301485,1782301498
18446744073709552189,167721030000,1782301756,1782301768
18446744073709552190,168593445928,1782301786,1782301798
18446744073709552191,167724675000,1782301906,1782301918
18446744073709552192,166853690000,1782305507,1782305519
18446744073709552193,165780648000,1782306407,1782306419
18446744073709552194,164748332151,1782307367,1782307379
18446744073709552195,165960087451,1782307997,1782308010
18446744073709552196,164959982000,1782308477,1782308490
18446744073709552197,164083000000,1782308927,1782308940
18446744073709552198,165109000000,1782309078,1782309090
18446744073709552199,164110610000,1782309468,1782309480
18446744073709552200,165010880857,1782311448,1782311461
18446744073709552201,164185361000,1782312919,1782312931
18446744073709552202,163346454813,1782315229,1782315242
18446744073709552203,162434000000,1782315860,1782315872
18446744073709552204,161611827156,1782316040,1782316052
18446744073709552205,162525000000,1782317660,1782317672
18446744073709552206,161675453000,1782319581,1782319593
18446744073709552207,159553550000,1782319881,1782319893
18446744073709552208,158496585434,1782320181,1782320193
18446744073709552209,159491402343,1782320571,1782320583
18446744073709552210,158522212148,1782320811,1782320823
18446744073709552211,157551000000,1782321621,1782321635
18446744073709552212,156684623000,1782321771,1782321784
18446744073709552213,157826262239,1782322071,1782322084
18446744073709552214,157035924000,1782322372,1782322384
18446744073709552215,156032000000,1782323182,1782323194
18446744073709552216,155172050000,1782323302,1782323314
18446744073709552217,155990000000,1782323362,1782323374
18446744073709552218,156785631476,1782324923,1782324935
18446744073709552219,157727309538,1782325283,1782325295
18446744073709552220,156932635000,1782326933,1782326946
18446744073709552221,157783000000,1782329754,1782329767
18446744073709552222,159305166000,1782331315,1782331327
18446744073709552223,160744000000,1782331585,1782331597
18446744073709552224,161750898342,1782334201,1782334213
18446744073709552225,160931000000,1782334531,1782334543
18446744073709552226,161808387000,1782338252,1782338264
18446744073709552227,162646807000,1782363159,1782363172
18446744073709552228,163619000000,1782363730,1782363742
18446744073709552229,164574280000,1782364060,1782364072
18446744073709552230,165540530000,1782370602,1782370614
18446744073709552231,164620000000,1782379334,1782379347
18446744073709552232,163747096000,1782384106,1782384118
18446744073709552233,162765341000,1782385606,1782385618
18446744073709552234,163840528313,1782390648,1782390660
18446744073709552235,162528102819,1782394279,1782394291
18446744073709552236,161230000000,1782394729,1782394742
18446744073709552237,160409000000,1782394849,1782394862
18446744073709552238,159497000000,1782394999,1782395011
18446744073709552239,158195980890,1782395179,1782395191
18446744073709552240,157329206478,1782395359,1782395372
18446744073709552241,156342958236,1782395569,1782395581
18446744073709552242,155559482000,1782395659,1782395672
18446744073709552243,154655580000,1782395749,1782395762
18446744073709552244,153612300637,1782395899,1782395912
18446744073709552245,154886870000,1782396019,1782396032
18446744073709552246,155736000000,1782396140,1782396152
18446744073709552247,157133432755,1782396620,1782396632
18446744073709552248,156292855000,1782396890,1782396902
18446744073709552249,155445515000,1782396980,1782396992
18446744073709552250,156302000000,1782397220,1782397232
18446744073709552251,158105369214,1782398000,1782398013
18446744073709552252,157212430000,1782398180,1782398192
18446744073709552253,156366977878,1782398660,1782398673
18446744073709552254,157442728364,1782399110,1782399123
18446744073709552255,156616984000,1782399530,1782399543
18446744073709552256,155788013000,1782399801,1782399813
18446744073709552257,154901751000,1782400521,1782400533
18446744073709552258,155867000000,1782400731,1782400743
18446744073709552259,156921085000,1782403012,1782403024
18446744073709552260,157801731000,1782403762,1782403774
18446744073709552261,156964190000,1782405022,1782405035
18446744073709552262,156130000000,1782405562,1782405575
18446744073709552263,156956000000,1782407723,1782407735
18446744073709552264,155951447000,1782412495,1782412507
18446744073709552265,156744027797,1782413755,1782413768
18446744073709552266,155949580000,1782414355,1782414368
18446744073709552267,156752187604,1782418137,1782418149
18446744073709552268,155832289000,1782419547,1782419559
18446744073709552269,156618392000,1782423148,1782423161
18446744073709552270,157466000000,1782424349,1782424361
18446744073709552271,156626445279,1782426029,1782426042
18446744073709552272,157489704311,1782429540,1782429553
18446744073709552273,156694000000,1782431281,1782431294
18446744073709552274,155804602295,1782435932,1782435945
18446744073709552275,154650015000,1782439924,1782439936
18446744073709552276,153646700266,1782439984,1782439996
18446744073709552277,152516510000,1782440014,1782440026
18446744073709552278,153464559510,1782440944,1782440957
18446744073709552279,152634299000,1782442114,1782442127
18446744073709552280,151417239000,1782442924,1782442937
18446744073709552281,152352066000,1782443315,1782443327
18446744073709552282,153209000000,1782444485,1782444497
18446744073709552283,154054820000,1782445535,1782445548
18446744073709552284,154833655895,1782445775,1782445788
18446744073709552285,156041581000,1782446195,1782446208
18446744073709552286,155244868000,1782446465,1782446478
18446744073709552287,154336460000,1782454118,1782454130
18446744073709552288,155231590000,1782454928,1782454940
18446744073709552289,156024789070,1782455798,1782455811
18446744073709552290,156947475727,1782456248,1782456261
18446744073709552291,157733090000,1782458259,1782458271
18446744073709552292,156879804000,1782461920,1782461933
18446744073709552293,156053230000,1782464531,1782464543
18446744073709552294,155208000000,1782467502,1782467515
18446744073709552295,154328795540,1782470383,1782470395
18446744073709552296,155136015000,1782471823,1782471836
18446744073709552297,154340609449,1782473354,1782473366
18446744073709552298,155253494908,1782477225,1782477238
18446744073709552299,154245376000,1782477495,1782477507
18446744073709552300,153236777000,1782477615,1782477627
18446744073709552301,154068073000,1782477975,1782477990
18446744073709552302,153281220000,1782479085,1782479098
18446744073709552303,152435903163,1782479956,1782479968
18446744073709552304,153211093000,1782480406,1782480418
18446744073709552305,154035000000,1782480946,1782480958
18446744073709552306,155091000000,1782482026,1782482039
18446744073709552307,156058339705,1782482116,1782482130
18446744073709552308,156978000000,1782483977,1782483989
18446744073709552309,156172419000,1782484547,1782484560
18446744073709552310,155178873828,1782485778,1782485791
18446744073709552311,156006149217,1782485958,1782485970
18446744073709552312,156913000000,1782486588,1782486600
18446744073709552313,157725980000,1782487488,1782487501
18446744073709552314,158814177082,1782489679,1782489691
18446744073709552315,158009828334,1782490099,1782490111
18446744073709552316,157180945000,1782490879,1782490892
18446744073709552317,158140550000,1782491689,1782491702
18446744073709552318,157340109000,1782498609,1782498621
18446744073709552319,158170340000,1782526547,1782526560
18446744073709552320,157339371035,1782540652,1782540664
18446744073709552321,158171267941,1782542843,1782542855
18446744073709552322,158975968410,1782568771,1782568783
18446744073709552323,160167753947,1782573062,1782573075
18446744073709552324,159189871799,1782579784,1782579797
18446744073709552325,157860000000,1782588307,1782588320
18446744073709552326,157056432000,1782597640,1782597652
18446744073709552327,156262000000,1782598600,1782598612
18446744073709552328,157109290000,1782598960,1782598972
18446744073709552329,156249230000,1782624647,1782624660
18446744073709552330,157112440094,1782630139,1782630152
18446744073709552331,157959000000,1782635901,1782635913
18446744073709552332,157078720000,1782642357,1782642369
18446744073709552333,157879495109,1782644578,1782644590
18446744073709552334,157073485000,1782664353,1782664367
18446744073709552335,156285638361,1782668135,1782668147
18446744073709552336,157077220000,1782669185,1782669198
18446744073709552337,156151611012,1782676028,1782676040
18446744073709552338,157091016233,1782677678,1782677690
18446744073709552339,156282898000,1782683367,1782683380
18446744073709552340,157322367000,1782684177,1782684189
18446744073709552341,156280000000,1782685138,1782685150
18446744073709552342,155349607597,1782687148,1782687161
18446744073709552343,156180833755,1782687718,1782687731
18446744073709552344,157049869669,1782689489,1782689501
18446744073709552345,156226683694,1782691590,1782691602
18446744073709552346,157074605482,1782691980,1782691992
18446744073709552347,156267070000,1782692220,1782692232
18446744073709552348,155453138000,1782693090,1782693102
18446744073709552349,156266000000,1782694321,1782694333
18446744073709552350,157053608147,1782694741,1782694753
18446744073709552351,156078000000,1782695851,1782695864
18446744073709552352,156985350000,1782697232,1782697244
18446744073709552353,156177660000,1782698852,1782698865
18446744073709552354,155289000000,1782699212,1782699225
18446744073709552355,156132282017,1782699752,1782699766
18446744073709552356,157018573458,1782700053,1782700065
18446744073709552357,157829220000,1782702303,1782702316
18446744073709552358,157002000000,1782709356,1782709368
18446744073709552359,156179078493,1782709536,1782709548
18446744073709552360,157031583447,1782711276,1782711289
18446744073709552361,157827345961,1782712567,1782712579
18446744073709552362,156998428000,1782721839,1782721852
18446744073709552363,157869860000,1782727661,1782727673
18446744073709552364,157039000000,1782731772,1782731785
18446744073709552365,158120000000,1782734713,1782734726
18446744073709552366,159312040000,1782735163,1782735176
18446744073709552367,158385000000,1782736574,1782736586
18446744073709552368,157441300888,1782736724,1782736736
18446744073709552369,158330510000,1782738375,1782738387
18446744073709552370,157477624410,1782739665,1782739677
18446744073709552371,156598072000,1782740595,1782740608
18446744073709552372,155734029175,1782742456,1782742468
18446744073709552373,156739984820,1782743236,1782743251
18446744073709552374,155952000000,1782745967,1782745979
18446744073709552375,156938000000,1782746957,1782746970
18446744073709552376,157743000000,1782747377,1782747389
18446744073709552377,158649975636,1782752629,1782752642
18446744073709552378,159693281000,1782753140,1782753152
18446744073709552379,161279233000,1782753200,1782753212
18446744073709552380,162332225902,1782753350,1782753362
18446744073709552381,163292180000,1782755180,1782755192
18446744073709552382,162429179630,1782756020,1782756033
18446744073709552383,161568746996,1782759772,1782759785
18446744073709552384,162448320338,1782761333,1782761345
18446744073709552385,161575646000,1782766614,1782766627
18446744073709552386,160719000000,1782775407,1782775419
18446744073709552387,159811786833,1782779458,1782779471
18446744073709552388,158966302027,1782781409,1782781421
18446744073709552389,158138470000,1782792452,1782792464
18446744073709552390,158944000000,1782799114,1782799127
18446744073709552391,158141062161,1782808598,1782808610
18446744073709552392,157257186564,1782821022,1782821034
18446744073709552393,156442109730,1782822222,1782822235
18446744073709552394,155585631435,1782824203,1782824215
18446744073709552395,156432000000,1782827954,1782827967
18446744073709552396,157472440000,1782828164,1782828177
18446744073709552397,156609093448,1782828644,1782828657
18446744073709552398,155721472000,1782831915,1782831928
18446744073709552399,156502975489,1782832876,1782832888
18446744073709552400,157363160000,1782834376,1782834389
18446744073709552401,156451071000,1782835096,1782835109
18446744073709552402,157405000000,1782839268,1782839280
18446744073709552403,156541000000,1782858685,1782858698
18446744073709552404,157387640000,1782867178,1782867190
18446744073709552405,156553000000,1782868018,1782868030
18446744073709552406,155330666000,1782868378,1782868391
18446744073709552407,156491787500,1782868528,1782868542
18446744073709552408,157661792427,1782869939,1782869951
18446744073709552409,158524000000,1782873540,1782873552
18446744073709552410,159339870000,1782878041,1782878053
18446744073709552411,158541882222,1782886084,1782886096
18446744073709552412,157711982000,1782886984,1782886997
18446744073709552413,156718920000,1782894817,1782894829
18446744073709552414,157556791000,1782896137,1782896150
18446744073709552415,156572000000,1782906988,1782907000
18446744073709552416,157372545148,1782911884,1782911897
18446744073709552417,158239530000,1782913565,1782913577
18446744073709552418,159235000000,1782913715,1782913727
18446744073709552419,160373000000,1782915066,1782915078
18446744073709552420,161338000000,1782915336,1782915348
18446744073709552421,160362270000,1782916086,1782916098
18446744073709552422,159454470000,1782917166,1782917178
18446744073709552423,160628000000,1782918186,1782918199
18446744073709552424,162287000000,1782919387,1782919399
18446744073709552425,161451358048,1782922958,1782922970
18446744073709552426,162292530000,1782923258,1782923330
18446744073709552427,161469511499,1782924578,1782924591
18446744073709552428,160605643000,1782925568,1782925581
18446744073709552429,161426247683,1782926349,1782926361
18446744073709552430,162257000000,1782926799,1782926813
18446744073709552431,161410360000,1782930670,1782930682
18446744073709552432,162279038898,1782940393,1782940405
18446744073709552433,163397000000,1782942794,1782942806
18446744073709552434,162542322000,1782945121,1782945134
18446744073709552435,161537701000,1782946862,1782946874
18446744073709552436,160706043000,1782950433,1782950445
18446744073709552437,159860618000,1782952924,1782952936
18446744073709552438,160688000000,1782954785,1782954797
18446744073709552439,161519760000,1782956195,1782956207
18446744073709552440,163242996000,1782962887,1782962899
18446744073709552441,162401850000,1782971350,1782971362
18446744073709552442,161568518000,1782975131,1782975143
18446744073709552443,162388053000,1782984104,1782984116
18446744073709552444,163250000000,1782984704,1782984716
18446744073709552445,164139480000,1782985034,1782985047
18446744073709552446,165102702000,1782990676,1782990689
18446744073709552447,166089125000,1782995387,1782995400
18446744073709552448,165074450000,1782995627,1782995640
18446744073709552449,165912800000,1782995957,1782995973
18446744073709552450,166981430252,1782997998,1782998011
18446744073709552451,167845000000,1782998568,1782998581
18446744073709552452,168734600000,1782998778,1782998791
18446744073709552453,167705225743,1782998958,1782998971
18446744073709552454,168799852117,1782999108,1782999121
18446744073709552455,169995210917,1782999288,1782999301
18446744073709552456,170878611000,1782999618,1782999631
18446744073709552457,171762000000,1783001569,1783001582
18446744073709552458,170889260000,1783001959,1783001974
18446744073709552459,169696044080,1783002469,1783002482
18446744073709552460,168737392000,1783004870,1783004883
18446744073709552461,169648000000,1783005680,1783005693
18446744073709552462,168727794831,1783009642,1783009654
18446744073709552463,169594877009,1783010692,1783010704
18446744073709552464,170480510000,1783018167,1783018179
18446744073709552465,169627962445,1783019937,1783019950
18446744073709552466,170531000000,1783041006,1783041019
18446744073709552467,171419000000,1783041276,1783041289
18446744073709552468,170441856197,1783041396,1783041409
18446744073709552469,171507000000,1783042567,1783042579
18446744073709552470,170642610000,1783044368,1783044380
18446744073709552471,169488000000,1783045838,1783045851
18446744073709552472,170344000000,1783048749,1783048762
18446744073709552473,171313806831,1783056793,1783056806
18446744073709552474,172171701000,1783068168,1783068183
18446744073709552475,173141780000,1783068228,1783068241
18446744073709552476,172274003696,1783068708,1783068721
18446744073709552477,173609012142,1783073570,1783073582
18446744073709552478,174567572224,1783075460,1783075472
18446744073709552479,173571803322,1783080924,1783080936
18446744073709552480,174480860000,1783085335,1783085347
18446744073709552481,173276000000,1783088036,1783088048
18446744073709552482,174202727529,1783091307,1783091319
18446744073709552483,173281675000,1783092237,1783092250
18446744073709552484,174309150000,1783106162,1783106175
18446744073709552485,175444930000,1783110423,1783110436
18446744073709552486,176876000000,1783110994,1783111006
18446744073709552487,175942611000,1783111204,1783111216
18446744073709552488,176840000000,1783111564,1783111576
18446744073709552489,175914000000,1783114355,1783114367
18446744073709552490,175028495149,1783127229,1783127242
18446744073709552491,176040193570,1783140674,1783140687
18446744073709552492,175119067093,1783146166,1783146178
18446744073709552493,175998240000,1783154178,1783154190
18446744073709552494,177073408000,1783171270,1783171283
18446744073709552495,176176659590,1783172621,1783172633
18446744073709552496,177203220147,1783174571,1783174584
18446744073709552497,178723210000,1783177782,1783177795
18446744073709552498,179637000000,1783178713,1783178725
18446744073709552499,178696620000,1783180844,1783180857
18446744073709552500,177781452000,1783184510,1783184523
18446744073709552501,178696591000,1783186251,1783186263
18446744073709552502,179807618000,1783187481,1783187494
18446744073709552503,178718346000,1783192403,1783192415
18446744073709552504,177336746839,1783206884,1783206897
18446744073709552505,176389990000,1783214357,1783214369
18446744073709552506,175332490000,1783244397,1783244410
18446744073709552507,176277357994,1783249258,1783249271
18446744073709552508,177245439000,1783263813,1783263825
18446744073709552509,178308000852,1783272185,1783272198
18446744073709552510,177299560000,1783285269,1783285282
18446744073709552511,178210520000,1783287070,1783287082
18446744073709552512,179145941380,1783289650,1783289663
18446744073709552513,180100540000,1783290520,1783290533
18446744073709552514,179193290733,1783291241,1783291253
18446744073709552515,178231605000,1783295532,1783295544
18446744073709552516,179145410000,1783299553,1783299566
18446744073709552517,178220648530,1783303665,1783303677
18446744073709552518,177252578000,1783308736,1783308749
18446744073709552519,178203408002,1783312938,1783312950
18446744073709552520,177304323792,1783314528,1783314541
18446744073709552521,176366440000,1783326982,1783326994
18446744073709552522,175458300094,1783330763,1783330775
18446744073709552523,176382015082,1783332474,1783332486
18446744073709552524,177271000000,1783337635,1783337648
18446744073709552525,176134079573,1783339166,1783339178
18446744073709552526,174982740000,1783339346,1783339358
18446744073709552527,174078154840,1783339466,1783339478
18446744073709552528,174964867000,1783340336,1783340349
18446744073709552529,173889658000,1783341867,1783341879
18446744073709552530,172960000000,1783345138,1783345150
18446744073709552531,173839650000,1783345258,1783345270
18446744073709552532,174761000000,1783345798,1783345810
18446744073709552533,175841499000,1783347958,1783347971
18446744073709552534,174906405000,1783348649,1783348662
18446744073709552535,175820410000,1783350449,1783350462
18446744073709552536,176927000000,1783352500,1783352513
18446744073709552537,177850261000,1783352650,1783352662
18446744073709552538,178799091000,1783354061,1783354073
18446744073709552539,179843090909,1783354271,1783354283
18446744073709552540,178901400706,1783355171,1783355183
18446744073709552541,181479865363,1783372156,1783372168
18446744073709552542,182742522000,1783372216,1783372228
18446744073709552543,181714338000,1783372516,1783372529
18446744073709552544,180772373730,1783377018,1783377030
18446744073709552545,179789170000,1783381579,1783381592
18446744073709552546,180732000000,1783383950,1783383962
18446744073709552547,179792170000,1783384760,1783384773
18446744073709552548,178702490000,1783387941,1783387953
18446744073709552549,179614981261,1783388841,1783388854
18446744073709552550,178519460000,1783390972,1783390985
18446744073709552551,177621000000,1783391452,1783391464
18446744073709552552,176600388000,1783399045,1783399057
18446744073709552553,175657892736,1783401295,1783401308
18446744073709552554,176541937563,1783402376,1783402388
18446744073709552555,177591000000,1783406967,1783406980
18446744073709552556,178648672868,1783426010,1783426023
18446744073709552557,177736235417,1783429471,1783429484
18446744073709552558,176551271000,1783431342,1783431355
18446744073709552559,177509783050,1783431972,1783431985
18446744073709552560,176568290000,1783432542,1783432555
18446744073709552561,177621700000,1783433173,1783433245
18446744073709552562,176682785000,1783433683,1783433697
18446744073709552563,177736000000,1783435693,1783435706
18446744073709552564,178649000000,1783435994,1783436006
18446744073709552565,179571000000,1783438604,1783438617
18446744073709552566,180492874702,1783443076,1783443088
18446744073709552567,179435720000,1783450188,1783450200
18446744073709552568,178489795708,1783450788,1783450800
18446744073709552569,177429460799,1783451928,1783451941
18446744073709552570,178341353463,1783452619,1783452631
18446744073709552571,177396770000,1783459851,1783459863
18446744073709552572,176494752623,1783461681,1783461694
18446744073709552573,177384693866,1783462102,1783462114
18446744073709552574,178288944744,1783471464,1783471477
18446744073709552575,177372420000,1783474105,1783474118
18446744073709552576,175800364331,1783474615,1783474628
18446744073709552577,174835298082,1783477016,1783477029
18446744073709552578,175820737407,1783478907,1783478919
18446744073709552579,174902000000,1783482868,1783482880
18446744073709552580,175812392975,1783487219,1783487232
18446744073709552581,174900630000,1783491738,1783491750
18446744073709552582,174011000000,1783498700,1783498712
18446744073709552583,173040620000,1783499240,1783499253
18446744073709552584,174035984703,1783500440,1783500453
18446744073709552585,173130111000,1783501761,1783501773
18446744073709552586,174018000000,1783506922,1783506935
18446744073709552587,174902670000,1783511351,1783511363
18446744073709552588,173903694000,1783515432,1783515444
18446744073709552589,173008709000,1783518913,1783518925
18446744073709552590,172126848017,1783523354,1783523367
18446744073709552591,171218901247,1783523835,1783523847
18446744073709552592,172082263323,1783525065,1783525078
18446744073709552593,172955520000,1783528036,1783528048
18446744073709552594,173966229874,1783531379,1783531392
18446744073709552595,173066000000,1783533330,1783533343
18446744073709552596,173989215900,1783540765,1783540777
18446744073709552597,173092000000,1783545206,1783545218
18446744073709552598,173971510000,1783548177,1783548190
18446744073709552599,175280351784,1783559401,1783559413
18446744073709552600,174361012713,1783560391,1783560403
18446744073709552601,173386086687,1783561261,1783561274
18446744073709552602,172517018000,1783565313,1783565325
18446744073709552603,173392000000,1783571511,1783571524
18446744073709552604,174286996440,1783573883,1783573895
18446744073709552605,175312161223,1783578474,1783578486
18446744073709552606,174336251144,1783594383,1783594396
18446744073709552607,173440000000,1783601182,1783601195
18446744073709552608,174334000000,1783602130,1783602142
18446744073709552609,173330000000,1783606576,1783606589
18446744073709552610,174206210000,1783608184,1783608196
18446744073709552611,173294198634,1783614356,1783614368
18446744073709552612,174268514911,1783617554,1783617566
18446744073709552613,175252691343,1783620464,1783620477
18446744073709552614,174261312000,1783638980,1783638993
18446744073709552615,176955640000,1783648133,1783648146
18446744073709552616,177849340000,1783657076,1783657088
18446744073709552617,176882238557,1783664758,1783664771
18446744073709552618,178411190000,1783671420,1783671433
18446744073709552619,179317472000,1783678892,1783678905
18446744073709552620,180539456677,1783685644,1783685657
18446744073709552621,179542000000,1783687175,1783687187
18446744073709552622,180913000000,1783691526,1783691538
18446744073709552623,179976794033,1783692246,1783692259
18446744073709552624,178541961000,1783693147,1783693159
18446744073709552625,179482480000,1783697125,1783697137
18446744073709552626,178564000000,1783698145,1783698157
18446744073709552627,179467340000,1783702676,1783702689
18446744073709552628,178567671000,1783709308,1783709321
18446744073709552629,179511473514,1783712219,1783712232
18446744073709552630,180448816000,1783780020,1783780033
18446744073709552631,181568000000,1783782661,1783782674
18446744073709552632,182528521000,1783783501,1783783514
18446744073709552633,181564468052,1783784282,1783784294
18446744073709552634,182492348648,1783791184,1783791196
18446744073709552635,181443211000,1783808439,1783808452
18446744073709552636,180362303870,1783812041,1783812113
18446744073709552637,179377021000,1783812431,1783812444
18446744073709552638,178461978674,1783814801,1783814814
18446744073709552639,179420670000,1783818672,1783818685
18446744073709552640,180366000000,1783820113,1783820125
18446744073709552641,179391240000,1783836485,1783836497
18446744073709552642,180296384593,1783843687,1783843699
18446744073709552643,181598000000,1783867621,1783867634
18446744073709552644,180405592815,1783893639,1783893651
18446744073709552645,181796950000,1783901141,1783901153
18446744073709552646,182725111260,1783901441,1783901453
18446744073709552647,184049170000,1783901471,1783901483
18446744073709552648,183122688000,1783902341,1783902354
18446744073709552649,181861079000,1783903091,1783903104
18446744073709552650,180703520000,1783903241,1783903254
18446744073709552651,181752677000,1783903542,1783903554
18446744073709552652,182760420000,1783904622,1783904635
18446744073709552653,181502210000,1783905012,1783905025
18446744073709552654,182541191402,1783905342,1783905355
18446744073709552655,181558150000,1783905972,1783905985
18446744073709552656,180548710000,1783907773,1783907785
18446744073709552657,179350684066,1783912034,1783912047
18446744073709552658,178446313160,1783912334,1783912347
18446744073709552659,179382845631,1783913205,1783913217
18446744073709552660,178350316502,1783913595,1783913607
18446744073709552661,177413000000,1783920647,1783920659
18446744073709552662,178359341669,1783921067,1783921080
18446744073709552663,177459504000,1783945961,1783945973
18446744073709552664,176560000000,1783948542,1783948555
18446744073709552665,177443000000,1783949742,1783949756
18446744073709552666,176362654000,1783950132,1783950145
18446744073709552667,177357000000,1783952773,1783952786
18446744073709552668,178357000000,1783956194,1783956207
18446744073709552669,177410500000,1783957605,1783957617
18446744073709552670,176343564501,1783964224,1783964236
18446744073709552671,175445561550,1783965544,1783965557
18446744073709552672,176346545000,1783968725,1783968738
18446744073709552673,177240000000,1783972626,1783972640
18446744073709552674,176337000000,1783975837,1783975849
18446744073709552675,175426180000,1783978718,1783978731
18446744073709552676,176332657549,1783980159,1783980173
18446744073709552677,177244000000,1783986628,1783986640
18446744073709552678,178183732000,1783990319,1783990332
18446744073709552679,179075467181,1783992300,1783992312
18446744073709552680,178134871000,1783993290,1783993303
18446744073709552681,179119000000,1784025594,1784025607
18446744073709552682,180101000000,1784026675,1784026687
18446744073709552683,181514690000,1784032226,1784032239
18446744073709552684,182475000000,1784032556,1784032569
18446744073709552685,183560100000,1784033217,1784033229
18446744073709552686,184502058000,1784033367,1784033380
18446744073709552687,185715507000,1784033937,1784033950
18446744073709552688,186773127000,1784035257,1784035270
18446744073709552689,187754067685,1784035467,1784035480
18446744073709552690,186773000000,1784036188,1784036200
18446744073709552691,187966027366,1784041199,1784041212
18446744073709552692,187024100133,1784044890,1784044903
18446744073709552693,188018000000,1784056954,1784056967
18446744073709552694,189059470000,1784068419,1784068431
18446744073709552695,188085572013,1784070009,1784070022
18446744073709552696,189028000000,1784073070,1784073082
18446744073709552697,188038635543,1784074978,1784074990
18446744073709552698,187074570000,1784079664,1784079677
18446744073709552699,188066210814,1784095119,1784095131
18446744073709552700,189023334453,1784097370,1784097382
18446744073709552701,188077880000,1784098330,1784098343
18446744073709552702,186979000000,1784100101,1784100113
18446744073709552703,187934000000,1784106253,1784106265
18446744073709552704,188975388000,1784118618,1784118630
18446744073709552705,190201360000,1784119758,1784119771
18446744073709552706,191212076027,1784119878,1784119891
18446744073709552707,192242144019,1784119998,1784120011
18446744073709552708,193444919212,1784120539,1784120551
18446744073709552709,192395930000,1784123240,1784123252
18446744073709552710,193462498440,1784128131,1784128144
18446744073709552711,192473510000,1784129001,1784129014
18446744073709552712,191337397687,1784132483,1784132495
18446744073709552713,190344594000,1784133533,1784133545
18446744073709552714,191520941000,1784134013,1784134026
18446744073709552715,192688147229,1784137584,1784137597
18446744073709552716,191693604000,1784158891,1784158903
18446744073709552717,190720840000,1784164803,1784164815
18446744073709552718,191818406000,1784165793,1784165805
18446744073709552719,190810507000,1784187430,1784187443
18446744073709552720,189129095909,1784189441,1784189453
18446744073709552721,187999000000,1784189771,1784189784
18446744073709552722,188978000000,1784190581,1784190594
18446744073709552723,188020387346,1784192172,1784192184
18446744073709552724,188987670000,1784198054,1784198067
18446744073709552725,188038609072,1784202603,1784202616
18446744073709552726,186997417475,1784205664,1784205676
18446744073709552727,188006200104,1784208094,1784208107
18446744073709552728,189087270000,1784211126,1784211138
18446744073709552729,188131000000,1784213646,1784213659
18446744073709552730,186989627675,1784214847,1784214859
18446744073709552731,187971292373,1784215478,1784215490
18446744073709552732,189150412778,1784215628,1784215640
18446744073709552733,188056242172,1784216618,1784216631
18446744073709552734,187090927000,1784221930,1784221942
18446744073709552735,186077627000,1784244076,1784244089
18446744073709552736,184985323000,1784248608,1784248620
18446744073709552737,186024000000,1784249148,1784249160
18446744073709552738,185024148276,1784252831,1784252844
18446744073709552739,184070873800,1784265945,1784265958
18446744073709552740,183019193000,1784266936,1784266948
18446744073709552741,182049350000,1784268137,1784268149
18446744073709552742,183236407461,1784269397,1784269409
18446744073709552743,182318664941,1784276273,1784276286
18446744073709552744,183261000000,1784281195,1784281208
18446744073709552745,182217647000,1784293559,1784293572
18446744073709552746,181287000000,1784293829,1784293842
18446744073709552747,180356060000,1784295480,1784295492
18446744073709552748,181261398263,1784296230,1784296242
18446744073709552749,182258000000,1784296680,1784296693
18446744073709552750,181272287419,1784300821,1784300834
18446744073709552751,182205000000,1784302232,1784302244
18446744073709552752,183257395589,1784304633,1784304645
18446744073709552753,184360229480,1784308023,1784308036
18446744073709552754,185360000000,1784308324,1784308336
18446744073709552755,184428000000,1784308714,1784308726
18446744073709552756,183468190000,1784312555,1784312567
18446744073709552757,184396604144,1784314025,1784314038
18446744073709552758,183456200000,1784329900,1784329912
18446744073709552759,184394924317,1784341364,1784341376
18446744073709552760,186180440000,1784399102,1784399115
18446744073709552761,187312000000,1784428451,1784428464
18446744073709552762,186329530000,1784430972,1784430985
18446744073709552763,187308640000,1784451048,1784451061
18446744073709552764,186285000000,1784455280,1784455292
18446744073709552765,187304999420,1784458010,1784458023
18446744073709552766,186367452179,1784480489,1784480501
18446744073709552767,185399320000,1784487841,1784487854
18446744073709552768,186349816364,1784491232,1784491245
18446744073709552769,187318220000,1784499365,1784499377
18446744073709552770,188384080000,1784506297,1784506310
18446744073709552771,187304567305,1784508578,1784508591
18446744073709552772,186304030614,1784508758,1784508771
18446744073709552773,187304757049,1784509508,1784509521
18446744073709552774,188726469036,1784509808,1784509821
18446744073709552775,187710996000,1784510259,1784510271
18446744073709552776,186734104000,1784512329,1784512342
18446744073709552777,187793804000,1784512990,1784513002
18446744073709552778,186749537678,1784514010,1784514023
18446744073709552779,187729531000,1784515360,1784515373
18446744073709552780,186766685000,1784523583,1784523596
18446744073709552781,185624935000,1784524334,1784524347
18446744073709552782,184630420000,1784529405,1784529418
18446744073709552783,185621381000,1784532332,1784532344
18446744073709552784,186638072000,1784535423,1784535435
18446744073709552785,185563000000,1784536653,1784536666
18446744073709552786,186530000000,1784541124,1784541137
18446744073709552787,187466000000,1784545746,1784545758
18446744073709552788,188507215694,1784547156,1784547169
18446744073709552789,187465589534,1784550307,1784550320
18446744073709552790,186397897620,1784555229,1784555241
18446744073709552791,187369000000,1784555409,1784555421
18446744073709552792,186417357453,1784555619,1784555631
18446744073709552793,185460752000,1784557239,1784557252
18446744073709552794,186404931243,1784557660,1784557672
18446744073709552795,187366848544,1784559910,1784559923
18446744073709552796,188402990545,1784560360,1784560373
18446744073709552797,189757601734,1784562401,1784562414
18446744073709552798,190710790000,1784570191,1784570203
18446744073709552799,189708000000,1784573702,1784573715
18446744073709552800,190657498558,1784593178,1784593191
18446744073709552801,191649817416,1784594829,1784594842
18446744073709552802,190672380000,1784598945,1784598958
18446744073709552803,191987049259,1784602547,1784602559
18446744073709552804,193155360000,1784612960,1784612973
18446744073709552805,194288000000,1784622023,1784622036
18446744073709552806,193313842247,1784631045,1784631071
18446744073709552807,194281015276,1784637496,1784637508
18446744073709552808,193255010000,1784641170,1784641182
18446744073709552809,192252000000,1784651553,1784651566
18446744073709552810,193331000000,1784678862,1784678874
18446744073709552811,192261519000,1784697769,1784697781
18446744073709552812,191272000000,1784701670,1784701683
18446744073709552813,192230000000,1784708543,1784708556
18446744073709552814,193265349000,1784727689,1784727702
18446744073709552815,194551534000,1784729130,1784729143
18446744073709552816,193375946323,1784729760,1784729773
18446744073709552817,192292000000,1784730540,1784730553
18446744073709552818,193384405462,1784731021,1784731033
18446744073709552819,194360932129,1784733482,1784733495
18446744073709552820,195378000000,1784738314,1784738327
18446744073709552821,194353900000,1784740595,1784740608
18446744073709552822,193258552344,1784743806,1784743819
18446744073709552823,192274237023,1784745517,1784745529
18446744073709552824,193286469000,1784756261,1784756273
18446744073709552825,192316439448,1784762323,1784762335
18446744073709552826,193316996415,1784764633,1784764646
18446744073709552827,192283093931,1784773426,1784773439
18446744073709552828,191308500000,1784792431,1784792445
18446744073709552829,192284410000,1784795462,1784795476
18446744073709552830,191139650000,1784810049,1784810061
18446744073709552831,189714775763,1784810769,1784810782
18446744073709552832,190669309909,1784814190,1784814203
18446744073709552833,189631272000,1784815360,1784815373
18446744073709552834,188658101296,1784819501,1784819514
18446744073709552835,187711431296,1784829525,1784829537
18446744073709552836,188704337274,1784838497,1784838509
18446744073709552837,187685723896,1784844859,1784844872
18446744073709552838,186401859183,1784853172,1784853184
18446744073709552839,187363646888,1784855122,1784855135
18446744073709552840,186412275000,1784861305,1784861317
18446744073709552841,187469392007,1784862505,1784862518
18446744073709552842,188417000000,1784874330,1784874342
18446744073709552843,189402000000,1784877001,1784877014
18446744073709552844,190514150000,1784877091,1784877103
18446744073709552845,189549000000,1784878531,1784878544
18446744073709552846,188599839727,1784881562,1784881575
18446744073709552847,187619605411,1784893596,1784893608
18446744073709552848,186663010000,1784898354,1784898367
18446744073709552849,185592152408,1784901085,1784901098
18446744073709552850,186545000000,1784907357,1784907370
18446744073709552851,185596204860,1784910929,1784910941
18446744073709552852,186543329577,1784987022,1784987034
18446744073709552853,187483480000,1785009390,1785009402
18446744073709552854,188500086357,1785041088,1785041100
18446744073709552855,189491650000,1785074909,1785074921
18446744073709552856,190472000000,1785079020,1785079033
18446744073709552857,191450160231,1785080311,1785080323
18446744073709552858,192505164728,1785083552,1785083564
18446744073709552859,191538286690,1785085022,1785085035
18446744073709552860,192575896124,1785102578,1785102591
18446744073709552861,193701250000,1785103358,1785103371
18446744073709552862,194707000000,1785106119,1785106132
18446744073709552863,195880377765,1785107320,1785107332
18446744073709552864,194824240000,1785108640,1785108653
18446744073709552865,193847463453,1785113742,1785113754
18446744073709552866,194958000000,1785124996,1785125008
18446744073709552867,195976484067,1785131748,1785131760
18446744073709552868,197696268970,1785132378,1785132391
18446744073709552869,196625986860,1785132528,1785132540
18446744073709552870,195587000000,1785143182,1785143194
18446744073709552871,196590508560,1785145852,1785145865
18446744073709552872,195523357481,1785154423,1785154435
18446744073709552873,194528210000,1785155503,1785155515
18446744073709552874,195574000000,1785156463,1785156476
18446744073709552875,196609518207,1785159494,1785159507
18446744073709552876,195594000000,1785160695,1785160707
18446744073709552877,194470660000,1785162075,1785162088
18446744073709552878,192848646872,1785162645,1785162658
18446744073709552879,191809420000,1785163486,1785163498
18446744073709552880,192820605798,1785163816,1785163828
18446744073709552881,193790000000,1785169848,1785169860
18446744073709552882,192749460000,1785177650,1785177663
18446744073709552883,193745446558,1785178761,1785178774
18446744073709552884,194754204997,1785179451,1785179464
18446744073709552885,193676444725,1785189701,1785189714
18446744073709552886,192657507534,1785191172,1785191184
18446744073709552887,191497246410,1785192072,1785192085
18446744073709552888,190318772818,1785192612,1785192625
18446744073709552889,189264365094,1785193063,1785193075
18446744073709552890,188235000000,1785193813,1785193825
18446744073709552891,189240531339,1785194383,1785194396
18446744073709552892,188283000000,1785197611,1785197623
18446744073709552893,187224000000,1785200792,1785200804
18446744073709552894,188178000000,1785215076,1785215088
18446744073709552895,187215778298,1785233477,1785233489
18446744073709552896,188260908729,1785242780,1785242792
18446744073709552897,189227072201,1785244010,1785244023
18446744073709552898,188270436969,1785245270,1785245283
18446744073709552899,187113011340,1785245871,1785245883
18446744073709552900,186078649524,1785245991,1785246003
18446744073709552901,187070000000,1785246741,1785246753
18446744073709552902,188458906480,1785249382,1785249394
18446744073709552903,189483939329,1785252040,1785252052
18446744073709552904,190550000000,1785252100,1785252112
18446744073709552905,191870450000,1785252310,1785252322
18446744073709552906,190840000000,1785252610,1785252622
18446744073709552907,191860136045,1785253600,1785253613
18446744073709552908,190888189879,1785259002,1785259015
18446744073709552909,189555695472,1785260233,1785260245
18446744073709552910,191012106715,1785261823,1785261836
18446744073709552911,191969995406,1785268725,1785268738
18446744073709552912,190853301155,1785279078,1785279091
18446744073709552913,191864949814,1785282439,1785282452
18446744073709552914,190793068475,1785287541,1785287553
18446744073709552915,189539307995,1785295824,1785295836
18446744073709552916,188583915525,1785297864,1785297877
18446744073709552917,189844088487,1785299785,1785299798
18446744073709552918,190916213392,1785303326,1785303339
18446744073709552919,191903000000,1785309208,1785309221
18446744073709552920,190849351636,1785322566,1785322581
18446744073709552921,189826190000,1785333370,1785333382
18446744073709552922,190851000000,1785333610,1785333622
18446744073709552923,189815460000,1785334390,1785334402
18446744073709552924,188752000000,1785338381,1785338394
18446744073709552925,189773000000,1785345210,1785345223
18446744073709552926,190858992565,1785347671,1785347683
18446744073709552927,191846774773,1785348031,1785348043
18446744073709552928,192852774924,1785348151,1785348164
18446744073709552929,191877344114,1785348451,1785348464
18446744073709552930,190896285956,1785349142,1785349154
18446744073709552931,189353549343,1785349952,1785349964
18446744073709552932,190463841463,1785350252,1785350264
18446744073709552933,191422000000,1785350462,1785350475
18446744073709552934,192601000000,1785351212,1785351225
18446744073709552935,191610940000,1785351662,1785351675
18446744073709552936,190614599839,1785352683,1785352695
18446744073709552937,189576795549,1785353643,1785353655
18446744073709552938,188420000000,1785354693,1785354706
18446744073709552939,187387987861,1785359135,1785359147
18446744073709552940,188482620986,1785360035,1785360047
18446744073709552941,189530249265,1785362345,1785362358
18446744073709552942,190614787235,1785362766,1785362778
18446744073709552943,189608406939,1785372158,1785372171
18446744073709552944,190844239382,1785373659,1785373671
18446744073709552945,189879860000,1785374109,1785374121
18446744073709552946,190932150000,1785375129,1785375142
18446744073709552947,189963249892,1785387493,1785387505
18446744073709552948,191069068413,1785399977,1785399989
18446744073709552949,192029000000,1785404088,1785404101
18446744073709552950,192992402061,1785419123,1785419136
18446744073709552951,191902050000,1785420473,1785420486
18446744073709552952,192972000000,1785450513,1785450526
18446744073709552953,191744812041,1785455464,1785455477
18446744073709552954,192870000000,1785460146,1785460158
18446744073709552955,191817600000,1785462216,1785462229
18446744073709552956,190824000000,1785462486,1785462499
18446744073709552957,189854427467,1785467558,1785467571
18446744073709552958,190836789790,1785470006,1785470018
18446744073709552959,189863375296,1785481379,1785481392
18446744073709552960,188893225397,1785482190,1785482202
18446744073709552961,187868000000,1785492333,1785492346
18446744073709552962,188828643728,1785504157,1785504169
18446744073709552963,187813707880,1785505117,1785505130
18446744073709552964,186828875766,1785505657,1785505670
18446744073709552965,185812000000,1785506707,1785506720
18446744073709552966,184880772726,1785506827,1785506840
18446744073709552967,185852327989,1785507128,1785507140
18446744073709552968,186788961485,1785518651,1785518664
18446744073709552969,185798072581,1785531765,1785531778
18446744073709552970,186755036180,1785550851,1785550864
18446744073709552971,185805033823,1785605798,1785605810
18446744073709552972,184405630000,1785609039,1785609052
18446744073709552973,183223642867,1785609099,1785609112
18446744073709552974,182288000000,1785610060,1785610072
18446744073709552975,183252880000,1785610630,1785610642
18446744073709552976,184180764428,1785619903,1785619915
18446744073709552977,185191000000,1785633047,1785633060
18446744073709552978,187019535926,1785636438,1785636451
18446744073709552979,188090710000,1785637189,1785637201
18446744073709552980,187144103351,1785638209,1785638222
18446744073709552981,186101785665,1785661496,1785661508
18446744073709552982,187032363622,1785662757,1785662769
18446744073709552983,186089400000,1785670589,1785670601
18446744073709552984,185115923848,1785671639,1785671652
18446744073709552985,186079000000,1785688774,1785688787
18446744073709552986,187157000000,1785695767,1785695779
18446744073709552987,188443486480,1785696127,1785696139
18446744073709552988,187474860022,1785696607,1785696619
18446744073709552989,188434081745,1785705310,1785705322
18446744073709552990,189439421659,1785706990,1785707003
18446744073709552991,188486220512,1785709991,1785710004
18446744073709552992,187494635593,1785712332,1785712344
18446744073709552993,186543516573,1785721905,1785721917
18446744073709552994,185093388193,1785728807,1785728819
18446744073709552995,186037113156,1785731448,1785731460
18446744073709552996,185065997640,1785739190,1785739203
18446744073709552997,183994000000,1785741321,1785741333
18446744073709552998,182969000000,1785745312,1785745324
18446744073709552999,183901500000,1785748703,1785748716
18446744073709553000,185080700000,1785751044,1785751057
18446744073709553001,183951418026,1785754225,1785754240
18446744073709553002,184963000000,1785763228,1785763240
18446744073709553003,184016000000,1785763768,1785763780
18446744073709553004,185021000000,1785765118,1785765131
18446744073709553005,185959887749,1785767279,1785767291
18446744073709553006,186915555349,1785768929,1785768942
18446744073709553007,185968460000,1785772651,1785772663
18446744073709553008,186999570000,1785774211,1785774224
18446744073709553009,185958904995,1785794588,1785794600
18446744073709553010,184910000000,1785803740,1785803753
18446744073709553011,186135612483,1785807281,1785807294
18446744073709553012,187109298737,1785818835,1785818848
18446744073709553013,186146866128,1785823277,1785823289
18446744073709553014,185195250000,1785828018,1785828031
18446744073709553015,186124000000,1785828768,1785828781
18446744073709553016,185178745478,1785835190,1785835202
18446744073709553017,186143230552,1785840292,1785840305
18446744073709553018,187196000000,1785843953,1785843965
18446744073709553019,186231554708,1785851605,1785851618
18446744073709553020,187316601288,1785854426,1785854438
18446744073709553021,186210000000,1785857607,1785857619
18446744073709553022,187199689958,1785858387,1785858399
18446744073709553023,186240000000,1785891217,1785891229
18446744073709553024,187178539479,1785894008,1785894020
18446744073709553025,186212000000,1785914504,1785914517
18446744073709553026,187247510000,1785916815,1785916827
18446744073709553027,188221362202,1785932827,1785932840
18446744073709553028,187271293768,1785935408,1785935420
18446744073709553029,186257000000,1785936698,1785936710
18446744073709553030,187316399928,1785937989,1785938002
18446744073709553031,188258432739,1785946901,1785946914
18446744073709553032,189323000000,1785947291,1785947304
18446744073709553033,190294000000,1785951523,1785951535
18446744073709553034,191381970000,1785952333,1785952345
18446744073709553035,192418079749,1785954074,1785954086
18446744073709553036,191441087007,1785954674,1785954687
18446744073709553037,190332282531,1785970819,1785970832
18446744073709553038,189330000000,1785983874,1785983886
18446744073709553039,190302000000,1785990145,1785990158
18446744073709553040,191361593662,1785992906,1785992919
18446744073709553041,190351870000,1786009562,1786009575
18446744073709553042,189350000000,1786021596,1786021608
18446744073709553043,190423652046,1786023637,1786023649
18446744073709553044,191509512926,1786027376,1786027388
18446744073709553045,190542655776,1786041540,1786041552
18446744073709553046,189585486918,1786075000,1786075013
18446744073709553047,190567878876,1786084033,1786084046
18446744073709553048,191555000000,1786095467,1786095479
18446744073709553049,192687910000,1786104499,1786104512
18446744073709553050,191600863338,1786111341,1786111354
18446744073709553051,190589920000,1786122144,1786122157
18446744073709553052,191555061538,1786130577,1786130589
18446744073709553053,191970547657,1786216991,1786217003
18446744073709553054,192078903116,1786303417,1786303429
18446744073709553055,193321000000,1786313680,1786313692
18446744073709553056,192152000000,1786314790,1786314803
18446744073709553057,190805670426,1786318211,1786318224
18446744073709553058,192360060532,1786320672,1786320684
18446744073709553059,191315315042,1786321482,1786321495
18446744073709553060,192694440324,1786326614,1786326626
18446744073709553061,191690171285,1786328264,1786328277
18446744073709553062,192713480000,1786342759,1786342771
18446744073709553063,191699502644,1786354403,1786354415
18446744073709553064,190711686563,1786366556,1786366569
18446744073709553065,189751858998,1786369737,1786369749
18446744073709553066,188774160903,1786374718,1786374731
18446744073709553067,187474000000,1786374808,1786374821
18446744073709553068,188416906504,1786442567,1786442579
18446744073709553069,189363000000,1786446678,1786446691
18446744073709553070,188346609544,1786454781,1786454793
18446744073709553071,187399921834,1786459282,1786459295
18446744073709553072,186095000000,1786462643,1786462656
18446744073709553073,187062000000,1786476687,1786476700
18446744073709553074,188045114126,1786478218,1786478231
18446744073709553075,189104499078,1786508557,1786508570
18446744073709553076,190225000000,1786526730,1786526742
18446744073709553077,191179996295,1786529791,1786529803
18446744073709553078,190141000000,1786541885,1786541897
18446744073709553079,189190282780,1786543445,1786543457
18446744073709553080,190155558899,1786543925,1786543938
18446744073709553081,189204585528,1786544585,1786544598
18446744073709553082,188192000000,1786562110,1786562123
18446744073709553083,187239781122,1786588278,1786588291
18446744073709553084,188179000000,1786590469,1786590481
18446744073709553085,189150800000,1786596441,1786596453
18446744073709553086,188095973953,1786612495,1786612508
18446744073709553087,189058000000,1786626390,1786626402
18446744073709553088,188112000000,1786636713,1786636726
18446744073709553089,186684501177,1786639174,1786639186
18446744073709553090,187620400000,1786641424,1786641439
18446744073709553091,188605610000,1786648026,1786648039
18446744073709553092,187608938182,1786688839,1786688852
18446744073709553093,186652000000,1786713086,1786713098
18446744073709553094,187685915920,1786721399,1786721412
18446744073709553095,188233172009,1786807817,1786807829
18446744073709553096,188214309385,1786894229,1786894241
18446744073709553097,187144009317,1786916405,1786916418
18446744073709553098,188161000000,1786928469,1786928482
18446744073709553099,189272640000,1786928799,1786928811
18446744073709553100,190242467927,1786935161,1786935173
18446744073709553101,189193950000,1786954306,1786954319
18446744073709553102,190173000000,1786963069,1786963082
18446744073709553103,191157009235,1786981915,1786981927
18446744073709553104,190195569928,1787005232,1787005244
18446744073709553105,191213556365,1787009253,1787009266
18446744073709553106,190240608743,1787017386,1787017398
18446744073709553107,189263500000,1787021077,1787021089
18446744073709553108,190460911545,1787035336,1787035349
18446744073709553109,189480360000,1787040228,1787040240
18446744073709553110,190619061629,1787063034,1787063046
18446744073709553111,191714716854,1787063364,1787063377
18446744073709553112,190712000000,1787065855,1787065868
18446744073709553113,191695000000,1787067296,1787067308
18446744073709553114,190723428930,1787106007,1787106019
18446744073709553115,191691343982,1787123473,1787123485
18446744073709553116,192732490075,1787128754,1787128767
18446744073709553117,191758463391,1787132475,1787132488
18446744073709553118,192739270000,1787143326,1787143338
18446744073709553119,193783000000,1787143776,1787143788
18446744073709553120,192744727102,1787146777,1787146789
18446744073709553121,193712133324,1787149147,1787149160
18446744073709553122,194720780000,1787151188,1787151201
18446744073709553123,195958280392,1787151308,1787151320
18446744073709553124,197113373061,1787151368,1787151380
18446744073709553125,198534187238,1787151908,1787151921
18446744073709553126,199823000000,1787151938,1787151951
18446744073709553127,200890285575,1787152028,1787152041
18446744073709553128,202122518931,1787153019,1787153031
18446744073709553129,203335000000,1787153199,1787153211
18446744073709553130,209674259730,1787153259,1787153271
18446744073709553131,208514880000,1787153319,1787153331
18446744073709553132,207336258154,1787153379,1787153391
18446744073709553133,205857760951,1787153469,1787153481
18446744073709553134,207872000000,1787153709,1787153721
18446744073709553135,209317098498,1787155359,1787155372
18446744073709553136,210408704232,1787155419,1787155432
18446744073709553137,209257765039,1787155719,1787155732
18446744073709553138,208145000000,1787158991,1787159003
18446744073709553139,207038612106,1787159981,1787159993
18446744073709553140,208085895493,1787161151,1787161164
18446744073709553141,209146592415,1787161902,1787161914
18446744073709553142,208018822313,1787162982,1787162995
18446744073709553143,209125000000,1787165143,1787165155
18446744073709553144,210213197311,1787169344,1787169357
18446744073709553145,211314067390,1787170034,1787170047
18446744073709553146,212408663793,1787171235,1787171247
18446744073709553147,214230280000,1787172615,1787172628
18446744073709553148,217438000000,1787172645,1787172658
18446744073709553149,222822173154,1787172675,1787172687
18446744073709553150,220140782123,1787172735,1787172748
18446744073709553151,221290174403,1787173125,1787173138
18446744073709553152,222396780000,1787173305,1787173318
18446744073709553153,226437248722,1787173485,1787173498
18446744073709553154,225040471418,1787173515,1787173528
18446744073709553155,226869318089,1787173575,1787173588
18446744073709553156,229720585850,1787173635,1787173648
18446744073709553157,231319790000,1787173665,1787173678
18446744073709553158,228663500000,1787173816,1787173828
18446744073709553159,226781002257,1787173876,1787173888
18446744073709553160,225359290000,1787173966,1787173978
18446744073709553161,226511000000,1787174026,1787174038
18446744073709553162,228141110000,1787174956,1787174968
18446744073709553163,229892935804,1787175976,1787175989
18446744073709553164,228687333496,1787176096,1787176109
18446744073709553165,226970639101,1787176907,1787176919
18446744073709553166,225829566563,1787178437,1787178450
18446744073709553167,224664507576,1787178827,1787178840
18446744073709553168,225799000000,1787179157,1787179170
18446744073709553169,224657411774,1787179787,1787179800
18446744073709553170,225820404601,1787183058,1787183071
18446744073709553171,224684729666,1787183389,1787183401
18446744073709553172,225893786132,1787184409,1787184421
18446744073709553173,227146000000,1787186389,1787186402
18446744073709553174,225971000000,1787187560,1787187572
18446744073709553175,224503140000,1787194852,1787194865
18446744073709553176,223273360000,1787195393,1787195405
18446744073709553177,224617970000,1787197043,1787197056
18446744073709553178,225854944593,1787207756,1787207769
18446744073709553179,224713860000,1787211087,1787211100
18446744073709553180,225988473448,1787213278,1787213290
18446744073709553181,227133461287,1787213488,1787213500
18446744073709553182,228907942075,1787216819,1787216831
18446744073709553183,227734000000,1787218229,1787218242
18446744073709553184,229001489803,1787218649,1787218662
18446744073709553185,227634738744,1787219550,1787219562
18446744073709553186,229132173962,1787220930,1787220943
18446744073709553187,227967000000,1787222700,1787222713
18446744073709553188,229264000000,1787223871,1787223883
18446744073709553189,230904705465,1787225522,1787225535
18446744073709553190,229711777063,1787226932,1787226944
18446744073709553191,228413099747,1787227562,1787227575
18446744073709553192,227204280000,1787227742,1787227755
18446744073709553193,228379257520,1787230383,1787230396
18446744073709553194,229584000000,1787231193,1787231206
18446744073709553195,228047524038,1787232634,1787232646
18446744073709553196,225759053665,1787233024,1787233036
18446744073709553197,226896770000,1787233294,1787233306
18446744073709553198,228048861275,1787234554,1787234567
18446744073709553199,229213003621,1787238185,1787238198
18446744073709553200,230861771897,1787239236,1787239308
18446744073709553201,229488707850,1787239446,1787239458
18446744073709553202,231081175612,1787239776,1787239788
18446744073709553203,229903161984,1787240196,1787240268
18446744073709553204,231269982197,1787240886,1787240899
18446744073709553205,232587458608,1787241096,1787241109
18446744073709553206,234609000000,1787244157,1787244169
18446744073709553207,233317127589,1787249048,1787249061
18446744073709553208,232116240000,1787250729,1787250741
18446744073709553209,230902990000,1787264353,1787264365
18446744073709553210,232090265946,1787267688,1787267701
18446744073709553211,233381033598,1787268348,1787268361
18446744073709553212,234803440000,1787272310,1787272322
18446744073709553213,233438502376,1787272640,1787272652
18446744073709553214,234630280000,1787273390,1787273402
18446744073709553215,236249073483,1787275100,1787275113
18446744073709553216,234847498099,1787275250,1787275263
18446744073709553217,236107000000,1787275971,1787275983
18446744073709553218,237524000000,1787276901,1787276914
18446744073709553219,236267396541,1787277321,1787277334
18446744073709553220,234677232436,1787277771,1787277784
18446744073709553221,235939000000,1787278011,1787278024
18446744073709553222,234738082867,1787278371,1787278384
18446744073709553223,235923326397,1787279392,1787279404
18446744073709553224,234704260000,1787280442,1787280455
18446744073709553225,235891031961,1787289355,1787289367
18446744073709553226,237147000000,1787292206,1787292218
18446744073709553227,235717158894,1787293346,1787293358
18446744073709553228,236928000000,1787294096,1787294108
18446744073709553229,238487000000,1787296497,1787296509
18446744073709553230,237152000000,1787297877,1787297889
18446744073709553231,238365122239,1787299708,1787299720
18446744073709553232,239589940000,1787301268,1787301280
18446744073709553233,240957657413,1787301688,1787301701
18446744073709553234,242217912447,1787302018,1787302031
18446744073709553235,243547000000,1787302288,1787302301
18446744073709553236,241986000000,1787302918,1787302931
18446744073709553237,240472501970,1787302948,1787302961
18446744073709553238,238390110000,1787303249,1787303261
18446744073709553239,239880458400,1787303429,1787303441
18446744073709553240,238680370000,1787303729,1787303741
18446744073709553241,239984812013,1787305079,1787305092
18446744073709553242,241190140000,1787305769,1787305782
18446744073709553243,239310401234,1787306249,1787306262
18446744073709553244,240640362240,1787307390,1787307402
18446744073709553245,239275320000,1787308020,1787308032
18446744073709553246,237850135307,1787310811,1787310823
18446744073709553247,236622263127,1787311951,1787311964
18446744073709553248,237860448167,1787314442,1787314454
18446744073709553249,239224217044,1787316122,1787316135
18446744073709553250,237953231254,1787319033,1787319046
18446744073709553251,239337000000,1787319723,1787319736
18446744073709553252,237907406992,1787320954,1787320966
18446744073709553253,239232000000,1787322604,1787322617
18446744073709553254,237753825254,1787323175,1787323187
18446744073709553255,239021561945,1787323625,1787323637
18446744073709553256,240262661288,1787325275,1787325288
18446744073709553257,238965028853,1787328246,1787328259
18446744073709553258,240169248680,1787329807,1787329819
18446744073709553259,241982399162,1787332147,1787332160
18446744073709553260,240587052847,1787332837,1787332850
18446744073709553261,241800000000,1787333468,1787333480
18446744073709553262,243053000000,1787336469,1787336481
18446744073709553263,241783464960,1787337459,1787337471
18446744073709553264,239785630000,1787337939,1787337952
18446744073709553265,241048300000,1787338569,1787338582
18446744073709553266,242371580680,1787342711,1787342725
18446744073709553267,243807937726,1787343731,1787343743
18446744073709553268,245848000000,1787346732,1787346744
18446744073709553269,244557797990,1787346942,1787346954
18446744073709553270,245797963116,1787347422,1787347435
18446744073709553271,247313151504,1787347452,1787347465
18446744073709553272,248687262547,1787347692,1787347704
18446744073709553273,250515569964,1787349133,1787349145
18446744073709553274,251888954835,1787349313,1787349325
18446744073709553275,253446000000,1787350033,1787350045
18446744073709553276,252159555204,1787351443,1787351456
18446744073709553277,253425186622,1787354234,1787354247
18446744073709553278,251946815186,1787355435,1787355447
18446744073709553279,250320420706,1787357175,1787357188
18446744073709553280,251808885757,1787359816,1787359829
18446744073709553281,249859384944,1787366118,1787366131
18446744073709553282,251111175609,1787367228,1787367241
18446744073709553283,252592000000,1787369149,1787369161
18446744073709553284,251126000000,1787371369,1787371382
18446744073709553285,252420558633,1787373500,1787373513
18446744073709553286,250780742710,1787375271,1787375283
18446744073709553287,248627249989,1787375361,1787375373
18446744073709553288,246506601521,1787375391,1787375403
18446744073709553289,244422000000,1787375421,1787375433
18446744073709553290,242128820000,1787375451,1787375463
18446744073709553291,240120000000,1787375481,1787375493
18446744073709553292,244284136374,1787375541,1787375553
18446744073709553293,241465610000,1787375811,1787375823
18446744073709553294,243270000000,1787375841,1787375853
18446744073709553295,244518000000,1787376951,1787376964
18446744073709553296,243264614496,1787377191,1787377204
18446744073709553297,241648410000,1787380372,1787380385
18446744073709553298,243192080000,1787380672,1787380685
18446744073709553299,244434000000,1787382203,1787382215
18446744073709553300,242915800000,1787382773,1787382785
18446744073709553301,244150000000,1787384003,1787384016
18446744073709553302,242746768382,1787387214,1787387226
18446744073709553303,241497400000,1787389465,1787389477
18446744073709553304,242740470000,1787390095,1787390107
18446744073709553305,241429043007,1787392075,1787392088
18446744073709553306,240095000595,1787393666,1787393678
18446744073709553307,241380788372,1787395286,1787395299
18446744073709553308,242601356698,1787400148,1787400160
18446744073709553309,241365895117,1787409781,1787409793
18446744073709553310,242621770000,1787416893,1787416905
18446744073709553311,243872215748,1787428026,1787428038
18446744073709553312,242511184181,1787432527,1787432540
18446744073709553313,241252057455,1787434778,1787434790
18446744073709553314,242459480000,1787437659,1787437671
18446744073709553315,241234710000,1787437989,1787438001
18446744073709553316,242467563910,1787442597,1787442610
18446744073709553317,240965391881,1787451797,1787451810
18446744073709553318,242221138818,1787453538,1787453550
18446744073709553319,240951000000,1787455908,1787455921
18446744073709553320,239327840000,1787460380,1787460392
18446744073709553321,237934310000,1787460530,1787460542
18446744073709553322,236478083361,1787461760,1787461773
18446744073709553323,237864683468,1787462420,1787462433
18446744073709553324,239056580709,1787466201,1787466214
18446744073709553325,240595372956,1787472593,1787472606
18446744073709553326,241824496413,1787474333,1787474346
18446744073709553327,240578762428,1787477755,1787477767
18446744073709553328,241823947742,1787480485,1787480498
18446744073709553329,243136879345,1787484266,1787484279
18446744073709553330,247064169554,1787491109,1787491121
18446744073709553331,245809040000,1787491259,1787491271
18446744073709553332,243718680000,1787496150,1787496163
18446744073709553333,239988000000,1787496180,1787496193
18446744073709553334,241412851653,1787496210,1787496223
18446744073709553335,242832743445,1787496330,1787496343
18446744073709553336,244172256951,1787496870,1787496883
18446744073709553337,242327620462,1787498371,1787498383
18446744073709553338,243659795110,1787498761,1787498774
18446744073709553339,244935784755,1787502782,1787502795
18446744073709553340,243592456692,1787504613,1787504625
18446744073709553341,244867710000,1787504823,1787504835
18446744073709553342,243557000000,1787506293,1787506306
18446744073709553343,244910547950,1787508784,1787508796
18446744073709553344,243666000000,1787515596,1787515609
18446744073709553345,244941000000,1787517877,1787517889
18446744073709553346,246359440000,1787519047,1787519060
18446744073709553347,247759165818,1787520597,1787520610
18446744073709553348,246262000000,1787521168,1787521180
18446744073709553349,247787500000,1787522038,1787522050
18446744073709553350,246231591289,1787522488,1787522500
18446744073709553351,244869849880,1787526209,1787526222
18446744073709553352,246229312837,1787527830,1787527842
18446744073709553353,244934788770,1787531161,1787531173
18446744073709553354,246246561899,1787533141,1787533154
18446744073709553355,244851460000,1787534462,1787534474
18446744073709553356,243529310000,1787536292,1787536305
18446744073709553357,244920656579,1787537973,1787537985
18446744073709553358,243660270000,1787540914,1787540926
18446744073709553359,245219847293,1787548326,1787548338
18446744073709553360,243970000000,1787549797,1787549809
18446744073709553361,245232000000,1787550097,1787550109
18446744073709553362,246692630606,1787555468,1787555481
18446744073709553363,245414811503,1787557149,1787557162
18446744073709553364,244110228920,1787559880,1787559892
18446744073709553365,245542485449,1787561380,1787561393
18446744073709553366,246861495102,1787565792,1787565804
18446744073709553367,248418380000,1787566482,1787566495
18446744073709553368,247098819487,1787567382,1787567395
18446744073709553369,245781978587,1787569303,1787569315
18446744073709553370,247120090254,1787570713,1787570726
18446744073709553371,248792193916,1787571313,1787571326
18446744073709553372,250207494005,1787571703,1787571716
18446744073709553373,248901909642,1787572183,1787572196
18446744073709553374,250171183599,1787575351,1787575364
18446744073709553375,251515459448,1787576222,1787576234
18446744073709553376,250224580000,1787578232,1787578244
18446744073709553377,248960083986,1787578832,1787578845
18446744073709553378,250350848168,1787580603,1787580615
18446744073709553379,251664426509,1787581383,1787581396
18446744073709553380,252935004650,1787582283,1787582296
18446744073709553381,251664000000,1787582914,1787582926
18446744073709553382,253136000000,1787585104,1787585117
18446744073709553383,251569278692,1787585705,1787585717
18446744073709553384,249697804875,1787586215,1787586228
18446744073709553385,248398000000,1787586905,1787586917
18446744073709553386,249714000000,1787587535,1787587547
18446744073709553387,248292653287,1787590296,1787590308
18446744073709553388,246974904683,1787590866,1787590879
18446744073709553389,248231419098,1787591376,1787591389
18446744073709553390,246650043840,1787591766,1787591779
18446744073709553391,247919000000,1787591886,1787591899
18446744073709553392,246165633023,1787592123,1787592135
18446744073709553393,247410278327,1787594553,1787594566
18446744073709553394,248670000000,1787614870,1787614883
18446744073709553395,247385463926,1787617031,1787617043
18446744073709553396,248659480421,1787618591,1787618604
18446744073709553397,250011998019,1787618801,1787618814
18446744073709553398,248644000000,1787620542,1787620554
18446744073709553399,250073918858,1787621232,1787621244
18446744073709553400,251540896369,1787624323,1787624335
18446744073709553401,252906502850,1787624953,1787624965
18446744073709553402,251614750799,1787625373,1787625386
18446744073709553403,252903582569,1787625763,1787625776
18446744073709553404,251551558514,1787625913,1787625926
18446744073709553405,250285868132,1787626273,1787626286
18446744073709553406,248998703982,1787632905,1787632918
18446744073709553407,250291999544,1787635156,1787635169
18446744073709553408,248363599613,1787644159,1787644171
18446744073709553409,249640776582,1787646319,1787646331
18446744073709553410,248379000000,1787647760,1787647774
18446744073709553411,246985000000,1787651601,1787651613
18446744073709553412,248253000000,1787654788,1787654800
18446744073709553413,246920579437,1787659619,1787659631
18446744073709553414,245517024595,1787664481,1787664493
18446744073709553415,246842000000,1787664871,1787664883
18446744073709553416,245248742569,1787665861,1787665873
18446744073709553417,246521695660,1787666731,1787666744
18446744073709553418,247863000000,1787668172,1787668184
18446744073709553419,246536999999,1787677642,1787677655
18446744073709553420,245288852577,1787689885,1787689898
18446744073709553421,243935953242,1787690816,1787690828
18446744073709553422,241984096893,1787692106,1787692119
18446744073709553423,243290220839,1787692706,1787692719
18446744073709553424,244597907725,1787695257,1787695270
18446744073709553425,245919540000,1787708101,1787708113
18446744073709553426,247156839555,1787717404,1787717416
18446744073709553427,245794157469,1787719684,1787719697
18446744073709553428,244544061265,1787736235,1787736307
18446744073709553429,245774107942,1787740531,1787740544
18446744073709553430,247355000000,1787741412,1787741425
18446744073709553431,246099730000,1787744283,1787744296
18446744073709553432,244800430000,1787749755,1787749767
18446744073709553433,246085726064,1787752966,1787752979
18446744073709553434,244845000000,1787754927,1787754939
18446744073709553435,243462061284,1787756607,1787756680
18446744073709553436,244774420000,1787757928,1787757940
18446744073709553437,246083466359,1787765280,1787765293
18446744073709553438,247396000000,1787770737,1787770750
18446744073709553439,246107266780,1787775729,1787775801
18446744073709553440,247382000000,1787778340,1787778412
18446744073709553441,248757017639,1787778670,1787778683
18446744073709553442,250153182077,1787779795,1787779808
18446744073709553443,251463920513,1787782892,1787782904
18446744073709553444,250093504675,1787783552,1787783565
18446744073709553445,248715520000,1787793255,1787793268
18446744073709553446,249966364061,1787794066,1787794078
18446744073709553447,248684670000,1787805315,1787805327
18446744073709553448,249980718544,1787817734,1787817806
18446744073709553449,250447000000,1787817794,1787817807
18446744073709553450,252049443906,1787818184,1787818197
18446744073709553451,254282872454,1787819420,1787819432
18446744073709553452,252926262714,1787819810,1787819822
18446744073709553453,255231020000,1787822756,1787822769
18446744073709553454,253897063575,1787823776,1787823789
18446744073709553455,252621859967,1787826242,1787826255
18446744073709553456,249005480725,1787826392,1787826405
18446744073709553457,250292887575,1787826452,1787826465
18446744073709553458,249030962228,1787837843,1787837856
18446744073709553459,250400414986,1787839534,1787839547
18446744073709553460,249013092285,1787839954,1787839967
18446744073709553461,250304981348,1787840434,1787840447
18446744073709553462,251576227767,1787841490,1787841502
18446744073709553463,252940378543,1787843600,1787843613
18446744073709553464,251657971694,1787844891,1787844903
18446744073709553465,252921360000,1787845136,1787845149
18446744073709553466,251637870643,1787853664,1787853676
18446744073709553467,250113740000,1787854419,1787854432
18446744073709553468,251420615265,1787859286,1787859298
18446744073709553469,250087000000,1787860697,1787860709
18446744073709553470,251347000000,1787868985,1787868997
18446744073709553471,252836050000,1787879943,1787879956
18446744073709553472,251563000000,1787881774,1787881786
18446744073709553473,250218000000,1787883340,1787883352
18446744073709553474,248905335800,1787885505,1787885578
18446744073709553475,250208660000,1787897349,1787897362
18446744073709553476,248903857718,1787906968,1787906980
18446744073709553477,250169722512,1787914545,1787914558
18446744073709553478,251451000000,1787925290,1787925302
18446744073709553479,249741670000,1787925740,1787925753
18446744073709553480,248420863622,1787926285,1787926298
18446744073709553481,247130000000,1787926405,1787926418
18446744073709553482,248530000000,1787926765,1787926778
18446744073709553483,250137523731,1787927666,1787927738
18446744073709553484,251730920000,1787927876,1787927888
18446744073709553485,250398000000,1787928536,1787928548
18446744073709553486,251718728554,1787929256,1787929269
18446744073709553487,250408441026,1787929796,1787929869
18446744073709553488,249057203915,1787931747,1787931760
18446744073709553489,247756176389,1787932412,1787932425
18446744073709553490,246125000000,1787932898,1787932910
18446744073709553491,244869750000,1787933018,1787933030
18446744073709553492,246255316769,1787933168,1787933180
18446744073709553493,244847081654,1787933533,1787933545
18446744073709553494,243580800000,1787934203,1787934215
18446744073709553495,241113291350,1787934323,1787934336
18446744073709553496,243089388286,1787934473,1787934486
18446744073709553497,244390916645,1787936154,1787936167
18446744073709553498,243149004374,1787941345,1787941358
18446744073709553499,241903088376,1787942966,1787942985
18446744073709553500,243157589042,1787943716,1787943729
18446744073709553501,244414000000,1787957700,1787957713
18446744073709553502,243183063990,1787984108,1787984121
18446744073709553503,244407134839,1788014568,1788014580
18446744073709553504,245631130000,1788030802,1788030815
18446744073709553505,246862640000,1788091601,1788091614
18446744073709553506,248145000000,1788102555,1788102567
18446744073709553507,249443692581,1788106366,1788106379
18446744073709553508,250931870000,1788106456,1788106468
18446744073709553509,252287180508,1788107776,1788107789
18446744073709553510,251023838780,1788110297,1788110310
18446744073709553511,249489270487,1788110717,1788110730
18446744073709553512,250742228102,1788111917,1788111930
18446744073709553513,249216187527,1788122421,1788122433
18446744073709553514,246251000000,1788123711,1788123724
18446744073709553515,247533505696,1788123861,1788123874
18446744073709553516,246254064254,1788129023,1788129035
18446744073709553517,244161143821,1788132204,1788132217
18446744073709553518,242507000000,1788132594,1788132606
18446744073709553519,241081000000,1788133164,1788133176
18446744073709553520,239034190000,1788133644,1788133657
18446744073709553521,240408730000,1788133824,1788133837
18446744073709553522,241670604726,1788134124,1788134137
18446744073709553523,242985648157,1788135445,1788135457
18446744073709553524,241701320554,1788138446,1788138458
18446744073709553525,240389471349,1788144688,1788144701
18446744073709553526,241597921840,1788146068,1788146081
18446744073709553527,242976794385,1788153541,1788153553
18446744073709553528,244201060000,1788157142,1788157154
18446744073709553529,245437000000,1788169595,1788169608
18446744073709553530,244192879661,1788170586,1788170598
18446744073709553531,245534000000,1788173587,1788173599
18446744073709553532,244211000000,1788184030,1788184042
18446744073709553533,245532160000,1788187121,1788187133
18446744073709553534,247133223287,1788187331,1788187343
18446744073709553535,245884746035,1788189252,1788189264
18446744073709553536,247169672460,1788190392,1788190404
18446744073709553537,248725340000,1788201885,1788201898
18446744073709553538,247343520000,1788208427,1788208439
18446744073709553539,246042811469,1788226012,1788226025
18446744073709553540,247373950494,1788233635,1788233647
18446744073709553541,246083410945,1788250679,1788250692
18446744073709553542,244764000000,1788251387,1788251399
18446744073709553543,245993041809,1788258726,1788258739
18446744073709553544,244651000000,1788266168,1788266181
18446744073709553545,243401574579,1788269920,1788269932
18446744073709553546,244753887061,1788270490,1788270502
18446744073709553547,243522405072,1788275321,1788275334
18446744073709553548,244773581496,1788277542,1788277554
18446744073709553549,243433380000,1788279282,1788279295
18446744073709553550,242197836309,1788285344,1788285356
18446744073709553551,240886078398,1788286184,1788286197
18446744073709553552,238973000000,1788287955,1788287967
18446744073709553553,240227470000,1788288645,1788288658
18446744073709553554,241670882940,1788289275,1788289288
18446744073709553555,240394772747,1788297438,1788297450
18446744073709553556,241623000000,1788299748,1788299761
18446744073709553557,240401584454,1788312922,1788312935
18446744073709553558,239072996226,1788313703,1788313715
18446744073709553559,240327767516,1788314843,1788314855
18446744073709553560,241835000000,1788318684,1788318696
18446744073709553561,240616670000,1788322405,1788322418
18446744073709553562,241903507930,1788326216,1788326228
18446744073709553563,240671740000,1788338040,1788338052
18446744073709553564,239163020135,1788338880,1788338893
18446744073709553565,237730000000,1788341460,1788341473
18446744073709553566,236502624406,1788345091,1788345104
18446744073709553567,237784489963,1788348903,1788348915
18446744073709553568,239261010483,1788356555,1788356568
18446744073709553569,241091031748,1788356675,1788356687
18446744073709553570,239796551141,1788357335,1788357348
18446744073709553571,238590258338,1788361236,1788361249
18446744073709553572,239837000000,1788366038,1788366050
18446744073709553573,238581375603,1788368138,1788368151
18446744073709553574,237373172175,1788369639,1788369652
18446744073709553575,238699290000,1788371079,1788371092
18446744073709553576,237260000000,1788397307,1788397320
18446744073709553577,238557670000,1788397637,1788397650
18446744073709553578,239921560000,1788402679,1788402691
18446744073709553579,238453500000,1788412971,1788412984
18446744073709553580,239657310171,1788414562,1788414575
18446744073709553581,240879490000,1788417893,1788417906
18446744073709553582,239643000000,1788422154,1788422167
18446744073709553583,240871495800,1788422784,1788422797
18446744073709553584,239653533338,1788428306,1788428318
18446744073709553585,240868200000,1788435958,1788435971
18446744073709553586,242104800000,1788440070,1788440082
18446744073709553587,243349168011,1788442920,1788442933
18446744073709553588,244575000000,1788445441,1788445454
18446744073709553589,245839000000,1788445951,1788445964
18446744073709553590,247178684172,1788446912,1788446924
18446744073709553591,248595206159,1788447542,1788447555
18446744073709553592,249905661146,1788447752,1788447764
18446744073709553593,248562000000,1788448292,1788448305
18446744073709553594,250031502205,1788450723,1788450735
18446744073709553595,251354621915,1788451053,1788451066
18446744073709553596,249938000000,1788451473,1788451486
18446744073709553597,251197154002,1788461886,1788461899
18446744073709553598,252528140000,1788462306,1788462319
18446744073709553599,251067000000,1788462516,1788462529
18446744073709553600,252650000000,1788471279,1788471291
18446744073709553601,251264773201,1788471579,1788471592
18446744073709553602,249795791952,1788474430,1788474442
18446744073709553603,251110180000,1788481032,1788481044
18446744073709553604,249765040000,1788483913,1788483925
18446744073709553605,251163686239,1788490935,1788490947
18446744073709553606,252556946329,1788511808,1788511820
18446744073709553607,254003000000,1788513398,1788513411
18446744073709553608,252657000000,1788513728,1788513741
18446744073709553609,250198120000,1788525011,1788525024
18446744073709553610,248303000000,1788525041,1788525054
18446744073709553611,245047000000,1788525101,1788525114
18446744073709553612,246408510000,1788525672,1788525684
18446744073709553613,246396100741,1788525702,1788525834
18446744073709553614,244694432756,1788525912,1788525924
18446744073709553615,244495053029,1788525942,1788526014
18446744073709553616,245723930000,1788526499,1788526571
18446744073709553617,244082610457,1788528930,1788528942
18446744073709553618,245568302798,1788529590,1788529602
18446744073709553619,244162012127,1788533041,1788533053
18446744073709553620,245470032437,1788535562,1788535574
18446744073709553621,245571000000,1788535592,1788535604
18446744073709553622,245522190000,1788535622,1788535814
18446744073709553623,245866177038,1788622224,1788622236
18446744073709553624,247160320000,1788626935,1788627008
18446744073709553625,248462495218,1788644521,1788644533
18446744073709553626,249706270000,1788656884,1788656897
18446744073709553627,250971000000,1788665977,1788666050
18446744073709553628,252237000000,1788673179,1788673192
18446744073709553629,250939409807,1788675280,1788675292
18446744073709553630,248929759576,1788678821,1788678834
18446744073709553631,250175000000,1788686233,1788686246
18446744073709553632,248853422804,1788701658,1788701730
18446744073709553633,246665540257,1788705139,1788705151
18446744073709553634,247920607028,1788705349,1788705361
18446744073709553635,249192000000,1788715491,1788715505
18446744073709553636,250656504235,1788728772,1788728845
18446744073709553637,249093000000,1788733124,1788733136
18446744073709553638,250391000000,1788734054,1788734126
18446744073709553639,251759000000,1788737715,1788737787
18446744073709553640,250447864485,1788743412,1788743424
18446744073709553641,251790534804,1788748594,1788748666
18446744073709553642,253182104089,1788748749,1788748821
18446744073709553643,251904934499,1788749619,1788749691
18446744073709553644,250589110000,1788751095,1788751107
18446744073709553645,249254124427,1788755746,1788755758
18446744073709553646,250611000000,1788758132,1788758144
18446744073709553647,249319810000,1788765869,1788765882
18446744073709553648,248069118095,1788766800,1788766812
18446744073709553649,249320130000,1788769951,1788769963
18446744073709553650,250572030863,1788785766,1788785787
18446744073709553651,249125000000,1788789967,1788789980
18446744073709553652,247848327042,1788792098,1788792110
18446744073709553653,249098276109,1788801650,1788801662
18446744073709553654,247848653157,1788820766,1788820783
18446744073709553655,249099000000,1788824817,1788824830
18446744073709553656,250349540000,1788830759,1788830772
18446744073709553657,249043000000,1788835380,1788835393
18446744073709553658,247661172518,1788843633,1788843646
18446744073709553659,246299763397,1788848554,1788848567
18446744073709553660,247535000000,1788852095,1788852108
18446744073709553661,248879409532,1788859988,1788860000
18446744073709553662,247527430000,1788865737,1788865749
18446744073709553663,246083352032,1788874319,1788874332
18446744073709553664,244761000000,1788874769,1788874782
18446744073709553665,246048423707,1788875820,1788875832
18446744073709553666,247849727784,1788876930,1788876942
18446744073709553667,249307860112,1788881941,1788881954
18446744073709553668,247846424504,1788893585,1788893597
18446744073709553669,249106072192,1788894245,1788894258
18446744073709553670,247725653729,1788897036,1788897049
18446744073709553671,249038000000,1788898266,1788898279
18446744073709553672,250486570000,1788929036,1788929048
18446744073709553673,249161182636,1788932787,1788932799
18446744073709553674,250492286383,1788935038,1788935050
18446744073709553675,251813000000,1788941370,1788941382
18446744073709553676,250545885107,1788946531,1788946544
18446744073709553677,249220680077,1788947342,1788947354
18446744073709553678,250477000000,1788954814,1788954827
18446744073709553679,251809000000,1788960846,1788960859
18446744073709553680,250184353212,1788961356,1788961369
18446744073709553681,248780879698,1788966428,1788966440
18446744073709553682,247292000000,1788967358,1788967371
18446744073709553683,248990990000,1788968109,1788968121
18446744073709553684,247726803771,1788982603,1788982615
18446744073709553685,246384112725,1788983593,1788983606
18446744073709553686,244780000000,1788991726,1788991738
18446744073709553687,246015477204,1788995417,1788995429
18446744073709553688,247479656538,1789002349,1789002362
18446744073709553689,246125170000,1789004000,1789004016
18446744073709553690,247395817867,1789008831,1789008844
18446744073709553691,245985040000,1789038150,1789038162
18446744073709553692,244641708082,1789043612,1789043624
18446744073709553693,243225444435,1789043942,1789043954
18446744073709553694,241985128230,1789044842,1789044855
18446744073709553695,240741037133,1789046072,1789046085
18446744073709553696,242035000000,1789046943,1789046955
18446744073709553697,243275120000,1789048383,1789048396
18446744073709553698,244545145346,1789058796,1789058809
18446744073709553699,245843958480,1789061077,1789061089
18446744073709553700,247159000000,1789061707,1789061719
18446744073709553701,245732008371,1789063748,1789063760
18446744073709553702,244491685515,1789080133,1789080145
18446744073709553703,245733690962,1789088115,1789088128
18446744073709553704,244486760776,1789094057,1789094069
18446744073709553705,245745480349,1789100749,1789100822
18446744073709553706,245837900000,1789100779,1789101031
18446744073709553707,247102000000,1789111462,1789111475
18446744073709553708,245795258761,1789124576,1789124589
18446744073709553709,247193157211,1789129785,1789129797
18446744073709553710,244495000000,1789129815,1789129827
18446744073709553711,246191000000,1789129965,1789129978
18446744073709553712,247434111836,1789130055,1789130067
18446744073709553713,249127280000,1789130235,1789130248
18446744073709553714,250904518142,1789130865,1789130878
18446744073709553715,249531423389,1789132396,1789132408
18446744073709553716,250865000000,1789132936,1789132948
18446744073709553717,249545152258,1789133626,1789133638
18446744073709553718,250860700000,1789134046,1789134059
18446744073709553719,252412000000,1789134346,1789134359
18446744073709553720,253962835688,1789134526,1789134539
18446744073709553721,255305000000,1789134556,1789134569
18446744073709553722,257954188949,1789134616,1789134629
18446744073709553723,259975194576,1789134736,1789134749
18446744073709553724,261792620000,1789135127,1789135139
18446744073709553725,264072687402,1789135157,1789135174
18446744073709553726,262710000000,1789135187,1789135200
18446744073709553727,264425000000,1789135367,1789135379
18446744073709553728,262875000000,1789135607,1789135619
18446744073709553729,261262208390,1789135757,1789135769
18446744073709553730,259715621399,1789138158,1789138170
18446744073709553731,261036958666,1789139268,1789139280
18446744073709553732,259598334395,1789141909,1789141921
18446744073709553733,258139307226,1789141939,1789141951
18446744073709553734,255643562307,1789142089,1789142101
18446744073709553735,257008231644,1789142449,1789142461
18446744073709553736,255049575631,1789143499,1789143512
18446744073709553737,256432860000,1789144069,1789144082
18446744073709553738,258200053831,1789145240,1789145252
18446744073709553739,256842498287,1789148331,1789148344
18446744073709553740,255342000000,1789149802,1789149814
18446744073709553741,253997190000,1789149952,1789149964
18446744073709553742,252682605157,1789159855,1789159868
18446744073709553743,253991621828,1789161115,1789161128
18446744073709553744,252695120997,1789163576,1789163589
18446744073709553745,251421020000,1789163906,1789163919
18446744073709553746,252712990000,1789200787,1789200800
18446744073709553747,254222000000,1789218522,1789218535
18446744073709553748,252950650000,1789233677,1789233690
18446744073709553749,251661512973,1789241899,1789241912
18446744073709553750,250301499852,1789288413,1789288426
18446744073709553751,248909077261,1789288803,1789288816
18446744073709553752,247394204187,1789291984,1789291997
18446744073709553753,248830570000,1789309000,1789309013
18446744073709553754,250271340000,1789315932,1789315944
18446744073709553755,251563000000,1789334237,1789334250
18446744073709553756,249999996530,1789336878,1789336891
18446744073709553757,248460318587,1789337719,1789337731
18446744073709553758,247118466250,1789341410,1789341422
18446744073709553759,248710544178,1789344500,1789344513
18446744073709553760,247183421653,1789345581,1789345593
18446744073709553761,248441338090,1789346811,1789346824
18446744073709553762,249794020305,1789351792,1789351805
18446744073709553763,251075299611,1789354253,1789354266
18446744073709553764,252515860000,1789366047,1789366059
18446744073709553765,250951000000,1789367517,1789367530
18446744073709553766,252218137548,1789370338,1789370351
18446744073709553767,250893510257,1789383872,1789383884
18446744073709553768,249193000000,1789391194,1789391207
18446744073709553769,250498297382,1789392635,1789392647
18446744073709553770,251813234884,1789402688,1789402700
18446744073709553771,253129000000,1789404518,1789404530
18446744073709553772,254430879845,1789411721,1789411733
18446744073709553773,255837619363,1789416762,1789416775
18446744073709553774,257174000000,1789416929,1789416942
18446744073709553775,258623000000,1789417079,1789417092
18446744073709553776,260420978391,1789417409,1789417422
18446744073709553777,258955500000,1789418010,1789418022
18446744073709553778,257404570000,1789419360,1789419372
18446744073709553779,255983827156,1789419720,1789419733
18446744073709553780,254696029196,1789419750,1789419763
18446744073709553781,256165518851,1789420080,1789420093
18446744073709553782,254847732292,1789421791,1789421803
18446744073709553783,253494000000,1789426052,1789426064
18446744073709553784,252067370000,1789428663,1789428675
18446744073709553785,250715297917,1789431633,1789431647
18446744073709553786,249426994828,1789446337,1789446350
18446744073709553787,248047680000,1789449248,1789449261
18446744073709553788,249423770357,1789451469,1789451481
18446744073709553789,248148330000,1789455340,1789455352
18446744073709553790,246830136090,1789459451,1789459464
18446744073709553791,248143560000,1789469384,1789469397
18446744073709553792,246893000000,1789479077,1789479089
18446744073709553793,245391817764,1789479437,1789479449
18446744073709553794,243885702887,1789479587,1789479599
18446744073709553795,245208592354,1789479917,1789479929
18446744073709553796,243710302094,1789482198,1789482210
18446744073709553797,242405000000,1789483098,1789483110
18446744073709553798,241071452600,1789483248,1789483260
18446744073709553799,239502000000,1789483908,1789483920
18446744073709553800,240774000000,1789484358,1789484371
18446744073709553801,242247140000,1789485889,1789485901
18446744073709553802,243519000000,1789493661,1789493673
18446744073709553803,242174406753,1789497412,1789497425
18446744073709553804,239897400000,1789497442,1789497454
18446744073709553805,238510000000,1789497772,1789497785
18446744073709553806,237161643647,1789498072,1789498085
18446744073709553807,235870464411,1789498192,1789498205
18446744073709553808,237750695170,1789498283,1789498295
18446744073709553809,239110020000,1789498373,1789498385
18446744073709553810,241138157417,1789498553,1789498565
18446744073709553811,239749492661,1789498643,1789498656
18446744073709553812,240972173042,1789499003,1789499015
18446744073709553813,239756813433,1789503714,1789503727
18446744073709553814,238443637484,1789510556,1789510569
18446744073709553815,239699910222,1789511486,1789511499
18446744073709553816,240903360000,1789514277,1789514290
18446744073709553817,239650728382,1789516798,1789516811
18446744073709553818,240865000000,1789528682,1789528694
18446744073709553819,239494328208,1789534984,1789534996
18446744073709553820,240719810000,1789538465,1789538477
18446744073709553821,239447000000,1789540625,1789540638
18446744073709553822,240653408494,1789542276,1789542288
18446744073709553823,239435000000,1789545607,1789545621
18446744073709553824,240694745263,1789556650,1789556663
18446744073709553825,241944730784,1789558961,1789558974
18446744073709553826,240734525143,1789561542,1789561554
18446744073709553827,239521540948,1789564303,1789564315
18446744073709553828,238318000000,1789567994,1789568006
18446744073709553829,239537264635,1789568924,1789568936
18446744073709553830,238195790000,1789570184,1789570197
18446744073709553831,239448072362,1789573635,1789573648
18446744073709553832,238177184951,1789580087,1789580099
18446744073709553833,236976000000,1789580987,1789581000
18446744073709553834,238468590000,1789581497,1789581510
18446744073709553835,240004600439,1789581887,1789581900
18446744073709553836,241465437415,1789581977,1789581990
18446744073709553837,240094865026,1789582488,1789582500
18446744073709553838,238293088894,1789583748,1789583760
18446744073709553839,239860020855,1789583958,1789583971
18446744073709553840,241435394896,1789584168,1789584181
18446744073709553841,239977543904,1789584648,1789584661
18446744073709553842,241236296224,1789585429,1789585441
18446744073709553843,239998193754,1789585969,1789585981
18446744073709553844,238759639623,1789586659,1789586671
18446744073709553845,237546069299,1789586839,1789586851
18446744073709553846,238842134189,1789587139,1789587152
18446744073709553847,240147180000,1789587319,1789587332
18446744073709553848,241368916025,1789589120,1789589132
18446744073709553849,240153940184,1789594701,1789594714
18446744073709553850,238720671880,1789596322,1789596334
18446744073709553851,239989328292,1789596982,1789596996
18446744073709553852,241198617701,1789600943,1789600956
18446744073709553853,242450707383,1789605235,1789605247
18446744073709553854,241225180000,1789606916,1789606928
18446744073709553855,242464548680,1789608296,1789608308
18446744073709553856,243825380000,1789608536,1789608549
18446744073709553857,242605000000,1789610157,1789610169
18446744073709553858,243865839038,1789620600,1789620612
18446744073709553859,245086000000,1789628912,1789628925
18446744073709553860,243828910160,1789632814,1789632826
18446744073709553861,242606105924,1789645255,1789645267
18446744073709553862,243939940000,1789646395,1789646408
18446744073709553863,245350000000,1789647265,1789647278
18446744073709553864,246599353270,1789648106,1789648118
18446744073709553865,245352020000,1789650657,1789650669
18446744073709553866,243879144357,1789652157,1789652169
18446744073709553867,245216265720,1789653177,1789653190
18446744073709553868,246463656530,1789654228,1789654240
18446744073709553869,247747970000,1789654498,1789654510
18446744073709553870,246500703346,1789656148,1789656161
18446744073709553871,245246276953,1789657349,1789657361
18446744073709553872,246525340000,1789659479,1789659492
18446744073709553873,245266943978,1789670283,1789670295
18446744073709553874,244038200450,1789683366,1789683379
18446744073709553875,245339288987,1789695550,1789695562
18446744073709553876,246700489753,1789701101,1789701114
18446744073709553877,247987274511,1789701491,1789701504
18446744073709553878,246666630000,1789701941,1789701954
18446744073709553879,247959907328,1789704162,1789704175
18446744073709553880,249236071173,1789715205,1789715218
18446744073709553881,250546302510,1789722137,1789722150
18446744073709553882,251822340000,1789723187,1789723200
18446744073709553883,250505000000,1789723728,1789723740
18446744073709553884,251799290446,1789728589,1789728602
18446744073709553885,250509000000,1789729580,1789729592
18446744073709553886,252441830000,1789738793,1789738805
18446744073709553887,254020000000,1789739183,1789739195
18446744073709553888,255468650000,1789739393,1789739406
18446744073709553889,257199421954,1789739513,1789739526
18446744073709553890,255616960000,1789739693,1789739706
18446744073709553891,257266794476,1789741284,1789741296
18446744073709553892,258571000000,1789743654,1789743667
18446744073709553893,257120998687,1789744224,1789744237
18446744073709553894,258475000000,1789744615,1789744627
18446744073709553895,259889043605,1789748306,1789748318
18446744073709553896,258514430000,1789752237,1789752249
18446744073709553897,259855113651,1789753647,1789753660
18446744073709553898,261609289956,1789756378,1789756391
18446744073709553899,263131336497,1789758959,1789758972
18446744073709553900,264462243860,1789760940,1789760952
18446744073709553901,262984560094,1789761660,1789761672
18446744073709553902,261662681386,1789772673,1789772686
18446744073709553903,260354270000,1789781826,1789781838
18446744073709553904,261753000000,1789782606,1789782619
18446744073709553905,263090160000,1789787108,1789787120
18446744073709553906,261748984248,1789792509,1789792522
18446744073709553907,263065943736,1789795720,1789795732
18446744073709553908,265416663094,1789806073,1789806086
18446744073709553909,263989043205,1789810365,1789810377
18446744073709553910,265372420088,1789837643,1789837656
18446744073709553911,263720423511,1789841545,1789841557
18446744073709553912,262365000000,1789852378,1789852390
18446744073709553913,260954000000,1789871643,1789871655
18446744073709553914,259459508927,1789872273,1789872286
18446744073709553915,257569541905,1789872993,1789873006
18446744073709553916,258861566344,1789874524,1789874536
18446744073709553917,257514477209,1789881876,1789881888
18446744073709553918,259031176888,1789916476,1789916489
18446744073709553919,260533392138,1789916566,1789916579
18446744073709553920,261860396479,1789920647,1789920660
18446744073709553921,263272304905,1789922208,1789922220
18446744073709553922,264726204546,1789923978,1789923991
18446744073709553923,263370394082,1789924398,1789924411
18446744073709553924,261897024980,1789938203,1789938215
18446744073709553925,263553000000,1789941624,1789941636
18446744073709553926,265129000000,1789948916,1789948928
18446744073709553927,266766157717,1789949576,1789949589
18446744073709553928,268198960000,1789949606,1789949618
18446744073709553929,269695646709,1789951587,1789951599
18446744073709553930,268274358298,1789952517,1789952529
18446744073709553931,269728228769,1789953747,1789953760
18446744073709553932,267926110000,1789954017,1789954030
18446744073709553933,266400732269,1789955488,1789955500
18446744073709553934,264792147140,1789955788,1789955801
18446744073709553935,266160315240,1789957018,1789957031
18446744073709553936,267685000000,1789971812,1789971825
18446744073709553937,266233000000,1789972713,1789972725
18446744073709553938,264774652974,1789976075,1789976087
18446744073709553939,266391445529,1789977635,1789977648
18446744073709553940,267779000000,1789979166,1789979178
18446744073709553941,269368000000,1789979586,1789979598
18446744073709553942,270740612202,1789980216,1789980229
18446744073709553943,269233440000,1789980336,1789980349
18446744073709553944,270605818199,1789980516,1789980529
18446744073709553945,269248400000,1789981266,1789981279
18446744073709553946,270595284510,1789982827,1789982839
18446744073709553947,272685190205,1789983037,1789983049
18446744073709553948,274136933164,1789983487,1789983499
18446744073709553949,272283548374,1789984327,1789984340
18446744073709553950,270903360985,1789987238,1789987251
18446744073709553951,272324810336,1789990119,1789990132
18446744073709553952,273772160000,1789995521,1789995533
18446744073709553953,272054536493,1789997891,1789997904
18446744073709553954,273435485221,1789998492,1789998504
18446744073709553955,271810542939,1789999542,1789999554
18446744073709553956,273318000000,1790000562,1790000574
18446744073709553957,275305681548,1790002243,1790002255
18446744073709553958,273494411248,1790002663,1790002675
18446744073709553959,275142035734,1790003323,1790003335
18446744073709553960,273510384065,1790004103,1790004116
18446744073709553961,275080297288,1790005664,1790005677
18446744073709553962,276460000000,1790005994,1790006006
18446744073709553963,274620663628,1790006654,1790006667
18446744073709553964,276354015630,1790007344,1790007357
18446744073709553965,274957626897,1790010975,1790010988
18446744073709553966,273557000000,1790013316,1790013329
18446744073709553967,274952930000,1790014276,1790014289
18446744073709553968,276334000000,1790018195,1790018207
18446744073709553969,277753522667,1790021916,1790021928
18446744073709553970,279458840000,1790021946,1790021958
18446744073709553971,278024293366,1790023476,1790023489
18446744073709553972,276596701039,1790025487,1790025499
18446744073709553973,278100812225,1790029028,1790029040
18446744073709553974,276661490000,1790033739,1790033752
18446744073709553975,275118434310,1790038871,1790038883
18446744073709553976,273647000000,1790043702,1790043714
18446744073709553977,272211927654,1790054295,1790054308
18446744073709553978,273618592221,1790056036,1790056048
18446744073709553979,272234669863,1790062488,1790062500
18446744073709553980,273674000000,1790066239,1790066251
18446744073709553981,275178713602,1790066929,1790066942
18446744073709553982,273567983322,1790067859,1790067872
18446744073709553983,275006000000,1790070817,1790070832
18446744073709553984,273585810000,1790073188,1790073201
18446744073709553985,275083721487,1790080330,1790080343
18446744073709553986,273538051812,1790087442,1790087455
18446744073709553987,271995000000,1790087772,1790087784
18446744073709553988,273361000000,1790088583,1790088595
18446744073709553989,274771000000,1790089693,1790089705
18446744073709553990,273386512528,1790093474,1790093486
18446744073709553991,274839445788,1790095905,1790095917
18446744073709553992,276229748337,1790104758,1790104770
18446744073709553993,274818990193,1790106858,1790106871
18446744073709553994,276276331478,1790118442,1790118455
18446744073709553995,274866164014,1790120572,1790120585
18446744073709553996,276278301980,1790123483,1790123496
18446744073709553997,274891000000,1790128315,1790128328
18446744073709553998,276323000000,1790133207,1790133219
18446744073709553999,277769000000,1790134857,1790134870
18446744073709554000,275959919529,1790142659,1790142671
18446744073709554001,274576174570,1790148871,1790148883
18446744073709554002,273068000000,1790153462,1790153475
18446744073709554003,271448000000,1790165870,1790165882
18446744073709554004,269981990986,1790172562,1790172574
18446744073709554005,268011549776,1790172652,1790172664
18446744073709554006,266151000000,1790172802,1790172814
18446744073709554007,267744241299,1790172862,1790172874
18446744073709554008,266273556717,1790173042,1790173054
18446744073709554009,264871000000,1790173342,1790173354
18446744073709554010,266415958018,1790174002,1790174014
18446744073709554011,267808124886,1790175353,1790175365
18446744073709554012,266410490000,1790177843,1790177855
18446744073709554013,264891000000,1790179284,1790179296
18446744073709554014,266318250000,1790179614,1790179626
18446744073709554015,264943690000,1790183425,1790183437
18446744073709554016,266314772734,1790184145,1790184158
18446744073709554017,267657000000,1790192788,1790192800
18446744073709554018,269411238714,1790201250,1790201263
18446744073709554019,268051203483,1790211123,1790211136
18446744073709554020,266601579081,1790215715,1790215727
18446744073709554021,267955000000,1790216195,1790216207
18446744073709554022,269305701047,1790226338,1790226350
18446744073709554023,267926850000,1790229729,1790229742
18446744073709554024,269431648035,1790235010,1790235023
18446744073709554025,268008010044,1790238131,1790238144
18446744073709554026,266542740000,1790239662,1790239674
18446744073709554027,265019360671,1790242242,1790242255
18446744073709554028,263649905154,1790242483,1790242495
18446744073709554029,264996761080,1790247644,1790247657
18446744073709554030,266410102790,1790256017,1790256029
18446744073709554031,267758670000,1790259888,1790259901
18446744073709554032,269488758827,1790260158,1790260171
18446744073709554033,268129640290,1790260998,1790261011
18446744073709554034,266296428740,1790261389,1790261401
18446744073709554035,264791054720,1790261599,1790261611
18446744073709554036,266169281979,1790262349,1790262361
18446744073709554037,267589848136,1790264120,1790264132
18446744073709554038,269259590922,1790266610,1790266623
18446744073709554039,267890465775,1790270421,1790270434
18446744073709554040,266375007863,1790272942,1790272955
18446744073709554041,267716419289,1790273842,1790273855
18446744073709554042,269125021925,1790275853,1790275866
18446744073709554043,267725302668,1790288402,1790288414
18446744073709554044,269109022686,1790292393,1790292405
18446744073709554045,267723544012,1790304486,1790304499
18446744073709554046,269089769401,1790324533,1790324545
18446744073709554047,270462000000,1790328434,1790328446
18446744073709554048,271864000000,1790334316,1790334328
18446744073709554049,273225940000,1790334586,1790334598
18446744073709554050,271803231532,1790337257,1790337269
18446744073709554051,270371866580,1790338547,1790338559
18446744073709554052,268833166758,1790338727,1790338740
18446744073709554053,270280860431,1790338967,1790338980
18446744073709554054,271645758832,1790339477,1790339490
18446744073709554055,270118618167,1790342778,1790342791
18446744073709554056,268620346673,1790344009,1790344021
18446744073709554057,267245354833,1790345089,1790345101
18446744073709554058,268693270000,1790345359,1790345371
18446744073709554059,267333131268,1790350821,1790350833
18446744073709554060,268681000000,1790352021,1790352033
